probe_id,private_probe_id,probe_type,choice_id,is_gold,marker_hits,negative_hits,text
taskmaster_planning_v02_probe_8fdb8626a7948b3c,tm2_planning_v02_user_0000_habit_business_travel_arrival_buffer_p00_direct_use,direct_use,A,False,,,"Book the 8:15 a.m. one-stop arriving at 11:20 a.m. with a 38-minute connection, then stay at a midrange hotel near the airport."
taskmaster_planning_v02_probe_8fdb8626a7948b3c,tm2_planning_v02_user_0000_habit_business_travel_arrival_buffer_p00_direct_use,direct_use,B,True,,,"Book the 7:30 a.m. nonstop arriving at 9:10 a.m., then stay at the hotel a 10-minute walk from the client office; it costs $160 more than the cheapest option."
taskmaster_planning_v02_probe_8fdb8626a7948b3c,tm2_planning_v02_user_0000_habit_business_travel_arrival_buffer_p00_direct_use,direct_use,C,False,,,"Book the 10:45 a.m. nonstop arriving at 12:25 p.m., then stay at a less expensive hotel 30 minutes from the office; it saves about $160."
taskmaster_planning_v02_probe_8fdb8626a7948b3c,tm2_planning_v02_user_0000_habit_business_travel_arrival_buffer_p00_direct_use,direct_use,D,False,but,longer commute;but,"Book the 6:05 a.m. flight with a long connection arriving at 10:55 a.m., then stay at the cheapest suburban hotel; it saves $90 but adds a longer commute."
taskmaster_planning_v02_probe_d8585b8d8e2532ab,tm2_planning_v02_user_0000_habit_business_travel_arrival_buffer_p01_boundary,boundary,A,True,,,"Book the cheaper nonstop evening flight that lands at 8:30 PM, since arrival day is flexible and there are no same-day commitments."
taskmaster_planning_v02_probe_d8585b8d8e2532ab,tm2_planning_v02_user_0000_habit_business_travel_arrival_buffer_p01_boundary,boundary,B,False,,,"Book the morning flight that lands at 11:00 AM for $185 more, mainly to preserve a large arrival cushion that is not needed for any scheduled plan."
taskmaster_planning_v02_probe_d8585b8d8e2532ab,tm2_planning_v02_user_0000_habit_business_travel_arrival_buffer_p01_boundary,boundary,C,False,though;even_though,risk;though,"Book the cheapest two-connection itinerary landing at 12:40 AM, even though it saves only $25 and adds a higher risk of delays."
taskmaster_planning_v02_probe_d8585b8d8e2532ab,tm2_planning_v02_user_0000_habit_business_travel_arrival_buffer_p01_boundary,boundary,D,False,,,Fly in one full day earlier and add an extra hotel night to create a prep buffer before the vacation activities begin.
taskmaster_planning_v02_probe_d2f4ac6e4cc4a2e0,tm2_planning_v02_user_0000_habit_business_travel_arrival_buffer_p02_exception,exception,A,False,,farther,Take the $280 Monday late-night flight to a farther airport and book the cheapest hotel 50 minutes away to reduce airfare and lodging costs.
taskmaster_planning_v02_probe_d2f4ac6e4cc4a2e0,tm2_planning_v02_user_0000_habit_business_travel_arrival_buffer_p02_exception,exception,B,True,,,"Take the $295 Monday afternoon flight that lands at 6:30 p.m. and stay at the nearby hotel, leaving a normal overnight cushion before Tuesday's 1:00 p.m. kickoff."
taskmaster_planning_v02_probe_d2f4ac6e4cc4a2e0,tm2_planning_v02_user_0000_habit_business_travel_arrival_buffer_p02_exception,exception,C,False,,,Take the $255 Tuesday morning flight that lands at 11:20 a.m. and go straight to the 1:00 p.m. kickoff to minimize hotel nights.
taskmaster_planning_v02_probe_d2f4ac6e4cc4a2e0,tm2_planning_v02_user_0000_habit_business_travel_arrival_buffer_p02_exception,exception,D,False,,,Take the $410 Sunday evening flight and a hotel near the client so Monday morning is fully protected for prep.
taskmaster_planning_v02_probe_d038b662fb4cac6f,tm2_planning_v02_user_0000_habit_business_travel_arrival_buffer_p03_explicit_retrieval,explicit_retrieval,A,False,,,"Prioritize the lowest airfare whenever the destination and arrival date are correct, even if arrival is close to the meeting time."
taskmaster_planning_v02_probe_d038b662fb4cac6f,tm2_planning_v02_user_0000_habit_business_travel_arrival_buffer_p03_explicit_retrieval,explicit_retrieval,B,True,,tight,"Choose an earlier arrival with meaningful buffer before client commitments, even if a cheaper itinerary arrives tighter."
taskmaster_planning_v02_probe_d038b662fb4cac6f,tm2_planning_v02_user_0000_habit_business_travel_arrival_buffer_p03_explicit_retrieval,explicit_retrieval,C,False,,,"Favor longer layovers to earn more airline miles, even when they reduce prep time before onsite meetings."
taskmaster_planning_v02_probe_d038b662fb4cac6f,tm2_planning_v02_user_0000_habit_business_travel_arrival_buffer_p03_explicit_retrieval,explicit_retrieval,D,False,,uncertain,Book later flights for personal comfort and rely on an airport hotel to reduce ground-transfer uncertainty.
taskmaster_planning_v02_probe_364982e55081df5a,tm2_planning_v02_user_0001_habit_tight_schedule_nonstop_priority_p00_direct_use,direct_use,A,True,,,"7:10 a.m. nonstop, arriving at 10:45 a.m., for $365"
taskmaster_planning_v02_probe_364982e55081df5a,tm2_planning_v02_user_0001_habit_tight_schedule_nonstop_priority_p00_direct_use,direct_use,B,False,,,"9:15 a.m. nonstop, arriving at 12:50 p.m., for $330"
taskmaster_planning_v02_probe_364982e55081df5a,tm2_planning_v02_user_0001_habit_tight_schedule_nonstop_priority_p00_direct_use,direct_use,C,False,,,"6:25 a.m. flight with a 45-minute connection in Salt Lake City, arriving at 11:05 a.m., for $295"
taskmaster_planning_v02_probe_364982e55081df5a,tm2_planning_v02_user_0001_habit_tight_schedule_nonstop_priority_p00_direct_use,direct_use,D,False,,,"8:30 a.m. flight with a 2-hour connection in Phoenix, arriving at 1:10 p.m., for $245"
taskmaster_planning_v02_probe_2e6dc620bf417b5b,tm2_planning_v02_user_0001_habit_tight_schedule_nonstop_priority_p01_boundary,boundary,A,False,,,Book the $455 nonstop flight arriving midafternoon to minimize any chance of connection delays.
taskmaster_planning_v02_probe_2e6dc620bf417b5b,tm2_planning_v02_user_0001_habit_tight_schedule_nonstop_priority_p01_boundary,boundary,B,False,,,Book the $240 two-stop flight with a 38-minute connection because it is the absolute lowest fare.
taskmaster_planning_v02_probe_2e6dc620bf417b5b,tm2_planning_v02_user_0001_habit_tight_schedule_nonstop_priority_p01_boundary,boundary,C,True,,,"Book the $285 one-stop flight with a 2-hour layover, arriving in the evening, because it saves $170 and the timing is flexible."
taskmaster_planning_v02_probe_2e6dc620bf417b5b,tm2_planning_v02_user_0001_habit_tight_schedule_nonstop_priority_p01_boundary,boundary,D,False,,,Book the $520 refundable nonstop flight in case the vacation dates change later.
taskmaster_planning_v02_probe_29ec1155aff64789,tm2_planning_v02_user_0001_habit_tight_schedule_nonstop_priority_p02_exception,exception,A,False,,,Book the $520 nonstop that arrives earliest and gives the largest schedule cushion.
taskmaster_planning_v02_probe_29ec1155aff64789,tm2_planning_v02_user_0001_habit_tight_schedule_nonstop_priority_p02_exception,exception,B,False,,,Book the $240 two-stop itinerary that arrives much later and cannot use your United miles.
taskmaster_planning_v02_probe_29ec1155aff64789,tm2_planning_v02_user_0001_habit_tight_schedule_nonstop_priority_p02_exception,exception,C,False,,,Book the $270 one-stop itinerary on another airline with a 35-minute connection because it is the cheapest cash fare.
taskmaster_planning_v02_probe_29ec1155aff64789,tm2_planning_v02_user_0001_habit_tight_schedule_nonstop_priority_p02_exception,exception,D,True,,,"Book the $285 one-stop United itinerary where you can apply miles, with a reasonable 75-minute connection."
taskmaster_planning_v02_probe_08b241e7a2c20107,tm2_planning_v02_user_0001_habit_tight_schedule_nonstop_priority_p03_explicit_retrieval,explicit_retrieval,A,False,,tight,"Choose the cheapest fare available, even if it requires multiple connections and a tighter arrival."
taskmaster_planning_v02_probe_08b241e7a2c20107,tm2_planning_v02_user_0001_habit_tight_schedule_nonstop_priority_p03_explicit_retrieval,explicit_retrieval,B,False,,less reliable,"Choose flights mainly to maximize airline miles or loyalty status, even when timing becomes less reliable."
taskmaster_planning_v02_probe_08b241e7a2c20107,tm2_planning_v02_user_0001_habit_tight_schedule_nonstop_priority_p03_explicit_retrieval,explicit_retrieval,C,False,,,"Choose a longer layover on a connecting itinerary to save a modest amount, unless the trip is a vacation."
taskmaster_planning_v02_probe_08b241e7a2c20107,tm2_planning_v02_user_0001_habit_tight_schedule_nonstop_priority_p03_explicit_retrieval,explicit_retrieval,D,True,,risk,"Choose a nonstop or lowest-transfer itinerary, even if it costs somewhat more, to reduce delay risk."
taskmaster_planning_v02_probe_6259b7cb92ac2f85,tm2_planning_v02_user_0002_habit_uncertain_trip_refundable_fare_p00_direct_use,direct_use,A,False,,risk,Book the cheapest nonrefundable fare and add a hotel with free cancellation to reduce only the lodging risk.
taskmaster_planning_v02_probe_6259b7cb92ac2f85,tm2_planning_v02_user_0002_habit_uncertain_trip_refundable_fare_p00_direct_use,direct_use,B,False,,,"Book the cheapest nonrefundable basic fare now, since it saves about $140 and the trip is likely to happen."
taskmaster_planning_v02_probe_6259b7cb92ac2f85,tm2_planning_v02_user_0002_habit_uncertain_trip_refundable_fare_p00_direct_use,direct_use,C,True,though;even_though,though,"Book the refundable or flexible fare, even though it costs more, so the reservation can be changed or canceled if the plans move."
taskmaster_planning_v02_probe_6259b7cb92ac2f85,tm2_planning_v02_user_0002_habit_uncertain_trip_refundable_fare_p00_direct_use,direct_use,D,False,,,"Wait until the agenda and approval are fully finalized before booking anything, even if the fares rise."
taskmaster_planning_v02_probe_9e59fed95619d968,tm2_planning_v02_user_0002_habit_uncertain_trip_refundable_fare_p01_boundary,boundary,A,True,,,"Book the $296 standard economy nonrefundable fare on the preferred nonstop, since it covers the carry-on and seat-assignment needs."
taskmaster_planning_v02_probe_9e59fed95619d968,tm2_planning_v02_user_0002_habit_uncertain_trip_refundable_fare_p01_boundary,boundary,B,False,,,Pay $374 for the refundable economy fare on the same nonstop to keep cancellation and change options open.
taskmaster_planning_v02_probe_9e59fed95619d968,tm2_planning_v02_user_0002_habit_uncertain_trip_refundable_fare_p01_boundary,boundary,C,False,,,"Book the $248 basic economy fare on the preferred nonstop to minimize the ticket price, accepting the stricter bag and seat limits."
taskmaster_planning_v02_probe_9e59fed95619d968,tm2_planning_v02_user_0002_habit_uncertain_trip_refundable_fare_p01_boundary,boundary,D,False,though;even_though,though,"Choose a semi-flexible fare on a connecting itinerary if it costs less than the refundable nonstop, even though the arrival would be less convenient."
taskmaster_planning_v02_probe_7dabf8f9ec1efc0f,tm2_planning_v02_user_0002_habit_uncertain_trip_refundable_fare_p02_exception,exception,A,False,,,Book the $289 fare on a later flight because it includes priority boarding.
taskmaster_planning_v02_probe_7dabf8f9ec1efc0f,tm2_planning_v02_user_0002_habit_uncertain_trip_refundable_fare_p02_exception,exception,B,False,,,Book the $315 fare with free date changes in case the schedule shifts later.
taskmaster_planning_v02_probe_7dabf8f9ec1efc0f,tm2_planning_v02_user_0002_habit_uncertain_trip_refundable_fare_p02_exception,exception,C,True,,,Book the $238 nonrefundable economy fare because it is the lowest total price and the dates are fixed.
taskmaster_planning_v02_probe_7dabf8f9ec1efc0f,tm2_planning_v02_user_0002_habit_uncertain_trip_refundable_fare_p02_exception,exception,D,False,,,Book the $372 fully refundable fare to preserve maximum flexibility.
taskmaster_planning_v02_probe_d7e4d7feddc1d7fe,tm2_planning_v02_user_0002_habit_uncertain_trip_refundable_fare_p03_explicit_retrieval,explicit_retrieval,A,False,,,"For all trips, choose the lowest available nonrefundable fare as soon as possible to minimize cost."
taskmaster_planning_v02_probe_d7e4d7feddc1d7fe,tm2_planning_v02_user_0002_habit_uncertain_trip_refundable_fare_p03_explicit_retrieval,explicit_retrieval,B,False,,,"For personal trips with confirmed dates, pay extra for refundable fares to keep options open."
taskmaster_planning_v02_probe_d7e4d7feddc1d7fe,tm2_planning_v02_user_0002_habit_uncertain_trip_refundable_fare_p03_explicit_retrieval,explicit_retrieval,C,True,,,"For work trips with tentative meetings, pending approval, or likely schedule changes, choose refundable or flexible fares even if a cheaper nonrefundable fare is available."
taskmaster_planning_v02_probe_d7e4d7feddc1d7fe,tm2_planning_v02_user_0002_habit_uncertain_trip_refundable_fare_p03_explicit_retrieval,explicit_retrieval,D,False,,uncertain,"For uncertain work travel, delay booking entirely until every meeting and approval is finalized, even if fares rise."
taskmaster_planning_v02_probe_b1b7983e73f43bc5,tm2_planning_v02_user_0003_habit_work_hotel_near_venue_p00_direct_use,direct_use,A,False,,,"A Lady Bird Lake hotel, $260/night; larger rooms and a pool; about a 25-minute walk or short rideshare to the convention center."
taskmaster_planning_v02_probe_b1b7983e73f43bc5,tm2_planning_v02_user_0003_habit_work_hotel_near_venue_p00_direct_use,direct_use,B,False,,,"An East Austin boutique hotel, $225/night; better restaurant options nearby; about a 20-minute rideshare to the convention center."
taskmaster_planning_v02_probe_b1b7983e73f43bc5,tm2_planning_v02_user_0003_habit_work_hotel_near_venue_p00_direct_use,direct_use,C,True,,,"A downtown hotel, $285/night; standard rooms and basic amenities; about a 5-minute walk to the convention center."
taskmaster_planning_v02_probe_b1b7983e73f43bc5,tm2_planning_v02_user_0003_habit_work_hotel_near_venue_p00_direct_use,direct_use,D,False,,,"An airport-area hotel, $175/night; included breakfast and an airport shuttle; about a 35–45-minute ride to the convention center."
taskmaster_planning_v02_probe_6889a3185771629f,tm2_planning_v02_user_0003_habit_work_hotel_near_venue_p01_boundary,boundary,A,False,but,but,"A budget hotel in an outer residential area with the lowest nightly price, but requiring longer transit rides to most sights and restaurants."
taskmaster_planning_v02_probe_6889a3185771629f,tm2_planning_v02_user_0003_habit_work_hotel_near_venue_p01_boundary,boundary,B,False,but,but,"A business hotel beside Kyoto Station with lower rates and the simplest airport-train connection, but a less distinctive neighborhood feel."
taskmaster_planning_v02_probe_6889a3185771629f,tm2_planning_v02_user_0003_habit_work_hotel_near_venue_p01_boundary,boundary,C,True,though,farther;though,"A boutique ryokan-style hotel in Southern Higashiyama/Gion, walkable to temples, old lanes, teahouses, and evening dining, though it costs a bit more and is farther from Kyoto Station."
taskmaster_planning_v02_probe_6889a3185771629f,tm2_planning_v02_user_0003_habit_work_hotel_near_venue_p01_boundary,boundary,D,False,but,limited;but,"A modern hotel near the convention center with spacious rooms and fast taxi access across town, but limited nearby sightseeing on foot."
taskmaster_planning_v02_probe_d5e33858375740f5,tm2_planning_v02_user_0003_habit_work_hotel_near_venue_p02_exception,exception,A,False,,,"A Cambridge boutique hotel with strong amenities, about 35 minutes to the convention center by transit, with a midrange nightly rate and a location outside Back Bay/Fenway."
taskmaster_planning_v02_probe_d5e33858375740f5,tm2_planning_v02_user_0003_habit_work_hotel_near_venue_p02_exception,exception,B,False,,,"An airport-area hotel with the lowest nightly rate, about 45 minutes to the convention center by transit, with convenient airport access and a location outside Back Bay/Fenway."
taskmaster_planning_v02_probe_d5e33858375740f5,tm2_planning_v02_user_0003_habit_work_hotel_near_venue_p02_exception,exception,C,True,,,"A Back Bay hotel near Copley Square, about 25 minutes to the convention center by transit, with a midrange nightly rate and a location within the requested area."
taskmaster_planning_v02_probe_d5e33858375740f5,tm2_planning_v02_user_0003_habit_work_hotel_near_venue_p02_exception,exception,D,False,,,"A Seaport hotel two blocks from the convention center, about a five-minute walk to the meeting, with a higher nightly rate and a location outside Back Bay/Fenway."
taskmaster_planning_v02_probe_c72090c0df7c53c7,tm2_planning_v02_user_0003_habit_work_hotel_near_venue_p03_explicit_retrieval,explicit_retrieval,A,False,,lively,"Choose hotels in lively sightseeing neighborhoods, even when the trip is primarily for work."
taskmaster_planning_v02_probe_c72090c0df7c53c7,tm2_planning_v02_user_0003_habit_work_hotel_near_venue_p03_explicit_retrieval,explicit_retrieval,B,False,,,"Choose amenity-rich hotels, such as those with larger rooms or better fitness facilities, over location near the venue."
taskmaster_planning_v02_probe_c72090c0df7c53c7,tm2_planning_v02_user_0003_habit_work_hotel_near_venue_p03_explicit_retrieval,explicit_retrieval,C,False,,longer commute,"Choose the lowest nightly rate, even if it means a longer commute to the meeting venue."
taskmaster_planning_v02_probe_c72090c0df7c53c7,tm2_planning_v02_user_0003_habit_work_hotel_near_venue_p03_explicit_retrieval,explicit_retrieval,D,True,,longer commute,"Choose a hotel close to the meeting venue, even if cheaper options require a longer commute."
taskmaster_planning_v02_probe_e9111e4887239b12,tm2_planning_v02_user_0004_habit_quiet_hotel_for_work_p00_direct_use,direct_use,A,False,,busy,"A conference-center hotel connected to the workshop venue, with a two-minute indoor walk and a busy lobby restaurant; rooms have compact tables and guests describe the Wi-Fi as adequate for messages."
taskmaster_planning_v02_probe_e9111e4887239b12,tm2_planning_v02_user_0004_habit_quiet_hotel_for_work_p00_direct_use,direct_use,B,False,,,"A boutique hotel in a dining-and-nightlife area, with spacious rooms and a rooftop lounge; reviews praise the location for evenings out and note street noise on weekends."
taskmaster_planning_v02_probe_e9111e4887239b12,tm2_planning_v02_user_0004_habit_quiet_hotel_for_work_p00_direct_use,direct_use,C,False,,,"A full-service hotel a short rideshare away, with a pool, gym, breakfast package, and staffed business center; room reviews are mixed on desk size and Wi-Fi stability."
taskmaster_planning_v02_probe_e9111e4887239b12,tm2_planning_v02_user_0004_habit_quiet_hotel_for_work_p00_direct_use,direct_use,D,True,,limited,"A smaller business-oriented hotel about a 10-minute walk from the workshop, with dependable Wi-Fi, full in-room desks, and quiet rooms; on-site dining and evening scene are limited."
taskmaster_planning_v02_probe_74d724f100d669c9,tm2_planning_v02_user_0004_habit_quiet_hotel_for_work_p01_boundary,boundary,A,False,,,"A small residential guesthouse in a calm neighborhood, best suited for early nights and local cafés."
taskmaster_planning_v02_probe_74d724f100d669c9,tm2_planning_v02_user_0004_habit_quiet_hotel_for_work_p01_boundary,boundary,B,False,,,"A quiet business hotel outside the nightlife areas with strong desks, soundproof rooms, and dependable Wi-Fi."
taskmaster_planning_v02_probe_74d724f100d669c9,tm2_planning_v02_user_0004_habit_quiet_hotel_for_work_p01_boundary,boundary,C,False,,,"An airport hotel with easy transfers, predictable service, and a lower nightly rate."
taskmaster_planning_v02_probe_74d724f100d669c9,tm2_planning_v02_user_0004_habit_quiet_hotel_for_work_p01_boundary,boundary,D,True,,lively,"A lively central hotel near bars and late-night restaurants, with a rooftop lounge and spaces where the group can gather."
taskmaster_planning_v02_probe_d2045c64c5c44535,tm2_planning_v02_user_0004_habit_quiet_hotel_for_work_p02_exception,exception,A,True,,,"A downtown hotel known for a buzzing lobby bar, rooftop scene, and easy access to group nightlife, accepting some extra noise"
taskmaster_planning_v02_probe_d2045c64c5c44535,tm2_planning_v02_user_0004_habit_quiet_hotel_for_work_p02_exception,exception,B,False,,,"A suite-style extended-stay property with a kitchenette, desk space, and laundry for solo productivity"
taskmaster_planning_v02_probe_d2045c64c5c44535,tm2_planning_v02_user_0004_habit_quiet_hotel_for_work_p02_exception,exception,C,False,but,but,"An airport hotel with shuttle service, free breakfast, and quick transfers, but little evening atmosphere"
taskmaster_planning_v02_probe_d2045c64c5c44535,tm2_planning_v02_user_0004_habit_quiet_hotel_for_work_p02_exception,exception,D,False,,,"A quiet business hotel in a corporate district with strong Wi-Fi, soundproof rooms, and minimal on-site nightlife"
taskmaster_planning_v02_probe_0ef74d8752e5b61f,tm2_planning_v02_user_0004_habit_quiet_hotel_for_work_p03_explicit_retrieval,explicit_retrieval,A,False,,weak,"Choose the lowest-priced hotel available, accepting weaker location or workspace to keep costs down."
taskmaster_planning_v02_probe_0ef74d8752e5b61f,tm2_planning_v02_user_0004_habit_quiet_hotel_for_work_p03_explicit_retrieval,explicit_retrieval,B,True,,lively,"Choose a quieter hotel with dependable Wi-Fi, a usable workspace, and good sleep conditions, even if it is less lively."
taskmaster_planning_v02_probe_0ef74d8752e5b61f,tm2_planning_v02_user_0004_habit_quiet_hotel_for_work_p03_explicit_retrieval,explicit_retrieval,C,False,,,"Choose a hotel with rooftop bars, nightlife, and a social lobby, even if rooms may be noisier."
taskmaster_planning_v02_probe_0ef74d8752e5b61f,tm2_planning_v02_user_0004_habit_quiet_hotel_for_work_p03_explicit_retrieval,explicit_retrieval,D,False,,farther,"Choose a resort-style property with pools, spa amenities, and leisure facilities, even if it is farther from meetings."
taskmaster_planning_v02_probe_86c8ac01c4c800b1,tm2_planning_v02_user_0005_habit_leisure_relaxed_pacing_p00_direct_use,direct_use,A,False,,,"Take the 6:05 AM flight with a 45-minute connection, arrive by late morning, and start sightseeing before hotel check-in."
taskmaster_planning_v02_probe_86c8ac01c4c800b1,tm2_planning_v02_user_0005_habit_leisure_relaxed_pacing_p00_direct_use,direct_use,B,False,,,"Take the latest flight after work, arrive close to midnight, and book an early guided tour the next morning to make up time."
taskmaster_planning_v02_probe_86c8ac01c4c800b1,tm2_planning_v02_user_0005_habit_leisure_relaxed_pacing_p00_direct_use,direct_use,C,False,,,"Take the cheapest overnight itinerary with a long layover, arrive early, store bags, and fit in two museums before check-in."
taskmaster_planning_v02_probe_86c8ac01c4c800b1,tm2_planning_v02_user_0005_habit_leisure_relaxed_pacing_p00_direct_use,direct_use,D,True,,,"Take the late-morning nonstop, arrive mid-afternoon, check in, and keep the first evening to a simple dinner and short walk nearby."
taskmaster_planning_v02_probe_19a05647e201cb74,tm2_planning_v02_user_0005_habit_leisure_relaxed_pacing_p01_boundary,boundary,A,False,,,"Book the 11:45 a.m. nonstop arriving at 2:10 p.m. so the morning is easier, then take a rideshare directly to the client office."
taskmaster_planning_v02_probe_19a05647e201cb74,tm2_planning_v02_user_0005_habit_leisure_relaxed_pacing_p01_boundary,boundary,B,True,,,"Book the 8:10 a.m. nonstop arriving at 10:35 a.m., use a hotel day room or nearby workspace by the client office for prep, and plan to be onsite by 2:00 p.m."
taskmaster_planning_v02_probe_19a05647e201cb74,tm2_planning_v02_user_0005_habit_leisure_relaxed_pacing_p01_boundary,boundary,C,False,,,"Book the 7:00 a.m. flight with a 35-minute connection arriving at 11:15 a.m., then work from the airport to avoid extra ground transportation."
taskmaster_planning_v02_probe_19a05647e201cb74,tm2_planning_v02_user_0005_habit_leisure_relaxed_pacing_p01_boundary,boundary,D,False,,,"Book the cheaper 9:30 a.m. one-stop itinerary arriving at 1:50 p.m., since it still lands before the meeting if everything runs on time."
taskmaster_planning_v02_probe_6a6247e3c37e91d5,tm2_planning_v02_user_0005_habit_leisure_relaxed_pacing_p02_exception,exception,A,False,,,"Fly in Saturday late morning, keep the afternoon open, and choose one relaxed neighborhood walk after checking in."
taskmaster_planning_v02_probe_6a6247e3c37e91d5,tm2_planning_v02_user_0005_habit_leisure_relaxed_pacing_p02_exception,exception,B,False,,,"Take a Saturday morning flight with fewer logistics, skip any timed activities, and focus on an unrushed dinner as the main plan."
taskmaster_planning_v02_probe_6a6247e3c37e91d5,tm2_planning_v02_user_0005_habit_leisure_relaxed_pacing_p02_exception,exception,C,False,but,but,"Arrive Friday night but stay outside the city to save money, then decide Saturday morning whether the Colosseum timing still feels manageable."
taskmaster_planning_v02_probe_6a6247e3c37e91d5,tm2_planning_v02_user_0005_habit_leisure_relaxed_pacing_p02_exception,exception,D,True,,,"Fly in Friday evening, stay near the historic center, start early Saturday, make the 9:30 a.m. Colosseum entry, then continue with a pre-planned route through nearby sights."
taskmaster_planning_v02_probe_6a99dcdf7b3a783d,tm2_planning_v02_user_0005_habit_leisure_relaxed_pacing_p03_explicit_retrieval,explicit_retrieval,A,False,,tight,"Choose the lowest-cost routing even when it requires tight connections, very early departures, or a packed arrival day."
taskmaster_planning_v02_probe_6a99dcdf7b3a783d,tm2_planning_v02_user_0005_habit_leisure_relaxed_pacing_p03_explicit_retrieval,explicit_retrieval,B,True,,tight,"Choose relaxed arrival windows, smoother connections, lighter first-day plans, and fewer tightly packed logistics, even if that means not maximizing every hour."
taskmaster_planning_v02_probe_6a99dcdf7b3a783d,tm2_planning_v02_user_0005_habit_leisure_relaxed_pacing_p03_explicit_retrieval,explicit_retrieval,C,False,,,Prioritize lodging closest to event venues and build the schedule around fixed meeting times.
taskmaster_planning_v02_probe_6a99dcdf7b3a783d,tm2_planning_v02_user_0005_habit_leisure_relaxed_pacing_p03_explicit_retrieval,explicit_retrieval,D,False,,,Book the earliest possible departure and schedule back-to-back activities to maximize sightseeing time.
taskmaster_planning_v02_probe_ff5b2ee42921199d,tm2_planning_v02_user_0006_habit_family_trip_flexible_cancellation_p00_direct_use,direct_use,A,False,,,"Book the lowest total price: a prepaid, nonrefundable two-room rate at a well-rated River North hotel with breakfast included."
taskmaster_planning_v02_probe_ff5b2ee42921199d,tm2_planning_v02_user_0006_habit_family_trip_flexible_cancellation_p00_direct_use,direct_use,B,False,,,"Choose a lower-priced O'Hare-area hotel with larger rooms, accepting the extra transit or rideshare time into the city each day."
taskmaster_planning_v02_probe_ff5b2ee42921199d,tm2_planning_v02_user_0006_habit_family_trip_flexible_cancellation_p00_direct_use,direct_use,C,True,but,but,Choose a comparable Loop hotel that costs a bit more but includes free cancellation until a few days before arrival and no-fee date changes.
taskmaster_planning_v02_probe_ff5b2ee42921199d,tm2_planning_v02_user_0006_habit_family_trip_flexible_cancellation_p00_direct_use,direct_use,D,False,though;even_though,though,"Reserve an apartment-style suite with a kitchen and more shared space, even though its cancellation terms are strict and the total cost is higher."
taskmaster_planning_v02_probe_58aa8e57a0a83d9d,tm2_planning_v02_user_0006_habit_family_trip_flexible_cancellation_p01_boundary,boundary,A,False,,,"Pick a larger room at a less convenient hotel to add comfort, even if it costs more and the location is worse."
taskmaster_planning_v02_probe_58aa8e57a0a83d9d,tm2_planning_v02_user_0006_habit_family_trip_flexible_cancellation_p01_boundary,boundary,B,True,,,"Book the $165 prepaid nonrefundable hotel because the trip is solo, fixed-date, and unlikely to change."
taskmaster_planning_v02_probe_58aa8e57a0a83d9d,tm2_planning_v02_user_0006_habit_family_trip_flexible_cancellation_p01_boundary,boundary,C,False,,,Choose the $205 refundable hotel because cancellation flexibility should outweigh savings whenever possible.
taskmaster_planning_v02_probe_58aa8e57a0a83d9d,tm2_planning_v02_user_0006_habit_family_trip_flexible_cancellation_p01_boundary,boundary,D,False,though;even_though,though,"Book the refundable hotel for now and keep searching, even though the current options are already equivalent in location and quality."
taskmaster_planning_v02_probe_b15731f9799c6b6f,tm2_planning_v02_user_0006_habit_family_trip_flexible_cancellation_p02_exception,exception,A,False,,,Book the $810 total fully flexible rate with free date changes because it offers the most protection.
taskmaster_planning_v02_probe_b15731f9799c6b6f,tm2_planning_v02_user_0006_habit_family_trip_flexible_cancellation_p02_exception,exception,B,False,,,Book the $745 total refundable rate because family trips can be unpredictable even when it costs more.
taskmaster_planning_v02_probe_b15731f9799c6b6f,tm2_planning_v02_user_0006_habit_family_trip_flexible_cancellation_p02_exception,exception,C,False,,,Book the $700 total pay-later rate because it balances some flexibility with a moderate price increase.
taskmaster_planning_v02_probe_b15731f9799c6b6f,tm2_planning_v02_user_0006_habit_family_trip_flexible_cancellation_p02_exception,exception,D,True,,,"Book the $620 total prepaid, nonrefundable rate because it is the lowest-cost option and the trip details are locked."
taskmaster_planning_v02_probe_4e60dddb0bcc7993,tm2_planning_v02_user_0006_habit_family_trip_flexible_cancellation_p03_explicit_retrieval,explicit_retrieval,A,True,,,"For trips with children or multiple relatives, choose refundable or flexible cancellation/change options even when cheaper prepaid options are available."
taskmaster_planning_v02_probe_4e60dddb0bcc7993,tm2_planning_v02_user_0006_habit_family_trip_flexible_cancellation_p03_explicit_retrieval,explicit_retrieval,B,False,,,"For family trips, always choose the lowest prepaid hotel or fare to keep costs down, even if cancellation terms are restrictive."
taskmaster_planning_v02_probe_4e60dddb0bcc7993,tm2_planning_v02_user_0006_habit_family_trip_flexible_cancellation_p03_explicit_retrieval,explicit_retrieval,C,False,rather_than,,"Pay extra mainly for premium amenities such as larger rooms, resort facilities, or upgraded seating, rather than for flexibility."
taskmaster_planning_v02_probe_4e60dddb0bcc7993,tm2_planning_v02_user_0006_habit_family_trip_flexible_cancellation_p03_explicit_retrieval,explicit_retrieval,D,False,,,"Prioritize nonstop flights and central locations above cancellation terms for all trips, regardless of who is traveling."
taskmaster_planning_v02_probe_d69e07f0613bacf9,tm2_planning_v02_user_0007_habit_short_trip_no_checked_bag_p00_direct_use,direct_use,A,False,,,"Choose the cheapest basic-economy connection both ways and a downtown hotel near the meeting; it saves about $140, adds one stop each direction, and includes only a personal item unless extra baggage is purchased."
taskmaster_planning_v02_probe_d69e07f0613bacf9,tm2_planning_v02_user_0007_habit_short_trip_no_checked_bag_p00_direct_use,direct_use,B,False,,,"Use the lower-priced regional-jet connection that lands earlier and stay two blocks from the client office; it saves about $75, has a short layover, and full-size rollers are commonly gate-checked on that aircraft."
taskmaster_planning_v02_probe_d69e07f0613bacf9,tm2_planning_v02_user_0007_habit_short_trip_no_checked_bag_p00_direct_use,direct_use,C,False,while,,"Take the late-morning nonstop and stay at an O’Hare-area hotel; it keeps the airfare low and includes a checked-bag bundle, while leaving about 80 minutes before the meeting and a longer ride into the city."
taskmaster_planning_v02_probe_d69e07f0613bacf9,tm2_planning_v02_user_0007_habit_short_trip_no_checked_bag_p00_direct_use,direct_use,D,True,,,"Book main-cabin nonstop flights both ways and the hotel two blocks from the client office; it costs about $90 more and requires an earlier outbound, with standard overhead-bin access for a roller and laptop bag."
taskmaster_planning_v02_probe_f52b5678234166c7,tm2_planning_v02_user_0007_habit_short_trip_no_checked_bag_p01_boundary,boundary,A,False,,,Book the cheapest basic-economy fare and limit packing to a small roller so the traveler can avoid the baggage counter entirely.
taskmaster_planning_v02_probe_f52b5678234166c7,tm2_planning_v02_user_0007_habit_short_trip_no_checked_bag_p01_boundary,boundary,B,False,,uncertain,"Recommend shipping all work materials separately and booking a personal-item-only fare, even if delivery timing is uncertain."
taskmaster_planning_v02_probe_f52b5678234166c7,tm2_planning_v02_user_0007_habit_short_trip_no_checked_bag_p01_boundary,boundary,C,False,,,Pick a short layover on a budget carrier and try to fit the banner and samples into overhead-bin space to save time on arrival.
taskmaster_planning_v02_probe_f52b5678234166c7,tm2_planning_v02_user_0007_habit_short_trip_no_checked_bag_p01_boundary,boundary,D,True,,,"Choose a nonstop or low-connection flight on an airline fare that includes a checked bag, prepay any oversized-item fee if needed, and arrange ground transport with room for the booth materials."
taskmaster_planning_v02_probe_bdf3fb6e637ce47f,tm2_planning_v02_user_0007_habit_short_trip_no_checked_bag_p02_exception,exception,A,False,but,but,"Book a nonstop fare with normal carry-on privileges and ask in advance whether the case and tripod can be gate-checked; it keeps the trip streamlined, but relies on an exception for items already over cabin limits."
taskmaster_planning_v02_probe_bdf3fb6e637ce47f,tm2_planning_v02_user_0007_habit_short_trip_no_checked_bag_p02_exception,exception,B,False,but,but,"Choose a lower-priced one-stop itinerary that includes checked bags for the equipment; it manages the fare, but uses a connection for items needed the next morning."
taskmaster_planning_v02_probe_bdf3fb6e637ce47f,tm2_planning_v02_user_0007_habit_short_trip_no_checked_bag_p02_exception,exception,C,False,but,but,"Book the earliest nonstop basic-economy fare and add the needed checked bags through the airline app once ticketed; it protects arrival timing, but leaves fare restrictions and size rules to be resolved after purchase."
taskmaster_planning_v02_probe_bdf3fb6e637ce47f,tm2_planning_v02_user_0007_habit_short_trip_no_checked_bag_p02_exception,exception,D,True,but,but,"Book a nonstop standard-economy-or-better fare with checked-bag allowance for both items, confirm size and handling rules before purchase, and plan time for bag drop and claim; it gives up some speed, but matches the equipment requirement."
taskmaster_planning_v02_probe_c2054da0768a2041,tm2_planning_v02_user_0007_habit_short_trip_no_checked_bag_p03_explicit_retrieval,explicit_retrieval,A,False,,,"Choose the cheapest fare available, even if it involves connections or stricter luggage limits."
taskmaster_planning_v02_probe_c2054da0768a2041,tm2_planning_v02_user_0007_habit_short_trip_no_checked_bag_p03_explicit_retrieval,explicit_retrieval,B,False,,,Book airport hotels whenever possible to reduce ground-transport time.
taskmaster_planning_v02_probe_c2054da0768a2041,tm2_planning_v02_user_0007_habit_short_trip_no_checked_bag_p03_explicit_retrieval,explicit_retrieval,C,False,,risk;miss,Select longer layovers so there is less risk of missing a connection.
taskmaster_planning_v02_probe_c2054da0768a2041,tm2_planning_v02_user_0007_habit_short_trip_no_checked_bag_p03_explicit_retrieval,explicit_retrieval,D,True,,,Prefer flights and hotels that make it easy to travel with only carry-on luggage and avoid checked bags.
taskmaster_planning_v02_probe_27e1529420409595,tm2_planning_v02_user_0008_habit_international_long_layover_buffer_p00_direct_use,direct_use,A,False,,,"An option with a 7 hour 45 minute connection in Frankfurt, costing much more and arriving in Rome at 8:50 PM."
taskmaster_planning_v02_probe_27e1529420409595,tm2_planning_v02_user_0008_habit_international_long_layover_buffer_p00_direct_use,direct_use,B,False,,,"The shortest total travel time with a 55 minute connection in Zurich and a terminal change, arriving in Rome at 1:55 PM."
taskmaster_planning_v02_probe_27e1529420409595,tm2_planning_v02_user_0008_habit_international_long_layover_buffer_p00_direct_use,direct_use,C,True,,,"A slightly pricier option with a 3 hour 20 minute connection in Frankfurt, arriving in Rome at 4:25 PM."
taskmaster_planning_v02_probe_27e1529420409595,tm2_planning_v02_user_0008_habit_international_long_layover_buffer_p00_direct_use,direct_use,D,False,,,"The cheapest option with a 1 hour 5 minute connection in Frankfurt, arriving in Rome at 2:10 PM."
taskmaster_planning_v02_probe_71596ca658f462c9,tm2_planning_v02_user_0008_habit_international_long_layover_buffer_p01_boundary,boundary,A,False,,,"Recommend the Charlotte itinerary: it offers the widest connection cushion, with a later arrival and only a small savings compared with the nonstop."
taskmaster_planning_v02_probe_71596ca658f462c9,tm2_planning_v02_user_0008_habit_international_long_layover_buffer_p01_boundary,boundary,B,True,,,"Recommend the nonstop itinerary: it offers the simplest and earliest arrival, with a higher fare than the connecting options."
taskmaster_planning_v02_probe_71596ca658f462c9,tm2_planning_v02_user_0008_habit_international_long_layover_buffer_p01_boundary,boundary,C,False,,,"Recommend the Atlanta itinerary: it offers a lower fare and a before-lunch arrival, with a short same-terminal connection."
taskmaster_planning_v02_probe_71596ca658f462c9,tm2_planning_v02_user_0008_habit_international_long_layover_buffer_p01_boundary,boundary,D,False,,,"Recommend the Chicago itinerary: it offers the lowest fare, with the latest arrival and the least direct routing."
taskmaster_planning_v02_probe_b7908db09fdb9a10,tm2_planning_v02_user_0008_habit_international_long_layover_buffer_p02_exception,exception,A,False,,,"BLR → London Heathrow → JFK, 4h 30m connection in London, 23h 40m total travel time"
taskmaster_planning_v02_probe_b7908db09fdb9a10,tm2_planning_v02_user_0008_habit_international_long_layover_buffer_p02_exception,exception,B,True,,,"BLR → Doha → JFK, 55-minute connection in Doha, 19h 35m total travel time"
taskmaster_planning_v02_probe_b7908db09fdb9a10,tm2_planning_v02_user_0008_habit_international_long_layover_buffer_p02_exception,exception,C,False,,,"BLR → Frankfurt → JFK, 3h 20m connection in Frankfurt, 22h 10m total travel time"
taskmaster_planning_v02_probe_b7908db09fdb9a10,tm2_planning_v02_user_0008_habit_international_long_layover_buffer_p02_exception,exception,D,False,,,"BLR → Dubai → EWR, 5h 45m connection in Dubai, 24h 05m total travel time"
taskmaster_planning_v02_probe_11927f7fa9bcdf26,tm2_planning_v02_user_0008_habit_international_long_layover_buffer_p03_explicit_retrieval,explicit_retrieval,A,False,,tight,"For international itineraries, choose the shortest total travel time whenever possible, even if that means a tight connection."
taskmaster_planning_v02_probe_11927f7fa9bcdf26,tm2_planning_v02_user_0008_habit_international_long_layover_buffer_p03_explicit_retrieval,explicit_retrieval,B,True,,tight,"For international itineraries involving customs, immigration, or airport or terminal changes, choose longer layover buffers over tight connections, even if total travel time is longer."
taskmaster_planning_v02_probe_11927f7fa9bcdf26,tm2_planning_v02_user_0008_habit_international_long_layover_buffer_p03_explicit_retrieval,explicit_retrieval,C,False,,,"For domestic point-to-point trips, prefer adding a connection if it lowers the fare slightly."
taskmaster_planning_v02_probe_11927f7fa9bcdf26,tm2_planning_v02_user_0008_habit_international_long_layover_buffer_p03_explicit_retrieval,explicit_retrieval,D,False,,,"For all trips, choose the cheapest available fare, accepting multiple stops or long waits whenever needed."
taskmaster_planning_v02_probe_71247830c0c1064e,tm2_planning_v02_user_0009_habit_red_eye_avoidance_p00_direct_use,direct_use,A,False,,,Book the 5:20 PM–11:10 PM nonstop because it preserves most of the departure day and is still nonstop.
taskmaster_planning_v02_probe_71247830c0c1064e,tm2_planning_v02_user_0009_habit_red_eye_avoidance_p00_direct_use,direct_use,B,False,while,,Book the 1:00 PM–8:45 PM one-stop because it keeps the fare low while avoiding the latest departure.
taskmaster_planning_v02_probe_71247830c0c1064e,tm2_planning_v02_user_0009_habit_red_eye_avoidance_p00_direct_use,direct_use,C,True,,,Book the 9:15 AM–3:05 PM nonstop because it has a reasonable schedule and the price difference from the cheapest fare is modest.
taskmaster_planning_v02_probe_71247830c0c1064e,tm2_planning_v02_user_0009_habit_red_eye_avoidance_p00_direct_use,direct_use,D,False,,,Book the 11:40 PM–5:30 AM nonstop because it is the cheapest option and avoids a connection.
taskmaster_planning_v02_probe_b63be0a2857d5ab1,tm2_planning_v02_user_0009_habit_red_eye_avoidance_p01_boundary,boundary,A,True,,,"Keep the Friday evening overnight departures in the shortlist and compare them by nonstop or connection quality, fare, and arrival time, because this trip is organized around preserving Friday daytime."
taskmaster_planning_v02_probe_b63be0a2857d5ab1,tm2_planning_v02_user_0009_habit_red_eye_avoidance_p01_boundary,boundary,B,False,,,Filter out the overnight departures first and steer toward a later daytime-oriented option unless the fare savings on the overnight flights are dramatic.
taskmaster_planning_v02_probe_b63be0a2857d5ab1,tm2_planning_v02_user_0009_habit_red_eye_avoidance_p01_boundary,boundary,C,False,,weak,"Pick the cheapest Friday evening overnight itinerary as soon as it leaves after the meetings, even if it has a weak connection or a much later arrival."
taskmaster_planning_v02_probe_b63be0a2857d5ab1,tm2_planning_v02_user_0009_habit_red_eye_avoidance_p01_boundary,boundary,D,False,,,"Recommend a Friday afternoon flight if it is more comfortable or similarly priced, and have them shorten the last work meetings to make it."
taskmaster_planning_v02_probe_2039fac96ec1a3cd,tm2_planning_v02_user_0009_habit_red_eye_avoidance_p02_exception,exception,A,False,but,but,"Take a Sunday 2:15 p.m. nonstop arriving Sunday night; it is the lowest fare and avoids overnight travel, but it uses most of Sunday afternoon."
taskmaster_planning_v02_probe_2039fac96ec1a3cd,tm2_planning_v02_user_0009_habit_red_eye_avoidance_p02_exception,exception,B,False,but,but,"Take a Sunday 8:45 p.m. one-stop itinerary arriving Monday 10:50 a.m.; it is cheaper than the late nonstop, but it leaves before the event ends and arrives later."
taskmaster_planning_v02_probe_2039fac96ec1a3cd,tm2_planning_v02_user_0009_habit_red_eye_avoidance_p02_exception,exception,C,False,but,does not;but,"Take a Monday 9:00 a.m. nonstop arriving Monday evening; it is comfortable and reasonably priced, but it does not get back Monday morning."
taskmaster_planning_v02_probe_2039fac96ec1a3cd,tm2_planning_v02_user_0009_habit_red_eye_avoidance_p02_exception,exception,D,True,but,but,Take a Sunday 11:20 p.m. nonstop red-eye arriving Monday 7:35 a.m.; it costs $95 more but preserves Sunday and returns Monday morning.
taskmaster_planning_v02_probe_b6383e7c9a555c20,tm2_planning_v02_user_0009_habit_red_eye_avoidance_p03_explicit_retrieval,explicit_retrieval,A,False,,,Choose the cheapest flight even if it requires a late-night overnight itinerary.
taskmaster_planning_v02_probe_b6383e7c9a555c20,tm2_planning_v02_user_0009_habit_red_eye_avoidance_p03_explicit_retrieval,explicit_retrieval,B,False,,,Prefer red-eye flights whenever they help preserve daytime hours at the destination.
taskmaster_planning_v02_probe_b6383e7c9a555c20,tm2_planning_v02_user_0009_habit_red_eye_avoidance_p03_explicit_retrieval,explicit_retrieval,C,False,,,Pay extra for nonstop flights regardless of whether the timing is inconvenient.
taskmaster_planning_v02_probe_b6383e7c9a555c20,tm2_planning_v02_user_0009_habit_red_eye_avoidance_p03_explicit_retrieval,explicit_retrieval,D,True,,,Avoid red-eye flights unless they offer a substantial price savings or schedule advantage.
taskmaster_planning_v02_probe_d337e57449bb2fcd,tm2_planning_v02_user_0010_habit_airport_transfer_reliability_p00_direct_use,direct_use,A,True,,,"Reserve a flight-tracking car service from Logan to the office, with enough schedule cushion before the meeting."
taskmaster_planning_v02_probe_d337e57449bb2fcd,tm2_planning_v02_user_0010_habit_airport_transfer_reliability_p00_direct_use,direct_use,B,False,,,Wait until I land and request whichever rideshare option has the lowest fare at that moment.
taskmaster_planning_v02_probe_d337e57449bb2fcd,tm2_planning_v02_user_0010_habit_airport_transfer_reliability_p00_direct_use,direct_use,C,False,,,"Take the airport bus and subway downtown, then walk or hail a short ride for the last stretch."
taskmaster_planning_v02_probe_d337e57449bb2fcd,tm2_planning_v02_user_0010_habit_airport_transfer_reliability_p00_direct_use,direct_use,D,False,,,Rent a compact car at the airport so I can control the route and keep it available after the meeting.
taskmaster_planning_v02_probe_0ff802c1f85295a6,tm2_planning_v02_user_0010_habit_airport_transfer_reliability_p01_boundary,boundary,A,False,,,"Book a private SUV transfer with a generous pickup buffer, even if it costs more than other options."
taskmaster_planning_v02_probe_0ff802c1f85295a6,tm2_planning_v02_user_0010_habit_airport_transfer_reliability_p01_boundary,boundary,B,True,,,"Wait until landing, compare rideshare wait times and airport taxi pricing, and choose the simplest reasonably priced option then."
taskmaster_planning_v02_probe_0ff802c1f85295a6,tm2_planning_v02_user_0010_habit_airport_transfer_reliability_p01_boundary,boundary,C,False,,,Prepay for a scheduled shared shuttle that departs at a fixed time shortly after the scheduled landing.
taskmaster_planning_v02_probe_0ff802c1f85295a6,tm2_planning_v02_user_0010_habit_airport_transfer_reliability_p01_boundary,boundary,D,False,,,Reserve a premium flight-tracking car service in advance to ensure a driver is waiting at baggage claim.
taskmaster_planning_v02_probe_7cd204f126904815,tm2_planning_v02_user_0010_habit_airport_transfer_reliability_p02_exception,exception,A,False,while,,Take an official airport taxi to avoid transit navigation while keeping the plan simpler than a reserved car.
taskmaster_planning_v02_probe_7cd204f126904815,tm2_planning_v02_user_0010_habit_airport_transfer_reliability_p02_exception,exception,B,False,,,Prebook a flight-tracking private car so the driver is waiting on arrival and the transfer is predictable.
taskmaster_planning_v02_probe_7cd204f126904815,tm2_planning_v02_user_0010_habit_airport_transfer_reliability_p02_exception,exception,C,False,,,Book a premium car service with a backup rideshare option in case the flight arrives early or late.
taskmaster_planning_v02_probe_7cd204f126904815,tm2_planning_v02_user_0010_habit_airport_transfer_reliability_p02_exception,exception,D,True,,,"Use the airport train or bus into downtown, choosing the lowest-fare route and allowing extra time for transfers or walking."
taskmaster_planning_v02_probe_204fe67988bc7a00,tm2_planning_v02_user_0010_habit_airport_transfer_reliability_p03_explicit_retrieval,explicit_retrieval,A,False,,,Use public transit whenever possible to explore the destination and avoid private transfers.
taskmaster_planning_v02_probe_204fe67988bc7a00,tm2_planning_v02_user_0010_habit_airport_transfer_reliability_p03_explicit_retrieval,explicit_retrieval,B,False,,,Keep arrival plans flexible and avoid prebooking transportation unless the trip is a casual personal getaway.
taskmaster_planning_v02_probe_204fe67988bc7a00,tm2_planning_v02_user_0010_habit_airport_transfer_reliability_p03_explicit_retrieval,explicit_retrieval,C,True,,,"Reserve a dependable airport transfer in advance, such as a flight-tracking car service, even if it costs more than less certain options."
taskmaster_planning_v02_probe_204fe67988bc7a00,tm2_planning_v02_user_0010_habit_airport_transfer_reliability_p03_explicit_retrieval,explicit_retrieval,D,False,,,Wait until landing to choose the cheapest available ride so the traveler can keep costs as low as possible.
taskmaster_planning_v02_probe_57c93bb7e59e9b1c,tm2_planning_v02_user_0011_habit_early_morning_avoidance_p00_direct_use,direct_use,A,False,,,"1:15 PM one-stop for $218, arriving at 5:30 PM"
taskmaster_planning_v02_probe_57c93bb7e59e9b1c,tm2_planning_v02_user_0011_habit_early_morning_avoidance_p00_direct_use,direct_use,B,True,,,"10:20 AM nonstop for $236, arriving at 12:45 PM"
taskmaster_planning_v02_probe_57c93bb7e59e9b1c,tm2_planning_v02_user_0011_habit_early_morning_avoidance_p00_direct_use,direct_use,C,False,,,"5:45 AM nonstop for $208, arriving at 8:10 AM"
taskmaster_planning_v02_probe_57c93bb7e59e9b1c,tm2_planning_v02_user_0011_habit_early_morning_avoidance_p00_direct_use,direct_use,D,False,,,"8:30 PM nonstop for $190, arriving at 11:00 PM"
taskmaster_planning_v02_probe_ce26e5597497d8c5,tm2_planning_v02_user_0011_habit_early_morning_avoidance_p01_boundary,boundary,A,False,,,"7:05 AM nonstop to LaGuardia, landing at 8:55 AM, for the lowest fare."
taskmaster_planning_v02_probe_ce26e5597497d8c5,tm2_planning_v02_user_0011_habit_early_morning_avoidance_p01_boundary,boundary,B,False,,,"6:40 AM nonstop to Newark, landing at 8:20 AM, for $40 more than the lowest fare."
taskmaster_planning_v02_probe_ce26e5597497d8c5,tm2_planning_v02_user_0011_habit_early_morning_avoidance_p01_boundary,boundary,C,True,,,"5:55 AM nonstop to LaGuardia, landing at 7:25 AM, for $85 more than the lowest fare."
taskmaster_planning_v02_probe_ce26e5597497d8c5,tm2_planning_v02_user_0011_habit_early_morning_avoidance_p01_boundary,boundary,D,False,,,"5:30 AM one-stop to LaGuardia, landing at 8:35 AM if the connection is made, for $20 more than the lowest fare."
taskmaster_planning_v02_probe_2baecd27885e77bf,tm2_planning_v02_user_0011_habit_early_morning_avoidance_p02_exception,exception,A,True,,,Book the 5:25 AM nonstop flight arriving at 7:10 AM for $285.
taskmaster_planning_v02_probe_2baecd27885e77bf,tm2_planning_v02_user_0011_habit_early_morning_avoidance_p02_exception,exception,B,False,,,Book the 11:30 AM nonstop flight arriving at 1:15 PM for $225.
taskmaster_planning_v02_probe_2baecd27885e77bf,tm2_planning_v02_user_0011_habit_early_morning_avoidance_p02_exception,exception,C,False,,,Book the 7:15 AM one-stop flight arriving at 12:05 PM for $210.
taskmaster_planning_v02_probe_2baecd27885e77bf,tm2_planning_v02_user_0011_habit_early_morning_avoidance_p02_exception,exception,D,False,,,Book the 9:40 AM nonstop flight arriving at 11:25 AM for $240.
taskmaster_planning_v02_probe_be2c936b59e289d1,tm2_planning_v02_user_0011_habit_early_morning_avoidance_p03_explicit_retrieval,explicit_retrieval,A,True,,,Prefer mid-morning or later departures over very early flights when the price or schedule tradeoff is modest.
taskmaster_planning_v02_probe_be2c936b59e289d1,tm2_planning_v02_user_0011_habit_early_morning_avoidance_p03_explicit_retrieval,explicit_retrieval,B,False,,,Prioritize nonstop flights over connecting options even when the fare difference is large.
taskmaster_planning_v02_probe_be2c936b59e289d1,tm2_planning_v02_user_0011_habit_early_morning_avoidance_p03_explicit_retrieval,explicit_retrieval,C,False,,,Always select the earliest possible departure to maximize time at the destination.
taskmaster_planning_v02_probe_be2c936b59e289d1,tm2_planning_v02_user_0011_habit_early_morning_avoidance_p03_explicit_retrieval,explicit_retrieval,D,False,,,Choose the cheapest available flight even if it leaves before dawn.
taskmaster_planning_v02_probe_2014673fe0856b8e,tm2_planning_v02_user_0012_habit_business_travel_arrival_buffer_p00_direct_use,direct_use,A,False,,,"Take a Tuesday morning connecting flight scheduled to land at 10:50 a.m., save about $90, and go straight from the airport to the client office."
taskmaster_planning_v02_probe_2014673fe0856b8e,tm2_planning_v02_user_0012_habit_business_travel_arrival_buffer_p00_direct_use,direct_use,B,False,,,"Book the cheapest Tuesday morning flight, scheduled to land at 11:45 a.m., and use a lower-cost hotel about 30 minutes from the client office."
taskmaster_planning_v02_probe_2014673fe0856b8e,tm2_planning_v02_user_0012_habit_business_travel_arrival_buffer_p00_direct_use,direct_use,C,True,,,"Fly in Monday evening on a nonstop, stay at a hotel a short walk from the client office, and spend about $160 more than the cheapest Tuesday option."
taskmaster_planning_v02_probe_2014673fe0856b8e,tm2_planning_v02_user_0012_habit_business_travel_arrival_buffer_p00_direct_use,direct_use,D,False,,,"Take a Tuesday morning nonstop scheduled to land at 10:15 a.m., save about $120 with an airport-area hotel, and stop there to drop luggage before heading downtown."
taskmaster_planning_v02_probe_67fff91a597a61dc,tm2_planning_v02_user_0012_habit_business_travel_arrival_buffer_p01_boundary,boundary,A,False,,,"Recommend the 3:10 p.m. connecting flight, accepting the higher fare for a calmer first evening and more room if travel runs late."
taskmaster_planning_v02_probe_67fff91a597a61dc,tm2_planning_v02_user_0012_habit_business_travel_arrival_buffer_p01_boundary,boundary,B,True,,,"Recommend the 8:30 p.m. nonstop, accepting the later arrival in exchange for the lower fare and simpler routing."
taskmaster_planning_v02_probe_67fff91a597a61dc,tm2_planning_v02_user_0012_habit_business_travel_arrival_buffer_p01_boundary,boundary,C,False,,,"Recommend looking for a Thursday-evening arrival, accepting a possible extra night so the whole Friday stays open."
taskmaster_planning_v02_probe_67fff91a597a61dc,tm2_planning_v02_user_0012_habit_business_travel_arrival_buffer_p01_boundary,boundary,D,False,,,"Recommend the 3:10 p.m. option and keep Friday evening low-key, accepting the connection to maximize arrival-day flexibility."
taskmaster_planning_v02_probe_a113763282e90b38,tm2_planning_v02_user_0012_habit_business_travel_arrival_buffer_p02_exception,exception,A,False,but,but,"Take a Wednesday morning flight arriving at noon, saving a hotel night but leaving little margin before the 2 p.m. kickoff."
taskmaster_planning_v02_probe_a113763282e90b38,tm2_planning_v02_user_0012_habit_business_travel_arrival_buffer_p02_exception,exception,B,False,,,Fly in Monday night and add an extra hotel night so delays cannot affect Tuesday.
taskmaster_planning_v02_probe_a113763282e90b38,tm2_planning_v02_user_0012_habit_business_travel_arrival_buffer_p02_exception,exception,C,False,,,Book a pricier Tuesday morning flight arriving before noon solely to keep a large cushion for the original Tuesday kickoff.
taskmaster_planning_v02_probe_a113763282e90b38,tm2_planning_v02_user_0012_habit_business_travel_arrival_buffer_p02_exception,exception,D,True,,,"Book the lower-cost Tuesday evening nonstop arriving around 8:45 p.m., then stay near the Wednesday meeting site."
taskmaster_planning_v02_probe_1689bee167c0e903,tm2_planning_v02_user_0012_habit_business_travel_arrival_buffer_p03_explicit_retrieval,explicit_retrieval,A,False,,,"Optimize mainly for avoiding extra hotel nights, even if that requires a rushed arrival before the onsite commitment."
taskmaster_planning_v02_probe_1689bee167c0e903,tm2_planning_v02_user_0012_habit_business_travel_arrival_buffer_p03_explicit_retrieval,explicit_retrieval,B,True,,tight,"Prefer an itinerary that arrives early enough to leave a meaningful cushion before the client commitment, even when cheaper or tighter same-day options exist."
taskmaster_planning_v02_probe_1689bee167c0e903,tm2_planning_v02_user_0012_habit_business_travel_arrival_buffer_p03_explicit_retrieval,explicit_retrieval,C,False,,,"Prioritize the lowest fare, even if it leaves only a narrow gap between arrival and the client commitment."
taskmaster_planning_v02_probe_1689bee167c0e903,tm2_planning_v02_user_0012_habit_business_travel_arrival_buffer_p03_explicit_retrieval,explicit_retrieval,D,False,,,"Choose the latest possible departure to reduce time away, as long as the arrival is technically before the meeting."
taskmaster_planning_v02_probe_422ca21daf99334d,tm2_planning_v02_user_0013_habit_tight_schedule_nonstop_priority_p00_direct_use,direct_use,A,True,,,"Book the $420 nonstop to SEA, arriving at 10:10 a.m., leaving a solid buffer before heading downtown."
taskmaster_planning_v02_probe_422ca21daf99334d,tm2_planning_v02_user_0013_habit_tight_schedule_nonstop_priority_p00_direct_use,direct_use,B,False,,,"Book the $365 one-stop itinerary through Salt Lake City, arriving at SEA at 9:55 a.m. after a 55-minute connection."
taskmaster_planning_v02_probe_422ca21daf99334d,tm2_planning_v02_user_0013_habit_tight_schedule_nonstop_priority_p00_direct_use,direct_use,C,False,,,"Book the $310 one-stop itinerary through Phoenix, arriving at SEA at 11:15 a.m. after a 1-hour 25-minute layover."
taskmaster_planning_v02_probe_422ca21daf99334d,tm2_planning_v02_user_0013_habit_tight_schedule_nonstop_priority_p00_direct_use,direct_use,D,False,,,"Book the $295 one-stop itinerary through San Francisco, arriving at SEA at 12:05 p.m. with a 45-minute connection."
taskmaster_planning_v02_probe_ad4772ad1a8c4572,tm2_planning_v02_user_0013_habit_tight_schedule_nonstop_priority_p01_boundary,boundary,A,False,,miss,"Book the nonstop to reduce the chance of a missed connection, accepting the higher fare for a smoother travel day."
taskmaster_planning_v02_probe_ad4772ad1a8c4572,tm2_planning_v02_user_0013_habit_tight_schedule_nonstop_priority_p01_boundary,boundary,B,True,,,"Book the one-stop itinerary to keep costs lower, accepting the 2-hour layover since the arrival time is flexible."
taskmaster_planning_v02_probe_ad4772ad1a8c4572,tm2_planning_v02_user_0013_habit_tight_schedule_nonstop_priority_p01_boundary,boundary,C,False,,,"Book a cheaper flight to a different airport, accepting extra ground travel to reduce the airfare further."
taskmaster_planning_v02_probe_ad4772ad1a8c4572,tm2_planning_v02_user_0013_habit_tight_schedule_nonstop_priority_p01_boundary,boundary,D,False,,,"Book a refundable fare on the nonstop, accepting the premium for both flexibility and fewer flight segments."
taskmaster_planning_v02_probe_b94f242429f594bb,tm2_planning_v02_user_0013_habit_tight_schedule_nonstop_priority_p02_exception,exception,A,False,,,"A nonstop into Nashville on another carrier, arriving about 3.5 hours before the meeting, with a higher cash fare and no useful mileage redemption."
taskmaster_planning_v02_probe_b94f242429f594bb,tm2_planning_v02_user_0013_habit_tight_schedule_nonstop_priority_p02_exception,exception,B,True,,,"A one-stop Delta mileage booking, with a 95-minute layover, minimal taxes, and arrival about 2.5 hours before the meeting."
taskmaster_planning_v02_probe_b94f242429f594bb,tm2_planning_v02_user_0013_habit_tight_schedule_nonstop_priority_p02_exception,exception,C,False,,,"The lowest listed cash fare, with two connections, a 40-minute layover, and arrival about 70 minutes before the meeting."
taskmaster_planning_v02_probe_b94f242429f594bb,tm2_planning_v02_user_0013_habit_tight_schedule_nonstop_priority_p02_exception,exception,D,False,,,"A Delta nonstop award, arriving about 4 hours before the meeting, with a much larger mileage cost and higher fees than the one-stop option."
taskmaster_planning_v02_probe_cd61bc2a7fe8501a,tm2_planning_v02_user_0013_habit_tight_schedule_nonstop_priority_p03_explicit_retrieval,explicit_retrieval,A,False,,,"Prefer alternate-airport arrivals if they reduce airfare, regardless of extra ground travel time."
taskmaster_planning_v02_probe_cd61bc2a7fe8501a,tm2_planning_v02_user_0013_habit_tight_schedule_nonstop_priority_p03_explicit_retrieval,explicit_retrieval,B,False,,,Prioritize earning airline miles over arrival reliability for client-facing travel.
taskmaster_planning_v02_probe_cd61bc2a7fe8501a,tm2_planning_v02_user_0013_habit_tight_schedule_nonstop_priority_p03_explicit_retrieval,explicit_retrieval,C,True,,,Favor nonstop or lowest-transfer itineraries even if they cost somewhat more than connecting options.
taskmaster_planning_v02_probe_cd61bc2a7fe8501a,tm2_planning_v02_user_0013_habit_tight_schedule_nonstop_priority_p03_explicit_retrieval,explicit_retrieval,D,False,,,"Choose the cheapest fare whenever possible, even if it requires a connection on the outbound trip."
taskmaster_planning_v02_probe_8943aff39e5e20d9,tm2_planning_v02_user_0014_habit_uncertain_trip_refundable_fare_p00_direct_use,direct_use,A,True,,,"Book the refundable main-cabin fare for about $620; it has the highest upfront price, and it can be changed or canceled back to the original payment method if the workshop moves."
taskmaster_planning_v02_probe_8943aff39e5e20d9,tm2_planning_v02_user_0014_habit_uncertain_trip_refundable_fare_p00_direct_use,direct_use,B,False,,,"Book the basic-economy fare for about $390; it has the lowest upfront price, and it carries strict change and cancellation limits if the workshop moves."
taskmaster_planning_v02_probe_8943aff39e5e20d9,tm2_planning_v02_user_0014_habit_uncertain_trip_refundable_fare_p00_direct_use,direct_use,C,False,,,"Book the standard economy fare for about $455; it has a useful schedule and carry-on allowance, and cancellation value would stay as airline credit."
taskmaster_planning_v02_probe_8943aff39e5e20d9,tm2_planning_v02_user_0014_habit_uncertain_trip_refundable_fare_p00_direct_use,direct_use,D,False,,,"Wait to purchase until approval is finalized; it avoids committing to the tentative dates, and the current fares or preferred nonstop seats may disappear."
taskmaster_planning_v02_probe_859848bb3938f3f2,tm2_planning_v02_user_0014_habit_uncertain_trip_refundable_fare_p01_boundary,boundary,A,True,,,"Choose the lowest reasonable regular-economy fare for the confirmed dates, accepting standard nonrefundable rules since the schedule is fixed."
taskmaster_planning_v02_probe_859848bb3938f3f2,tm2_planning_v02_user_0014_habit_uncertain_trip_refundable_fare_p01_boundary,boundary,B,False,,,"Pay more for a fully refundable regular-economy fare, accepting the higher price in case the wedding plans unexpectedly change."
taskmaster_planning_v02_probe_859848bb3938f3f2,tm2_planning_v02_user_0014_habit_uncertain_trip_refundable_fare_p01_boundary,boundary,C,False,,,"Choose a refundable one-stop fare, accepting a longer itinerary to reduce the extra cost of keeping the ticket flexible."
taskmaster_planning_v02_probe_859848bb3938f3f2,tm2_planning_v02_user_0014_habit_uncertain_trip_refundable_fare_p01_boundary,boundary,D,False,,risk,"Wait before buying, accepting the risk of higher prices in hopes that fares drop before the fixed wedding weekend."
taskmaster_planning_v02_probe_48f9039092323351,tm2_planning_v02_user_0014_habit_uncertain_trip_refundable_fare_p02_exception,exception,A,False,,,Book a flexible business-class fare to maximize comfort and allow last-minute changes.
taskmaster_planning_v02_probe_48f9039092323351,tm2_planning_v02_user_0014_habit_uncertain_trip_refundable_fare_p02_exception,exception,B,False,,,"Book a refundable economy fare that costs more, in case the work schedule changes later."
taskmaster_planning_v02_probe_48f9039092323351,tm2_planning_v02_user_0014_habit_uncertain_trip_refundable_fare_p02_exception,exception,C,False,,,Delay booking until closer to departure to see whether cheaper flexible fares appear.
taskmaster_planning_v02_probe_48f9039092323351,tm2_planning_v02_user_0014_habit_uncertain_trip_refundable_fare_p02_exception,exception,D,True,,,"Book the cheapest nonrefundable economy fare, since the dates are fixed and price is the main priority."
taskmaster_planning_v02_probe_18f59407e07c1d26,tm2_planning_v02_user_0014_habit_uncertain_trip_refundable_fare_p03_explicit_retrieval,explicit_retrieval,A,False,,,Wait until the final week before departure to book so the itinerary is less likely to change.
taskmaster_planning_v02_probe_18f59407e07c1d26,tm2_planning_v02_user_0014_habit_uncertain_trip_refundable_fare_p03_explicit_retrieval,explicit_retrieval,B,True,,,Pick a refundable or flexible fare even if a cheaper nonrefundable fare is available.
taskmaster_planning_v02_probe_18f59407e07c1d26,tm2_planning_v02_user_0014_habit_uncertain_trip_refundable_fare_p03_explicit_retrieval,explicit_retrieval,C,False,,,"Pick the lowest nonrefundable fare whenever it is available, even if work approvals are still pending."
taskmaster_planning_v02_probe_18f59407e07c1d26,tm2_planning_v02_user_0014_habit_uncertain_trip_refundable_fare_p03_explicit_retrieval,explicit_retrieval,D,False,,,Prioritize nonstop flights and shorter travel time over refundability or change rules.
taskmaster_planning_v02_probe_bb71ad1de240fe57,tm2_planning_v02_user_0015_habit_work_hotel_near_venue_p00_direct_use,direct_use,A,False,,,"A well-reviewed boutique hotel in LoDo for $215/night, near restaurants and nightlife, about a 20-minute walk or short rideshare from the workshop."
taskmaster_planning_v02_probe_bb71ad1de240fe57,tm2_planning_v02_user_0015_habit_work_hotel_near_venue_p00_direct_use,direct_use,B,False,,,"An airport-area hotel for $155/night with free breakfast and a shuttle, requiring a 35–45 minute commute each way."
taskmaster_planning_v02_probe_bb71ad1de240fe57,tm2_planning_v02_user_0015_habit_work_hotel_near_venue_p00_direct_use,direct_use,C,False,,,"A quieter hotel in Cherry Creek for $205/night, close to shopping and dining, about a 20-minute rideshare from the convention center."
taskmaster_planning_v02_probe_bb71ad1de240fe57,tm2_planning_v02_user_0015_habit_work_hotel_near_venue_p00_direct_use,direct_use,D,True,,,"A hotel directly across from the convention center for $245/night, with standard rooms and no included breakfast."
taskmaster_planning_v02_probe_48c688021da78fb8,tm2_planning_v02_user_0015_habit_work_hotel_near_venue_p01_boundary,boundary,A,True,though,though,"A boutique hotel on the Upper West Side near Central Park, museums, neighborhood cafes, and multiple subway lines, though it is not the shortest walk to Times Square."
taskmaster_planning_v02_probe_48c688021da78fb8,tm2_planning_v02_user_0015_habit_work_hotel_near_venue_p01_boundary,boundary,B,False,but,but,"A large hotel directly in Times Square with the shortest walk to Broadway theaters, but louder surroundings and a more tourist-heavy atmosphere."
taskmaster_planning_v02_probe_48c688021da78fb8,tm2_planning_v02_user_0015_habit_work_hotel_near_venue_p01_boundary,boundary,C,False,but,but,"A budget airport hotel with the lowest nightly rate, but a long transit ride to most sightseeing areas."
taskmaster_planning_v02_probe_48c688021da78fb8,tm2_planning_v02_user_0015_habit_work_hotel_near_venue_p01_boundary,boundary,D,False,but,but,"A luxury hotel in the Financial District with premium amenities, but fewer nearby evening neighborhood options and a longer ride to many planned stops."
taskmaster_planning_v02_probe_95c2c75bb3529e5a,tm2_planning_v02_user_0015_habit_work_hotel_near_venue_p02_exception,exception,A,False,,,A hotel across the street from the client office for $275 per night.
taskmaster_planning_v02_probe_95c2c75bb3529e5a,tm2_planning_v02_user_0015_habit_work_hotel_near_venue_p02_exception,exception,B,False,,,A Santa Monica hotel for $210 per night with beach access and a 45-minute commute downtown.
taskmaster_planning_v02_probe_95c2c75bb3529e5a,tm2_planning_v02_user_0015_habit_work_hotel_near_venue_p02_exception,exception,C,True,,,A Koreatown hotel for $185 per night with good transit and rideshare access to downtown.
taskmaster_planning_v02_probe_95c2c75bb3529e5a,tm2_planning_v02_user_0015_habit_work_hotel_near_venue_p02_exception,exception,D,False,,,An airport-area hotel for $170 per night with a 55-minute commute to the client office.
taskmaster_planning_v02_probe_c9fa823406b3b3eb,tm2_planning_v02_user_0015_habit_work_hotel_near_venue_p03_explicit_retrieval,explicit_retrieval,A,False,,,"Choose properties with the best amenities or loyalty benefits, regardless of distance from the meeting venue."
taskmaster_planning_v02_probe_c9fa823406b3b3eb,tm2_planning_v02_user_0015_habit_work_hotel_near_venue_p03_explicit_retrieval,explicit_retrieval,B,True,,longer commute,"Choose a hotel on-site or within walking distance of the meeting venue, even if cheaper options would require a longer commute."
taskmaster_planning_v02_probe_c9fa823406b3b3eb,tm2_planning_v02_user_0015_habit_work_hotel_near_venue_p03_explicit_retrieval,explicit_retrieval,C,False,,,"Choose the lowest nightly rate near the airport, even if it means a longer trip to the meeting location."
taskmaster_planning_v02_probe_c9fa823406b3b3eb,tm2_planning_v02_user_0015_habit_work_hotel_near_venue_p03_explicit_retrieval,explicit_retrieval,D,False,,,"Choose hotels based on neighborhood character and sightseeing access, even when the trip is for work."
taskmaster_planning_v02_probe_b8b24cf08095b134,tm2_planning_v02_user_0016_habit_quiet_hotel_for_work_p00_direct_use,direct_use,A,False,but,compact rooms;but,"A downtown boutique hotel six minutes from the client office and close to the team dinner, with a rooftop lounge and compact rooms; guests praise the location, but many mention late-night hallway and street noise."
taskmaster_planning_v02_probe_b8b24cf08095b134,tm2_planning_v02_user_0016_habit_quiet_hotel_for_work_p00_direct_use,direct_use,B,True,but,but,"A business-oriented hotel a few blocks from the main dining strip, with verified fast Wi-Fi, full desks, and rooms that can be assigned away from elevators; it has fewer leisure amenities, but the rate is in budget and the location is still reasonable for downtown meetings."
taskmaster_planning_v02_probe_b8b24cf08095b134,tm2_planning_v02_user_0016_habit_quiet_hotel_for_work_p00_direct_use,direct_use,C,False,but,but,"An airport-area hotel with the lowest rate, free breakfast, and a shuttle; the rooms include basic desks, but morning traffic adds time to the client site and Wi-Fi reviews are inconsistent."
taskmaster_planning_v02_probe_b8b24cf08095b134,tm2_planning_v02_user_0016_habit_quiet_hotel_for_work_p00_direct_use,direct_use,D,False,but,limited;but,"A large convention hotel connected to a mall, with several restaurants, a gym, and a lobby work area; the standard rooms have limited desk space, but the property is convenient for meals and after-hours options."
taskmaster_planning_v02_probe_2d368afcae872fcc,tm2_planning_v02_user_0016_habit_quiet_hotel_for_work_p01_boundary,boundary,A,False,,,"A quieter business-oriented hotel outside the main nightlife area with large desks, strong Wi-Fi, and rooms away from elevators."
taskmaster_planning_v02_probe_2d368afcae872fcc,tm2_planning_v02_user_0016_habit_quiet_hotel_for_work_p01_boundary,boundary,B,False,but,limited;but,"A luxury spa resort known for quiet relaxation and early nights, with limited bar access but premium rooms."
taskmaster_planning_v02_probe_2d368afcae872fcc,tm2_planning_v02_user_0016_habit_quiet_hotel_for_work_p01_boundary,boundary,C,False,,,"The cheapest suburban chain hotel, even if it requires longer rides to pools, restaurants, and nightlife."
taskmaster_planning_v02_probe_2d368afcae872fcc,tm2_planning_v02_user_0016_habit_quiet_hotel_for_work_p01_boundary,boundary,D,True,,lively,"A lively hotel near the bars with a good pool scene, easy rideshare pickup, and room types that keep the group close together."
taskmaster_planning_v02_probe_67ab27d585bb24f8,tm2_planning_v02_user_0016_habit_quiet_hotel_for_work_p02_exception,exception,A,False,,,"A lower-cost airport hotel with free breakfast, parking, and dependable transit links to downtown."
taskmaster_planning_v02_probe_67ab27d585bb24f8,tm2_planning_v02_user_0016_habit_quiet_hotel_for_work_p02_exception,exception,B,True,,,"A South Beach hotel with a popular pool scene, on-site bars, group-friendly common areas, and walkable nightlife."
taskmaster_planning_v02_probe_67ab27d585bb24f8,tm2_planning_v02_user_0016_habit_quiet_hotel_for_work_p02_exception,exception,C,False,,,"A calm luxury resort north of Miami with spa facilities, beach access, and a quieter evening atmosphere."
taskmaster_planning_v02_probe_67ab27d585bb24f8,tm2_planning_v02_user_0016_habit_quiet_hotel_for_work_p02_exception,exception,D,False,,,"A quiet business-oriented hotel in Brickell with spacious desks, strong Wi-Fi, and rooms away from elevators."
taskmaster_planning_v02_probe_7367025f6cdc59e8,tm2_planning_v02_user_0016_habit_quiet_hotel_for_work_p03_explicit_retrieval,explicit_retrieval,A,False,,noisy,"Choose the cheapest hotel available near transit, even if the room may be noisy or poorly suited for calls."
taskmaster_planning_v02_probe_7367025f6cdc59e8,tm2_planning_v02_user_0016_habit_quiet_hotel_for_work_p03_explicit_retrieval,explicit_retrieval,B,False,,,"Choose airport hotels to minimize arrival and departure logistics, even when meetings are elsewhere."
taskmaster_planning_v02_probe_7367025f6cdc59e8,tm2_planning_v02_user_0016_habit_quiet_hotel_for_work_p03_explicit_retrieval,explicit_retrieval,C,True,,,"Choose quieter hotels with reliable workspace, strong Wi-Fi, and a calm room setup, even over livelier or amenity-focused properties."
taskmaster_planning_v02_probe_7367025f6cdc59e8,tm2_planning_v02_user_0016_habit_quiet_hotel_for_work_p03_explicit_retrieval,explicit_retrieval,D,False,,,"Choose nightlife-heavy hotels with bars, pools, and social areas so group activities stay convenient."
taskmaster_planning_v02_probe_33209a334a4f8d31,tm2_planning_v02_user_0017_habit_leisure_relaxed_pacing_p00_direct_use,direct_use,A,False,,,"Take the 6:05 a.m. one-stop flight that gets in before noon, drop bags at the hotel, and book a harbor tour plus a carriage tour before dinner."
taskmaster_planning_v02_probe_33209a334a4f8d31,tm2_planning_v02_user_0017_habit_leisure_relaxed_pacing_p00_direct_use,direct_use,B,False,,,"Take the earliest nonstop, rent a car right away, and use arrival day for a beach stop, a plantation visit, and a downtown dinner reservation."
taskmaster_planning_v02_probe_33209a334a4f8d31,tm2_planning_v02_user_0017_habit_leisure_relaxed_pacing_p00_direct_use,direct_use,C,False,,,"Take an after-work connection that arrives around 11:30 p.m., saving daytime hours at home and starting sightseeing early the next morning."
taskmaster_planning_v02_probe_33209a334a4f8d31,tm2_planning_v02_user_0017_habit_leisure_relaxed_pacing_p00_direct_use,direct_use,D,True,,,"Take a midmorning nonstop that arrives early afternoon, then leave the first day for hotel check-in, a short waterfront walk, and an easy dinner nearby."
taskmaster_planning_v02_probe_6b68ebd63fd1a13f,tm2_planning_v02_user_0017_habit_leisure_relaxed_pacing_p01_boundary,boundary,A,False,,,"Fly in Sunday night, stay across town near restaurants for a more relaxed Monday, and take a Wednesday morning return flight to avoid traveling late."
taskmaster_planning_v02_probe_6b68ebd63fd1a13f,tm2_planning_v02_user_0017_habit_leisure_relaxed_pacing_p01_boundary,boundary,B,False,,,"Choose the cheapest Monday one-stop flight arriving after 9:00 p.m., stay near the airport, and rely on early rideshares to reach the workshop each morning."
taskmaster_planning_v02_probe_6b68ebd63fd1a13f,tm2_planning_v02_user_0017_habit_leisure_relaxed_pacing_p01_boundary,boundary,C,False,,,"Book a Monday afternoon flight arriving around 5:00 p.m., choose a quiet hotel 25 minutes from downtown, and schedule a Wednesday 5:15 p.m. return to keep the trip compact."
taskmaster_planning_v02_probe_6b68ebd63fd1a13f,tm2_planning_v02_user_0017_habit_leisure_relaxed_pacing_p01_boundary,boundary,D,True,,,"Book a Monday late-morning nonstop arriving around 1:00 p.m., choose a hotel within walking distance of the client office and dinner, and schedule a Wednesday 7:00 p.m. nonstop return."
taskmaster_planning_v02_probe_38425dd89466864e,tm2_planning_v02_user_0017_habit_leisure_relaxed_pacing_p02_exception,exception,A,True,,,"Book the earliest reasonable nonstop arrival, drop bags at the hotel, go straight to the tram, schedule Joshua Tree for sunset, and reserve the architecture tour the next morning."
taskmaster_planning_v02_probe_38425dd89466864e,tm2_planning_v02_user_0017_habit_leisure_relaxed_pacing_p02_exception,exception,B,False,,,"Book a midmorning arrival, keep the first afternoon open for settling in, visit the tram the next day, and skip Joshua Tree if it feels rushed."
taskmaster_planning_v02_probe_38425dd89466864e,tm2_planning_v02_user_0017_habit_leisure_relaxed_pacing_p02_exception,exception,C,False,,,"Stay at a quiet resort outside town, plan only one major activity per day, and leave wide gaps between outings for pool time and meals."
taskmaster_planning_v02_probe_38425dd89466864e,tm2_planning_v02_user_0017_habit_leisure_relaxed_pacing_p02_exception,exception,D,False,,,"Choose the cheapest flight even if it arrives late at night, then keep the next morning slow to recover before deciding which sights to prioritize."
taskmaster_planning_v02_probe_62a38a7693628705,tm2_planning_v02_user_0017_habit_leisure_relaxed_pacing_p03_explicit_retrieval,explicit_retrieval,A,True,rather_than,,"Choose normal-hour or midmorning travel, easy transfers, and a lighter schedule rather than squeezing in every possible activity."
taskmaster_planning_v02_probe_62a38a7693628705,tm2_planning_v02_user_0017_habit_leisure_relaxed_pacing_p03_explicit_retrieval,explicit_retrieval,B,False,,,"Plan every trip around fixed appointment times and the closest lodging to meeting venues, including casual vacations."
taskmaster_planning_v02_probe_62a38a7693628705,tm2_planning_v02_user_0017_habit_leisure_relaxed_pacing_p03_explicit_retrieval,explicit_retrieval,C,False,,,"Pick the cheapest flights and lodging even if that requires very early departures, long layovers, or less convenient locations."
taskmaster_planning_v02_probe_62a38a7693628705,tm2_planning_v02_user_0017_habit_leisure_relaxed_pacing_p03_explicit_retrieval,explicit_retrieval,D,False,,,"Front-load each trip with packed sightseeing, late arrivals, and minimal downtime to maximize time at the destination."
taskmaster_planning_v02_probe_b2089df260b8b813,tm2_planning_v02_user_0018_habit_family_trip_flexible_cancellation_p00_direct_use,direct_use,A,False,while,,"Book standard economy flights now and wait a week on lodging, keeping the airfare reasonable while watching for a better family-room price."
taskmaster_planning_v02_probe_b2089df260b8b813,tm2_planning_v02_user_0018_habit_family_trip_flexible_cancellation_p00_direct_use,direct_use,B,False,while,,"Take the lowest-priced package with basic economy flights and a prepaid nonrefundable hotel, saving about $420 while accepting fixed booking terms."
taskmaster_planning_v02_probe_b2089df260b8b813,tm2_planning_v02_user_0018_habit_family_trip_flexible_cancellation_p00_direct_use,direct_use,C,False,while,,"Choose the fully refundable resort package with extra-legroom seats, adding about $1,200 while maximizing comfort and cancellation protection."
taskmaster_planning_v02_probe_b2089df260b8b813,tm2_planning_v02_user_0018_habit_family_trip_flexible_cancellation_p00_direct_use,direct_use,D,True,while,,"Choose the standard economy package with changeable flights and a hotel cancellable until three days before arrival, adding about $300 while keeping the trip adjustable."
taskmaster_planning_v02_probe_efd56a67e578b5ce,tm2_planning_v02_user_0018_habit_family_trip_flexible_cancellation_p01_boundary,boundary,A,False,while,,"Wait until the week of the exam to book, hoping last-minute rates drop while accepting less choice near the test center."
taskmaster_planning_v02_probe_efd56a67e578b5ce,tm2_planning_v02_user_0018_habit_family_trip_flexible_cancellation_p01_boundary,boundary,B,True,,,"Book the $129/night prepaid, nonrefundable room to keep the cost down."
taskmaster_planning_v02_probe_efd56a67e578b5ce,tm2_planning_v02_user_0018_habit_family_trip_flexible_cancellation_p01_boundary,boundary,C,False,,,Pay $169/night for a room with free cancellation until the day before arrival.
taskmaster_planning_v02_probe_efd56a67e578b5ce,tm2_planning_v02_user_0018_habit_family_trip_flexible_cancellation_p01_boundary,boundary,D,False,,,Pay $185/night for a fully refundable room that also includes extra beds and a kitchenette.
taskmaster_planning_v02_probe_3408da17215f1ae5,tm2_planning_v02_user_0018_habit_family_trip_flexible_cancellation_p02_exception,exception,A,False,,,A refundable vacation rental at $225 per night with a flexible check-in window and lower cleaning fee.
taskmaster_planning_v02_probe_3408da17215f1ae5,tm2_planning_v02_user_0018_habit_family_trip_flexible_cancellation_p02_exception,exception,B,False,,,A fully refundable hotel at $240 per night with free changes until the day before arrival.
taskmaster_planning_v02_probe_3408da17215f1ae5,tm2_planning_v02_user_0018_habit_family_trip_flexible_cancellation_p02_exception,exception,C,True,,,A prepaid nonrefundable hotel at $168 per night with no changes allowed.
taskmaster_planning_v02_probe_3408da17215f1ae5,tm2_planning_v02_user_0018_habit_family_trip_flexible_cancellation_p02_exception,exception,D,False,,,A partially refundable hotel at $205 per night with a one-night cancellation penalty.
taskmaster_planning_v02_probe_cb8bfd55b85c16ab,tm2_planning_v02_user_0018_habit_family_trip_flexible_cancellation_p03_explicit_retrieval,explicit_retrieval,A,False,,,Always choose the lowest nonrefundable price and rely on travel insurance if plans change.
taskmaster_planning_v02_probe_cb8bfd55b85c16ab,tm2_planning_v02_user_0018_habit_family_trip_flexible_cancellation_p03_explicit_retrieval,explicit_retrieval,B,False,,,Prioritize nonstop flights and central hotels even when cancellation terms are strict.
taskmaster_planning_v02_probe_cb8bfd55b85c16ab,tm2_planning_v02_user_0018_habit_family_trip_flexible_cancellation_p03_explicit_retrieval,explicit_retrieval,C,True,,,"Pay a bit more for refundable or changeable bookings when traveling with children or multiple relatives, instead of choosing the cheapest prepaid option."
taskmaster_planning_v02_probe_cb8bfd55b85c16ab,tm2_planning_v02_user_0018_habit_family_trip_flexible_cancellation_p03_explicit_retrieval,explicit_retrieval,D,False,,,Choose premium cabins and luxury rooms for family comfort regardless of change fees.
taskmaster_planning_v02_probe_d053ceb3d7703e5c,tm2_planning_v02_user_0019_habit_short_trip_no_checked_bag_p00_direct_use,direct_use,A,False,but,but,A refundable late-evening fare that includes two checked bags but arrives close to midnight.
taskmaster_planning_v02_probe_d053ceb3d7703e5c,tm2_planning_v02_user_0019_habit_short_trip_no_checked_bag_p00_direct_use,direct_use,B,False,,,"The cheapest basic economy fare with a personal item only; overhead bin bags are not allowed, and checking a bag costs extra."
taskmaster_planning_v02_probe_d053ceb3d7703e5c,tm2_planning_v02_user_0019_habit_short_trip_no_checked_bag_p00_direct_use,direct_use,C,True,but,but,A standard economy nonstop that costs a bit more but includes an overhead carry-on and seat selection.
taskmaster_planning_v02_probe_d053ceb3d7703e5c,tm2_planning_v02_user_0019_habit_short_trip_no_checked_bag_p00_direct_use,direct_use,D,False,,tight,A lower-priced one-stop itinerary with a tight 40-minute connection and a checked bag included.
taskmaster_planning_v02_probe_44aa0b5550314685,tm2_planning_v02_user_0019_habit_short_trip_no_checked_bag_p01_boundary,boundary,A,True,,,"A main cabin itinerary with a clear checked-bag allowance or easy prepaid checked baggage, ideally with a reasonable schedule."
taskmaster_planning_v02_probe_44aa0b5550314685,tm2_planning_v02_user_0019_habit_short_trip_no_checked_bag_p01_boundary,boundary,B,False,,,"The cheapest basic economy fare that allows only a personal item, assuming the traveler can avoid any checked baggage."
taskmaster_planning_v02_probe_44aa0b5550314685,tm2_planning_v02_user_0019_habit_short_trip_no_checked_bag_p01_boundary,boundary,C,False,,,A carry-on-only fare with a longer layover so the traveler can keep everything with them.
taskmaster_planning_v02_probe_44aa0b5550314685,tm2_planning_v02_user_0019_habit_short_trip_no_checked_bag_p01_boundary,boundary,D,False,,tight,"A tight-connection itinerary with a low fare, even if oversized or checked-item handling is unclear."
taskmaster_planning_v02_probe_e6999083650693e6,tm2_planning_v02_user_0019_habit_short_trip_no_checked_bag_p02_exception,exception,A,False,though;even_though,uncertain;though,"A late-night nonstop with no checked-bag allowance, relying on shipping the display and samples separately even though arrival timing is uncertain."
taskmaster_planning_v02_probe_e6999083650693e6,tm2_planning_v02_user_0019_habit_short_trip_no_checked_bag_p02_exception,exception,B,False,,,The cheapest basic economy nonstop that allows only a personal item and charges high fees for any larger bag.
taskmaster_planning_v02_probe_e6999083650693e6,tm2_planning_v02_user_0019_habit_short_trip_no_checked_bag_p02_exception,exception,C,True,but,but,A standard economy nonstop that costs a bit more but includes one checked bag and enough time at the airport to drop it off.
taskmaster_planning_v02_probe_e6999083650693e6,tm2_planning_v02_user_0019_habit_short_trip_no_checked_bag_p02_exception,exception,D,False,,tight,A slightly cheaper one-stop itinerary with tight connection times and carry-on-only fare rules.
taskmaster_planning_v02_probe_0e13dad10e3e7d83,tm2_planning_v02_user_0019_habit_short_trip_no_checked_bag_p03_explicit_retrieval,explicit_retrieval,A,False,,,"Choose the lowest fare available, accepting checked-bag requirements or restrictive baggage rules."
taskmaster_planning_v02_probe_0e13dad10e3e7d83,tm2_planning_v02_user_0019_habit_short_trip_no_checked_bag_p03_explicit_retrieval,explicit_retrieval,B,False,,,Prioritize extra legroom or premium seating over baggage flexibility on short trips.
taskmaster_planning_v02_probe_0e13dad10e3e7d83,tm2_planning_v02_user_0019_habit_short_trip_no_checked_bag_p03_explicit_retrieval,explicit_retrieval,C,False,,,"Prefer connecting flights if they reduce the ticket price, even when they make luggage handling less convenient."
taskmaster_planning_v02_probe_0e13dad10e3e7d83,tm2_planning_v02_user_0019_habit_short_trip_no_checked_bag_p03_explicit_retrieval,explicit_retrieval,D,True,,,"Select carry-on-friendly fares and itineraries, even if a cheaper option would require checking a bag."
taskmaster_planning_v02_probe_bffad658c8c87244,tm2_planning_v02_user_0020_habit_international_long_layover_buffer_p00_direct_use,direct_use,A,False,,,"SFO–Frankfurt–Naples for $710, with a 55-minute connection in Frankfurt and 14h 20m total travel time."
taskmaster_planning_v02_probe_bffad658c8c87244,tm2_planning_v02_user_0020_habit_international_long_layover_buffer_p00_direct_use,direct_use,B,False,,,"SFO–Munich–Naples for $760, with a 1h 15m connection in Munich and 14h 55m total travel time."
taskmaster_planning_v02_probe_bffad658c8c87244,tm2_planning_v02_user_0020_habit_international_long_layover_buffer_p00_direct_use,direct_use,C,False,,,"SFO–Lisbon–Naples for $690, with a 7h 30m connection in Lisbon and 20h 10m total travel time."
taskmaster_planning_v02_probe_bffad658c8c87244,tm2_planning_v02_user_0020_habit_international_long_layover_buffer_p00_direct_use,direct_use,D,True,,,"SFO–Amsterdam–Naples for $830, with a 2h 55m connection in Amsterdam and 16h 05m total travel time."
taskmaster_planning_v02_probe_d7fd21e5e56ea357,tm2_planning_v02_user_0020_habit_international_long_layover_buffer_p01_boundary,boundary,A,True,,,A nonstop mid-morning flight with a total travel time of about 2.5 hours.
taskmaster_planning_v02_probe_d7fd21e5e56ea357,tm2_planning_v02_user_0020_habit_international_long_layover_buffer_p01_boundary,boundary,B,False,,,An overnight connection through Las Vegas that arrives early the next morning.
taskmaster_planning_v02_probe_d7fd21e5e56ea357,tm2_planning_v02_user_0020_habit_international_long_layover_buffer_p01_boundary,boundary,C,False,but,but,A one-stop itinerary through Dallas that is $15 cheaper but takes nearly 6 hours total.
taskmaster_planning_v02_probe_d7fd21e5e56ea357,tm2_planning_v02_user_0020_habit_international_long_layover_buffer_p01_boundary,boundary,D,False,,,A one-stop itinerary through Phoenix with a 3.5-hour layover for extra buffer time.
taskmaster_planning_v02_probe_2bed54ffcb9ab165,tm2_planning_v02_user_0020_habit_international_long_layover_buffer_p02_exception,exception,A,False,,,"Vancouver to Amsterdam via Reykjavik, 2h 10m connection, 12h 05m total travel time, simpler terminal layout"
taskmaster_planning_v02_probe_2bed54ffcb9ab165,tm2_planning_v02_user_0020_habit_international_long_layover_buffer_p02_exception,exception,B,False,,,"Vancouver to Amsterdam via London, 2h 45m connection, 12h 30m total travel time"
taskmaster_planning_v02_probe_2bed54ffcb9ab165,tm2_planning_v02_user_0020_habit_international_long_layover_buffer_p02_exception,exception,C,False,,,"Vancouver to Amsterdam via Paris, 4h 20m connection, 13h 10m total travel time, slightly cheaper fare"
taskmaster_planning_v02_probe_2bed54ffcb9ab165,tm2_planning_v02_user_0020_habit_international_long_layover_buffer_p02_exception,exception,D,True,,,"Vancouver to Amsterdam via Frankfurt, 45-minute connection, 10h 40m total travel time"
taskmaster_planning_v02_probe_e698caabe3ee20e3,tm2_planning_v02_user_0020_habit_international_long_layover_buffer_p03_explicit_retrieval,explicit_retrieval,A,False,,,"Avoid layovers entirely by selecting only nonstop flights, regardless of price or schedule."
taskmaster_planning_v02_probe_e698caabe3ee20e3,tm2_planning_v02_user_0020_habit_international_long_layover_buffer_p03_explicit_retrieval,explicit_retrieval,B,True,,tight,"Prefer a longer connection buffer over a tight layover, even if the overall trip takes longer."
taskmaster_planning_v02_probe_e698caabe3ee20e3,tm2_planning_v02_user_0020_habit_international_long_layover_buffer_p03_explicit_retrieval,explicit_retrieval,C,False,,,Prioritize the lowest fare over connection timing for international routes.
taskmaster_planning_v02_probe_e698caabe3ee20e3,tm2_planning_v02_user_0020_habit_international_long_layover_buffer_p03_explicit_retrieval,explicit_retrieval,D,False,,tight,"Choose the shortest total itinerary whenever it is available, even if the connection is tight."
taskmaster_planning_v02_probe_1de13246272a77d7,tm2_planning_v02_user_0021_habit_red_eye_avoidance_p00_direct_use,direct_use,A,False,,,An 11:45 PM Monday nonstop arriving at 2:20 AM Tuesday for $319.
taskmaster_planning_v02_probe_1de13246272a77d7,tm2_planning_v02_user_0021_habit_red_eye_avoidance_p00_direct_use,direct_use,B,False,,,"A 10:05 PM Monday one-stop itinerary arriving at 7:20 AM Tuesday for $288, with a 70-minute connection."
taskmaster_planning_v02_probe_1de13246272a77d7,tm2_planning_v02_user_0021_habit_red_eye_avoidance_p00_direct_use,direct_use,C,True,,,A 7:30 AM Tuesday nonstop arriving at 10:05 AM Tuesday for $348.
taskmaster_planning_v02_probe_1de13246272a77d7,tm2_planning_v02_user_0021_habit_red_eye_avoidance_p00_direct_use,direct_use,D,False,,,"A 6:10 AM Tuesday one-stop itinerary arriving at 1:35 PM Tuesday for $342, with a 40-minute connection."
taskmaster_planning_v02_probe_a9a8938fb3e43d68,tm2_planning_v02_user_0021_habit_red_eye_avoidance_p01_boundary,boundary,A,False,,,"Recommend the Friday 6:00 a.m. one-stop; it has the $290 fare, avoids an overnight flight, and arrives at 2:15 p.m. Friday."
taskmaster_planning_v02_probe_a9a8938fb3e43d68,tm2_planning_v02_user_0021_habit_red_eye_avoidance_p01_boundary,boundary,B,True,,,"Recommend the Thursday 10:45 p.m. nonstop red-eye; it costs $360, uses overnight travel, preserves Thursday daytime in San Francisco, and arrives at 7:05 a.m. Friday."
taskmaster_planning_v02_probe_a9a8938fb3e43d68,tm2_planning_v02_user_0021_habit_red_eye_avoidance_p01_boundary,boundary,C,False,,,"Recommend the Thursday 1:30 p.m. nonstop; it has the $330 fare, avoids an overnight flight, and arrives in New York on Thursday night."
taskmaster_planning_v02_probe_a9a8938fb3e43d68,tm2_planning_v02_user_0021_habit_red_eye_avoidance_p01_boundary,boundary,D,False,,,"Recommend the Wednesday 11:30 p.m. red-eye; it costs $355, arrives Thursday morning, and leaves a full day before the Friday deadline."
taskmaster_planning_v02_probe_749040b29f603451,tm2_planning_v02_user_0021_habit_red_eye_avoidance_p02_exception,exception,A,True,while,,"Prioritize a Wednesday-night red-eye that arrives Thursday morning, if the fare and routing are reasonable, while noting the overnight-sleep tradeoff."
taskmaster_planning_v02_probe_749040b29f603451,tm2_planning_v02_user_0021_habit_red_eye_avoidance_p02_exception,exception,B,False,while,,"Prioritize a cheaper Wednesday daytime one-stop that arrives Wednesday evening, if it avoids overnight travel, while noting it cuts into the Wednesday workday."
taskmaster_planning_v02_probe_749040b29f603451,tm2_planning_v02_user_0021_habit_red_eye_avoidance_p02_exception,exception,C,False,while,,"Prioritize a Thursday midday nonstop, if it is the simplest routing, while noting it uses the Thursday daytime window the user wanted open."
taskmaster_planning_v02_probe_749040b29f603451,tm2_planning_v02_user_0021_habit_red_eye_avoidance_p02_exception,exception,D,False,while,miss,"Prioritize a lower-fare Friday morning departure, if it is more comfortable, while noting it misses the Thursday-morning arrival need."
taskmaster_planning_v02_probe_ea4168b461cb7319,tm2_planning_v02_user_0021_habit_red_eye_avoidance_p03_explicit_retrieval,explicit_retrieval,A,False,,,Avoid early-morning departures even if they are nonstop and substantially cheaper.
taskmaster_planning_v02_probe_ea4168b461cb7319,tm2_planning_v02_user_0021_habit_red_eye_avoidance_p03_explicit_retrieval,explicit_retrieval,B,False,,,Prioritize red-eye flights because they preserve more daytime hours at the destination.
taskmaster_planning_v02_probe_ea4168b461cb7319,tm2_planning_v02_user_0021_habit_red_eye_avoidance_p03_explicit_retrieval,explicit_retrieval,C,True,,,"Prefer normal-hour flights, and include red-eyes only when they provide a major price or schedule advantage."
taskmaster_planning_v02_probe_ea4168b461cb7319,tm2_planning_v02_user_0021_habit_red_eye_avoidance_p03_explicit_retrieval,explicit_retrieval,D,False,,,"Choose the lowest fare whenever possible, even if that means selecting an overnight flight."
taskmaster_planning_v02_probe_3a3999d843749314,tm2_planning_v02_user_0022_habit_airport_transfer_reliability_p00_direct_use,direct_use,A,False,,,Use the light rail and walk from the nearest station to the hotel to keep the transfer cost low.
taskmaster_planning_v02_probe_3a3999d843749314,tm2_planning_v02_user_0022_habit_airport_transfer_reliability_p00_direct_use,direct_use,B,False,,,Book a shared airport shuttle with multiple hotel stops because it is less expensive than a private pickup.
taskmaster_planning_v02_probe_3a3999d843749314,tm2_planning_v02_user_0022_habit_airport_transfer_reliability_p00_direct_use,direct_use,C,True,,,"Pre-book a flight-tracked airport car or confirmed executive transfer with a defined pickup window, even if it costs more than the cheapest option."
taskmaster_planning_v02_probe_3a3999d843749314,tm2_planning_v02_user_0022_habit_airport_transfer_reliability_p00_direct_use,direct_use,D,False,,,Wait until landing to compare rideshare prices and request whichever app is cheapest at that moment.
taskmaster_planning_v02_probe_734718006703b624,tm2_planning_v02_user_0022_habit_airport_transfer_reliability_p01_boundary,boundary,A,False,,,"Reserve a flight-tracked private car before departure for a dependable door-to-door pickup, accepting the higher price."
taskmaster_planning_v02_probe_734718006703b624,tm2_planning_v02_user_0022_habit_airport_transfer_reliability_p01_boundary,boundary,B,False,,,"Book an airport shuttle before departure for a known transfer option, accepting a scheduled pickup window."
taskmaster_planning_v02_probe_734718006703b624,tm2_planning_v02_user_0022_habit_airport_transfer_reliability_p01_boundary,boundary,C,True,,,"Wait until after landing, then choose among your friend, rideshare, taxi, or train based on actual wait times and convenience, accepting a little on-arrival decision time."
taskmaster_planning_v02_probe_734718006703b624,tm2_planning_v02_user_0022_habit_airport_transfer_reliability_p01_boundary,boundary,D,False,,,"Plan to take the airport train for a lower-cost route into town, accepting the extra city-side transfer if needed."
taskmaster_planning_v02_probe_91f3ca9ae497b181,tm2_planning_v02_user_0022_habit_airport_transfer_reliability_p02_exception,exception,A,False,,,Book a flight-tracked private car in advance so the driver is waiting even if the flight arrives late.
taskmaster_planning_v02_probe_91f3ca9ae497b181,tm2_planning_v02_user_0022_habit_airport_transfer_reliability_p02_exception,exception,B,True,,,"Take the CTA Blue Line from O'Hare toward downtown, then walk or make a short local connection to the hotel."
taskmaster_planning_v02_probe_91f3ca9ae497b181,tm2_planning_v02_user_0022_habit_airport_transfer_reliability_p02_exception,exception,C,False,,,Use an on-demand rideshare from the terminal pickup area to avoid navigating trains with luggage.
taskmaster_planning_v02_probe_91f3ca9ae497b181,tm2_planning_v02_user_0022_habit_airport_transfer_reliability_p02_exception,exception,D,False,,,Reserve a direct airport shuttle to the hotel for a more predictable door-to-door arrival.
taskmaster_planning_v02_probe_07ead1dc92ac06e2,tm2_planning_v02_user_0022_habit_airport_transfer_reliability_p03_explicit_retrieval,explicit_retrieval,A,False,,,"For personal vacations, always book a premium private airport car in advance regardless of schedule flexibility."
taskmaster_planning_v02_probe_07ead1dc92ac06e2,tm2_planning_v02_user_0022_habit_airport_transfer_reliability_p03_explicit_retrieval,explicit_retrieval,B,True,rather_than,least certain,"For client, meeting, or work trips that need airport ground transportation, choose a predictable prearranged transfer such as a scheduled car or confirmed shuttle rather than the cheapest or least certain option."
taskmaster_planning_v02_probe_07ead1dc92ac06e2,tm2_planning_v02_user_0022_habit_airport_transfer_reliability_p03_explicit_retrieval,explicit_retrieval,C,False,,,"For work trips, avoid reserved airport transfers and rely on public transit to reduce costs and explore the city."
taskmaster_planning_v02_probe_07ead1dc92ac06e2,tm2_planning_v02_user_0022_habit_airport_transfer_reliability_p03_explicit_retrieval,explicit_retrieval,D,False,,,"For most trips, prioritize the lowest-cost airport transportation option, even if that means waiting until arrival to decide."
taskmaster_planning_v02_probe_489dfbad3d2b5ca3,tm2_planning_v02_user_0023_habit_early_morning_avoidance_p00_direct_use,direct_use,A,True,,,"10:30 a.m. nonstop, arrives 12:30 p.m., $204"
taskmaster_planning_v02_probe_489dfbad3d2b5ca3,tm2_planning_v02_user_0023_habit_early_morning_avoidance_p00_direct_use,direct_use,B,False,,,"2:15 p.m. one-stop, arrives 6:55 p.m., $188"
taskmaster_planning_v02_probe_489dfbad3d2b5ca3,tm2_planning_v02_user_0023_habit_early_morning_avoidance_p00_direct_use,direct_use,C,False,,,"8:40 p.m. nonstop, arrives 10:40 p.m., $229"
taskmaster_planning_v02_probe_489dfbad3d2b5ca3,tm2_planning_v02_user_0023_habit_early_morning_avoidance_p00_direct_use,direct_use,D,False,,,"6:05 a.m. nonstop, arrives 8:05 a.m., $178"
taskmaster_planning_v02_probe_068cf2d835763cdb,tm2_planning_v02_user_0023_habit_early_morning_avoidance_p01_boundary,boundary,A,False,,,"Fly in the previous evening on a 7:55 p.m. nonstop arriving at 9:30 p.m., then stay near the client so the morning is relaxed."
taskmaster_planning_v02_probe_068cf2d835763cdb,tm2_planning_v02_user_0023_habit_early_morning_avoidance_p01_boundary,boundary,B,False,,,Take the 6:45 a.m. nonstop arriving at 8:20 a.m.; it costs a bit less and avoids the earliest listed departure.
taskmaster_planning_v02_probe_068cf2d835763cdb,tm2_planning_v02_user_0023_habit_early_morning_avoidance_p01_boundary,boundary,C,True,but,without;but,Take the 5:50 a.m. nonstop arriving at 7:25 a.m.; it is a dawn start but leaves a solid cushion before the client time without adding a hotel.
taskmaster_planning_v02_probe_068cf2d835763cdb,tm2_planning_v02_user_0023_habit_early_morning_avoidance_p01_boundary,boundary,D,False,,,Take the 7:25 a.m. one-stop arriving at 10:10 a.m.; it is the lowest same-day fare and makes the departure morning easier.
taskmaster_planning_v02_probe_598617a34a8fdee6,tm2_planning_v02_user_0023_habit_early_morning_avoidance_p02_exception,exception,A,False,,,"8:45 a.m. departure, nonstop, arrives at 2:05 p.m., $264"
taskmaster_planning_v02_probe_598617a34a8fdee6,tm2_planning_v02_user_0023_habit_early_morning_avoidance_p02_exception,exception,B,False,,,"12:15 p.m. departure, nonstop, arrives at 5:35 p.m., $251"
taskmaster_planning_v02_probe_598617a34a8fdee6,tm2_planning_v02_user_0023_habit_early_morning_avoidance_p02_exception,exception,C,True,,,"5:15 a.m. departure, one short connection, arrives at 11:20 a.m., $286"
taskmaster_planning_v02_probe_598617a34a8fdee6,tm2_planning_v02_user_0023_habit_early_morning_avoidance_p02_exception,exception,D,False,,,"10:30 a.m. departure, one connection, arrives at 4:10 p.m., $238"
taskmaster_planning_v02_probe_538cd114ceccd876,tm2_planning_v02_user_0023_habit_early_morning_avoidance_p03_explicit_retrieval,explicit_retrieval,A,False,,,"Prioritize nonstop red-eye flights whenever available, even if the user did not request them."
taskmaster_planning_v02_probe_538cd114ceccd876,tm2_planning_v02_user_0023_habit_early_morning_avoidance_p03_explicit_retrieval,explicit_retrieval,B,False,,,Always book the earliest flight for international itineraries to maximize connection time.
taskmaster_planning_v02_probe_538cd114ceccd876,tm2_planning_v02_user_0023_habit_early_morning_avoidance_p03_explicit_retrieval,explicit_retrieval,C,False,,,Choose the cheapest flight even if it leaves before dawn.
taskmaster_planning_v02_probe_538cd114ceccd876,tm2_planning_v02_user_0023_habit_early_morning_avoidance_p03_explicit_retrieval,explicit_retrieval,D,True,,,Favor mid-morning or later departures over very early flights when the trip is nonurgent and personal.
taskmaster_planning_v02_probe_d96c4d2345d81448,tm2_planning_v02_user_0024_habit_business_travel_arrival_buffer_p00_direct_use,direct_use,A,False,,,"Take the lowest-cost Tuesday morning flight scheduled to land at 8:05 a.m., skip the Monday hotel night, and go straight from RDU to the client site."
taskmaster_planning_v02_probe_d96c4d2345d81448,tm2_planning_v02_user_0024_habit_business_travel_arrival_buffer_p00_direct_use,direct_use,B,False,,,"Take the cheapest late-Monday connection scheduled to land at 12:15 a.m. Tuesday, use an airport hotel about 45 minutes from the client site, and save about $190."
taskmaster_planning_v02_probe_d96c4d2345d81448,tm2_planning_v02_user_0024_habit_business_travel_arrival_buffer_p00_direct_use,direct_use,C,False,,,"Fly Tuesday morning into Greensboro because the fare is about $150 lower, land at 6:55 a.m., and rent a car for the drive to the Raleigh meeting."
taskmaster_planning_v02_probe_d96c4d2345d81448,tm2_planning_v02_user_0024_habit_business_travel_arrival_buffer_p00_direct_use,direct_use,D,True,though;even_though,though,"Fly Monday afternoon, land around 3:00 p.m., and book a hotel within a 10-minute ride of the client's office, even though it costs about $140 more overall."
taskmaster_planning_v02_probe_aeb8ce06a986a6f5,tm2_planning_v02_user_0024_habit_business_travel_arrival_buffer_p01_boundary,boundary,A,False,but,but,"Choose the early-morning nonstop to JFK arriving late Friday afternoon; it offers extra Friday time, but costs more and requires a pre-dawn departure."
taskmaster_planning_v02_probe_aeb8ce06a986a6f5,tm2_planning_v02_user_0024_habit_business_travel_arrival_buffer_p01_boundary,boundary,B,True,but,but,"Choose the mid-afternoon nonstop to JFK arriving around 10:45 p.m.; it fits an after-lunch departure and avoids a connection at a competitive fare, but leaves Friday mostly for travel."
taskmaster_planning_v02_probe_aeb8ce06a986a6f5,tm2_planning_v02_user_0024_habit_business_travel_arrival_buffer_p01_boundary,boundary,C,False,but,but,"Choose a midday one-stop flight to LaGuardia arriving around 7:30 p.m.; it gets them in earlier than the late nonstop, but saves little once the layover and less convenient airport are considered."
taskmaster_planning_v02_probe_aeb8ce06a986a6f5,tm2_planning_v02_user_0024_habit_business_travel_arrival_buffer_p01_boundary,boundary,D,False,but,but,"Choose the cheapest Friday-evening one-stop flight to Newark arriving after midnight; it lowers the airfare, but adds both a connection and a late cross-city transfer."
taskmaster_planning_v02_probe_77c5f744200ca992,tm2_planning_v02_user_0024_habit_business_travel_arrival_buffer_p02_exception,exception,A,True,,,Take the Monday nonstop that arrives around 8:30 p.m.; it is cheaper and still gets me in the night before the Tuesday kickoff.
taskmaster_planning_v02_probe_77c5f744200ca992,tm2_planning_v02_user_0024_habit_business_travel_arrival_buffer_p02_exception,exception,B,False,,,"Take the cheapest Tuesday morning flight that lands at 9:50 a.m., leaving just over an hour before the client kickoff."
taskmaster_planning_v02_probe_77c5f744200ca992,tm2_planning_v02_user_0024_habit_business_travel_arrival_buffer_p02_exception,exception,C,False,though;even_though,though,"Take the Monday morning flight that arrives before noon, even though it costs more, to keep a large Monday arrival cushion."
taskmaster_planning_v02_probe_77c5f744200ca992,tm2_planning_v02_user_0024_habit_business_travel_arrival_buffer_p02_exception,exception,D,False,,,Fly in Sunday night and pay for an extra hotel night to maximize buffer time before the Tuesday meeting.
taskmaster_planning_v02_probe_7db56b70fb2fb44a,tm2_planning_v02_user_0024_habit_business_travel_arrival_buffer_p03_explicit_retrieval,explicit_retrieval,A,True,,tight,"Choose an itinerary that preserves a meaningful arrival cushion before the meeting, even if cheaper tighter options are available."
taskmaster_planning_v02_probe_7db56b70fb2fb44a,tm2_planning_v02_user_0024_habit_business_travel_arrival_buffer_p03_explicit_retrieval,explicit_retrieval,B,False,,,"Prioritize nonstop flights over arrival timing, even if the schedule leaves little room for delays."
taskmaster_planning_v02_probe_7db56b70fb2fb44a,tm2_planning_v02_user_0024_habit_business_travel_arrival_buffer_p03_explicit_retrieval,explicit_retrieval,C,False,,farther,Book lodging farther from the client site when it offers better rates or loyalty perks.
taskmaster_planning_v02_probe_7db56b70fb2fb44a,tm2_planning_v02_user_0024_habit_business_travel_arrival_buffer_p03_explicit_retrieval,explicit_retrieval,D,False,,,Choose the lowest-cost itinerary as long as it is scheduled to arrive before the meeting begins.
taskmaster_planning_v02_probe_3e287695347ff965,tm2_planning_v02_user_0025_habit_tight_schedule_nonstop_priority_p00_direct_use,direct_use,A,False,,,"$238 one-stop via San Francisco, departs 6:10 a.m., 45-minute connection, arrives 11:40 a.m."
taskmaster_planning_v02_probe_3e287695347ff965,tm2_planning_v02_user_0025_habit_tight_schedule_nonstop_priority_p00_direct_use,direct_use,B,False,,,"$415 nonstop, departs 10:15 a.m., arrives 12:55 p.m."
taskmaster_planning_v02_probe_3e287695347ff965,tm2_planning_v02_user_0025_habit_tight_schedule_nonstop_priority_p00_direct_use,direct_use,C,True,,,"$289 nonstop, departs 7:00 a.m., arrives 9:45 a.m."
taskmaster_planning_v02_probe_3e287695347ff965,tm2_planning_v02_user_0025_habit_tight_schedule_nonstop_priority_p00_direct_use,direct_use,D,False,,,"$210 one-stop via Las Vegas, departs 8:30 a.m., 50-minute connection, arrives 12:55 p.m."
taskmaster_planning_v02_probe_149ece76ba9faf07,tm2_planning_v02_user_0025_habit_tight_schedule_nonstop_priority_p01_boundary,boundary,A,True,rather_than,,"A one-stop flight with a 1-hour-55-minute layover, saving about $160 versus nonstop; tradeoff: it arrives in the evening rather than midafternoon."
taskmaster_planning_v02_probe_149ece76ba9faf07,tm2_planning_v02_user_0025_habit_tight_schedule_nonstop_priority_p01_boundary,boundary,B,False,,,"A nonstop flight with the shortest travel time, arriving midafternoon; tradeoff: it costs about $175 more than the one-stop options."
taskmaster_planning_v02_probe_149ece76ba9faf07,tm2_planning_v02_user_0025_habit_tight_schedule_nonstop_priority_p01_boundary,boundary,C,False,,tight,"A one-stop flight with a 50-minute layover, saving about $185 versus nonstop; tradeoff: the connection is tight for only a small additional savings."
taskmaster_planning_v02_probe_149ece76ba9faf07,tm2_planning_v02_user_0025_habit_tight_schedule_nonstop_priority_p01_boundary,boundary,D,False,,,"A two-stop flight with the lowest fare, saving about $205 versus nonstop; tradeoff: it adds several hours of travel and arrives late at night."
taskmaster_planning_v02_probe_b4276755edab6a37,tm2_planning_v02_user_0025_habit_tight_schedule_nonstop_priority_p02_exception,exception,A,False,,,"A nonstop flight on a preferred departure time for $510, chosen mainly for convenience."
taskmaster_planning_v02_probe_b4276755edab6a37,tm2_planning_v02_user_0025_habit_tight_schedule_nonstop_priority_p02_exception,exception,B,False,but,does not;but,A one-stop refundable fare for $390 that keeps flexibility but does not use miles.
taskmaster_planning_v02_probe_b4276755edab6a37,tm2_planning_v02_user_0025_habit_tight_schedule_nonstop_priority_p02_exception,exception,C,False,,,A nonstop flight for $420 that arrives in the early afternoon with the least delay exposure.
taskmaster_planning_v02_probe_b4276755edab6a37,tm2_planning_v02_user_0025_habit_tight_schedule_nonstop_priority_p02_exception,exception,D,True,,,"A one-stop itinerary using airline miles plus $18 in fees, with a 2-hour layover and a later arrival."
taskmaster_planning_v02_probe_95fd65a18f812911,tm2_planning_v02_user_0025_habit_tight_schedule_nonstop_priority_p03_explicit_retrieval,explicit_retrieval,A,False,,,"Prioritize earning airline miles or status benefits, even if the route has more transfers."
taskmaster_planning_v02_probe_95fd65a18f812911,tm2_planning_v02_user_0025_habit_tight_schedule_nonstop_priority_p03_explicit_retrieval,explicit_retrieval,B,True,,,"Prefer nonstop or lowest-transfer itineraries, even when a connecting option is slightly cheaper."
taskmaster_planning_v02_probe_95fd65a18f812911,tm2_planning_v02_user_0025_habit_tight_schedule_nonstop_priority_p03_explicit_retrieval,explicit_retrieval,C,False,,,Select itineraries with longer layovers to allow time for airport work between flights.
taskmaster_planning_v02_probe_95fd65a18f812911,tm2_planning_v02_user_0025_habit_tight_schedule_nonstop_priority_p03_explicit_retrieval,explicit_retrieval,D,False,,,"Choose the cheapest fare available, accepting extra connections whenever it reduces the ticket price."
taskmaster_planning_v02_probe_56614c883dd553ad,tm2_planning_v02_user_0026_habit_uncertain_trip_refundable_fare_p00_direct_use,direct_use,A,False,,,Recommend the $690 business-class ticket because work trips are more comfortable and productive with extra space.
taskmaster_planning_v02_probe_56614c883dd553ad,tm2_planning_v02_user_0026_habit_uncertain_trip_refundable_fare_p00_direct_use,direct_use,B,True,,,"Recommend the $472 refundable economy ticket because the meeting date and approval are still unsettled, making flexibility worth the higher price."
taskmaster_planning_v02_probe_56614c883dd553ad,tm2_planning_v02_user_0026_habit_uncertain_trip_refundable_fare_p00_direct_use,direct_use,C,False,though;even_though,though,Recommend the $405 standard economy ticket because it is a middle-ground price even though changes would still add fees.
taskmaster_planning_v02_probe_56614c883dd553ad,tm2_planning_v02_user_0026_habit_uncertain_trip_refundable_fare_p00_direct_use,direct_use,D,False,,,Recommend the $318 basic economy ticket because it is the lowest upfront fare and keeps the trip budget down.
taskmaster_planning_v02_probe_95382d553fee20a1,tm2_planning_v02_user_0026_habit_uncertain_trip_refundable_fare_p01_boundary,boundary,A,True,,,"Recommend the $248 nonrefundable main-cabin fare, after confirming it meets their baggage and seat needs, because the trip is fixed and price is the priority."
taskmaster_planning_v02_probe_95382d553fee20a1,tm2_planning_v02_user_0026_habit_uncertain_trip_refundable_fare_p01_boundary,boundary,B,False,,,Recommend the $389 refundable fare because refundable tickets are generally safer even when plans are confirmed.
taskmaster_planning_v02_probe_95382d553fee20a1,tm2_planning_v02_user_0026_habit_uncertain_trip_refundable_fare_p01_boundary,boundary,C,False,,,"Advise waiting until closer to May to book, since fixed-date personal trips usually have more last-minute fare drops."
taskmaster_planning_v02_probe_95382d553fee20a1,tm2_planning_v02_user_0026_habit_uncertain_trip_refundable_fare_p01_boundary,boundary,D,False,though;even_though,though,"Suggest choosing a pricier flexible fare and using fare tracking later, even though the user said the dates cannot move."
taskmaster_planning_v02_probe_6f8bad663d0d4e7e,tm2_planning_v02_user_0026_habit_uncertain_trip_refundable_fare_p02_exception,exception,A,False,,,Wait another week before booking to see if any better flexible fares appear.
taskmaster_planning_v02_probe_6f8bad663d0d4e7e,tm2_planning_v02_user_0026_habit_uncertain_trip_refundable_fare_p02_exception,exception,B,False,,,Choose the $690 fully refundable fare in case the meetings unexpectedly shift.
taskmaster_planning_v02_probe_6f8bad663d0d4e7e,tm2_planning_v02_user_0026_habit_uncertain_trip_refundable_fare_p02_exception,exception,C,True,,,Book the $430 nonrefundable economy fare that matches the locked dates and meeting schedule.
taskmaster_planning_v02_probe_6f8bad663d0d4e7e,tm2_planning_v02_user_0026_habit_uncertain_trip_refundable_fare_p02_exception,exception,D,False,,,Pay $610 for a changeable fare with a longer layover to preserve some flexibility.
taskmaster_planning_v02_probe_26e1dadc4325b1eb,tm2_planning_v02_user_0026_habit_uncertain_trip_refundable_fare_p03_explicit_retrieval,explicit_retrieval,A,True,,,"A refundable or flexible economy fare, accepting a higher price over a cheaper nonrefundable or basic fare."
taskmaster_planning_v02_probe_26e1dadc4325b1eb,tm2_planning_v02_user_0026_habit_uncertain_trip_refundable_fare_p03_explicit_retrieval,explicit_retrieval,B,False,,,"The lowest nonrefundable fare available, assuming work travel could be adjusted later if needed."
taskmaster_planning_v02_probe_26e1dadc4325b1eb,tm2_planning_v02_user_0026_habit_uncertain_trip_refundable_fare_p03_explicit_retrieval,explicit_retrieval,C,False,,,"A nonstop flight at the best time of day, even if the fare had strict change limits."
taskmaster_planning_v02_probe_26e1dadc4325b1eb,tm2_planning_v02_user_0026_habit_uncertain_trip_refundable_fare_p03_explicit_retrieval,explicit_retrieval,D,False,,,Waiting until every approval was finalized before comparing or selecting any flight options.
taskmaster_planning_v02_probe_fef162edbd21fa01,tm2_planning_v02_user_0027_habit_work_hotel_near_venue_p00_direct_use,direct_use,A,False,,lively,"Book the boutique hotel in a more lively dining district for $249/night, about a 20-minute rideshare from the office."
taskmaster_planning_v02_probe_fef162edbd21fa01,tm2_planning_v02_user_0027_habit_work_hotel_near_venue_p00_direct_use,direct_use,B,False,,,"Book the hotel for $209/night in a quieter area, about 30 minutes away by train, with free breakfast included."
taskmaster_planning_v02_probe_fef162edbd21fa01,tm2_planning_v02_user_0027_habit_work_hotel_near_venue_p00_direct_use,direct_use,C,True,but,but,"Book the hotel a 4-minute walk from the office for $289/night; rooms are simple, but it avoids any commute before the workshop."
taskmaster_planning_v02_probe_fef162edbd21fa01,tm2_planning_v02_user_0027_habit_work_hotel_near_venue_p00_direct_use,direct_use,D,False,though,though,"Book the airport hotel for $179/night with a free shuttle, though it would take about 50 minutes to reach the office each morning."
taskmaster_planning_v02_probe_1b8bbb7f3f718e19,tm2_planning_v02_user_0027_habit_work_hotel_near_venue_p01_boundary,boundary,A,True,,,"A boutique hotel around the West Village, SoHo, or Chelsea, with strong nearby dining and nightlife plus multiple subway options to major sights, accepting a slightly higher nightly rate for the better neighborhood experience."
taskmaster_planning_v02_probe_1b8bbb7f3f718e19,tm2_planning_v02_user_0027_habit_work_hotel_near_venue_p01_boundary,boundary,B,False,,,"A polished hotel in the Midtown East or Grand Central business district, close to many conference and office buildings and very convenient for transit, accepting a more corporate area with less evening character."
taskmaster_planning_v02_probe_1b8bbb7f3f718e19,tm2_planning_v02_user_0027_habit_work_hotel_near_venue_p01_boundary,boundary,C,False,,,"A lower-priced hotel in Long Island City or near Queensboro Plaza, using the subway into Manhattan each day to keep the nightly rate comfortably under budget."
taskmaster_planning_v02_probe_1b8bbb7f3f718e19,tm2_planning_v02_user_0027_habit_work_hotel_near_venue_p01_boundary,boundary,D,False,,,"A large Times Square hotel that makes Broadway and tour pickups simple, accepting crowds and a less distinctive neighborhood in exchange for maximum tourist convenience."
taskmaster_planning_v02_probe_bb181a67580383dd,tm2_planning_v02_user_0027_habit_work_hotel_near_venue_p02_exception,exception,A,True,,,"A well-reviewed hotel in Lakewood for $169 per night, about 25 minutes from the convention center by light rail or rideshare."
taskmaster_planning_v02_probe_bb181a67580383dd,tm2_planning_v02_user_0027_habit_work_hotel_near_venue_p02_exception,exception,B,False,but,but,"An airport-area hotel for $155 per night, with free breakfast but a 45–55 minute commute to the convention center."
taskmaster_planning_v02_probe_bb181a67580383dd,tm2_planning_v02_user_0027_habit_work_hotel_near_venue_p02_exception,exception,C,False,,,"A boutique hotel in LoDo for $205 per night, with better restaurants nearby and a 15-minute walk to the workshop."
taskmaster_planning_v02_probe_bb181a67580383dd,tm2_planning_v02_user_0027_habit_work_hotel_near_venue_p02_exception,exception,D,False,,,"A downtown hotel three blocks from the convention center for $258 per night, with the easiest walk to the workshop."
taskmaster_planning_v02_probe_c04686d4c37d310c,tm2_planning_v02_user_0027_habit_work_hotel_near_venue_p03_explicit_retrieval,explicit_retrieval,A,False,,,Take a somewhat cheaper hotel across town if transit or rideshare options are available in the morning.
taskmaster_planning_v02_probe_c04686d4c37d310c,tm2_planning_v02_user_0027_habit_work_hotel_near_venue_p03_explicit_retrieval,explicit_retrieval,B,False,,,"Stay near the airport to simplify arrival and departure, even if the meetings are in another part of the city."
taskmaster_planning_v02_probe_c04686d4c37d310c,tm2_planning_v02_user_0027_habit_work_hotel_near_venue_p03_explicit_retrieval,explicit_retrieval,C,True,rather_than,longer commute,Pay a reasonable premium for a hotel within an easy walk or a few blocks of the meeting location rather than saving money with a longer commute.
taskmaster_planning_v02_probe_c04686d4c37d310c,tm2_planning_v02_user_0027_habit_work_hotel_near_venue_p03_explicit_retrieval,explicit_retrieval,D,False,,,Pick a hotel in a livelier dining or sightseeing area when the most interesting neighborhood is away from the meeting site.
taskmaster_planning_v02_probe_009a1a9aded16857,tm2_planning_v02_user_0028_habit_quiet_hotel_for_work_p00_direct_use,direct_use,A,False,,noisy;busy,"The official workshop hotel across the street from the venue. It has full-size desks, a business center, and the easiest commute; it also has a busy lobby bar, and recent reviews say conference nights can be noisy."
taskmaster_planning_v02_probe_009a1a9aded16857,tm2_planning_v02_user_0028_habit_quiet_hotel_for_work_p00_direct_use,direct_use,B,True,,limited,"A smaller business hotel about a 10-minute walk from the venue. It has reliable Wi-Fi, proper desks, and rooms on a quieter side street; it has smaller rooms, no on-site restaurant, and limited evening services."
taskmaster_planning_v02_probe_009a1a9aded16857,tm2_planning_v02_user_0028_habit_quiet_hotel_for_work_p00_direct_use,direct_use,C,False,,,"A suite-style hotel near O'Hare. It has larger rooms, free breakfast, and generally calm evenings; it adds a 35- to 45-minute commute each way and gets mixed comments about Wi-Fi for video calls."
taskmaster_planning_v02_probe_009a1a9aded16857,tm2_planning_v02_user_0028_habit_quiet_hotel_for_work_p00_direct_use,direct_use,D,False,,,"A boutique hotel in River North about a 15-minute rideshare from the venue. It has a co-working lounge, a popular restaurant, and stylish rooms; it also has compact desks and a rooftop bar that can carry noise upstairs."
taskmaster_planning_v02_probe_a23e905d5a55882a,tm2_planning_v02_user_0028_habit_quiet_hotel_for_work_p01_boundary,boundary,A,True,,lively,"A South Beach property with a lively pool or rooftop bar, adjoining rooms or suites, and short walks to restaurants and clubs; it may come with resort fees and some late-night noise."
taskmaster_planning_v02_probe_a23e905d5a55882a,tm2_planning_v02_user_0028_habit_quiet_hotel_for_work_p01_boundary,boundary,B,False,,,"A downtown financial-district hotel with spacious desks, strong Wi-Fi, and calmer lounges, plus lower rates; reaching South Beach restaurants and clubs would usually require rideshares."
taskmaster_planning_v02_probe_a23e905d5a55882a,tm2_planning_v02_user_0028_habit_quiet_hotel_for_work_p01_boundary,boundary,C,False,,limited,"An airport-area hotel with free breakfast, shuttle service, and reliable value for multiple rooms; the pool or bar scene and late-night dining options nearby are limited."
taskmaster_planning_v02_probe_a23e905d5a55882a,tm2_planning_v02_user_0028_habit_quiet_hotel_for_work_p01_boundary,boundary,D,False,,,"A quieter northern beachfront resort with a spa, polished rooms, and a more relaxed pool area; most nightlife would be a drive or rideshare away."
taskmaster_planning_v02_probe_71ec3d6bd1a2ba17,tm2_planning_v02_user_0028_habit_quiet_hotel_for_work_p02_exception,exception,A,False,,,"An airport hotel with free breakfast and shuttle service, offering the lowest nightly rate."
taskmaster_planning_v02_probe_71ec3d6bd1a2ba17,tm2_planning_v02_user_0028_habit_quiet_hotel_for_work_p02_exception,exception,B,False,,limited,"A quieter Midtown business hotel with strong Wi-Fi, large desks, and limited evening scene."
taskmaster_planning_v02_probe_71ec3d6bd1a2ba17,tm2_planning_v02_user_0028_habit_quiet_hotel_for_work_p02_exception,exception,C,True,,lively,"A lively Lower East Side hotel with a popular rooftop bar, group-friendly rooms, and several nightlife spots within walking distance."
taskmaster_planning_v02_probe_71ec3d6bd1a2ba17,tm2_planning_v02_user_0028_habit_quiet_hotel_for_work_p02_exception,exception,D,False,,,A calm boutique hotel near museums with spa-style amenities and early quiet hours.
taskmaster_planning_v02_probe_2976d535c131f020,tm2_planning_v02_user_0028_habit_quiet_hotel_for_work_p03_explicit_retrieval,explicit_retrieval,A,False,,,"Stay in the liveliest restaurant-and-bar district to maximize evening options, even if the room may be louder."
taskmaster_planning_v02_probe_2976d535c131f020,tm2_planning_v02_user_0028_habit_quiet_hotel_for_work_p03_explicit_retrieval,explicit_retrieval,B,False,,,"Pick a resort-style property with the best pool, spa, and leisure amenities, even if the room setup is less practical for work."
taskmaster_planning_v02_probe_2976d535c131f020,tm2_planning_v02_user_0028_habit_quiet_hotel_for_work_p03_explicit_retrieval,explicit_retrieval,C,True,,,"Choose a quieter, business-oriented hotel with strong Wi-Fi and a real desk, even if it has fewer social or resort-style features."
taskmaster_planning_v02_probe_2976d535c131f020,tm2_planning_v02_user_0028_habit_quiet_hotel_for_work_p03_explicit_retrieval,explicit_retrieval,D,False,,uncertain,"Take the lowest nightly rate available, even if noise, internet reliability, and desk space are uncertain."
taskmaster_planning_v02_probe_d3e471508c228c3f,tm2_planning_v02_user_0029_habit_leisure_relaxed_pacing_p00_direct_use,direct_use,A,False,,,"Take the 6:00 a.m. Friday flight with a short connection, land before lunch, drop bags, and prebook a brewery tour, museum stop, and dinner for the first day."
taskmaster_planning_v02_probe_d3e471508c228c3f,tm2_planning_v02_user_0029_habit_leisure_relaxed_pacing_p00_direct_use,direct_use,B,False,,,"Drive overnight Thursday, arrive at sunrise Friday, and use timed reservations from morning through evening both days to fit in as many highlights as possible."
taskmaster_planning_v02_probe_d3e471508c228c3f,tm2_planning_v02_user_0029_habit_leisure_relaxed_pacing_p00_direct_use,direct_use,C,False,,,"Take the cheapest Friday night flight with two legs, arrive after midnight, stay near the airport, and transfer downtown early Saturday to save more money for activities."
taskmaster_planning_v02_probe_d3e471508c228c3f,tm2_planning_v02_user_0029_habit_leisure_relaxed_pacing_p00_direct_use,direct_use,D,True,,without,"Take the late-morning nonstop Friday flight, arrive early afternoon, check in without rushing, keep the first afternoon flexible, and reserve just one main activity for Saturday."
taskmaster_planning_v02_probe_087c00372f3b8a74,tm2_planning_v02_user_0029_habit_leisure_relaxed_pacing_p01_boundary,boundary,A,True,but,but,"Use a work-centered plan: take a Sunday midday nonstop that lands by midafternoon, book a hotel near the workshop area, and schedule the return after the Tuesday debrief with normal airport buffer; this leaves less casual time in San Diego but protects the fixed commitments."
taskmaster_planning_v02_probe_087c00372f3b8a74,tm2_planning_v02_user_0029_habit_leisure_relaxed_pacing_p01_boundary,boundary,B,False,,,"Arrive Saturday late afternoon and keep Sunday mostly open before the prep dinner, using an extra hotel night for a slower start; this adds cost and time away before the work commitments begin."
taskmaster_planning_v02_probe_087c00372f3b8a74,tm2_planning_v02_user_0029_habit_leisure_relaxed_pacing_p01_boundary,boundary,C,False,,tight,"Take a shorter-trip option that lands around 5:10 PM Sunday and stay near the dinner venue, reducing time away from home; this leaves a tighter margin before the 7:00 PM prep dinner."
taskmaster_planning_v02_probe_087c00372f3b8a74,tm2_planning_v02_user_0029_habit_leisure_relaxed_pacing_p01_boundary,boundary,D,False,but,miss;but,"Take a Sunday midday arrival and choose a downtown or waterfront hotel for better evening options, then use rideshares to reach the Mission Valley sessions; this improves off-hours convenience but adds commute variability."
taskmaster_planning_v02_probe_086ced764d93b34b,tm2_planning_v02_user_0029_habit_leisure_relaxed_pacing_p02_exception,exception,A,False,,,"Book a midday arrival, keep the afternoon open for check-in and rest, and plan just one main activity each day."
taskmaster_planning_v02_probe_086ced764d93b34b,tm2_planning_v02_user_0029_habit_leisure_relaxed_pacing_p02_exception,exception,B,False,,,"Avoid prebooking activities so the weekend stays flexible, even if that means skipping popular sights when lines are long."
taskmaster_planning_v02_probe_086ced764d93b34b,tm2_planning_v02_user_0029_habit_leisure_relaxed_pacing_p02_exception,exception,C,True,,,"Take an early nonstop flight, drop bags before check-in, group nearby sights efficiently, and use timed tickets or reservations to fit in more stops."
taskmaster_planning_v02_probe_086ced764d93b34b,tm2_planning_v02_user_0029_habit_leisure_relaxed_pacing_p02_exception,exception,D,False,,,"Choose the most relaxed flight times, prioritize a quiet hotel and late checkout, and leave sightseeing decisions until after arrival."
taskmaster_planning_v02_probe_be70f5c5ea4f0061,tm2_planning_v02_user_0029_habit_leisure_relaxed_pacing_p03_explicit_retrieval,explicit_retrieval,A,False,,,"For personal trips, book the earliest possible arrivals and schedule activities back-to-back to maximize sightseeing time."
taskmaster_planning_v02_probe_be70f5c5ea4f0061,tm2_planning_v02_user_0029_habit_leisure_relaxed_pacing_p03_explicit_retrieval,explicit_retrieval,B,True,rather_than,,"For vacation or weekend trips, choose comfortable travel times, easy check-in, open downtime, and a lighter schedule rather than packing every hour."
taskmaster_planning_v02_probe_be70f5c5ea4f0061,tm2_planning_v02_user_0029_habit_leisure_relaxed_pacing_p03_explicit_retrieval,explicit_retrieval,C,False,,tight,"Choose the lowest-cost flights and lodging even when they require early departures, tight transfers, or inconvenient logistics."
taskmaster_planning_v02_probe_be70f5c5ea4f0061,tm2_planning_v02_user_0029_habit_leisure_relaxed_pacing_p03_explicit_retrieval,explicit_retrieval,D,False,,,"For client or event travel, prioritize optional leisure time over fixed meetings, dinners, or start times."
