probe_id,private_probe_id,user_id,probe_type,choice_id,is_gold,marker_hits,negative_hits,text
taskmaster_planning_v02_probe_8fdb8626a7948b3c,tm2_planning_v02_user_0000_habit_business_travel_arrival_buffer_p00_direct_use,tm2_planning_v02_user_0000,direct_use,A,False,,,"Book the 8:15 a.m. one-stop arriving at 11:20 a.m. with a 38-minute connection, then stay at a midrange hotel near the airport."
taskmaster_planning_v02_probe_8fdb8626a7948b3c,tm2_planning_v02_user_0000_habit_business_travel_arrival_buffer_p00_direct_use,tm2_planning_v02_user_0000,direct_use,B,True,,,"Book the 7:30 a.m. nonstop arriving at 9:10 a.m., then stay at the hotel a 10-minute walk from the client office; it costs $160 more than the cheapest option."
taskmaster_planning_v02_probe_8fdb8626a7948b3c,tm2_planning_v02_user_0000_habit_business_travel_arrival_buffer_p00_direct_use,tm2_planning_v02_user_0000,direct_use,C,False,,,"Book the 10:45 a.m. nonstop arriving at 12:25 p.m., then stay at a less expensive hotel 30 minutes from the office; it saves about $160."
taskmaster_planning_v02_probe_8fdb8626a7948b3c,tm2_planning_v02_user_0000_habit_business_travel_arrival_buffer_p00_direct_use,tm2_planning_v02_user_0000,direct_use,D,False,but,longer commute;but,"Book the 6:05 a.m. flight with a long connection arriving at 10:55 a.m., then stay at the cheapest suburban hotel; it saves $90 but adds a longer commute."
taskmaster_planning_v02_probe_d8585b8d8e2532ab,tm2_planning_v02_user_0000_habit_business_travel_arrival_buffer_p01_boundary,tm2_planning_v02_user_0000,boundary,A,True,,,"Book the cheaper nonstop evening flight that lands at 8:30 PM, since arrival day is flexible and there are no same-day commitments."
taskmaster_planning_v02_probe_d8585b8d8e2532ab,tm2_planning_v02_user_0000_habit_business_travel_arrival_buffer_p01_boundary,tm2_planning_v02_user_0000,boundary,B,False,,,"Book the morning flight that lands at 11:00 AM for $185 more, mainly to preserve a large arrival cushion that is not needed for any scheduled plan."
taskmaster_planning_v02_probe_d8585b8d8e2532ab,tm2_planning_v02_user_0000_habit_business_travel_arrival_buffer_p01_boundary,tm2_planning_v02_user_0000,boundary,C,False,though;even_though,risk;though,"Book the cheapest two-connection itinerary landing at 12:40 AM, even though it saves only $25 and adds a higher risk of delays."
taskmaster_planning_v02_probe_d8585b8d8e2532ab,tm2_planning_v02_user_0000_habit_business_travel_arrival_buffer_p01_boundary,tm2_planning_v02_user_0000,boundary,D,False,,,Fly in one full day earlier and add an extra hotel night to create a prep buffer before the vacation activities begin.
taskmaster_planning_v02_probe_d2f4ac6e4cc4a2e0,tm2_planning_v02_user_0000_habit_business_travel_arrival_buffer_p02_exception,tm2_planning_v02_user_0000,exception,A,False,,farther,Take the $280 Monday late-night flight to a farther airport and book the cheapest hotel 50 minutes away to reduce airfare and lodging costs.
taskmaster_planning_v02_probe_d2f4ac6e4cc4a2e0,tm2_planning_v02_user_0000_habit_business_travel_arrival_buffer_p02_exception,tm2_planning_v02_user_0000,exception,B,True,,,"Take the $295 Monday afternoon flight that lands at 6:30 p.m. and stay at the nearby hotel, leaving a normal overnight cushion before Tuesday's 1:00 p.m. kickoff."
taskmaster_planning_v02_probe_d2f4ac6e4cc4a2e0,tm2_planning_v02_user_0000_habit_business_travel_arrival_buffer_p02_exception,tm2_planning_v02_user_0000,exception,C,False,,,Take the $255 Tuesday morning flight that lands at 11:20 a.m. and go straight to the 1:00 p.m. kickoff to minimize hotel nights.
taskmaster_planning_v02_probe_d2f4ac6e4cc4a2e0,tm2_planning_v02_user_0000_habit_business_travel_arrival_buffer_p02_exception,tm2_planning_v02_user_0000,exception,D,False,,,Take the $410 Sunday evening flight and a hotel near the client so Monday morning is fully protected for prep.
taskmaster_planning_v02_probe_d038b662fb4cac6f,tm2_planning_v02_user_0000_habit_business_travel_arrival_buffer_p03_explicit_retrieval,tm2_planning_v02_user_0000,explicit_retrieval,A,False,,,"Prioritize the lowest airfare whenever the destination and arrival date are correct, even if arrival is close to the meeting time."
taskmaster_planning_v02_probe_d038b662fb4cac6f,tm2_planning_v02_user_0000_habit_business_travel_arrival_buffer_p03_explicit_retrieval,tm2_planning_v02_user_0000,explicit_retrieval,B,True,,tight,"Choose an earlier arrival with meaningful buffer before client commitments, even if a cheaper itinerary arrives tighter."
taskmaster_planning_v02_probe_d038b662fb4cac6f,tm2_planning_v02_user_0000_habit_business_travel_arrival_buffer_p03_explicit_retrieval,tm2_planning_v02_user_0000,explicit_retrieval,C,False,,,"Favor longer layovers to earn more airline miles, even when they reduce prep time before onsite meetings."
taskmaster_planning_v02_probe_d038b662fb4cac6f,tm2_planning_v02_user_0000_habit_business_travel_arrival_buffer_p03_explicit_retrieval,tm2_planning_v02_user_0000,explicit_retrieval,D,False,,uncertain,Book later flights for personal comfort and rely on an airport hotel to reduce ground-transfer uncertainty.
taskmaster_planning_v02_probe_364982e55081df5a,tm2_planning_v02_user_0001_habit_tight_schedule_nonstop_priority_p00_direct_use,tm2_planning_v02_user_0001,direct_use,A,True,,,"7:10 a.m. nonstop, arriving at 10:45 a.m., for $365"
taskmaster_planning_v02_probe_364982e55081df5a,tm2_planning_v02_user_0001_habit_tight_schedule_nonstop_priority_p00_direct_use,tm2_planning_v02_user_0001,direct_use,B,False,,,"9:15 a.m. nonstop, arriving at 12:50 p.m., for $330"
taskmaster_planning_v02_probe_364982e55081df5a,tm2_planning_v02_user_0001_habit_tight_schedule_nonstop_priority_p00_direct_use,tm2_planning_v02_user_0001,direct_use,C,False,,,"6:25 a.m. flight with a 45-minute connection in Salt Lake City, arriving at 11:05 a.m., for $295"
taskmaster_planning_v02_probe_364982e55081df5a,tm2_planning_v02_user_0001_habit_tight_schedule_nonstop_priority_p00_direct_use,tm2_planning_v02_user_0001,direct_use,D,False,,,"8:30 a.m. flight with a 2-hour connection in Phoenix, arriving at 1:10 p.m., for $245"
taskmaster_planning_v02_probe_2e6dc620bf417b5b,tm2_planning_v02_user_0001_habit_tight_schedule_nonstop_priority_p01_boundary,tm2_planning_v02_user_0001,boundary,A,False,,,Book the $455 nonstop flight arriving midafternoon to minimize any chance of connection delays.
taskmaster_planning_v02_probe_2e6dc620bf417b5b,tm2_planning_v02_user_0001_habit_tight_schedule_nonstop_priority_p01_boundary,tm2_planning_v02_user_0001,boundary,B,False,,,Book the $240 two-stop flight with a 38-minute connection because it is the absolute lowest fare.
taskmaster_planning_v02_probe_2e6dc620bf417b5b,tm2_planning_v02_user_0001_habit_tight_schedule_nonstop_priority_p01_boundary,tm2_planning_v02_user_0001,boundary,C,True,,,"Book the $285 one-stop flight with a 2-hour layover, arriving in the evening, because it saves $170 and the timing is flexible."
taskmaster_planning_v02_probe_2e6dc620bf417b5b,tm2_planning_v02_user_0001_habit_tight_schedule_nonstop_priority_p01_boundary,tm2_planning_v02_user_0001,boundary,D,False,,,Book the $520 refundable nonstop flight in case the vacation dates change later.
taskmaster_planning_v02_probe_29ec1155aff64789,tm2_planning_v02_user_0001_habit_tight_schedule_nonstop_priority_p02_exception,tm2_planning_v02_user_0001,exception,A,False,,,Book the $520 nonstop that arrives earliest and gives the largest schedule cushion.
taskmaster_planning_v02_probe_29ec1155aff64789,tm2_planning_v02_user_0001_habit_tight_schedule_nonstop_priority_p02_exception,tm2_planning_v02_user_0001,exception,B,False,,,Book the $240 two-stop itinerary that arrives much later and cannot use your United miles.
taskmaster_planning_v02_probe_29ec1155aff64789,tm2_planning_v02_user_0001_habit_tight_schedule_nonstop_priority_p02_exception,tm2_planning_v02_user_0001,exception,C,False,,,Book the $270 one-stop itinerary on another airline with a 35-minute connection because it is the cheapest cash fare.
taskmaster_planning_v02_probe_29ec1155aff64789,tm2_planning_v02_user_0001_habit_tight_schedule_nonstop_priority_p02_exception,tm2_planning_v02_user_0001,exception,D,True,,,"Book the $285 one-stop United itinerary where you can apply miles, with a reasonable 75-minute connection."
taskmaster_planning_v02_probe_08b241e7a2c20107,tm2_planning_v02_user_0001_habit_tight_schedule_nonstop_priority_p03_explicit_retrieval,tm2_planning_v02_user_0001,explicit_retrieval,A,False,,tight,"Choose the cheapest fare available, even if it requires multiple connections and a tighter arrival."
taskmaster_planning_v02_probe_08b241e7a2c20107,tm2_planning_v02_user_0001_habit_tight_schedule_nonstop_priority_p03_explicit_retrieval,tm2_planning_v02_user_0001,explicit_retrieval,B,False,,less reliable,"Choose flights mainly to maximize airline miles or loyalty status, even when timing becomes less reliable."
taskmaster_planning_v02_probe_08b241e7a2c20107,tm2_planning_v02_user_0001_habit_tight_schedule_nonstop_priority_p03_explicit_retrieval,tm2_planning_v02_user_0001,explicit_retrieval,C,False,,,"Choose a longer layover on a connecting itinerary to save a modest amount, unless the trip is a vacation."
taskmaster_planning_v02_probe_08b241e7a2c20107,tm2_planning_v02_user_0001_habit_tight_schedule_nonstop_priority_p03_explicit_retrieval,tm2_planning_v02_user_0001,explicit_retrieval,D,True,,risk,"Choose a nonstop or lowest-transfer itinerary, even if it costs somewhat more, to reduce delay risk."
taskmaster_planning_v02_probe_6259b7cb92ac2f85,tm2_planning_v02_user_0002_habit_uncertain_trip_refundable_fare_p00_direct_use,tm2_planning_v02_user_0002,direct_use,A,False,,risk,Book the cheapest nonrefundable fare and add a hotel with free cancellation to reduce only the lodging risk.
taskmaster_planning_v02_probe_6259b7cb92ac2f85,tm2_planning_v02_user_0002_habit_uncertain_trip_refundable_fare_p00_direct_use,tm2_planning_v02_user_0002,direct_use,B,False,,,"Book the cheapest nonrefundable basic fare now, since it saves about $140 and the trip is likely to happen."
taskmaster_planning_v02_probe_6259b7cb92ac2f85,tm2_planning_v02_user_0002_habit_uncertain_trip_refundable_fare_p00_direct_use,tm2_planning_v02_user_0002,direct_use,C,True,though;even_though,though,"Book the refundable or flexible fare, even though it costs more, so the reservation can be changed or canceled if the plans move."
taskmaster_planning_v02_probe_6259b7cb92ac2f85,tm2_planning_v02_user_0002_habit_uncertain_trip_refundable_fare_p00_direct_use,tm2_planning_v02_user_0002,direct_use,D,False,,,"Wait until the agenda and approval are fully finalized before booking anything, even if the fares rise."
taskmaster_planning_v02_probe_9e59fed95619d968,tm2_planning_v02_user_0002_habit_uncertain_trip_refundable_fare_p01_boundary,tm2_planning_v02_user_0002,boundary,A,True,,,"Book the $296 standard economy nonrefundable fare on the preferred nonstop, since it covers the carry-on and seat-assignment needs."
taskmaster_planning_v02_probe_9e59fed95619d968,tm2_planning_v02_user_0002_habit_uncertain_trip_refundable_fare_p01_boundary,tm2_planning_v02_user_0002,boundary,B,False,,,Pay $374 for the refundable economy fare on the same nonstop to keep cancellation and change options open.
taskmaster_planning_v02_probe_9e59fed95619d968,tm2_planning_v02_user_0002_habit_uncertain_trip_refundable_fare_p01_boundary,tm2_planning_v02_user_0002,boundary,C,False,,,"Book the $248 basic economy fare on the preferred nonstop to minimize the ticket price, accepting the stricter bag and seat limits."
taskmaster_planning_v02_probe_9e59fed95619d968,tm2_planning_v02_user_0002_habit_uncertain_trip_refundable_fare_p01_boundary,tm2_planning_v02_user_0002,boundary,D,False,though;even_though,though,"Choose a semi-flexible fare on a connecting itinerary if it costs less than the refundable nonstop, even though the arrival would be less convenient."
taskmaster_planning_v02_probe_7dabf8f9ec1efc0f,tm2_planning_v02_user_0002_habit_uncertain_trip_refundable_fare_p02_exception,tm2_planning_v02_user_0002,exception,A,False,,,Book the $289 fare on a later flight because it includes priority boarding.
taskmaster_planning_v02_probe_7dabf8f9ec1efc0f,tm2_planning_v02_user_0002_habit_uncertain_trip_refundable_fare_p02_exception,tm2_planning_v02_user_0002,exception,B,False,,,Book the $315 fare with free date changes in case the schedule shifts later.
taskmaster_planning_v02_probe_7dabf8f9ec1efc0f,tm2_planning_v02_user_0002_habit_uncertain_trip_refundable_fare_p02_exception,tm2_planning_v02_user_0002,exception,C,True,,,Book the $238 nonrefundable economy fare because it is the lowest total price and the dates are fixed.
taskmaster_planning_v02_probe_7dabf8f9ec1efc0f,tm2_planning_v02_user_0002_habit_uncertain_trip_refundable_fare_p02_exception,tm2_planning_v02_user_0002,exception,D,False,,,Book the $372 fully refundable fare to preserve maximum flexibility.
taskmaster_planning_v02_probe_d7e4d7feddc1d7fe,tm2_planning_v02_user_0002_habit_uncertain_trip_refundable_fare_p03_explicit_retrieval,tm2_planning_v02_user_0002,explicit_retrieval,A,False,,,"For all trips, choose the lowest available nonrefundable fare as soon as possible to minimize cost."
taskmaster_planning_v02_probe_d7e4d7feddc1d7fe,tm2_planning_v02_user_0002_habit_uncertain_trip_refundable_fare_p03_explicit_retrieval,tm2_planning_v02_user_0002,explicit_retrieval,B,False,,,"For personal trips with confirmed dates, pay extra for refundable fares to keep options open."
taskmaster_planning_v02_probe_d7e4d7feddc1d7fe,tm2_planning_v02_user_0002_habit_uncertain_trip_refundable_fare_p03_explicit_retrieval,tm2_planning_v02_user_0002,explicit_retrieval,C,True,,,"For work trips with tentative meetings, pending approval, or likely schedule changes, choose refundable or flexible fares even if a cheaper nonrefundable fare is available."
taskmaster_planning_v02_probe_d7e4d7feddc1d7fe,tm2_planning_v02_user_0002_habit_uncertain_trip_refundable_fare_p03_explicit_retrieval,tm2_planning_v02_user_0002,explicit_retrieval,D,False,,uncertain,"For uncertain work travel, delay booking entirely until every meeting and approval is finalized, even if fares rise."
taskmaster_planning_v02_probe_b1b7983e73f43bc5,tm2_planning_v02_user_0003_habit_work_hotel_near_venue_p00_direct_use,tm2_planning_v02_user_0003,direct_use,A,False,but,but,"A higher-end hotel near Lady Bird Lake, $260/night, with a pool and nicer rooms but a 25-minute walk or short rideshare to the venue."
taskmaster_planning_v02_probe_b1b7983e73f43bc5,tm2_planning_v02_user_0003_habit_work_hotel_near_venue_p00_direct_use,tm2_planning_v02_user_0003,direct_use,B,False,but,but,"A boutique hotel in East Austin, $225/night, with better restaurants nearby but a 20-minute rideshare to the convention center."
taskmaster_planning_v02_probe_b1b7983e73f43bc5,tm2_planning_v02_user_0003_habit_work_hotel_near_venue_p00_direct_use,tm2_planning_v02_user_0003,direct_use,C,True,,,"A downtown hotel about a 5-minute walk from the convention center, $285/night, with standard rooms and basic amenities."
taskmaster_planning_v02_probe_b1b7983e73f43bc5,tm2_planning_v02_user_0003_habit_work_hotel_near_venue_p00_direct_use,tm2_planning_v02_user_0003,direct_use,D,False,but,but,"An airport-area hotel, $175/night, with free breakfast and a shuttle, but a 35–45 minute commute each way."
taskmaster_planning_v02_probe_6889a3185771629f,tm2_planning_v02_user_0003_habit_work_hotel_near_venue_p01_boundary,tm2_planning_v02_user_0003,boundary,A,False,but,but,"A budget hotel in an outer residential area with the lowest nightly price, but requiring longer transit rides to most sights and restaurants."
taskmaster_planning_v02_probe_6889a3185771629f,tm2_planning_v02_user_0003_habit_work_hotel_near_venue_p01_boundary,tm2_planning_v02_user_0003,boundary,B,False,but,but,"A business hotel beside Kyoto Station with lower rates and the simplest airport-train connection, but a less distinctive neighborhood feel."
taskmaster_planning_v02_probe_6889a3185771629f,tm2_planning_v02_user_0003_habit_work_hotel_near_venue_p01_boundary,tm2_planning_v02_user_0003,boundary,C,True,though,farther;though,"A boutique ryokan-style hotel in Southern Higashiyama/Gion, walkable to temples, old lanes, teahouses, and evening dining, though it costs a bit more and is farther from Kyoto Station."
taskmaster_planning_v02_probe_6889a3185771629f,tm2_planning_v02_user_0003_habit_work_hotel_near_venue_p01_boundary,tm2_planning_v02_user_0003,boundary,D,False,but,limited;but,"A modern hotel near the convention center with spacious rooms and fast taxi access across town, but limited nearby sightseeing on foot."
taskmaster_planning_v02_probe_d5e33858375740f5,tm2_planning_v02_user_0003_habit_work_hotel_near_venue_p02_exception,tm2_planning_v02_user_0003,exception,A,False,,,"A Cambridge boutique hotel with highly rated amenities, about 35 minutes from the convention center and not in the requested neighborhoods."
taskmaster_planning_v02_probe_d5e33858375740f5,tm2_planning_v02_user_0003_habit_work_hotel_near_venue_p02_exception,tm2_planning_v02_user_0003,exception,B,False,but,but,"An airport-area hotel with the lowest nightly rate, but a 45-minute commute and no easy access to Back Bay or Fenway."
taskmaster_planning_v02_probe_d5e33858375740f5,tm2_planning_v02_user_0003_habit_work_hotel_near_venue_p02_exception,tm2_planning_v02_user_0003,exception,C,True,,,"A Back Bay hotel near Copley Square, about 25 minutes to the convention center by transit, with rates in the middle of the available options."
taskmaster_planning_v02_probe_d5e33858375740f5,tm2_planning_v02_user_0003_habit_work_hotel_near_venue_p02_exception,tm2_planning_v02_user_0003,exception,D,False,but,but,"A Seaport hotel two blocks from the convention center, but outside Back Bay/Fenway and significantly more expensive."
taskmaster_planning_v02_probe_c72090c0df7c53c7,tm2_planning_v02_user_0003_habit_work_hotel_near_venue_p03_explicit_retrieval,tm2_planning_v02_user_0003,explicit_retrieval,A,False,,lively,"Choose hotels in lively sightseeing neighborhoods, even when the trip is primarily for work."
taskmaster_planning_v02_probe_c72090c0df7c53c7,tm2_planning_v02_user_0003_habit_work_hotel_near_venue_p03_explicit_retrieval,tm2_planning_v02_user_0003,explicit_retrieval,B,False,,,"Choose amenity-rich hotels, such as those with larger rooms or better fitness facilities, over location near the venue."
taskmaster_planning_v02_probe_c72090c0df7c53c7,tm2_planning_v02_user_0003_habit_work_hotel_near_venue_p03_explicit_retrieval,tm2_planning_v02_user_0003,explicit_retrieval,C,False,,longer commute,"Choose the lowest nightly rate, even if it means a longer commute to the meeting venue."
taskmaster_planning_v02_probe_c72090c0df7c53c7,tm2_planning_v02_user_0003_habit_work_hotel_near_venue_p03_explicit_retrieval,tm2_planning_v02_user_0003,explicit_retrieval,D,True,,longer commute,"Choose a hotel close to the meeting venue, even if cheaper options require a longer commute."
taskmaster_planning_v02_probe_e9111e4887239b12,tm2_planning_v02_user_0004_habit_quiet_hotel_for_work_p00_direct_use,tm2_planning_v02_user_0004,direct_use,A,False,,compact rooms,"A hotel attached to the workshop venue, with the shortest commute, a popular lobby bar, compact rooms, and desk space that reviewers say is better for quick emails than longer work blocks."
taskmaster_planning_v02_probe_e9111e4887239b12,tm2_planning_v02_user_0004_habit_quiet_hotel_for_work_p00_direct_use,tm2_planning_v02_user_0004,direct_use,B,False,though,lively;though,"A newer hotel in a restaurant-heavy area with a rooftop lounge, strong design reviews, and easy access to dinner spots, though guests often mention a lively evening atmosphere."
taskmaster_planning_v02_probe_e9111e4887239b12,tm2_planning_v02_user_0004_habit_quiet_hotel_for_work_p00_direct_use,tm2_planning_v02_user_0004,direct_use,C,False,but,but,"A full-service property a short rideshare from the workshop, with a gym, pool, breakfast package, and business center, but mixed room reviews for Wi-Fi strength and work surfaces."
taskmaster_planning_v02_probe_e9111e4887239b12,tm2_planning_v02_user_0004_habit_quiet_hotel_for_work_p00_direct_use,tm2_planning_v02_user_0004,direct_use,D,True,,,"A smaller business-oriented hotel on an office-heavy block, about a 10-minute walk from the workshop, with reliable Wi-Fi, full in-room desks, and fewer on-site amenities or nightlife options."
taskmaster_planning_v02_probe_74d724f100d669c9,tm2_planning_v02_user_0004_habit_quiet_hotel_for_work_p01_boundary,tm2_planning_v02_user_0004,boundary,A,False,,,"A small residential guesthouse in a calm neighborhood, best suited for early nights and local cafés."
taskmaster_planning_v02_probe_74d724f100d669c9,tm2_planning_v02_user_0004_habit_quiet_hotel_for_work_p01_boundary,tm2_planning_v02_user_0004,boundary,B,False,,,"A quiet business hotel outside the nightlife areas with strong desks, soundproof rooms, and dependable Wi-Fi."
taskmaster_planning_v02_probe_74d724f100d669c9,tm2_planning_v02_user_0004_habit_quiet_hotel_for_work_p01_boundary,tm2_planning_v02_user_0004,boundary,C,False,,,"An airport hotel with easy transfers, predictable service, and a lower nightly rate."
taskmaster_planning_v02_probe_74d724f100d669c9,tm2_planning_v02_user_0004_habit_quiet_hotel_for_work_p01_boundary,tm2_planning_v02_user_0004,boundary,D,True,,lively,"A lively central hotel near bars and late-night restaurants, with a rooftop lounge and spaces where the group can gather."
taskmaster_planning_v02_probe_d2045c64c5c44535,tm2_planning_v02_user_0004_habit_quiet_hotel_for_work_p02_exception,tm2_planning_v02_user_0004,exception,A,True,,,"A downtown hotel known for a buzzing lobby bar, rooftop scene, and easy access to group nightlife, accepting some extra noise"
taskmaster_planning_v02_probe_d2045c64c5c44535,tm2_planning_v02_user_0004_habit_quiet_hotel_for_work_p02_exception,tm2_planning_v02_user_0004,exception,B,False,,,"A suite-style extended-stay property with a kitchenette, desk space, and laundry for solo productivity"
taskmaster_planning_v02_probe_d2045c64c5c44535,tm2_planning_v02_user_0004_habit_quiet_hotel_for_work_p02_exception,tm2_planning_v02_user_0004,exception,C,False,but,but,"An airport hotel with shuttle service, free breakfast, and quick transfers, but little evening atmosphere"
taskmaster_planning_v02_probe_d2045c64c5c44535,tm2_planning_v02_user_0004_habit_quiet_hotel_for_work_p02_exception,tm2_planning_v02_user_0004,exception,D,False,,,"A quiet business hotel in a corporate district with strong Wi-Fi, soundproof rooms, and minimal on-site nightlife"
taskmaster_planning_v02_probe_0ef74d8752e5b61f,tm2_planning_v02_user_0004_habit_quiet_hotel_for_work_p03_explicit_retrieval,tm2_planning_v02_user_0004,explicit_retrieval,A,False,,weak,"Choose the lowest-priced hotel available, accepting weaker location or workspace to keep costs down."
taskmaster_planning_v02_probe_0ef74d8752e5b61f,tm2_planning_v02_user_0004_habit_quiet_hotel_for_work_p03_explicit_retrieval,tm2_planning_v02_user_0004,explicit_retrieval,B,True,,lively,"Choose a quieter hotel with dependable Wi-Fi, a usable workspace, and good sleep conditions, even if it is less lively."
taskmaster_planning_v02_probe_0ef74d8752e5b61f,tm2_planning_v02_user_0004_habit_quiet_hotel_for_work_p03_explicit_retrieval,tm2_planning_v02_user_0004,explicit_retrieval,C,False,,,"Choose a hotel with rooftop bars, nightlife, and a social lobby, even if rooms may be noisier."
taskmaster_planning_v02_probe_0ef74d8752e5b61f,tm2_planning_v02_user_0004_habit_quiet_hotel_for_work_p03_explicit_retrieval,tm2_planning_v02_user_0004,explicit_retrieval,D,False,,farther,"Choose a resort-style property with pools, spa amenities, and leisure facilities, even if it is farther from meetings."
taskmaster_planning_v02_probe_86c8ac01c4c800b1,tm2_planning_v02_user_0005_habit_leisure_relaxed_pacing_p00_direct_use,tm2_planning_v02_user_0005,direct_use,A,False,,,"Take the 6:05 AM flight with a 45-minute connection, arrive by late morning, and start sightseeing before hotel check-in."
taskmaster_planning_v02_probe_86c8ac01c4c800b1,tm2_planning_v02_user_0005_habit_leisure_relaxed_pacing_p00_direct_use,tm2_planning_v02_user_0005,direct_use,B,False,,,"Take the latest flight after work, arrive close to midnight, and book an early guided tour the next morning to make up time."
taskmaster_planning_v02_probe_86c8ac01c4c800b1,tm2_planning_v02_user_0005_habit_leisure_relaxed_pacing_p00_direct_use,tm2_planning_v02_user_0005,direct_use,C,False,,,"Take the cheapest overnight itinerary with a long layover, arrive early, store bags, and fit in two museums before check-in."
taskmaster_planning_v02_probe_86c8ac01c4c800b1,tm2_planning_v02_user_0005_habit_leisure_relaxed_pacing_p00_direct_use,tm2_planning_v02_user_0005,direct_use,D,True,,,"Take the late-morning nonstop, arrive mid-afternoon, check in, and keep the first evening to a simple dinner and short walk nearby."
taskmaster_planning_v02_probe_19a05647e201cb74,tm2_planning_v02_user_0005_habit_leisure_relaxed_pacing_p01_boundary,tm2_planning_v02_user_0005,boundary,A,False,,,"Book the 11:45 a.m. nonstop arriving at 2:10 p.m. so the morning is easier, then take a rideshare directly to the client office."
taskmaster_planning_v02_probe_19a05647e201cb74,tm2_planning_v02_user_0005_habit_leisure_relaxed_pacing_p01_boundary,tm2_planning_v02_user_0005,boundary,B,True,,,"Book the 8:10 a.m. nonstop arriving at 10:35 a.m., use a hotel day room or nearby workspace by the client office for prep, and plan to be onsite by 2:00 p.m."
taskmaster_planning_v02_probe_19a05647e201cb74,tm2_planning_v02_user_0005_habit_leisure_relaxed_pacing_p01_boundary,tm2_planning_v02_user_0005,boundary,C,False,,,"Book the 7:00 a.m. flight with a 35-minute connection arriving at 11:15 a.m., then work from the airport to avoid extra ground transportation."
taskmaster_planning_v02_probe_19a05647e201cb74,tm2_planning_v02_user_0005_habit_leisure_relaxed_pacing_p01_boundary,tm2_planning_v02_user_0005,boundary,D,False,,,"Book the cheaper 9:30 a.m. one-stop itinerary arriving at 1:50 p.m., since it still lands before the meeting if everything runs on time."
taskmaster_planning_v02_probe_6a6247e3c37e91d5,tm2_planning_v02_user_0005_habit_leisure_relaxed_pacing_p02_exception,tm2_planning_v02_user_0005,exception,A,False,,,"Fly in Saturday late morning, keep the afternoon open, and choose one relaxed neighborhood walk after checking in."
taskmaster_planning_v02_probe_6a6247e3c37e91d5,tm2_planning_v02_user_0005_habit_leisure_relaxed_pacing_p02_exception,tm2_planning_v02_user_0005,exception,B,False,,,"Take a Saturday morning flight with fewer logistics, skip any timed activities, and focus on an unrushed dinner as the main plan."
taskmaster_planning_v02_probe_6a6247e3c37e91d5,tm2_planning_v02_user_0005_habit_leisure_relaxed_pacing_p02_exception,tm2_planning_v02_user_0005,exception,C,False,but,but,"Arrive Friday night but stay outside the city to save money, then decide Saturday morning whether the Colosseum timing still feels manageable."
taskmaster_planning_v02_probe_6a6247e3c37e91d5,tm2_planning_v02_user_0005_habit_leisure_relaxed_pacing_p02_exception,tm2_planning_v02_user_0005,exception,D,True,,,"Fly in Friday evening, stay near the historic center, start early Saturday, make the 9:30 a.m. Colosseum entry, then continue with a pre-planned route through nearby sights."
taskmaster_planning_v02_probe_6a99dcdf7b3a783d,tm2_planning_v02_user_0005_habit_leisure_relaxed_pacing_p03_explicit_retrieval,tm2_planning_v02_user_0005,explicit_retrieval,A,False,,tight,"Choose the lowest-cost routing even when it requires tight connections, very early departures, or a packed arrival day."
taskmaster_planning_v02_probe_6a99dcdf7b3a783d,tm2_planning_v02_user_0005_habit_leisure_relaxed_pacing_p03_explicit_retrieval,tm2_planning_v02_user_0005,explicit_retrieval,B,True,,tight,"Choose relaxed arrival windows, smoother connections, lighter first-day plans, and fewer tightly packed logistics, even if that means not maximizing every hour."
taskmaster_planning_v02_probe_6a99dcdf7b3a783d,tm2_planning_v02_user_0005_habit_leisure_relaxed_pacing_p03_explicit_retrieval,tm2_planning_v02_user_0005,explicit_retrieval,C,False,,,Prioritize lodging closest to event venues and build the schedule around fixed meeting times.
taskmaster_planning_v02_probe_6a99dcdf7b3a783d,tm2_planning_v02_user_0005_habit_leisure_relaxed_pacing_p03_explicit_retrieval,tm2_planning_v02_user_0005,explicit_retrieval,D,False,,,Book the earliest possible departure and schedule back-to-back activities to maximize sightseeing time.
taskmaster_planning_v02_probe_ff5b2ee42921199d,tm2_planning_v02_user_0006_habit_family_trip_flexible_cancellation_p00_direct_use,tm2_planning_v02_user_0006,direct_use,A,False,,,"Book the lowest total price: a prepaid, nonrefundable two-room rate at a well-rated River North hotel with breakfast included."
taskmaster_planning_v02_probe_ff5b2ee42921199d,tm2_planning_v02_user_0006_habit_family_trip_flexible_cancellation_p00_direct_use,tm2_planning_v02_user_0006,direct_use,B,False,,,"Choose a lower-priced O'Hare-area hotel with larger rooms, accepting the extra transit or rideshare time into the city each day."
taskmaster_planning_v02_probe_ff5b2ee42921199d,tm2_planning_v02_user_0006_habit_family_trip_flexible_cancellation_p00_direct_use,tm2_planning_v02_user_0006,direct_use,C,True,but,but,Choose a comparable Loop hotel that costs a bit more but includes free cancellation until a few days before arrival and no-fee date changes.
taskmaster_planning_v02_probe_ff5b2ee42921199d,tm2_planning_v02_user_0006_habit_family_trip_flexible_cancellation_p00_direct_use,tm2_planning_v02_user_0006,direct_use,D,False,though;even_though,though,"Reserve an apartment-style suite with a kitchen and more shared space, even though its cancellation terms are strict and the total cost is higher."
taskmaster_planning_v02_probe_58aa8e57a0a83d9d,tm2_planning_v02_user_0006_habit_family_trip_flexible_cancellation_p01_boundary,tm2_planning_v02_user_0006,boundary,A,False,,,"Pick a larger room at a less convenient hotel to add comfort, even if it costs more and the location is worse."
taskmaster_planning_v02_probe_58aa8e57a0a83d9d,tm2_planning_v02_user_0006_habit_family_trip_flexible_cancellation_p01_boundary,tm2_planning_v02_user_0006,boundary,B,True,,,"Book the $165 prepaid nonrefundable hotel because the trip is solo, fixed-date, and unlikely to change."
taskmaster_planning_v02_probe_58aa8e57a0a83d9d,tm2_planning_v02_user_0006_habit_family_trip_flexible_cancellation_p01_boundary,tm2_planning_v02_user_0006,boundary,C,False,,,Choose the $205 refundable hotel because cancellation flexibility should outweigh savings whenever possible.
taskmaster_planning_v02_probe_58aa8e57a0a83d9d,tm2_planning_v02_user_0006_habit_family_trip_flexible_cancellation_p01_boundary,tm2_planning_v02_user_0006,boundary,D,False,though;even_though,though,"Book the refundable hotel for now and keep searching, even though the current options are already equivalent in location and quality."
taskmaster_planning_v02_probe_b15731f9799c6b6f,tm2_planning_v02_user_0006_habit_family_trip_flexible_cancellation_p02_exception,tm2_planning_v02_user_0006,exception,A,False,,,Book the $810 total fully flexible rate with free date changes because it offers the most protection.
taskmaster_planning_v02_probe_b15731f9799c6b6f,tm2_planning_v02_user_0006_habit_family_trip_flexible_cancellation_p02_exception,tm2_planning_v02_user_0006,exception,B,False,,,Book the $745 total refundable rate because family trips can be unpredictable even when it costs more.
taskmaster_planning_v02_probe_b15731f9799c6b6f,tm2_planning_v02_user_0006_habit_family_trip_flexible_cancellation_p02_exception,tm2_planning_v02_user_0006,exception,C,False,,,Book the $700 total pay-later rate because it balances some flexibility with a moderate price increase.
taskmaster_planning_v02_probe_b15731f9799c6b6f,tm2_planning_v02_user_0006_habit_family_trip_flexible_cancellation_p02_exception,tm2_planning_v02_user_0006,exception,D,True,,,"Book the $620 total prepaid, nonrefundable rate because it is the lowest-cost option and the trip details are locked."
taskmaster_planning_v02_probe_4e60dddb0bcc7993,tm2_planning_v02_user_0006_habit_family_trip_flexible_cancellation_p03_explicit_retrieval,tm2_planning_v02_user_0006,explicit_retrieval,A,True,,,"For trips with children or multiple relatives, choose refundable or flexible cancellation/change options even when cheaper prepaid options are available."
taskmaster_planning_v02_probe_4e60dddb0bcc7993,tm2_planning_v02_user_0006_habit_family_trip_flexible_cancellation_p03_explicit_retrieval,tm2_planning_v02_user_0006,explicit_retrieval,B,False,,,"For family trips, always choose the lowest prepaid hotel or fare to keep costs down, even if cancellation terms are restrictive."
taskmaster_planning_v02_probe_4e60dddb0bcc7993,tm2_planning_v02_user_0006_habit_family_trip_flexible_cancellation_p03_explicit_retrieval,tm2_planning_v02_user_0006,explicit_retrieval,C,False,rather_than,,"Pay extra mainly for premium amenities such as larger rooms, resort facilities, or upgraded seating, rather than for flexibility."
taskmaster_planning_v02_probe_4e60dddb0bcc7993,tm2_planning_v02_user_0006_habit_family_trip_flexible_cancellation_p03_explicit_retrieval,tm2_planning_v02_user_0006,explicit_retrieval,D,False,,,"Prioritize nonstop flights and central locations above cancellation terms for all trips, regardless of who is traveling."
taskmaster_planning_v02_probe_d69e07f0613bacf9,tm2_planning_v02_user_0007_habit_short_trip_no_checked_bag_p00_direct_use,tm2_planning_v02_user_0007,direct_use,A,False,but,farther;but,"Take the late nonstop Tuesday morning to save on hotel cost Monday night, but arrive only 70 minutes before the client meeting and use a farther airport-area hotel."
taskmaster_planning_v02_probe_d69e07f0613bacf9,tm2_planning_v02_user_0007_habit_short_trip_no_checked_bag_p00_direct_use,tm2_planning_v02_user_0007,direct_use,B,False,but,but,"Book the cheapest basic-economy fare with a connection each way, saving about $140, but with last-group boarding and only a personal item clearly included."
taskmaster_planning_v02_probe_d69e07f0613bacf9,tm2_planning_v02_user_0007_habit_short_trip_no_checked_bag_p00_direct_use,tm2_planning_v02_user_0007,direct_use,C,False,but,but,"Use the lower-priced regional-jet connection that arrives 50 minutes earlier, but the aircraft commonly requires roller bags to be gate-checked."
taskmaster_planning_v02_probe_d69e07f0613bacf9,tm2_planning_v02_user_0007_habit_short_trip_no_checked_bag_p00_direct_use,tm2_planning_v02_user_0007,direct_use,D,True,,,"Take the nonstop main-cabin flights both ways, pay about $85 more, and choose an aisle seat with standard overhead-bin access; stay at the hotel two blocks from the client office."
taskmaster_planning_v02_probe_f52b5678234166c7,tm2_planning_v02_user_0007_habit_short_trip_no_checked_bag_p01_boundary,tm2_planning_v02_user_0007,boundary,A,False,,,Book the cheapest basic-economy fare and limit packing to a small roller so the traveler can avoid the baggage counter entirely.
taskmaster_planning_v02_probe_f52b5678234166c7,tm2_planning_v02_user_0007_habit_short_trip_no_checked_bag_p01_boundary,tm2_planning_v02_user_0007,boundary,B,False,,uncertain,"Recommend shipping all work materials separately and booking a personal-item-only fare, even if delivery timing is uncertain."
taskmaster_planning_v02_probe_f52b5678234166c7,tm2_planning_v02_user_0007_habit_short_trip_no_checked_bag_p01_boundary,tm2_planning_v02_user_0007,boundary,C,False,,,Pick a short layover on a budget carrier and try to fit the banner and samples into overhead-bin space to save time on arrival.
taskmaster_planning_v02_probe_f52b5678234166c7,tm2_planning_v02_user_0007_habit_short_trip_no_checked_bag_p01_boundary,tm2_planning_v02_user_0007,boundary,D,True,,,"Choose a nonstop or low-connection flight on an airline fare that includes a checked bag, prepay any oversized-item fee if needed, and arrange ground transport with room for the booth materials."
taskmaster_planning_v02_probe_bdf3fb6e637ce47f,tm2_planning_v02_user_0007_habit_short_trip_no_checked_bag_p02_exception,tm2_planning_v02_user_0007,exception,A,False,,does not,"Book a carry-on-only fare and plan to gate-check the case and tripod at boarding if needed, so the schedule does not have to include baggage-claim time."
taskmaster_planning_v02_probe_bdf3fb6e637ce47f,tm2_planning_v02_user_0007_habit_short_trip_no_checked_bag_p02_exception,tm2_planning_v02_user_0007,exception,B,False,,tight,"Choose a lower-priced one-stop itinerary that allows checked baggage, accepting a tight connection to keep the fare down."
taskmaster_planning_v02_probe_bdf3fb6e637ce47f,tm2_planning_v02_user_0007_habit_short_trip_no_checked_bag_p02_exception,tm2_planning_v02_user_0007,exception,C,False,,,Book the cheapest basic-economy nonstop and wait until airport check-in to add whatever checked baggage the equipment requires.
taskmaster_planning_v02_probe_bdf3fb6e637ce47f,tm2_planning_v02_user_0007_habit_short_trip_no_checked_bag_p02_exception,tm2_planning_v02_user_0007,exception,D,True,,,"Book a nonstop standard-economy-or-better fare with enough checked-bag allowance for the case and tripod, confirm any size rules, and build in time for bag drop and baggage claim."
taskmaster_planning_v02_probe_c2054da0768a2041,tm2_planning_v02_user_0007_habit_short_trip_no_checked_bag_p03_explicit_retrieval,tm2_planning_v02_user_0007,explicit_retrieval,A,False,,,"Choose the cheapest fare available, even if it involves connections or stricter luggage limits."
taskmaster_planning_v02_probe_c2054da0768a2041,tm2_planning_v02_user_0007_habit_short_trip_no_checked_bag_p03_explicit_retrieval,tm2_planning_v02_user_0007,explicit_retrieval,B,False,,,Book airport hotels whenever possible to reduce ground-transport time.
taskmaster_planning_v02_probe_c2054da0768a2041,tm2_planning_v02_user_0007_habit_short_trip_no_checked_bag_p03_explicit_retrieval,tm2_planning_v02_user_0007,explicit_retrieval,C,False,,risk;miss,Select longer layovers so there is less risk of missing a connection.
taskmaster_planning_v02_probe_c2054da0768a2041,tm2_planning_v02_user_0007_habit_short_trip_no_checked_bag_p03_explicit_retrieval,tm2_planning_v02_user_0007,explicit_retrieval,D,True,,,Prefer flights and hotels that make it easy to travel with only carry-on luggage and avoid checked bags.
taskmaster_planning_v02_probe_27e1529420409595,tm2_planning_v02_user_0008_habit_international_long_layover_buffer_p00_direct_use,tm2_planning_v02_user_0008,direct_use,A,False,,,"An option with a 7 hour 45 minute connection in Frankfurt, costing much more and arriving in Rome at 8:50 PM."
taskmaster_planning_v02_probe_27e1529420409595,tm2_planning_v02_user_0008_habit_international_long_layover_buffer_p00_direct_use,tm2_planning_v02_user_0008,direct_use,B,False,,,"The shortest total travel time with a 55 minute connection in Zurich and a terminal change, arriving in Rome at 1:55 PM."
taskmaster_planning_v02_probe_27e1529420409595,tm2_planning_v02_user_0008_habit_international_long_layover_buffer_p00_direct_use,tm2_planning_v02_user_0008,direct_use,C,True,,,"A slightly pricier option with a 3 hour 20 minute connection in Frankfurt, arriving in Rome at 4:25 PM."
taskmaster_planning_v02_probe_27e1529420409595,tm2_planning_v02_user_0008_habit_international_long_layover_buffer_p00_direct_use,tm2_planning_v02_user_0008,direct_use,D,False,,,"The cheapest option with a 1 hour 5 minute connection in Frankfurt, arriving in Rome at 2:10 PM."
taskmaster_planning_v02_probe_71596ca658f462c9,tm2_planning_v02_user_0008_habit_international_long_layover_buffer_p01_boundary,tm2_planning_v02_user_0008,boundary,A,False,though;even_though,though,"Recommend the Charlotte option because the 3-hour layover provides the largest buffer, even though it arrives later."
taskmaster_planning_v02_probe_71596ca658f462c9,tm2_planning_v02_user_0008_habit_international_long_layover_buffer_p01_boundary,tm2_planning_v02_user_0008,boundary,B,True,,risk,Recommend the nonstop flight because it is the simplest and fastest domestic option with the lowest connection risk.
taskmaster_planning_v02_probe_71596ca658f462c9,tm2_planning_v02_user_0008_habit_international_long_layover_buffer_p01_boundary,tm2_planning_v02_user_0008,boundary,C,False,while,,Recommend the Atlanta option because it saves $19 compared with the nonstop while still arriving reasonably early.
taskmaster_planning_v02_probe_71596ca658f462c9,tm2_planning_v02_user_0008_habit_international_long_layover_buffer_p01_boundary,tm2_planning_v02_user_0008,boundary,D,False,though;even_though,though,"Recommend the Chicago option because it is the cheapest, even though it adds a long detour and arrives much later."
taskmaster_planning_v02_probe_b7908db09fdb9a10,tm2_planning_v02_user_0008_habit_international_long_layover_buffer_p02_exception,tm2_planning_v02_user_0008,exception,A,False,,,"BLR → London Heathrow → JFK, 4h 30m connection in London, 23h 40m total travel time"
taskmaster_planning_v02_probe_b7908db09fdb9a10,tm2_planning_v02_user_0008_habit_international_long_layover_buffer_p02_exception,tm2_planning_v02_user_0008,exception,B,True,,,"BLR → Doha → JFK, 55-minute connection in Doha, 19h 35m total travel time"
taskmaster_planning_v02_probe_b7908db09fdb9a10,tm2_planning_v02_user_0008_habit_international_long_layover_buffer_p02_exception,tm2_planning_v02_user_0008,exception,C,False,,,"BLR → Frankfurt → JFK, 3h 20m connection in Frankfurt, 22h 10m total travel time"
taskmaster_planning_v02_probe_b7908db09fdb9a10,tm2_planning_v02_user_0008_habit_international_long_layover_buffer_p02_exception,tm2_planning_v02_user_0008,exception,D,False,,,"BLR → Dubai → EWR, 5h 45m connection in Dubai, 24h 05m total travel time"
taskmaster_planning_v02_probe_11927f7fa9bcdf26,tm2_planning_v02_user_0008_habit_international_long_layover_buffer_p03_explicit_retrieval,tm2_planning_v02_user_0008,explicit_retrieval,A,False,,tight,"For international itineraries, choose the shortest total travel time whenever possible, even if that means a tight connection."
taskmaster_planning_v02_probe_11927f7fa9bcdf26,tm2_planning_v02_user_0008_habit_international_long_layover_buffer_p03_explicit_retrieval,tm2_planning_v02_user_0008,explicit_retrieval,B,True,,tight,"For international itineraries involving customs, immigration, or airport or terminal changes, choose longer layover buffers over tight connections, even if total travel time is longer."
taskmaster_planning_v02_probe_11927f7fa9bcdf26,tm2_planning_v02_user_0008_habit_international_long_layover_buffer_p03_explicit_retrieval,tm2_planning_v02_user_0008,explicit_retrieval,C,False,,,"For domestic point-to-point trips, prefer adding a connection if it lowers the fare slightly."
taskmaster_planning_v02_probe_11927f7fa9bcdf26,tm2_planning_v02_user_0008_habit_international_long_layover_buffer_p03_explicit_retrieval,tm2_planning_v02_user_0008,explicit_retrieval,D,False,,,"For all trips, choose the cheapest available fare, accepting multiple stops or long waits whenever needed."
taskmaster_planning_v02_probe_71247830c0c1064e,tm2_planning_v02_user_0009_habit_red_eye_avoidance_p00_direct_use,tm2_planning_v02_user_0009,direct_use,A,False,,,Book the 5:20 PM–11:10 PM nonstop because it preserves most of the departure day and is still nonstop.
taskmaster_planning_v02_probe_71247830c0c1064e,tm2_planning_v02_user_0009_habit_red_eye_avoidance_p00_direct_use,tm2_planning_v02_user_0009,direct_use,B,False,while,,Book the 1:00 PM–8:45 PM one-stop because it keeps the fare low while avoiding the latest departure.
taskmaster_planning_v02_probe_71247830c0c1064e,tm2_planning_v02_user_0009_habit_red_eye_avoidance_p00_direct_use,tm2_planning_v02_user_0009,direct_use,C,True,,,Book the 9:15 AM–3:05 PM nonstop because it has a reasonable schedule and the price difference from the cheapest fare is modest.
taskmaster_planning_v02_probe_71247830c0c1064e,tm2_planning_v02_user_0009_habit_red_eye_avoidance_p00_direct_use,tm2_planning_v02_user_0009,direct_use,D,False,,,Book the 11:40 PM–5:30 AM nonstop because it is the cheapest option and avoids a connection.
taskmaster_planning_v02_probe_b63be0a2857d5ab1,tm2_planning_v02_user_0009_habit_red_eye_avoidance_p01_boundary,tm2_planning_v02_user_0009,boundary,A,True,,,"Keep the Friday evening overnight departures in the shortlist and compare them by nonstop or connection quality, fare, and arrival time, because this trip is organized around preserving Friday daytime."
taskmaster_planning_v02_probe_b63be0a2857d5ab1,tm2_planning_v02_user_0009_habit_red_eye_avoidance_p01_boundary,tm2_planning_v02_user_0009,boundary,B,False,,,Filter out the overnight departures first and steer toward a later daytime-oriented option unless the fare savings on the overnight flights are dramatic.
taskmaster_planning_v02_probe_b63be0a2857d5ab1,tm2_planning_v02_user_0009_habit_red_eye_avoidance_p01_boundary,tm2_planning_v02_user_0009,boundary,C,False,,weak,"Pick the cheapest Friday evening overnight itinerary as soon as it leaves after the meetings, even if it has a weak connection or a much later arrival."
taskmaster_planning_v02_probe_b63be0a2857d5ab1,tm2_planning_v02_user_0009_habit_red_eye_avoidance_p01_boundary,tm2_planning_v02_user_0009,boundary,D,False,,,"Recommend a Friday afternoon flight if it is more comfortable or similarly priced, and have them shorten the last work meetings to make it."
taskmaster_planning_v02_probe_2039fac96ec1a3cd,tm2_planning_v02_user_0009_habit_red_eye_avoidance_p02_exception,tm2_planning_v02_user_0009,exception,A,False,but,but,"Take a Sunday 2:15 p.m. nonstop arriving Sunday night; it is the lowest fare and avoids overnight travel, but it uses most of Sunday afternoon."
taskmaster_planning_v02_probe_2039fac96ec1a3cd,tm2_planning_v02_user_0009_habit_red_eye_avoidance_p02_exception,tm2_planning_v02_user_0009,exception,B,False,but,but,"Take a Sunday 8:45 p.m. one-stop itinerary arriving Monday 10:50 a.m.; it is cheaper than the late nonstop, but it leaves before the event ends and arrives later."
taskmaster_planning_v02_probe_2039fac96ec1a3cd,tm2_planning_v02_user_0009_habit_red_eye_avoidance_p02_exception,tm2_planning_v02_user_0009,exception,C,False,but,does not;but,"Take a Monday 9:00 a.m. nonstop arriving Monday evening; it is comfortable and reasonably priced, but it does not get back Monday morning."
taskmaster_planning_v02_probe_2039fac96ec1a3cd,tm2_planning_v02_user_0009_habit_red_eye_avoidance_p02_exception,tm2_planning_v02_user_0009,exception,D,True,but,but,Take a Sunday 11:20 p.m. nonstop red-eye arriving Monday 7:35 a.m.; it costs $95 more but preserves Sunday and returns Monday morning.
taskmaster_planning_v02_probe_b6383e7c9a555c20,tm2_planning_v02_user_0009_habit_red_eye_avoidance_p03_explicit_retrieval,tm2_planning_v02_user_0009,explicit_retrieval,A,False,,,Choose the cheapest flight even if it requires a late-night overnight itinerary.
taskmaster_planning_v02_probe_b6383e7c9a555c20,tm2_planning_v02_user_0009_habit_red_eye_avoidance_p03_explicit_retrieval,tm2_planning_v02_user_0009,explicit_retrieval,B,False,,,Prefer red-eye flights whenever they help preserve daytime hours at the destination.
taskmaster_planning_v02_probe_b6383e7c9a555c20,tm2_planning_v02_user_0009_habit_red_eye_avoidance_p03_explicit_retrieval,tm2_planning_v02_user_0009,explicit_retrieval,C,False,,,Pay extra for nonstop flights regardless of whether the timing is inconvenient.
taskmaster_planning_v02_probe_b6383e7c9a555c20,tm2_planning_v02_user_0009_habit_red_eye_avoidance_p03_explicit_retrieval,tm2_planning_v02_user_0009,explicit_retrieval,D,True,,,Avoid red-eye flights unless they offer a substantial price savings or schedule advantage.
taskmaster_planning_v02_probe_d337e57449bb2fcd,tm2_planning_v02_user_0010_habit_airport_transfer_reliability_p00_direct_use,tm2_planning_v02_user_0010,direct_use,A,True,,,"Reserve a flight-tracking car service from Logan to the office, with enough schedule cushion before the meeting."
taskmaster_planning_v02_probe_d337e57449bb2fcd,tm2_planning_v02_user_0010_habit_airport_transfer_reliability_p00_direct_use,tm2_planning_v02_user_0010,direct_use,B,False,,,Wait until I land and request whichever rideshare option has the lowest fare at that moment.
taskmaster_planning_v02_probe_d337e57449bb2fcd,tm2_planning_v02_user_0010_habit_airport_transfer_reliability_p00_direct_use,tm2_planning_v02_user_0010,direct_use,C,False,,,"Take the airport bus and subway downtown, then walk or hail a short ride for the last stretch."
taskmaster_planning_v02_probe_d337e57449bb2fcd,tm2_planning_v02_user_0010_habit_airport_transfer_reliability_p00_direct_use,tm2_planning_v02_user_0010,direct_use,D,False,,,Rent a compact car at the airport so I can control the route and keep it available after the meeting.
taskmaster_planning_v02_probe_0ff802c1f85295a6,tm2_planning_v02_user_0010_habit_airport_transfer_reliability_p01_boundary,tm2_planning_v02_user_0010,boundary,A,False,,,"Book a private SUV transfer with a generous pickup buffer, even if it costs more than other options."
taskmaster_planning_v02_probe_0ff802c1f85295a6,tm2_planning_v02_user_0010_habit_airport_transfer_reliability_p01_boundary,tm2_planning_v02_user_0010,boundary,B,True,,,"Wait until landing, compare rideshare wait times and airport taxi pricing, and choose the simplest reasonably priced option then."
taskmaster_planning_v02_probe_0ff802c1f85295a6,tm2_planning_v02_user_0010_habit_airport_transfer_reliability_p01_boundary,tm2_planning_v02_user_0010,boundary,C,False,,,Prepay for a scheduled shared shuttle that departs at a fixed time shortly after the scheduled landing.
taskmaster_planning_v02_probe_0ff802c1f85295a6,tm2_planning_v02_user_0010_habit_airport_transfer_reliability_p01_boundary,tm2_planning_v02_user_0010,boundary,D,False,,,Reserve a premium flight-tracking car service in advance to ensure a driver is waiting at baggage claim.
taskmaster_planning_v02_probe_7cd204f126904815,tm2_planning_v02_user_0010_habit_airport_transfer_reliability_p02_exception,tm2_planning_v02_user_0010,exception,A,False,while,,Take an official airport taxi to avoid transit navigation while keeping the plan simpler than a reserved car.
taskmaster_planning_v02_probe_7cd204f126904815,tm2_planning_v02_user_0010_habit_airport_transfer_reliability_p02_exception,tm2_planning_v02_user_0010,exception,B,False,,,Prebook a flight-tracking private car so the driver is waiting on arrival and the transfer is predictable.
taskmaster_planning_v02_probe_7cd204f126904815,tm2_planning_v02_user_0010_habit_airport_transfer_reliability_p02_exception,tm2_planning_v02_user_0010,exception,C,False,,,Book a premium car service with a backup rideshare option in case the flight arrives early or late.
taskmaster_planning_v02_probe_7cd204f126904815,tm2_planning_v02_user_0010_habit_airport_transfer_reliability_p02_exception,tm2_planning_v02_user_0010,exception,D,True,,,"Use the airport train or bus into downtown, choosing the lowest-fare route and allowing extra time for transfers or walking."
taskmaster_planning_v02_probe_204fe67988bc7a00,tm2_planning_v02_user_0010_habit_airport_transfer_reliability_p03_explicit_retrieval,tm2_planning_v02_user_0010,explicit_retrieval,A,False,,,Use public transit whenever possible to explore the destination and avoid private transfers.
taskmaster_planning_v02_probe_204fe67988bc7a00,tm2_planning_v02_user_0010_habit_airport_transfer_reliability_p03_explicit_retrieval,tm2_planning_v02_user_0010,explicit_retrieval,B,False,,,Keep arrival plans flexible and avoid prebooking transportation unless the trip is a casual personal getaway.
taskmaster_planning_v02_probe_204fe67988bc7a00,tm2_planning_v02_user_0010_habit_airport_transfer_reliability_p03_explicit_retrieval,tm2_planning_v02_user_0010,explicit_retrieval,C,True,,,"Reserve a dependable airport transfer in advance, such as a flight-tracking car service, even if it costs more than less certain options."
taskmaster_planning_v02_probe_204fe67988bc7a00,tm2_planning_v02_user_0010_habit_airport_transfer_reliability_p03_explicit_retrieval,tm2_planning_v02_user_0010,explicit_retrieval,D,False,,,Wait until landing to choose the cheapest available ride so the traveler can keep costs as low as possible.
taskmaster_planning_v02_probe_57c93bb7e59e9b1c,tm2_planning_v02_user_0011_habit_early_morning_avoidance_p00_direct_use,tm2_planning_v02_user_0011,direct_use,A,False,,,"1:15 PM one-stop for $218, arriving at 5:30 PM"
taskmaster_planning_v02_probe_57c93bb7e59e9b1c,tm2_planning_v02_user_0011_habit_early_morning_avoidance_p00_direct_use,tm2_planning_v02_user_0011,direct_use,B,True,,,"10:20 AM nonstop for $236, arriving at 12:45 PM"
taskmaster_planning_v02_probe_57c93bb7e59e9b1c,tm2_planning_v02_user_0011_habit_early_morning_avoidance_p00_direct_use,tm2_planning_v02_user_0011,direct_use,C,False,,,"5:45 AM nonstop for $208, arriving at 8:10 AM"
taskmaster_planning_v02_probe_57c93bb7e59e9b1c,tm2_planning_v02_user_0011_habit_early_morning_avoidance_p00_direct_use,tm2_planning_v02_user_0011,direct_use,D,False,,,"8:30 PM nonstop for $190, arriving at 11:00 PM"
taskmaster_planning_v02_probe_ce26e5597497d8c5,tm2_planning_v02_user_0011_habit_early_morning_avoidance_p01_boundary,tm2_planning_v02_user_0011,boundary,A,False,,,"7:05 AM nonstop to LaGuardia, landing at 8:55 AM, for the lowest fare."
taskmaster_planning_v02_probe_ce26e5597497d8c5,tm2_planning_v02_user_0011_habit_early_morning_avoidance_p01_boundary,tm2_planning_v02_user_0011,boundary,B,False,,,"6:40 AM nonstop to Newark, landing at 8:20 AM, for $40 more than the lowest fare."
taskmaster_planning_v02_probe_ce26e5597497d8c5,tm2_planning_v02_user_0011_habit_early_morning_avoidance_p01_boundary,tm2_planning_v02_user_0011,boundary,C,True,,,"5:55 AM nonstop to LaGuardia, landing at 7:25 AM, for $85 more than the lowest fare."
taskmaster_planning_v02_probe_ce26e5597497d8c5,tm2_planning_v02_user_0011_habit_early_morning_avoidance_p01_boundary,tm2_planning_v02_user_0011,boundary,D,False,,,"5:30 AM one-stop to LaGuardia, landing at 8:35 AM if the connection is made, for $20 more than the lowest fare."
taskmaster_planning_v02_probe_2baecd27885e77bf,tm2_planning_v02_user_0011_habit_early_morning_avoidance_p02_exception,tm2_planning_v02_user_0011,exception,A,True,,,Book the 5:25 AM nonstop flight arriving at 7:10 AM for $285.
taskmaster_planning_v02_probe_2baecd27885e77bf,tm2_planning_v02_user_0011_habit_early_morning_avoidance_p02_exception,tm2_planning_v02_user_0011,exception,B,False,,,Book the 11:30 AM nonstop flight arriving at 1:15 PM for $225.
taskmaster_planning_v02_probe_2baecd27885e77bf,tm2_planning_v02_user_0011_habit_early_morning_avoidance_p02_exception,tm2_planning_v02_user_0011,exception,C,False,,,Book the 7:15 AM one-stop flight arriving at 12:05 PM for $210.
taskmaster_planning_v02_probe_2baecd27885e77bf,tm2_planning_v02_user_0011_habit_early_morning_avoidance_p02_exception,tm2_planning_v02_user_0011,exception,D,False,,,Book the 9:40 AM nonstop flight arriving at 11:25 AM for $240.
taskmaster_planning_v02_probe_be2c936b59e289d1,tm2_planning_v02_user_0011_habit_early_morning_avoidance_p03_explicit_retrieval,tm2_planning_v02_user_0011,explicit_retrieval,A,True,,,Prefer mid-morning or later departures over very early flights when the price or schedule tradeoff is modest.
taskmaster_planning_v02_probe_be2c936b59e289d1,tm2_planning_v02_user_0011_habit_early_morning_avoidance_p03_explicit_retrieval,tm2_planning_v02_user_0011,explicit_retrieval,B,False,,,Prioritize nonstop flights over connecting options even when the fare difference is large.
taskmaster_planning_v02_probe_be2c936b59e289d1,tm2_planning_v02_user_0011_habit_early_morning_avoidance_p03_explicit_retrieval,tm2_planning_v02_user_0011,explicit_retrieval,C,False,,,Always select the earliest possible departure to maximize time at the destination.
taskmaster_planning_v02_probe_be2c936b59e289d1,tm2_planning_v02_user_0011_habit_early_morning_avoidance_p03_explicit_retrieval,tm2_planning_v02_user_0011,explicit_retrieval,D,False,,,Choose the cheapest available flight even if it leaves before dawn.
taskmaster_planning_v02_probe_2014673fe0856b8e,tm2_planning_v02_user_0012_habit_business_travel_arrival_buffer_p00_direct_use,tm2_planning_v02_user_0012,direct_use,A,False,,,"Take a Tuesday morning connecting flight scheduled to land at 10:50 a.m., save about $90, and go straight from the airport to the client office."
taskmaster_planning_v02_probe_2014673fe0856b8e,tm2_planning_v02_user_0012_habit_business_travel_arrival_buffer_p00_direct_use,tm2_planning_v02_user_0012,direct_use,B,False,,,"Book the cheapest Tuesday morning flight, scheduled to land at 11:45 a.m., and use a lower-cost hotel about 30 minutes from the client office."
taskmaster_planning_v02_probe_2014673fe0856b8e,tm2_planning_v02_user_0012_habit_business_travel_arrival_buffer_p00_direct_use,tm2_planning_v02_user_0012,direct_use,C,True,,,"Fly in Monday evening on a nonstop, stay at a hotel a short walk from the client office, and spend about $160 more than the cheapest Tuesday option."
taskmaster_planning_v02_probe_2014673fe0856b8e,tm2_planning_v02_user_0012_habit_business_travel_arrival_buffer_p00_direct_use,tm2_planning_v02_user_0012,direct_use,D,False,,,"Take a Tuesday morning nonstop scheduled to land at 10:15 a.m., save about $120 with an airport-area hotel, and stop there to drop luggage before heading downtown."
taskmaster_planning_v02_probe_67fff91a597a61dc,tm2_planning_v02_user_0012_habit_business_travel_arrival_buffer_p01_boundary,tm2_planning_v02_user_0012,boundary,A,False,despite,despite,"Recommend the earlier arrival despite the extra cost, to preserve several hours before any possible evening plans."
taskmaster_planning_v02_probe_67fff91a597a61dc,tm2_planning_v02_user_0012_habit_business_travel_arrival_buffer_p01_boundary,tm2_planning_v02_user_0012,boundary,B,True,,,"Recommend the cheaper nonstop that arrives later, since there is no same-day commitment requiring an early cushion."
taskmaster_planning_v02_probe_67fff91a597a61dc,tm2_planning_v02_user_0012_habit_business_travel_arrival_buffer_p01_boundary,tm2_planning_v02_user_0012,boundary,C,False,,risk,"Recommend flying in the night before, even if it adds a hotel night, to avoid any risk of a late Friday arrival."
taskmaster_planning_v02_probe_67fff91a597a61dc,tm2_planning_v02_user_0012_habit_business_travel_arrival_buffer_p01_boundary,tm2_planning_v02_user_0012,boundary,D,False,,uncertain,Recommend the earlier connecting flight and suggest booking a hotel near the airport to reduce arrival-day uncertainty.
taskmaster_planning_v02_probe_a113763282e90b38,tm2_planning_v02_user_0012_habit_business_travel_arrival_buffer_p02_exception,tm2_planning_v02_user_0012,exception,A,False,but,but,"Take a Wednesday morning flight arriving at noon, saving a hotel night but leaving little margin before the 2 p.m. kickoff."
taskmaster_planning_v02_probe_a113763282e90b38,tm2_planning_v02_user_0012_habit_business_travel_arrival_buffer_p02_exception,tm2_planning_v02_user_0012,exception,B,False,,,Fly in Monday night and add an extra hotel night so delays cannot affect Tuesday.
taskmaster_planning_v02_probe_a113763282e90b38,tm2_planning_v02_user_0012_habit_business_travel_arrival_buffer_p02_exception,tm2_planning_v02_user_0012,exception,C,False,,,Book a pricier Tuesday morning flight arriving before noon solely to keep a large cushion for the original Tuesday kickoff.
taskmaster_planning_v02_probe_a113763282e90b38,tm2_planning_v02_user_0012_habit_business_travel_arrival_buffer_p02_exception,tm2_planning_v02_user_0012,exception,D,True,,,"Book the lower-cost Tuesday evening nonstop arriving around 8:45 p.m., then stay near the Wednesday meeting site."
taskmaster_planning_v02_probe_1689bee167c0e903,tm2_planning_v02_user_0012_habit_business_travel_arrival_buffer_p03_explicit_retrieval,tm2_planning_v02_user_0012,explicit_retrieval,A,False,,,"Optimize mainly for avoiding extra hotel nights, even if that requires a rushed arrival before the onsite commitment."
taskmaster_planning_v02_probe_1689bee167c0e903,tm2_planning_v02_user_0012_habit_business_travel_arrival_buffer_p03_explicit_retrieval,tm2_planning_v02_user_0012,explicit_retrieval,B,True,,tight,"Prefer an itinerary that arrives early enough to leave a meaningful cushion before the client commitment, even when cheaper or tighter same-day options exist."
taskmaster_planning_v02_probe_1689bee167c0e903,tm2_planning_v02_user_0012_habit_business_travel_arrival_buffer_p03_explicit_retrieval,tm2_planning_v02_user_0012,explicit_retrieval,C,False,,,"Prioritize the lowest fare, even if it leaves only a narrow gap between arrival and the client commitment."
taskmaster_planning_v02_probe_1689bee167c0e903,tm2_planning_v02_user_0012_habit_business_travel_arrival_buffer_p03_explicit_retrieval,tm2_planning_v02_user_0012,explicit_retrieval,D,False,,,"Choose the latest possible departure to reduce time away, as long as the arrival is technically before the meeting."
taskmaster_planning_v02_probe_422ca21daf99334d,tm2_planning_v02_user_0013_habit_tight_schedule_nonstop_priority_p00_direct_use,tm2_planning_v02_user_0013,direct_use,A,True,,,"Book the $420 nonstop to SEA, arriving at 10:10 a.m., leaving a solid buffer before heading downtown."
taskmaster_planning_v02_probe_422ca21daf99334d,tm2_planning_v02_user_0013_habit_tight_schedule_nonstop_priority_p00_direct_use,tm2_planning_v02_user_0013,direct_use,B,False,,,"Book the $365 one-stop itinerary through Salt Lake City, arriving at SEA at 9:55 a.m. after a 55-minute connection."
taskmaster_planning_v02_probe_422ca21daf99334d,tm2_planning_v02_user_0013_habit_tight_schedule_nonstop_priority_p00_direct_use,tm2_planning_v02_user_0013,direct_use,C,False,,,"Book the $310 one-stop itinerary through Phoenix, arriving at SEA at 11:15 a.m. after a 1-hour 25-minute layover."
taskmaster_planning_v02_probe_422ca21daf99334d,tm2_planning_v02_user_0013_habit_tight_schedule_nonstop_priority_p00_direct_use,tm2_planning_v02_user_0013,direct_use,D,False,,,"Book the $295 one-stop itinerary through San Francisco, arriving at SEA at 12:05 p.m. with a 45-minute connection."
taskmaster_planning_v02_probe_ad4772ad1a8c4572,tm2_planning_v02_user_0013_habit_tight_schedule_nonstop_priority_p01_boundary,tm2_planning_v02_user_0013,boundary,A,False,despite,despite,Select a fully refundable fare on the nonstop flight to maximize flexibility despite the higher price.
taskmaster_planning_v02_probe_ad4772ad1a8c4572,tm2_planning_v02_user_0013_habit_tight_schedule_nonstop_priority_p01_boundary,tm2_planning_v02_user_0013,boundary,B,True,,,Book the comfortable one-stop itinerary because the schedule is flexible and it offers better overall value.
taskmaster_planning_v02_probe_ad4772ad1a8c4572,tm2_planning_v02_user_0013_habit_tight_schedule_nonstop_priority_p01_boundary,tm2_planning_v02_user_0013,boundary,C,False,,farther,"Choose a flight to a farther alternate airport to get the absolute lowest fare, even if it adds a long drive."
taskmaster_planning_v02_probe_ad4772ad1a8c4572,tm2_planning_v02_user_0013_habit_tight_schedule_nonstop_priority_p01_boundary,tm2_planning_v02_user_0013,boundary,D,False,though;even_though,risk;though,"Book the nonstop flight because it reduces transfer risk, even though it costs substantially more."
taskmaster_planning_v02_probe_b94f242429f594bb,tm2_planning_v02_user_0013_habit_tight_schedule_nonstop_priority_p02_exception,tm2_planning_v02_user_0013,exception,A,False,but,but,A nonstop flight into an alternate airport that saves a little cash but requires a long rental-car drive before the meeting.
taskmaster_planning_v02_probe_b94f242429f594bb,tm2_planning_v02_user_0013_habit_tight_schedule_nonstop_priority_p02_exception,tm2_planning_v02_user_0013,exception,B,True,,,"A one-stop itinerary on my preferred airline using miles plus minimal taxes, with a 95-minute connection and arrival about 2.5 hours before the meeting."
taskmaster_planning_v02_probe_b94f242429f594bb,tm2_planning_v02_user_0013_habit_tight_schedule_nonstop_priority_p02_exception,tm2_planning_v02_user_0013,exception,C,False,,,"The absolute cheapest cash fare with two connections, including a 35-minute layover, arriving just under an hour before the meeting."
taskmaster_planning_v02_probe_b94f242429f594bb,tm2_planning_v02_user_0013_habit_tight_schedule_nonstop_priority_p02_exception,tm2_planning_v02_user_0013,exception,D,False,but,but,"A nonstop flight arriving 4 hours before the meeting, but requiring a substantially higher cash fare and not using any miles."
taskmaster_planning_v02_probe_cd61bc2a7fe8501a,tm2_planning_v02_user_0013_habit_tight_schedule_nonstop_priority_p03_explicit_retrieval,tm2_planning_v02_user_0013,explicit_retrieval,A,False,,,"Prefer alternate-airport arrivals if they reduce airfare, regardless of extra ground travel time."
taskmaster_planning_v02_probe_cd61bc2a7fe8501a,tm2_planning_v02_user_0013_habit_tight_schedule_nonstop_priority_p03_explicit_retrieval,tm2_planning_v02_user_0013,explicit_retrieval,B,False,,,Prioritize earning airline miles over arrival reliability for client-facing travel.
taskmaster_planning_v02_probe_cd61bc2a7fe8501a,tm2_planning_v02_user_0013_habit_tight_schedule_nonstop_priority_p03_explicit_retrieval,tm2_planning_v02_user_0013,explicit_retrieval,C,True,,,Favor nonstop or lowest-transfer itineraries even if they cost somewhat more than connecting options.
taskmaster_planning_v02_probe_cd61bc2a7fe8501a,tm2_planning_v02_user_0013_habit_tight_schedule_nonstop_priority_p03_explicit_retrieval,tm2_planning_v02_user_0013,explicit_retrieval,D,False,,,"Choose the cheapest fare whenever possible, even if it requires a connection on the outbound trip."
taskmaster_planning_v02_probe_8943aff39e5e20d9,tm2_planning_v02_user_0014_habit_uncertain_trip_refundable_fare_p00_direct_use,tm2_planning_v02_user_0014,direct_use,A,True,,,Book the refundable economy fare for $620 with no change fees and a full refund to the original payment method.
taskmaster_planning_v02_probe_8943aff39e5e20d9,tm2_planning_v02_user_0014_habit_uncertain_trip_refundable_fare_p00_direct_use,tm2_planning_v02_user_0014,direct_use,B,False,though;even_though,though,"Book the basic economy fare for $390 because it is the cheapest, even though it is nonrefundable and cannot be changed."
taskmaster_planning_v02_probe_8943aff39e5e20d9,tm2_planning_v02_user_0014_habit_uncertain_trip_refundable_fare_p00_direct_use,tm2_planning_v02_user_0014,direct_use,C,False,but,but,"Book the standard economy fare for $455 because it includes a carry-on, but changes only receive airline credit and refunds are not allowed."
taskmaster_planning_v02_probe_8943aff39e5e20d9,tm2_planning_v02_user_0014_habit_uncertain_trip_refundable_fare_p00_direct_use,tm2_planning_v02_user_0014,direct_use,D,False,,,"Wait until the approval is finalized before booking, even if the fare may rise and the preferred flight times could sell out."
taskmaster_planning_v02_probe_859848bb3938f3f2,tm2_planning_v02_user_0014_habit_uncertain_trip_refundable_fare_p01_boundary,tm2_planning_v02_user_0014,boundary,A,False,though;even_though,though,"Choose a premium economy fare because the longer flight will be more comfortable, even though the traveler prioritized price."
taskmaster_planning_v02_probe_859848bb3938f3f2,tm2_planning_v02_user_0014_habit_uncertain_trip_refundable_fare_p01_boundary,tm2_planning_v02_user_0014,boundary,B,False,despite,despite,"Delay booking until closer to the wedding in case fares drop, despite the fixed dates and confirmed plans."
taskmaster_planning_v02_probe_859848bb3938f3f2,tm2_planning_v02_user_0014_habit_uncertain_trip_refundable_fare_p01_boundary,tm2_planning_v02_user_0014,boundary,C,True,,,Choose the standard nonrefundable economy fare on the confirmed dates because it is the lowest reasonable price and the schedule is fixed.
taskmaster_planning_v02_probe_859848bb3938f3f2,tm2_planning_v02_user_0014_habit_uncertain_trip_refundable_fare_p01_boundary,tm2_planning_v02_user_0014,boundary,D,False,though;even_though,though,"Choose a fully refundable economy fare even though it costs more, to protect against possible date changes."
taskmaster_planning_v02_probe_48f9039092323351,tm2_planning_v02_user_0014_habit_uncertain_trip_refundable_fare_p02_exception,tm2_planning_v02_user_0014,exception,A,False,,,Book a flexible business-class fare to maximize comfort and allow last-minute changes.
taskmaster_planning_v02_probe_48f9039092323351,tm2_planning_v02_user_0014_habit_uncertain_trip_refundable_fare_p02_exception,tm2_planning_v02_user_0014,exception,B,False,,,"Book a refundable economy fare that costs more, in case the work schedule changes later."
taskmaster_planning_v02_probe_48f9039092323351,tm2_planning_v02_user_0014_habit_uncertain_trip_refundable_fare_p02_exception,tm2_planning_v02_user_0014,exception,C,False,,,Delay booking until closer to departure to see whether cheaper flexible fares appear.
taskmaster_planning_v02_probe_48f9039092323351,tm2_planning_v02_user_0014_habit_uncertain_trip_refundable_fare_p02_exception,tm2_planning_v02_user_0014,exception,D,True,,,"Book the cheapest nonrefundable economy fare, since the dates are fixed and price is the main priority."
taskmaster_planning_v02_probe_18f59407e07c1d26,tm2_planning_v02_user_0014_habit_uncertain_trip_refundable_fare_p03_explicit_retrieval,tm2_planning_v02_user_0014,explicit_retrieval,A,False,,,Wait until the final week before departure to book so the itinerary is less likely to change.
taskmaster_planning_v02_probe_18f59407e07c1d26,tm2_planning_v02_user_0014_habit_uncertain_trip_refundable_fare_p03_explicit_retrieval,tm2_planning_v02_user_0014,explicit_retrieval,B,True,,,Pick a refundable or flexible fare even if a cheaper nonrefundable fare is available.
taskmaster_planning_v02_probe_18f59407e07c1d26,tm2_planning_v02_user_0014_habit_uncertain_trip_refundable_fare_p03_explicit_retrieval,tm2_planning_v02_user_0014,explicit_retrieval,C,False,,,"Pick the lowest nonrefundable fare whenever it is available, even if work approvals are still pending."
taskmaster_planning_v02_probe_18f59407e07c1d26,tm2_planning_v02_user_0014_habit_uncertain_trip_refundable_fare_p03_explicit_retrieval,tm2_planning_v02_user_0014,explicit_retrieval,D,False,,,Prioritize nonstop flights and shorter travel time over refundability or change rules.
taskmaster_planning_v02_probe_bb71ad1de240fe57,tm2_planning_v02_user_0015_habit_work_hotel_near_venue_p00_direct_use,tm2_planning_v02_user_0015,direct_use,A,False,,,"A well-reviewed boutique hotel in LoDo for $215/night, near restaurants and nightlife, about a 20-minute walk or short rideshare from the workshop."
taskmaster_planning_v02_probe_bb71ad1de240fe57,tm2_planning_v02_user_0015_habit_work_hotel_near_venue_p00_direct_use,tm2_planning_v02_user_0015,direct_use,B,False,,,"An airport-area hotel for $155/night with free breakfast and a shuttle, requiring a 35–45 minute commute each way."
taskmaster_planning_v02_probe_bb71ad1de240fe57,tm2_planning_v02_user_0015_habit_work_hotel_near_venue_p00_direct_use,tm2_planning_v02_user_0015,direct_use,C,False,,,"A quieter hotel in Cherry Creek for $205/night, close to shopping and dining, about a 20-minute rideshare from the convention center."
taskmaster_planning_v02_probe_bb71ad1de240fe57,tm2_planning_v02_user_0015_habit_work_hotel_near_venue_p00_direct_use,tm2_planning_v02_user_0015,direct_use,D,True,,,"A hotel directly across from the convention center for $245/night, with standard rooms and no included breakfast."
taskmaster_planning_v02_probe_48c688021da78fb8,tm2_planning_v02_user_0015_habit_work_hotel_near_venue_p01_boundary,tm2_planning_v02_user_0015,boundary,A,True,though,though,"A boutique hotel on the Upper West Side near Central Park, museums, neighborhood cafes, and multiple subway lines, though it is not the shortest walk to Times Square."
taskmaster_planning_v02_probe_48c688021da78fb8,tm2_planning_v02_user_0015_habit_work_hotel_near_venue_p01_boundary,tm2_planning_v02_user_0015,boundary,B,False,but,but,"A large hotel directly in Times Square with the shortest walk to Broadway theaters, but louder surroundings and a more tourist-heavy atmosphere."
taskmaster_planning_v02_probe_48c688021da78fb8,tm2_planning_v02_user_0015_habit_work_hotel_near_venue_p01_boundary,tm2_planning_v02_user_0015,boundary,C,False,but,but,"A budget airport hotel with the lowest nightly rate, but a long transit ride to most sightseeing areas."
taskmaster_planning_v02_probe_48c688021da78fb8,tm2_planning_v02_user_0015_habit_work_hotel_near_venue_p01_boundary,tm2_planning_v02_user_0015,boundary,D,False,but,but,"A luxury hotel in the Financial District with premium amenities, but fewer nearby evening neighborhood options and a longer ride to many planned stops."
taskmaster_planning_v02_probe_95c2c75bb3529e5a,tm2_planning_v02_user_0015_habit_work_hotel_near_venue_p02_exception,tm2_planning_v02_user_0015,exception,A,False,,,A hotel across the street from the client office for $275 per night.
taskmaster_planning_v02_probe_95c2c75bb3529e5a,tm2_planning_v02_user_0015_habit_work_hotel_near_venue_p02_exception,tm2_planning_v02_user_0015,exception,B,False,,,A Santa Monica hotel for $210 per night with beach access and a 45-minute commute downtown.
taskmaster_planning_v02_probe_95c2c75bb3529e5a,tm2_planning_v02_user_0015_habit_work_hotel_near_venue_p02_exception,tm2_planning_v02_user_0015,exception,C,True,,,A Koreatown hotel for $185 per night with good transit and rideshare access to downtown.
taskmaster_planning_v02_probe_95c2c75bb3529e5a,tm2_planning_v02_user_0015_habit_work_hotel_near_venue_p02_exception,tm2_planning_v02_user_0015,exception,D,False,,,An airport-area hotel for $170 per night with a 55-minute commute to the client office.
taskmaster_planning_v02_probe_c9fa823406b3b3eb,tm2_planning_v02_user_0015_habit_work_hotel_near_venue_p03_explicit_retrieval,tm2_planning_v02_user_0015,explicit_retrieval,A,False,,,"Choose properties with the best amenities or loyalty benefits, regardless of distance from the meeting venue."
taskmaster_planning_v02_probe_c9fa823406b3b3eb,tm2_planning_v02_user_0015_habit_work_hotel_near_venue_p03_explicit_retrieval,tm2_planning_v02_user_0015,explicit_retrieval,B,True,,longer commute,"Choose a hotel on-site or within walking distance of the meeting venue, even if cheaper options would require a longer commute."
taskmaster_planning_v02_probe_c9fa823406b3b3eb,tm2_planning_v02_user_0015_habit_work_hotel_near_venue_p03_explicit_retrieval,tm2_planning_v02_user_0015,explicit_retrieval,C,False,,,"Choose the lowest nightly rate near the airport, even if it means a longer trip to the meeting location."
taskmaster_planning_v02_probe_c9fa823406b3b3eb,tm2_planning_v02_user_0015_habit_work_hotel_near_venue_p03_explicit_retrieval,tm2_planning_v02_user_0015,explicit_retrieval,D,False,,,"Choose hotels based on neighborhood character and sightseeing access, even when the trip is for work."
taskmaster_planning_v02_probe_b8b24cf08095b134,tm2_planning_v02_user_0016_habit_quiet_hotel_for_work_p00_direct_use,tm2_planning_v02_user_0016,direct_use,A,False,but,but,"A stylish downtown hotel attached to a popular rooftop bar, close to restaurants and nightlife, but with smaller rooms and more evening noise."
taskmaster_planning_v02_probe_b8b24cf08095b134,tm2_planning_v02_user_0016_habit_quiet_hotel_for_work_p00_direct_use,tm2_planning_v02_user_0016,direct_use,B,True,,,"A business-oriented hotel a few blocks from the main dining area, with confirmed strong Wi-Fi, a proper in-room desk, and rooms available away from elevators."
taskmaster_planning_v02_probe_b8b24cf08095b134,tm2_planning_v02_user_0016_habit_quiet_hotel_for_work_p00_direct_use,tm2_planning_v02_user_0016,direct_use,C,False,but,mixed reviews;but,"A lower-cost airport hotel with free breakfast and shuttle service, but mixed reviews on Wi-Fi reliability and a less convenient location for meetings."
taskmaster_planning_v02_probe_b8b24cf08095b134,tm2_planning_v02_user_0016_habit_quiet_hotel_for_work_p00_direct_use,tm2_planning_v02_user_0016,direct_use,D,False,but,lively;limited;longer commute;but,"A larger resort-style property with a pool, spa, and lively lobby scene, but a longer commute to the client site and limited desk space in standard rooms."
taskmaster_planning_v02_probe_2d368afcae872fcc,tm2_planning_v02_user_0016_habit_quiet_hotel_for_work_p01_boundary,tm2_planning_v02_user_0016,boundary,A,False,,,"A quieter business-oriented hotel outside the main nightlife area with large desks, strong Wi-Fi, and rooms away from elevators."
taskmaster_planning_v02_probe_2d368afcae872fcc,tm2_planning_v02_user_0016_habit_quiet_hotel_for_work_p01_boundary,tm2_planning_v02_user_0016,boundary,B,False,but,limited;but,"A luxury spa resort known for quiet relaxation and early nights, with limited bar access but premium rooms."
taskmaster_planning_v02_probe_2d368afcae872fcc,tm2_planning_v02_user_0016_habit_quiet_hotel_for_work_p01_boundary,tm2_planning_v02_user_0016,boundary,C,False,,,"The cheapest suburban chain hotel, even if it requires longer rides to pools, restaurants, and nightlife."
taskmaster_planning_v02_probe_2d368afcae872fcc,tm2_planning_v02_user_0016_habit_quiet_hotel_for_work_p01_boundary,tm2_planning_v02_user_0016,boundary,D,True,,lively,"A lively hotel near the bars with a good pool scene, easy rideshare pickup, and room types that keep the group close together."
taskmaster_planning_v02_probe_67ab27d585bb24f8,tm2_planning_v02_user_0016_habit_quiet_hotel_for_work_p02_exception,tm2_planning_v02_user_0016,exception,A,False,,,"A lower-cost airport hotel with free breakfast, parking, and dependable transit links to downtown."
taskmaster_planning_v02_probe_67ab27d585bb24f8,tm2_planning_v02_user_0016_habit_quiet_hotel_for_work_p02_exception,tm2_planning_v02_user_0016,exception,B,True,,,"A South Beach hotel with a popular pool scene, on-site bars, group-friendly common areas, and walkable nightlife."
taskmaster_planning_v02_probe_67ab27d585bb24f8,tm2_planning_v02_user_0016_habit_quiet_hotel_for_work_p02_exception,tm2_planning_v02_user_0016,exception,C,False,,,"A calm luxury resort north of Miami with spa facilities, beach access, and a quieter evening atmosphere."
taskmaster_planning_v02_probe_67ab27d585bb24f8,tm2_planning_v02_user_0016_habit_quiet_hotel_for_work_p02_exception,tm2_planning_v02_user_0016,exception,D,False,,,"A quiet business-oriented hotel in Brickell with spacious desks, strong Wi-Fi, and rooms away from elevators."
taskmaster_planning_v02_probe_7367025f6cdc59e8,tm2_planning_v02_user_0016_habit_quiet_hotel_for_work_p03_explicit_retrieval,tm2_planning_v02_user_0016,explicit_retrieval,A,False,,noisy,"Choose the cheapest hotel available near transit, even if the room may be noisy or poorly suited for calls."
taskmaster_planning_v02_probe_7367025f6cdc59e8,tm2_planning_v02_user_0016_habit_quiet_hotel_for_work_p03_explicit_retrieval,tm2_planning_v02_user_0016,explicit_retrieval,B,False,,,"Choose airport hotels to minimize arrival and departure logistics, even when meetings are elsewhere."
taskmaster_planning_v02_probe_7367025f6cdc59e8,tm2_planning_v02_user_0016_habit_quiet_hotel_for_work_p03_explicit_retrieval,tm2_planning_v02_user_0016,explicit_retrieval,C,True,,,"Choose quieter hotels with reliable workspace, strong Wi-Fi, and a calm room setup, even over livelier or amenity-focused properties."
taskmaster_planning_v02_probe_7367025f6cdc59e8,tm2_planning_v02_user_0016_habit_quiet_hotel_for_work_p03_explicit_retrieval,tm2_planning_v02_user_0016,explicit_retrieval,D,False,,,"Choose nightlife-heavy hotels with bars, pools, and social areas so group activities stay convenient."
taskmaster_planning_v02_probe_33209a334a4f8d31,tm2_planning_v02_user_0017_habit_leisure_relaxed_pacing_p00_direct_use,tm2_planning_v02_user_0017,direct_use,A,False,,,"Take the 6:05 a.m. one-stop flight that gets in before noon, drop bags at the hotel, and book a harbor tour plus a carriage tour before dinner."
taskmaster_planning_v02_probe_33209a334a4f8d31,tm2_planning_v02_user_0017_habit_leisure_relaxed_pacing_p00_direct_use,tm2_planning_v02_user_0017,direct_use,B,False,,,"Take the earliest nonstop, rent a car right away, and use arrival day for a beach stop, a plantation visit, and a downtown dinner reservation."
taskmaster_planning_v02_probe_33209a334a4f8d31,tm2_planning_v02_user_0017_habit_leisure_relaxed_pacing_p00_direct_use,tm2_planning_v02_user_0017,direct_use,C,False,,,"Take an after-work connection that arrives around 11:30 p.m., saving daytime hours at home and starting sightseeing early the next morning."
taskmaster_planning_v02_probe_33209a334a4f8d31,tm2_planning_v02_user_0017_habit_leisure_relaxed_pacing_p00_direct_use,tm2_planning_v02_user_0017,direct_use,D,True,,,"Take a midmorning nonstop that arrives early afternoon, then leave the first day for hotel check-in, a short waterfront walk, and an easy dinner nearby."
taskmaster_planning_v02_probe_6b68ebd63fd1a13f,tm2_planning_v02_user_0017_habit_leisure_relaxed_pacing_p01_boundary,tm2_planning_v02_user_0017,boundary,A,False,,,"Fly in Sunday night, stay across town near restaurants for a more relaxed Monday, and take a Wednesday morning return flight to avoid traveling late."
taskmaster_planning_v02_probe_6b68ebd63fd1a13f,tm2_planning_v02_user_0017_habit_leisure_relaxed_pacing_p01_boundary,tm2_planning_v02_user_0017,boundary,B,False,,,"Choose the cheapest Monday one-stop flight arriving after 9:00 p.m., stay near the airport, and rely on early rideshares to reach the workshop each morning."
taskmaster_planning_v02_probe_6b68ebd63fd1a13f,tm2_planning_v02_user_0017_habit_leisure_relaxed_pacing_p01_boundary,tm2_planning_v02_user_0017,boundary,C,False,,,"Book a Monday afternoon flight arriving around 5:00 p.m., choose a quiet hotel 25 minutes from downtown, and schedule a Wednesday 5:15 p.m. return to keep the trip compact."
taskmaster_planning_v02_probe_6b68ebd63fd1a13f,tm2_planning_v02_user_0017_habit_leisure_relaxed_pacing_p01_boundary,tm2_planning_v02_user_0017,boundary,D,True,,,"Book a Monday late-morning nonstop arriving around 1:00 p.m., choose a hotel within walking distance of the client office and dinner, and schedule a Wednesday 7:00 p.m. nonstop return."
taskmaster_planning_v02_probe_38425dd89466864e,tm2_planning_v02_user_0017_habit_leisure_relaxed_pacing_p02_exception,tm2_planning_v02_user_0017,exception,A,True,,,"Book the earliest reasonable nonstop arrival, drop bags at the hotel, go straight to the tram, schedule Joshua Tree for sunset, and reserve the architecture tour the next morning."
taskmaster_planning_v02_probe_38425dd89466864e,tm2_planning_v02_user_0017_habit_leisure_relaxed_pacing_p02_exception,tm2_planning_v02_user_0017,exception,B,False,,,"Book a midmorning arrival, keep the first afternoon open for settling in, visit the tram the next day, and skip Joshua Tree if it feels rushed."
taskmaster_planning_v02_probe_38425dd89466864e,tm2_planning_v02_user_0017_habit_leisure_relaxed_pacing_p02_exception,tm2_planning_v02_user_0017,exception,C,False,,,"Stay at a quiet resort outside town, plan only one major activity per day, and leave wide gaps between outings for pool time and meals."
taskmaster_planning_v02_probe_38425dd89466864e,tm2_planning_v02_user_0017_habit_leisure_relaxed_pacing_p02_exception,tm2_planning_v02_user_0017,exception,D,False,,,"Choose the cheapest flight even if it arrives late at night, then keep the next morning slow to recover before deciding which sights to prioritize."
taskmaster_planning_v02_probe_62a38a7693628705,tm2_planning_v02_user_0017_habit_leisure_relaxed_pacing_p03_explicit_retrieval,tm2_planning_v02_user_0017,explicit_retrieval,A,True,rather_than,,"Choose normal-hour or midmorning travel, easy transfers, and a lighter schedule rather than squeezing in every possible activity."
taskmaster_planning_v02_probe_62a38a7693628705,tm2_planning_v02_user_0017_habit_leisure_relaxed_pacing_p03_explicit_retrieval,tm2_planning_v02_user_0017,explicit_retrieval,B,False,,,"Plan every trip around fixed appointment times and the closest lodging to meeting venues, including casual vacations."
taskmaster_planning_v02_probe_62a38a7693628705,tm2_planning_v02_user_0017_habit_leisure_relaxed_pacing_p03_explicit_retrieval,tm2_planning_v02_user_0017,explicit_retrieval,C,False,,,"Pick the cheapest flights and lodging even if that requires very early departures, long layovers, or less convenient locations."
taskmaster_planning_v02_probe_62a38a7693628705,tm2_planning_v02_user_0017_habit_leisure_relaxed_pacing_p03_explicit_retrieval,tm2_planning_v02_user_0017,explicit_retrieval,D,False,,,"Front-load each trip with packed sightseeing, late arrivals, and minimal downtime to maximize time at the destination."
taskmaster_planning_v02_probe_b2089df260b8b813,tm2_planning_v02_user_0018_habit_family_trip_flexible_cancellation_p00_direct_use,tm2_planning_v02_user_0018,direct_use,A,False,though;even_though,limited;though,"Book only the flights now and wait to reserve lodging in case hotel prices drop, even though family-size rooms may become limited."
taskmaster_planning_v02_probe_b2089df260b8b813,tm2_planning_v02_user_0018_habit_family_trip_flexible_cancellation_p00_direct_use,tm2_planning_v02_user_0018,direct_use,B,False,,,"The lowest-priced package with basic economy flights and a prepaid, nonrefundable hotel, saving about $420 compared with the next option."
taskmaster_planning_v02_probe_b2089df260b8b813,tm2_planning_v02_user_0018_habit_family_trip_flexible_cancellation_p00_direct_use,tm2_planning_v02_user_0018,direct_use,C,False,but,but,"A premium package with extra-legroom seats and a fully refundable resort stay, but it costs about $1,200 more than the cheapest package."
taskmaster_planning_v02_probe_b2089df260b8b813,tm2_planning_v02_user_0018_habit_family_trip_flexible_cancellation_p00_direct_use,tm2_planning_v02_user_0018,direct_use,D,True,,,A package costing about $300 more with standard economy flights that can be changed for fare differences and a hotel cancellable until three days before arrival.
taskmaster_planning_v02_probe_efd56a67e578b5ce,tm2_planning_v02_user_0018_habit_family_trip_flexible_cancellation_p01_boundary,tm2_planning_v02_user_0018,boundary,A,False,while,,"Wait until the week of the exam to book, hoping last-minute rates drop while accepting less choice near the test center."
taskmaster_planning_v02_probe_efd56a67e578b5ce,tm2_planning_v02_user_0018_habit_family_trip_flexible_cancellation_p01_boundary,tm2_planning_v02_user_0018,boundary,B,True,,,"Book the $129/night prepaid, nonrefundable room to keep the cost down."
taskmaster_planning_v02_probe_efd56a67e578b5ce,tm2_planning_v02_user_0018_habit_family_trip_flexible_cancellation_p01_boundary,tm2_planning_v02_user_0018,boundary,C,False,,,Pay $169/night for a room with free cancellation until the day before arrival.
taskmaster_planning_v02_probe_efd56a67e578b5ce,tm2_planning_v02_user_0018_habit_family_trip_flexible_cancellation_p01_boundary,tm2_planning_v02_user_0018,boundary,D,False,,,Pay $185/night for a fully refundable room that also includes extra beds and a kitchenette.
taskmaster_planning_v02_probe_3408da17215f1ae5,tm2_planning_v02_user_0018_habit_family_trip_flexible_cancellation_p02_exception,tm2_planning_v02_user_0018,exception,A,False,,,A refundable vacation rental at $225 per night with a flexible check-in window and lower cleaning fee.
taskmaster_planning_v02_probe_3408da17215f1ae5,tm2_planning_v02_user_0018_habit_family_trip_flexible_cancellation_p02_exception,tm2_planning_v02_user_0018,exception,B,False,,,A fully refundable hotel at $240 per night with free changes until the day before arrival.
taskmaster_planning_v02_probe_3408da17215f1ae5,tm2_planning_v02_user_0018_habit_family_trip_flexible_cancellation_p02_exception,tm2_planning_v02_user_0018,exception,C,True,,,A prepaid nonrefundable hotel at $168 per night with no changes allowed.
taskmaster_planning_v02_probe_3408da17215f1ae5,tm2_planning_v02_user_0018_habit_family_trip_flexible_cancellation_p02_exception,tm2_planning_v02_user_0018,exception,D,False,,,A partially refundable hotel at $205 per night with a one-night cancellation penalty.
taskmaster_planning_v02_probe_cb8bfd55b85c16ab,tm2_planning_v02_user_0018_habit_family_trip_flexible_cancellation_p03_explicit_retrieval,tm2_planning_v02_user_0018,explicit_retrieval,A,False,,,Always choose the lowest nonrefundable price and rely on travel insurance if plans change.
taskmaster_planning_v02_probe_cb8bfd55b85c16ab,tm2_planning_v02_user_0018_habit_family_trip_flexible_cancellation_p03_explicit_retrieval,tm2_planning_v02_user_0018,explicit_retrieval,B,False,,,Prioritize nonstop flights and central hotels even when cancellation terms are strict.
taskmaster_planning_v02_probe_cb8bfd55b85c16ab,tm2_planning_v02_user_0018_habit_family_trip_flexible_cancellation_p03_explicit_retrieval,tm2_planning_v02_user_0018,explicit_retrieval,C,True,,,"Pay a bit more for refundable or changeable bookings when traveling with children or multiple relatives, instead of choosing the cheapest prepaid option."
taskmaster_planning_v02_probe_cb8bfd55b85c16ab,tm2_planning_v02_user_0018_habit_family_trip_flexible_cancellation_p03_explicit_retrieval,tm2_planning_v02_user_0018,explicit_retrieval,D,False,,,Choose premium cabins and luxury rooms for family comfort regardless of change fees.
taskmaster_planning_v02_probe_d053ceb3d7703e5c,tm2_planning_v02_user_0019_habit_short_trip_no_checked_bag_p00_direct_use,tm2_planning_v02_user_0019,direct_use,A,False,but,but,A refundable late-evening fare that includes two checked bags but arrives close to midnight.
taskmaster_planning_v02_probe_d053ceb3d7703e5c,tm2_planning_v02_user_0019_habit_short_trip_no_checked_bag_p00_direct_use,tm2_planning_v02_user_0019,direct_use,B,False,,,"The cheapest basic economy fare with a personal item only; overhead bin bags are not allowed, and checking a bag costs extra."
taskmaster_planning_v02_probe_d053ceb3d7703e5c,tm2_planning_v02_user_0019_habit_short_trip_no_checked_bag_p00_direct_use,tm2_planning_v02_user_0019,direct_use,C,True,but,but,A standard economy nonstop that costs a bit more but includes an overhead carry-on and seat selection.
taskmaster_planning_v02_probe_d053ceb3d7703e5c,tm2_planning_v02_user_0019_habit_short_trip_no_checked_bag_p00_direct_use,tm2_planning_v02_user_0019,direct_use,D,False,,tight,A lower-priced one-stop itinerary with a tight 40-minute connection and a checked bag included.
taskmaster_planning_v02_probe_44aa0b5550314685,tm2_planning_v02_user_0019_habit_short_trip_no_checked_bag_p01_boundary,tm2_planning_v02_user_0019,boundary,A,True,,,"A main cabin itinerary with a clear checked-bag allowance or easy prepaid checked baggage, ideally with a reasonable schedule."
taskmaster_planning_v02_probe_44aa0b5550314685,tm2_planning_v02_user_0019_habit_short_trip_no_checked_bag_p01_boundary,tm2_planning_v02_user_0019,boundary,B,False,,,"The cheapest basic economy fare that allows only a personal item, assuming the traveler can avoid any checked baggage."
taskmaster_planning_v02_probe_44aa0b5550314685,tm2_planning_v02_user_0019_habit_short_trip_no_checked_bag_p01_boundary,tm2_planning_v02_user_0019,boundary,C,False,,,A carry-on-only fare with a longer layover so the traveler can keep everything with them.
taskmaster_planning_v02_probe_44aa0b5550314685,tm2_planning_v02_user_0019_habit_short_trip_no_checked_bag_p01_boundary,tm2_planning_v02_user_0019,boundary,D,False,,tight,"A tight-connection itinerary with a low fare, even if oversized or checked-item handling is unclear."
taskmaster_planning_v02_probe_e6999083650693e6,tm2_planning_v02_user_0019_habit_short_trip_no_checked_bag_p02_exception,tm2_planning_v02_user_0019,exception,A,False,though;even_though,uncertain;though,"A late-night nonstop with no checked-bag allowance, relying on shipping the display and samples separately even though arrival timing is uncertain."
taskmaster_planning_v02_probe_e6999083650693e6,tm2_planning_v02_user_0019_habit_short_trip_no_checked_bag_p02_exception,tm2_planning_v02_user_0019,exception,B,False,,,The cheapest basic economy nonstop that allows only a personal item and charges high fees for any larger bag.
taskmaster_planning_v02_probe_e6999083650693e6,tm2_planning_v02_user_0019_habit_short_trip_no_checked_bag_p02_exception,tm2_planning_v02_user_0019,exception,C,True,but,but,A standard economy nonstop that costs a bit more but includes one checked bag and enough time at the airport to drop it off.
taskmaster_planning_v02_probe_e6999083650693e6,tm2_planning_v02_user_0019_habit_short_trip_no_checked_bag_p02_exception,tm2_planning_v02_user_0019,exception,D,False,,tight,A slightly cheaper one-stop itinerary with tight connection times and carry-on-only fare rules.
taskmaster_planning_v02_probe_0e13dad10e3e7d83,tm2_planning_v02_user_0019_habit_short_trip_no_checked_bag_p03_explicit_retrieval,tm2_planning_v02_user_0019,explicit_retrieval,A,False,,,"Choose the lowest fare available, accepting checked-bag requirements or restrictive baggage rules."
taskmaster_planning_v02_probe_0e13dad10e3e7d83,tm2_planning_v02_user_0019_habit_short_trip_no_checked_bag_p03_explicit_retrieval,tm2_planning_v02_user_0019,explicit_retrieval,B,False,,,Prioritize extra legroom or premium seating over baggage flexibility on short trips.
taskmaster_planning_v02_probe_0e13dad10e3e7d83,tm2_planning_v02_user_0019_habit_short_trip_no_checked_bag_p03_explicit_retrieval,tm2_planning_v02_user_0019,explicit_retrieval,C,False,,,"Prefer connecting flights if they reduce the ticket price, even when they make luggage handling less convenient."
taskmaster_planning_v02_probe_0e13dad10e3e7d83,tm2_planning_v02_user_0019_habit_short_trip_no_checked_bag_p03_explicit_retrieval,tm2_planning_v02_user_0019,explicit_retrieval,D,True,,,"Select carry-on-friendly fares and itineraries, even if a cheaper option would require checking a bag."
taskmaster_planning_v02_probe_bffad658c8c87244,tm2_planning_v02_user_0020_habit_international_long_layover_buffer_p00_direct_use,tm2_planning_v02_user_0020,direct_use,A,False,,,"SFO–Frankfurt–Naples for $710, with a 55-minute connection in Frankfurt and 14h 20m total travel time."
taskmaster_planning_v02_probe_bffad658c8c87244,tm2_planning_v02_user_0020_habit_international_long_layover_buffer_p00_direct_use,tm2_planning_v02_user_0020,direct_use,B,False,,,"SFO–Munich–Naples for $760, with a 1h 15m connection in Munich and 14h 55m total travel time."
taskmaster_planning_v02_probe_bffad658c8c87244,tm2_planning_v02_user_0020_habit_international_long_layover_buffer_p00_direct_use,tm2_planning_v02_user_0020,direct_use,C,False,,,"SFO–Lisbon–Naples for $690, with a 7h 30m connection in Lisbon and 20h 10m total travel time."
taskmaster_planning_v02_probe_bffad658c8c87244,tm2_planning_v02_user_0020_habit_international_long_layover_buffer_p00_direct_use,tm2_planning_v02_user_0020,direct_use,D,True,,,"SFO–Amsterdam–Naples for $830, with a 2h 55m connection in Amsterdam and 16h 05m total travel time."
taskmaster_planning_v02_probe_d7fd21e5e56ea357,tm2_planning_v02_user_0020_habit_international_long_layover_buffer_p01_boundary,tm2_planning_v02_user_0020,boundary,A,True,,,A nonstop mid-morning flight with a total travel time of about 2.5 hours.
taskmaster_planning_v02_probe_d7fd21e5e56ea357,tm2_planning_v02_user_0020_habit_international_long_layover_buffer_p01_boundary,tm2_planning_v02_user_0020,boundary,B,False,,,An overnight connection through Las Vegas that arrives early the next morning.
taskmaster_planning_v02_probe_d7fd21e5e56ea357,tm2_planning_v02_user_0020_habit_international_long_layover_buffer_p01_boundary,tm2_planning_v02_user_0020,boundary,C,False,but,but,A one-stop itinerary through Dallas that is $15 cheaper but takes nearly 6 hours total.
taskmaster_planning_v02_probe_d7fd21e5e56ea357,tm2_planning_v02_user_0020_habit_international_long_layover_buffer_p01_boundary,tm2_planning_v02_user_0020,boundary,D,False,,,A one-stop itinerary through Phoenix with a 3.5-hour layover for extra buffer time.
taskmaster_planning_v02_probe_2bed54ffcb9ab165,tm2_planning_v02_user_0020_habit_international_long_layover_buffer_p02_exception,tm2_planning_v02_user_0020,exception,A,False,,,"Vancouver to Amsterdam via Reykjavik, 2h 10m connection, 12h 05m total travel time, simpler terminal layout"
taskmaster_planning_v02_probe_2bed54ffcb9ab165,tm2_planning_v02_user_0020_habit_international_long_layover_buffer_p02_exception,tm2_planning_v02_user_0020,exception,B,False,,,"Vancouver to Amsterdam via London, 2h 45m connection, 12h 30m total travel time"
taskmaster_planning_v02_probe_2bed54ffcb9ab165,tm2_planning_v02_user_0020_habit_international_long_layover_buffer_p02_exception,tm2_planning_v02_user_0020,exception,C,False,,,"Vancouver to Amsterdam via Paris, 4h 20m connection, 13h 10m total travel time, slightly cheaper fare"
taskmaster_planning_v02_probe_2bed54ffcb9ab165,tm2_planning_v02_user_0020_habit_international_long_layover_buffer_p02_exception,tm2_planning_v02_user_0020,exception,D,True,,,"Vancouver to Amsterdam via Frankfurt, 45-minute connection, 10h 40m total travel time"
taskmaster_planning_v02_probe_e698caabe3ee20e3,tm2_planning_v02_user_0020_habit_international_long_layover_buffer_p03_explicit_retrieval,tm2_planning_v02_user_0020,explicit_retrieval,A,False,,,"Avoid layovers entirely by selecting only nonstop flights, regardless of price or schedule."
taskmaster_planning_v02_probe_e698caabe3ee20e3,tm2_planning_v02_user_0020_habit_international_long_layover_buffer_p03_explicit_retrieval,tm2_planning_v02_user_0020,explicit_retrieval,B,True,,tight,"Prefer a longer connection buffer over a tight layover, even if the overall trip takes longer."
taskmaster_planning_v02_probe_e698caabe3ee20e3,tm2_planning_v02_user_0020_habit_international_long_layover_buffer_p03_explicit_retrieval,tm2_planning_v02_user_0020,explicit_retrieval,C,False,,,Prioritize the lowest fare over connection timing for international routes.
taskmaster_planning_v02_probe_e698caabe3ee20e3,tm2_planning_v02_user_0020_habit_international_long_layover_buffer_p03_explicit_retrieval,tm2_planning_v02_user_0020,explicit_retrieval,D,False,,tight,"Choose the shortest total itinerary whenever it is available, even if the connection is tight."
taskmaster_planning_v02_probe_1de13246272a77d7,tm2_planning_v02_user_0021_habit_red_eye_avoidance_p00_direct_use,tm2_planning_v02_user_0021,direct_use,A,False,,,An 11:45 PM Monday nonstop arriving at 2:20 AM Tuesday for $319.
taskmaster_planning_v02_probe_1de13246272a77d7,tm2_planning_v02_user_0021_habit_red_eye_avoidance_p00_direct_use,tm2_planning_v02_user_0021,direct_use,B,False,,,"A 10:05 PM Monday one-stop itinerary arriving at 7:20 AM Tuesday for $288, with a 70-minute connection."
taskmaster_planning_v02_probe_1de13246272a77d7,tm2_planning_v02_user_0021_habit_red_eye_avoidance_p00_direct_use,tm2_planning_v02_user_0021,direct_use,C,True,,,A 7:30 AM Tuesday nonstop arriving at 10:05 AM Tuesday for $348.
taskmaster_planning_v02_probe_1de13246272a77d7,tm2_planning_v02_user_0021_habit_red_eye_avoidance_p00_direct_use,tm2_planning_v02_user_0021,direct_use,D,False,,,"A 6:10 AM Tuesday one-stop itinerary arriving at 1:35 PM Tuesday for $342, with a 40-minute connection."
taskmaster_planning_v02_probe_a9a8938fb3e43d68,tm2_planning_v02_user_0021_habit_red_eye_avoidance_p01_boundary,tm2_planning_v02_user_0021,boundary,A,False,though;even_though,though,"Recommend the Friday 6:00 a.m. one-stop because it is the lowest fare, even though it arrives after the requested time."
taskmaster_planning_v02_probe_a9a8938fb3e43d68,tm2_planning_v02_user_0021_habit_red_eye_avoidance_p01_boundary,tm2_planning_v02_user_0021,boundary,B,True,,,Recommend the Thursday 10:45 p.m. red-eye because it preserves Thursday daytime and arrives before 8:30 a.m. Friday.
taskmaster_planning_v02_probe_a9a8938fb3e43d68,tm2_planning_v02_user_0021_habit_red_eye_avoidance_p01_boundary,tm2_planning_v02_user_0021,boundary,C,False,,,Recommend the Thursday 1:30 p.m. nonstop because it avoids overnight travel and is slightly cheaper.
taskmaster_planning_v02_probe_a9a8938fb3e43d68,tm2_planning_v02_user_0021_habit_red_eye_avoidance_p01_boundary,tm2_planning_v02_user_0021,boundary,D,False,though;even_though,though,"Recommend the Wednesday 11:30 p.m. red-eye because it avoids traveling during Thursday daytime, even though it arrives a day early and may require an extra hotel night."
taskmaster_planning_v02_probe_749040b29f603451,tm2_planning_v02_user_0021_habit_red_eye_avoidance_p02_exception,tm2_planning_v02_user_0021,exception,A,False,,miss,"Suggest leaving Friday morning instead to avoid overnight travel, even if it misses the requested arrival timing."
taskmaster_planning_v02_probe_749040b29f603451,tm2_planning_v02_user_0021_habit_red_eye_avoidance_p02_exception,tm2_planning_v02_user_0021,exception,B,False,,,Choose the cheapest Wednesday daytime one-stop itinerary because it saves money and avoids a red-eye.
taskmaster_planning_v02_probe_749040b29f603451,tm2_planning_v02_user_0021_habit_red_eye_avoidance_p02_exception,tm2_planning_v02_user_0021,exception,C,False,though;even_though,though,"Recommend a Thursday midday nonstop because it avoids overnight travel, even though it uses the daytime the user asked to keep open."
taskmaster_planning_v02_probe_749040b29f603451,tm2_planning_v02_user_0021_habit_red_eye_avoidance_p02_exception,tm2_planning_v02_user_0021,exception,D,True,,,"Prioritize a Wednesday-night red-eye arriving Thursday morning, as long as the fare and routing are reasonable."
taskmaster_planning_v02_probe_ea4168b461cb7319,tm2_planning_v02_user_0021_habit_red_eye_avoidance_p03_explicit_retrieval,tm2_planning_v02_user_0021,explicit_retrieval,A,False,,,Avoid early-morning departures even if they are nonstop and substantially cheaper.
taskmaster_planning_v02_probe_ea4168b461cb7319,tm2_planning_v02_user_0021_habit_red_eye_avoidance_p03_explicit_retrieval,tm2_planning_v02_user_0021,explicit_retrieval,B,False,,,Prioritize red-eye flights because they preserve more daytime hours at the destination.
taskmaster_planning_v02_probe_ea4168b461cb7319,tm2_planning_v02_user_0021_habit_red_eye_avoidance_p03_explicit_retrieval,tm2_planning_v02_user_0021,explicit_retrieval,C,True,,,"Prefer normal-hour flights, and include red-eyes only when they provide a major price or schedule advantage."
taskmaster_planning_v02_probe_ea4168b461cb7319,tm2_planning_v02_user_0021_habit_red_eye_avoidance_p03_explicit_retrieval,tm2_planning_v02_user_0021,explicit_retrieval,D,False,,,"Choose the lowest fare whenever possible, even if that means selecting an overnight flight."
taskmaster_planning_v02_probe_3a3999d843749314,tm2_planning_v02_user_0022_habit_airport_transfer_reliability_p00_direct_use,tm2_planning_v02_user_0022,direct_use,A,False,,,Use the light rail and walk from the nearest station to the hotel to keep the transfer cost low.
taskmaster_planning_v02_probe_3a3999d843749314,tm2_planning_v02_user_0022_habit_airport_transfer_reliability_p00_direct_use,tm2_planning_v02_user_0022,direct_use,B,False,,,Book a shared airport shuttle with multiple hotel stops because it is less expensive than a private pickup.
taskmaster_planning_v02_probe_3a3999d843749314,tm2_planning_v02_user_0022_habit_airport_transfer_reliability_p00_direct_use,tm2_planning_v02_user_0022,direct_use,C,True,,,"Pre-book a flight-tracked airport car or confirmed executive transfer with a defined pickup window, even if it costs more than the cheapest option."
taskmaster_planning_v02_probe_3a3999d843749314,tm2_planning_v02_user_0022_habit_airport_transfer_reliability_p00_direct_use,tm2_planning_v02_user_0022,direct_use,D,False,,,Wait until landing to compare rideshare prices and request whichever app is cheapest at that moment.
taskmaster_planning_v02_probe_734718006703b624,tm2_planning_v02_user_0022_habit_airport_transfer_reliability_p01_boundary,tm2_planning_v02_user_0022,boundary,A,False,though;even_though,though,Reserve a flight-tracked private car in advance so the pickup is guaranteed even though the schedule is flexible.
taskmaster_planning_v02_probe_734718006703b624,tm2_planning_v02_user_0022_habit_airport_transfer_reliability_p01_boundary,tm2_planning_v02_user_0022,boundary,B,False,,,"Arrange a fixed-time shuttle now, even if it means waiting at the airport or paying more than needed."
taskmaster_planning_v02_probe_734718006703b624,tm2_planning_v02_user_0022_habit_airport_transfer_reliability_p01_boundary,tm2_planning_v02_user_0022,boundary,C,True,,,"Decide after landing based on wait times, luggage, and mood, using a rideshare, taxi, or train if it looks convenient."
taskmaster_planning_v02_probe_734718006703b624,tm2_planning_v02_user_0022_habit_airport_transfer_reliability_p01_boundary,tm2_planning_v02_user_0022,boundary,D,False,,uncertain,Book a premium airport transfer with meet-and-greet service to avoid any uncertainty on arrival.
taskmaster_planning_v02_probe_91f3ca9ae497b181,tm2_planning_v02_user_0022_habit_airport_transfer_reliability_p02_exception,tm2_planning_v02_user_0022,exception,A,False,,,Book a flight-tracked private car in advance so the driver is waiting even if the flight arrives late.
taskmaster_planning_v02_probe_91f3ca9ae497b181,tm2_planning_v02_user_0022_habit_airport_transfer_reliability_p02_exception,tm2_planning_v02_user_0022,exception,B,True,,,"Take the CTA Blue Line from O'Hare toward downtown, then walk or make a short local connection to the hotel."
taskmaster_planning_v02_probe_91f3ca9ae497b181,tm2_planning_v02_user_0022_habit_airport_transfer_reliability_p02_exception,tm2_planning_v02_user_0022,exception,C,False,,,Use an on-demand rideshare from the terminal pickup area to avoid navigating trains with luggage.
taskmaster_planning_v02_probe_91f3ca9ae497b181,tm2_planning_v02_user_0022_habit_airport_transfer_reliability_p02_exception,tm2_planning_v02_user_0022,exception,D,False,,,Reserve a direct airport shuttle to the hotel for a more predictable door-to-door arrival.
taskmaster_planning_v02_probe_07ead1dc92ac06e2,tm2_planning_v02_user_0022_habit_airport_transfer_reliability_p03_explicit_retrieval,tm2_planning_v02_user_0022,explicit_retrieval,A,False,,,"For personal vacations, always book a premium private airport car in advance regardless of schedule flexibility."
taskmaster_planning_v02_probe_07ead1dc92ac06e2,tm2_planning_v02_user_0022_habit_airport_transfer_reliability_p03_explicit_retrieval,tm2_planning_v02_user_0022,explicit_retrieval,B,True,rather_than,least certain,"For client, meeting, or work trips that need airport ground transportation, choose a predictable prearranged transfer such as a scheduled car or confirmed shuttle rather than the cheapest or least certain option."
taskmaster_planning_v02_probe_07ead1dc92ac06e2,tm2_planning_v02_user_0022_habit_airport_transfer_reliability_p03_explicit_retrieval,tm2_planning_v02_user_0022,explicit_retrieval,C,False,,,"For work trips, avoid reserved airport transfers and rely on public transit to reduce costs and explore the city."
taskmaster_planning_v02_probe_07ead1dc92ac06e2,tm2_planning_v02_user_0022_habit_airport_transfer_reliability_p03_explicit_retrieval,tm2_planning_v02_user_0022,explicit_retrieval,D,False,,,"For most trips, prioritize the lowest-cost airport transportation option, even if that means waiting until arrival to decide."
taskmaster_planning_v02_probe_489dfbad3d2b5ca3,tm2_planning_v02_user_0023_habit_early_morning_avoidance_p00_direct_use,tm2_planning_v02_user_0023,direct_use,A,True,,,"10:30 a.m. nonstop, arrives 12:30 p.m., $204"
taskmaster_planning_v02_probe_489dfbad3d2b5ca3,tm2_planning_v02_user_0023_habit_early_morning_avoidance_p00_direct_use,tm2_planning_v02_user_0023,direct_use,B,False,,,"2:15 p.m. one-stop, arrives 6:55 p.m., $188"
taskmaster_planning_v02_probe_489dfbad3d2b5ca3,tm2_planning_v02_user_0023_habit_early_morning_avoidance_p00_direct_use,tm2_planning_v02_user_0023,direct_use,C,False,,,"8:40 p.m. nonstop, arrives 10:40 p.m., $229"
taskmaster_planning_v02_probe_489dfbad3d2b5ca3,tm2_planning_v02_user_0023_habit_early_morning_avoidance_p00_direct_use,tm2_planning_v02_user_0023,direct_use,D,False,,,"6:05 a.m. nonstop, arrives 8:05 a.m., $178"
taskmaster_planning_v02_probe_068cf2d835763cdb,tm2_planning_v02_user_0023_habit_early_morning_avoidance_p01_boundary,tm2_planning_v02_user_0023,boundary,A,False,,,"Fly in the previous evening on a 7:55 p.m. nonstop arriving at 9:30 p.m., then stay near the client so the morning is relaxed."
taskmaster_planning_v02_probe_068cf2d835763cdb,tm2_planning_v02_user_0023_habit_early_morning_avoidance_p01_boundary,tm2_planning_v02_user_0023,boundary,B,False,,,Take the 6:45 a.m. nonstop arriving at 8:20 a.m.; it costs a bit less and avoids the earliest listed departure.
taskmaster_planning_v02_probe_068cf2d835763cdb,tm2_planning_v02_user_0023_habit_early_morning_avoidance_p01_boundary,tm2_planning_v02_user_0023,boundary,C,True,but,without;but,Take the 5:50 a.m. nonstop arriving at 7:25 a.m.; it is a dawn start but leaves a solid cushion before the client time without adding a hotel.
taskmaster_planning_v02_probe_068cf2d835763cdb,tm2_planning_v02_user_0023_habit_early_morning_avoidance_p01_boundary,tm2_planning_v02_user_0023,boundary,D,False,,,Take the 7:25 a.m. one-stop arriving at 10:10 a.m.; it is the lowest same-day fare and makes the departure morning easier.
taskmaster_planning_v02_probe_598617a34a8fdee6,tm2_planning_v02_user_0023_habit_early_morning_avoidance_p02_exception,tm2_planning_v02_user_0023,exception,A,False,,,"8:45 a.m. departure, nonstop, arrives at 2:05 p.m., $264"
taskmaster_planning_v02_probe_598617a34a8fdee6,tm2_planning_v02_user_0023_habit_early_morning_avoidance_p02_exception,tm2_planning_v02_user_0023,exception,B,False,,,"12:15 p.m. departure, nonstop, arrives at 5:35 p.m., $251"
taskmaster_planning_v02_probe_598617a34a8fdee6,tm2_planning_v02_user_0023_habit_early_morning_avoidance_p02_exception,tm2_planning_v02_user_0023,exception,C,True,,,"5:15 a.m. departure, one short connection, arrives at 11:20 a.m., $286"
taskmaster_planning_v02_probe_598617a34a8fdee6,tm2_planning_v02_user_0023_habit_early_morning_avoidance_p02_exception,tm2_planning_v02_user_0023,exception,D,False,,,"10:30 a.m. departure, one connection, arrives at 4:10 p.m., $238"
taskmaster_planning_v02_probe_538cd114ceccd876,tm2_planning_v02_user_0023_habit_early_morning_avoidance_p03_explicit_retrieval,tm2_planning_v02_user_0023,explicit_retrieval,A,False,,,"Prioritize nonstop red-eye flights whenever available, even if the user did not request them."
taskmaster_planning_v02_probe_538cd114ceccd876,tm2_planning_v02_user_0023_habit_early_morning_avoidance_p03_explicit_retrieval,tm2_planning_v02_user_0023,explicit_retrieval,B,False,,,Always book the earliest flight for international itineraries to maximize connection time.
taskmaster_planning_v02_probe_538cd114ceccd876,tm2_planning_v02_user_0023_habit_early_morning_avoidance_p03_explicit_retrieval,tm2_planning_v02_user_0023,explicit_retrieval,C,False,,,Choose the cheapest flight even if it leaves before dawn.
taskmaster_planning_v02_probe_538cd114ceccd876,tm2_planning_v02_user_0023_habit_early_morning_avoidance_p03_explicit_retrieval,tm2_planning_v02_user_0023,explicit_retrieval,D,True,,,Favor mid-morning or later departures over very early flights when the trip is nonurgent and personal.
taskmaster_planning_v02_probe_d96c4d2345d81448,tm2_planning_v02_user_0024_habit_business_travel_arrival_buffer_p00_direct_use,tm2_planning_v02_user_0024,direct_use,A,False,,,"Take the lowest-cost Tuesday morning flight scheduled to land at 8:05 a.m., skip the Monday hotel night, and go straight from RDU to the client site."
taskmaster_planning_v02_probe_d96c4d2345d81448,tm2_planning_v02_user_0024_habit_business_travel_arrival_buffer_p00_direct_use,tm2_planning_v02_user_0024,direct_use,B,False,,,"Take the cheapest late-Monday connection scheduled to land at 12:15 a.m. Tuesday, use an airport hotel about 45 minutes from the client site, and save about $190."
taskmaster_planning_v02_probe_d96c4d2345d81448,tm2_planning_v02_user_0024_habit_business_travel_arrival_buffer_p00_direct_use,tm2_planning_v02_user_0024,direct_use,C,False,,,"Fly Tuesday morning into Greensboro because the fare is about $150 lower, land at 6:55 a.m., and rent a car for the drive to the Raleigh meeting."
taskmaster_planning_v02_probe_d96c4d2345d81448,tm2_planning_v02_user_0024_habit_business_travel_arrival_buffer_p00_direct_use,tm2_planning_v02_user_0024,direct_use,D,True,though;even_though,though,"Fly Monday afternoon, land around 3:00 p.m., and book a hotel within a 10-minute ride of the client's office, even though it costs about $140 more overall."
taskmaster_planning_v02_probe_aeb8ce06a986a6f5,tm2_planning_v02_user_0024_habit_business_travel_arrival_buffer_p01_boundary,tm2_planning_v02_user_0024,boundary,A,False,despite,despite,"Choose a red-eye arriving very early Friday morning to maximize unused time in the city, despite likely making the first day tiring."
taskmaster_planning_v02_probe_aeb8ce06a986a6f5,tm2_planning_v02_user_0024_habit_business_travel_arrival_buffer_p01_boundary,tm2_planning_v02_user_0024,boundary,B,True,,,"Choose the cheaper nonstop Friday evening flight that arrives around 9:30 p.m., paired with a reasonably priced hotel near the subway line they will use on Saturday."
taskmaster_planning_v02_probe_aeb8ce06a986a6f5,tm2_planning_v02_user_0024_habit_business_travel_arrival_buffer_p01_boundary,tm2_planning_v02_user_0024,boundary,C,False,though;even_though,though,"Choose a flight with a long layover that arrives mid-afternoon Friday because it creates an extra arrival cushion, even though it is less convenient."
taskmaster_planning_v02_probe_aeb8ce06a986a6f5,tm2_planning_v02_user_0024_habit_business_travel_arrival_buffer_p01_boundary,tm2_planning_v02_user_0024,boundary,D,False,though;even_though,though,"Choose a much more expensive early-morning Friday flight so they arrive before noon, even though they have no plans until the next day."
taskmaster_planning_v02_probe_77c5f744200ca992,tm2_planning_v02_user_0024_habit_business_travel_arrival_buffer_p02_exception,tm2_planning_v02_user_0024,exception,A,True,,,Take the Monday nonstop that arrives around 8:30 p.m.; it is cheaper and still gets me in the night before the Tuesday kickoff.
taskmaster_planning_v02_probe_77c5f744200ca992,tm2_planning_v02_user_0024_habit_business_travel_arrival_buffer_p02_exception,tm2_planning_v02_user_0024,exception,B,False,,,"Take the cheapest Tuesday morning flight that lands at 9:50 a.m., leaving just over an hour before the client kickoff."
taskmaster_planning_v02_probe_77c5f744200ca992,tm2_planning_v02_user_0024_habit_business_travel_arrival_buffer_p02_exception,tm2_planning_v02_user_0024,exception,C,False,though;even_though,though,"Take the Monday morning flight that arrives before noon, even though it costs more, to keep a large Monday arrival cushion."
taskmaster_planning_v02_probe_77c5f744200ca992,tm2_planning_v02_user_0024_habit_business_travel_arrival_buffer_p02_exception,tm2_planning_v02_user_0024,exception,D,False,,,Fly in Sunday night and pay for an extra hotel night to maximize buffer time before the Tuesday meeting.
taskmaster_planning_v02_probe_7db56b70fb2fb44a,tm2_planning_v02_user_0024_habit_business_travel_arrival_buffer_p03_explicit_retrieval,tm2_planning_v02_user_0024,explicit_retrieval,A,True,,tight,"Choose an itinerary that preserves a meaningful arrival cushion before the meeting, even if cheaper tighter options are available."
taskmaster_planning_v02_probe_7db56b70fb2fb44a,tm2_planning_v02_user_0024_habit_business_travel_arrival_buffer_p03_explicit_retrieval,tm2_planning_v02_user_0024,explicit_retrieval,B,False,,,"Prioritize nonstop flights over arrival timing, even if the schedule leaves little room for delays."
taskmaster_planning_v02_probe_7db56b70fb2fb44a,tm2_planning_v02_user_0024_habit_business_travel_arrival_buffer_p03_explicit_retrieval,tm2_planning_v02_user_0024,explicit_retrieval,C,False,,farther,Book lodging farther from the client site when it offers better rates or loyalty perks.
taskmaster_planning_v02_probe_7db56b70fb2fb44a,tm2_planning_v02_user_0024_habit_business_travel_arrival_buffer_p03_explicit_retrieval,tm2_planning_v02_user_0024,explicit_retrieval,D,False,,,Choose the lowest-cost itinerary as long as it is scheduled to arrive before the meeting begins.
taskmaster_planning_v02_probe_3e287695347ff965,tm2_planning_v02_user_0025_habit_tight_schedule_nonstop_priority_p00_direct_use,tm2_planning_v02_user_0025,direct_use,A,False,,,"$238 one-stop via San Francisco, departs 6:10 a.m., 45-minute connection, arrives 11:40 a.m."
taskmaster_planning_v02_probe_3e287695347ff965,tm2_planning_v02_user_0025_habit_tight_schedule_nonstop_priority_p00_direct_use,tm2_planning_v02_user_0025,direct_use,B,False,,,"$415 nonstop, departs 10:15 a.m., arrives 12:55 p.m."
taskmaster_planning_v02_probe_3e287695347ff965,tm2_planning_v02_user_0025_habit_tight_schedule_nonstop_priority_p00_direct_use,tm2_planning_v02_user_0025,direct_use,C,True,,,"$289 nonstop, departs 7:00 a.m., arrives 9:45 a.m."
taskmaster_planning_v02_probe_3e287695347ff965,tm2_planning_v02_user_0025_habit_tight_schedule_nonstop_priority_p00_direct_use,tm2_planning_v02_user_0025,direct_use,D,False,,,"$210 one-stop via Las Vegas, departs 8:30 a.m., 50-minute connection, arrives 12:55 p.m."
taskmaster_planning_v02_probe_149ece76ba9faf07,tm2_planning_v02_user_0025_habit_tight_schedule_nonstop_priority_p01_boundary,tm2_planning_v02_user_0025,boundary,A,True,,,A one-stop itinerary with a 2-hour layover that saves $165 and arrives in the evening.
taskmaster_planning_v02_probe_149ece76ba9faf07,tm2_planning_v02_user_0025_habit_tight_schedule_nonstop_priority_p01_boundary,tm2_planning_v02_user_0025,boundary,B,False,,,A nonstop flight on the traveler’s preferred airline that costs $220 more and earns extra miles.
taskmaster_planning_v02_probe_149ece76ba9faf07,tm2_planning_v02_user_0025_habit_tight_schedule_nonstop_priority_p01_boundary,tm2_planning_v02_user_0025,boundary,C,False,but,but,A nonstop flight that costs $175 more but has the lowest delay exposure.
taskmaster_planning_v02_probe_149ece76ba9faf07,tm2_planning_v02_user_0025_habit_tight_schedule_nonstop_priority_p01_boundary,tm2_planning_v02_user_0025,boundary,D,False,but,but,A two-stop itinerary with 40-minute connections that saves $190 but has little room for delays.
taskmaster_planning_v02_probe_b4276755edab6a37,tm2_planning_v02_user_0025_habit_tight_schedule_nonstop_priority_p02_exception,tm2_planning_v02_user_0025,exception,A,False,,,"A nonstop flight on a preferred departure time for $510, chosen mainly for convenience."
taskmaster_planning_v02_probe_b4276755edab6a37,tm2_planning_v02_user_0025_habit_tight_schedule_nonstop_priority_p02_exception,tm2_planning_v02_user_0025,exception,B,False,but,does not;but,A one-stop refundable fare for $390 that keeps flexibility but does not use miles.
taskmaster_planning_v02_probe_b4276755edab6a37,tm2_planning_v02_user_0025_habit_tight_schedule_nonstop_priority_p02_exception,tm2_planning_v02_user_0025,exception,C,False,,,A nonstop flight for $420 that arrives in the early afternoon with the least delay exposure.
taskmaster_planning_v02_probe_b4276755edab6a37,tm2_planning_v02_user_0025_habit_tight_schedule_nonstop_priority_p02_exception,tm2_planning_v02_user_0025,exception,D,True,,,"A one-stop itinerary using airline miles plus $18 in fees, with a 2-hour layover and a later arrival."
taskmaster_planning_v02_probe_95fd65a18f812911,tm2_planning_v02_user_0025_habit_tight_schedule_nonstop_priority_p03_explicit_retrieval,tm2_planning_v02_user_0025,explicit_retrieval,A,False,,,"Prioritize earning airline miles or status benefits, even if the route has more transfers."
taskmaster_planning_v02_probe_95fd65a18f812911,tm2_planning_v02_user_0025_habit_tight_schedule_nonstop_priority_p03_explicit_retrieval,tm2_planning_v02_user_0025,explicit_retrieval,B,True,,,"Prefer nonstop or lowest-transfer itineraries, even when a connecting option is slightly cheaper."
taskmaster_planning_v02_probe_95fd65a18f812911,tm2_planning_v02_user_0025_habit_tight_schedule_nonstop_priority_p03_explicit_retrieval,tm2_planning_v02_user_0025,explicit_retrieval,C,False,,,Select itineraries with longer layovers to allow time for airport work between flights.
taskmaster_planning_v02_probe_95fd65a18f812911,tm2_planning_v02_user_0025_habit_tight_schedule_nonstop_priority_p03_explicit_retrieval,tm2_planning_v02_user_0025,explicit_retrieval,D,False,,,"Choose the cheapest fare available, accepting extra connections whenever it reduces the ticket price."
taskmaster_planning_v02_probe_56614c883dd553ad,tm2_planning_v02_user_0026_habit_uncertain_trip_refundable_fare_p00_direct_use,tm2_planning_v02_user_0026,direct_use,A,False,,,Recommend the $690 business-class ticket because work trips are more comfortable and productive with extra space.
taskmaster_planning_v02_probe_56614c883dd553ad,tm2_planning_v02_user_0026_habit_uncertain_trip_refundable_fare_p00_direct_use,tm2_planning_v02_user_0026,direct_use,B,True,,,"Recommend the $472 refundable economy ticket because the meeting date and approval are still unsettled, making flexibility worth the higher price."
taskmaster_planning_v02_probe_56614c883dd553ad,tm2_planning_v02_user_0026_habit_uncertain_trip_refundable_fare_p00_direct_use,tm2_planning_v02_user_0026,direct_use,C,False,though;even_though,though,Recommend the $405 standard economy ticket because it is a middle-ground price even though changes would still add fees.
taskmaster_planning_v02_probe_56614c883dd553ad,tm2_planning_v02_user_0026_habit_uncertain_trip_refundable_fare_p00_direct_use,tm2_planning_v02_user_0026,direct_use,D,False,,,Recommend the $318 basic economy ticket because it is the lowest upfront fare and keeps the trip budget down.
taskmaster_planning_v02_probe_95382d553fee20a1,tm2_planning_v02_user_0026_habit_uncertain_trip_refundable_fare_p01_boundary,tm2_planning_v02_user_0026,boundary,A,True,,,"Recommend the $248 nonrefundable main-cabin fare, after confirming it meets their baggage and seat needs, because the trip is fixed and price is the priority."
taskmaster_planning_v02_probe_95382d553fee20a1,tm2_planning_v02_user_0026_habit_uncertain_trip_refundable_fare_p01_boundary,tm2_planning_v02_user_0026,boundary,B,False,,,Recommend the $389 refundable fare because refundable tickets are generally safer even when plans are confirmed.
taskmaster_planning_v02_probe_95382d553fee20a1,tm2_planning_v02_user_0026_habit_uncertain_trip_refundable_fare_p01_boundary,tm2_planning_v02_user_0026,boundary,C,False,,,"Advise waiting until closer to May to book, since fixed-date personal trips usually have more last-minute fare drops."
taskmaster_planning_v02_probe_95382d553fee20a1,tm2_planning_v02_user_0026_habit_uncertain_trip_refundable_fare_p01_boundary,tm2_planning_v02_user_0026,boundary,D,False,though;even_though,though,"Suggest choosing a pricier flexible fare and using fare tracking later, even though the user said the dates cannot move."
taskmaster_planning_v02_probe_6f8bad663d0d4e7e,tm2_planning_v02_user_0026_habit_uncertain_trip_refundable_fare_p02_exception,tm2_planning_v02_user_0026,exception,A,False,,,Wait another week before booking to see if any better flexible fares appear.
taskmaster_planning_v02_probe_6f8bad663d0d4e7e,tm2_planning_v02_user_0026_habit_uncertain_trip_refundable_fare_p02_exception,tm2_planning_v02_user_0026,exception,B,False,,,Choose the $690 fully refundable fare in case the meetings unexpectedly shift.
taskmaster_planning_v02_probe_6f8bad663d0d4e7e,tm2_planning_v02_user_0026_habit_uncertain_trip_refundable_fare_p02_exception,tm2_planning_v02_user_0026,exception,C,True,,,Book the $430 nonrefundable economy fare that matches the locked dates and meeting schedule.
taskmaster_planning_v02_probe_6f8bad663d0d4e7e,tm2_planning_v02_user_0026_habit_uncertain_trip_refundable_fare_p02_exception,tm2_planning_v02_user_0026,exception,D,False,,,Pay $610 for a changeable fare with a longer layover to preserve some flexibility.
taskmaster_planning_v02_probe_26e1dadc4325b1eb,tm2_planning_v02_user_0026_habit_uncertain_trip_refundable_fare_p03_explicit_retrieval,tm2_planning_v02_user_0026,explicit_retrieval,A,True,,,"A refundable or flexible economy fare, accepting a higher price over a cheaper nonrefundable or basic fare."
taskmaster_planning_v02_probe_26e1dadc4325b1eb,tm2_planning_v02_user_0026_habit_uncertain_trip_refundable_fare_p03_explicit_retrieval,tm2_planning_v02_user_0026,explicit_retrieval,B,False,,,"The lowest nonrefundable fare available, assuming work travel could be adjusted later if needed."
taskmaster_planning_v02_probe_26e1dadc4325b1eb,tm2_planning_v02_user_0026_habit_uncertain_trip_refundable_fare_p03_explicit_retrieval,tm2_planning_v02_user_0026,explicit_retrieval,C,False,,,"A nonstop flight at the best time of day, even if the fare had strict change limits."
taskmaster_planning_v02_probe_26e1dadc4325b1eb,tm2_planning_v02_user_0026_habit_uncertain_trip_refundable_fare_p03_explicit_retrieval,tm2_planning_v02_user_0026,explicit_retrieval,D,False,,,Waiting until every approval was finalized before comparing or selecting any flight options.
taskmaster_planning_v02_probe_fef162edbd21fa01,tm2_planning_v02_user_0027_habit_work_hotel_near_venue_p00_direct_use,tm2_planning_v02_user_0027,direct_use,A,False,,lively,"Book the boutique hotel in a more lively dining district for $249/night, about a 20-minute rideshare from the office."
taskmaster_planning_v02_probe_fef162edbd21fa01,tm2_planning_v02_user_0027_habit_work_hotel_near_venue_p00_direct_use,tm2_planning_v02_user_0027,direct_use,B,False,,,"Book the hotel for $209/night in a quieter area, about 30 minutes away by train, with free breakfast included."
taskmaster_planning_v02_probe_fef162edbd21fa01,tm2_planning_v02_user_0027_habit_work_hotel_near_venue_p00_direct_use,tm2_planning_v02_user_0027,direct_use,C,True,but,but,"Book the hotel a 4-minute walk from the office for $289/night; rooms are simple, but it avoids any commute before the workshop."
taskmaster_planning_v02_probe_fef162edbd21fa01,tm2_planning_v02_user_0027_habit_work_hotel_near_venue_p00_direct_use,tm2_planning_v02_user_0027,direct_use,D,False,though,though,"Book the airport hotel for $179/night with a free shuttle, though it would take about 50 minutes to reach the office each morning."
taskmaster_planning_v02_probe_1b8bbb7f3f718e19,tm2_planning_v02_user_0027_habit_work_hotel_near_venue_p01_boundary,tm2_planning_v02_user_0027,boundary,A,True,,,"A boutique hotel around the West Village, SoHo, or Chelsea, with strong nearby dining and nightlife plus multiple subway options to major sights, accepting a slightly higher nightly rate for the better neighborhood experience."
taskmaster_planning_v02_probe_1b8bbb7f3f718e19,tm2_planning_v02_user_0027_habit_work_hotel_near_venue_p01_boundary,tm2_planning_v02_user_0027,boundary,B,False,,,"A polished hotel in the Midtown East or Grand Central business district, close to many conference and office buildings and very convenient for transit, accepting a more corporate area with less evening character."
taskmaster_planning_v02_probe_1b8bbb7f3f718e19,tm2_planning_v02_user_0027_habit_work_hotel_near_venue_p01_boundary,tm2_planning_v02_user_0027,boundary,C,False,,,"A lower-priced hotel in Long Island City or near Queensboro Plaza, using the subway into Manhattan each day to keep the nightly rate comfortably under budget."
taskmaster_planning_v02_probe_1b8bbb7f3f718e19,tm2_planning_v02_user_0027_habit_work_hotel_near_venue_p01_boundary,tm2_planning_v02_user_0027,boundary,D,False,,,"A large Times Square hotel that makes Broadway and tour pickups simple, accepting crowds and a less distinctive neighborhood in exchange for maximum tourist convenience."
taskmaster_planning_v02_probe_bb181a67580383dd,tm2_planning_v02_user_0027_habit_work_hotel_near_venue_p02_exception,tm2_planning_v02_user_0027,exception,A,True,,,"A well-reviewed hotel in Lakewood for $169 per night, about 25 minutes from the convention center by light rail or rideshare."
taskmaster_planning_v02_probe_bb181a67580383dd,tm2_planning_v02_user_0027_habit_work_hotel_near_venue_p02_exception,tm2_planning_v02_user_0027,exception,B,False,but,but,"An airport-area hotel for $155 per night, with free breakfast but a 45–55 minute commute to the convention center."
taskmaster_planning_v02_probe_bb181a67580383dd,tm2_planning_v02_user_0027_habit_work_hotel_near_venue_p02_exception,tm2_planning_v02_user_0027,exception,C,False,,,"A boutique hotel in LoDo for $205 per night, with better restaurants nearby and a 15-minute walk to the workshop."
taskmaster_planning_v02_probe_bb181a67580383dd,tm2_planning_v02_user_0027_habit_work_hotel_near_venue_p02_exception,tm2_planning_v02_user_0027,exception,D,False,,,"A downtown hotel three blocks from the convention center for $258 per night, with the easiest walk to the workshop."
taskmaster_planning_v02_probe_c04686d4c37d310c,tm2_planning_v02_user_0027_habit_work_hotel_near_venue_p03_explicit_retrieval,tm2_planning_v02_user_0027,explicit_retrieval,A,False,,,Take a somewhat cheaper hotel across town if transit or rideshare options are available in the morning.
taskmaster_planning_v02_probe_c04686d4c37d310c,tm2_planning_v02_user_0027_habit_work_hotel_near_venue_p03_explicit_retrieval,tm2_planning_v02_user_0027,explicit_retrieval,B,False,,,"Stay near the airport to simplify arrival and departure, even if the meetings are in another part of the city."
taskmaster_planning_v02_probe_c04686d4c37d310c,tm2_planning_v02_user_0027_habit_work_hotel_near_venue_p03_explicit_retrieval,tm2_planning_v02_user_0027,explicit_retrieval,C,True,rather_than,longer commute,Pay a reasonable premium for a hotel within an easy walk or a few blocks of the meeting location rather than saving money with a longer commute.
taskmaster_planning_v02_probe_c04686d4c37d310c,tm2_planning_v02_user_0027_habit_work_hotel_near_venue_p03_explicit_retrieval,tm2_planning_v02_user_0027,explicit_retrieval,D,False,,,Pick a hotel in a livelier dining or sightseeing area when the most interesting neighborhood is away from the meeting site.
taskmaster_planning_v02_probe_009a1a9aded16857,tm2_planning_v02_user_0028_habit_quiet_hotel_for_work_p00_direct_use,tm2_planning_v02_user_0028,direct_use,A,False,but,but,"The official workshop hotel downtown, with the shortest commute, a gym, and several restaurants, but an active lobby bar and multiple reviews mentioning noise during events."
taskmaster_planning_v02_probe_009a1a9aded16857,tm2_planning_v02_user_0028_habit_quiet_hotel_for_work_p00_direct_use,tm2_planning_v02_user_0028,direct_use,B,True,,,"A smaller business-oriented hotel about a 10-minute walk from the workshop, with strong Wi-Fi reviews, a proper desk, and quieter rooms away from the bar and elevators."
taskmaster_planning_v02_probe_009a1a9aded16857,tm2_planning_v02_user_0028_habit_quiet_hotel_for_work_p00_direct_use,tm2_planning_v02_user_0028,direct_use,C,False,but,but,"A lower-priced airport hotel with free breakfast and shuttle service, but a 40-minute commute to the workshop and only a basic in-room work setup."
taskmaster_planning_v02_probe_009a1a9aded16857,tm2_planning_v02_user_0028_habit_quiet_hotel_for_work_p00_direct_use,tm2_planning_v02_user_0028,direct_use,D,False,,compact rooms,"A stylish hotel in a nightlife-heavy area with a rooftop lounge and popular restaurant, compact rooms, and a roughly 15-minute rideshare to the workshop."
taskmaster_planning_v02_probe_a23e905d5a55882a,tm2_planning_v02_user_0028_habit_quiet_hotel_for_work_p01_boundary,tm2_planning_v02_user_0028,boundary,A,True,,lively,"A South Beach hotel with a lively pool, rooftop bar, suite-style or adjoining room options, and easy walks to clubs and late-night restaurants."
taskmaster_planning_v02_probe_a23e905d5a55882a,tm2_planning_v02_user_0028_habit_quiet_hotel_for_work_p01_boundary,tm2_planning_v02_user_0028,boundary,B,False,,,"A quiet hotel in the financial district with large in-room desks, fast Wi-Fi, and subdued common areas, about 20 minutes by rideshare from South Beach."
taskmaster_planning_v02_probe_a23e905d5a55882a,tm2_planning_v02_user_0028_habit_quiet_hotel_for_work_p01_boundary,tm2_planning_v02_user_0028,boundary,C,False,but,limited;but,"A mid-priced airport hotel with free breakfast and a shuttle, but limited nearby restaurants and little late-night activity."
taskmaster_planning_v02_probe_a23e905d5a55882a,tm2_planning_v02_user_0028_habit_quiet_hotel_for_work_p01_boundary,tm2_planning_v02_user_0028,boundary,D,False,but,but,"A beachfront resort in a quieter northern area with a spa and polished rooms, but few nightlife options within walking distance."
taskmaster_planning_v02_probe_71ec3d6bd1a2ba17,tm2_planning_v02_user_0028_habit_quiet_hotel_for_work_p02_exception,tm2_planning_v02_user_0028,exception,A,False,,,"An airport hotel with free breakfast and shuttle service, offering the lowest nightly rate."
taskmaster_planning_v02_probe_71ec3d6bd1a2ba17,tm2_planning_v02_user_0028_habit_quiet_hotel_for_work_p02_exception,tm2_planning_v02_user_0028,exception,B,False,,limited,"A quieter Midtown business hotel with strong Wi-Fi, large desks, and limited evening scene."
taskmaster_planning_v02_probe_71ec3d6bd1a2ba17,tm2_planning_v02_user_0028_habit_quiet_hotel_for_work_p02_exception,tm2_planning_v02_user_0028,exception,C,True,,lively,"A lively Lower East Side hotel with a popular rooftop bar, group-friendly rooms, and several nightlife spots within walking distance."
taskmaster_planning_v02_probe_71ec3d6bd1a2ba17,tm2_planning_v02_user_0028_habit_quiet_hotel_for_work_p02_exception,tm2_planning_v02_user_0028,exception,D,False,,,A calm boutique hotel near museums with spa-style amenities and early quiet hours.
taskmaster_planning_v02_probe_2976d535c131f020,tm2_planning_v02_user_0028_habit_quiet_hotel_for_work_p03_explicit_retrieval,tm2_planning_v02_user_0028,explicit_retrieval,A,False,,,"Stay in the liveliest restaurant-and-bar district to maximize evening options, even if the room may be louder."
taskmaster_planning_v02_probe_2976d535c131f020,tm2_planning_v02_user_0028_habit_quiet_hotel_for_work_p03_explicit_retrieval,tm2_planning_v02_user_0028,explicit_retrieval,B,False,,,"Pick a resort-style property with the best pool, spa, and leisure amenities, even if the room setup is less practical for work."
taskmaster_planning_v02_probe_2976d535c131f020,tm2_planning_v02_user_0028_habit_quiet_hotel_for_work_p03_explicit_retrieval,tm2_planning_v02_user_0028,explicit_retrieval,C,True,,,"Choose a quieter, business-oriented hotel with strong Wi-Fi and a real desk, even if it has fewer social or resort-style features."
taskmaster_planning_v02_probe_2976d535c131f020,tm2_planning_v02_user_0028_habit_quiet_hotel_for_work_p03_explicit_retrieval,tm2_planning_v02_user_0028,explicit_retrieval,D,False,,uncertain,"Take the lowest nightly rate available, even if noise, internet reliability, and desk space are uncertain."
taskmaster_planning_v02_probe_d3e471508c228c3f,tm2_planning_v02_user_0029_habit_leisure_relaxed_pacing_p00_direct_use,tm2_planning_v02_user_0029,direct_use,A,False,,,"Take the 6:00 a.m. Friday flight with a short connection, land before lunch, drop bags, and prebook a brewery tour, museum stop, and dinner for the first day."
taskmaster_planning_v02_probe_d3e471508c228c3f,tm2_planning_v02_user_0029_habit_leisure_relaxed_pacing_p00_direct_use,tm2_planning_v02_user_0029,direct_use,B,False,,,"Drive overnight Thursday, arrive at sunrise Friday, and use timed reservations from morning through evening both days to fit in as many highlights as possible."
taskmaster_planning_v02_probe_d3e471508c228c3f,tm2_planning_v02_user_0029_habit_leisure_relaxed_pacing_p00_direct_use,tm2_planning_v02_user_0029,direct_use,C,False,,,"Take the cheapest Friday night flight with two legs, arrive after midnight, stay near the airport, and transfer downtown early Saturday to save more money for activities."
taskmaster_planning_v02_probe_d3e471508c228c3f,tm2_planning_v02_user_0029_habit_leisure_relaxed_pacing_p00_direct_use,tm2_planning_v02_user_0029,direct_use,D,True,,without,"Take the late-morning nonstop Friday flight, arrive early afternoon, check in without rushing, keep the first afternoon flexible, and reserve just one main activity for Saturday."
taskmaster_planning_v02_probe_087c00372f3b8a74,tm2_planning_v02_user_0029_habit_leisure_relaxed_pacing_p01_boundary,tm2_planning_v02_user_0029,boundary,A,True,,,"Use a work-centered plan: take a Sunday midday nonstop that lands by midafternoon, book a hotel near the workshop area, and schedule the return after the Tuesday debrief with normal airport buffer."
taskmaster_planning_v02_probe_087c00372f3b8a74,tm2_planning_v02_user_0029_habit_leisure_relaxed_pacing_p01_boundary,tm2_planning_v02_user_0029,boundary,B,False,though;even_though,though,"Arrive Saturday late afternoon and keep Sunday mostly open to settle in slowly before the prep dinner, even though it adds an extra hotel night before the work commitments begin."
taskmaster_planning_v02_probe_087c00372f3b8a74,tm2_planning_v02_user_0029_habit_leisure_relaxed_pacing_p01_boundary,tm2_planning_v02_user_0029,boundary,C,False,,tight,"Take a shorter-trip option that lands around 5:10 PM Sunday and stay near the dinner venue, accepting a tighter margin before the 7:00 PM prep dinner."
taskmaster_planning_v02_probe_087c00372f3b8a74,tm2_planning_v02_user_0029_habit_leisure_relaxed_pacing_p01_boundary,tm2_planning_v02_user_0029,boundary,D,False,but,miss;but,"Take a Sunday midday arrival but choose a downtown or waterfront hotel for better evening options, then use rideshares to reach the workshop sessions in Mission Valley."
taskmaster_planning_v02_probe_086ced764d93b34b,tm2_planning_v02_user_0029_habit_leisure_relaxed_pacing_p02_exception,tm2_planning_v02_user_0029,exception,A,False,,,"Book a midday arrival, keep the afternoon open for check-in and rest, and plan just one main activity each day."
taskmaster_planning_v02_probe_086ced764d93b34b,tm2_planning_v02_user_0029_habit_leisure_relaxed_pacing_p02_exception,tm2_planning_v02_user_0029,exception,B,False,,,"Avoid prebooking activities so the weekend stays flexible, even if that means skipping popular sights when lines are long."
taskmaster_planning_v02_probe_086ced764d93b34b,tm2_planning_v02_user_0029_habit_leisure_relaxed_pacing_p02_exception,tm2_planning_v02_user_0029,exception,C,True,,,"Take an early nonstop flight, drop bags before check-in, group nearby sights efficiently, and use timed tickets or reservations to fit in more stops."
taskmaster_planning_v02_probe_086ced764d93b34b,tm2_planning_v02_user_0029_habit_leisure_relaxed_pacing_p02_exception,tm2_planning_v02_user_0029,exception,D,False,,,"Choose the most relaxed flight times, prioritize a quiet hotel and late checkout, and leave sightseeing decisions until after arrival."
taskmaster_planning_v02_probe_be70f5c5ea4f0061,tm2_planning_v02_user_0029_habit_leisure_relaxed_pacing_p03_explicit_retrieval,tm2_planning_v02_user_0029,explicit_retrieval,A,False,,,"For personal trips, book the earliest possible arrivals and schedule activities back-to-back to maximize sightseeing time."
taskmaster_planning_v02_probe_be70f5c5ea4f0061,tm2_planning_v02_user_0029_habit_leisure_relaxed_pacing_p03_explicit_retrieval,tm2_planning_v02_user_0029,explicit_retrieval,B,True,rather_than,,"For vacation or weekend trips, choose comfortable travel times, easy check-in, open downtime, and a lighter schedule rather than packing every hour."
taskmaster_planning_v02_probe_be70f5c5ea4f0061,tm2_planning_v02_user_0029_habit_leisure_relaxed_pacing_p03_explicit_retrieval,tm2_planning_v02_user_0029,explicit_retrieval,C,False,,tight,"Choose the lowest-cost flights and lodging even when they require early departures, tight transfers, or inconvenient logistics."
taskmaster_planning_v02_probe_be70f5c5ea4f0061,tm2_planning_v02_user_0029_habit_leisure_relaxed_pacing_p03_explicit_retrieval,tm2_planning_v02_user_0029,explicit_retrieval,D,False,,,"For client or event travel, prioritize optional leisure time over fixed meetings, dinners, or start times."
