review_id,public_probe_id,probe_id,user_id,split,probe_type,habit_family,stress_variant,query,choices_json,proposed_gold_choice_id,proposed_gold_action,evidence_preview_json,auto_validation_status,reviewer_decision,reviewer_notes
review_tm2_planning_user_0000_habit_business_travel_early_buffer_p00_direct_use,taskmaster_planning_v01_probe_14203a89ee478dd6,tm2_planning_user_0000_habit_business_travel_early_buffer_p00_direct_use,tm2_planning_user_0000,dev,direct_use,planning_defaults,taskmaster_seeded_direct,Pick the default travel option for a client meeting next Thursday using the user's established planning preference.,"[{""choice_id"": ""A"", ""text"": ""Choose the latest departure because shorter travel days are always best.""}, {""choice_id"": ""B"", ""text"": ""Choose the cheapest option even if it arrives right before the meeting.""}, {""choice_id"": ""C"", ""text"": ""Ask the user to restate their preference despite repeated prior evidence.""}, {""choice_id"": ""D"", ""text"": ""Choose the option that arrives early and leaves about a 90-minute buffer before the meeting.""}]",D,apply_scoped_habit,"[{""session_id"": ""tm2_planning_user_0000_s0008"", ""session_index"": 8, ""signal_type"": ""support"", ""domain"": ""travel"", ""source_domain"": ""hotels"", ""user"": ""For work travel, I want the option with enough breathing room before the meeting. Prior travel-search context from Taskmaster-2 hotels: I'd like to find a hotel. Please help."", ""assistant"": ""For a business meeting, the safer default is the earlier option with a meeting buffer."", ""feedback"": ""Exactly. For work travel, reliability matters more than shaving off a little cost.""}, {""session_id"": ""tm2_planning_user_0000_s0010"", ""session_index"": 10, ""signal_type"": ""support"", ""domain"": ""travel"", ""source_domain"": ""flights"", ""user"": ""I am heading to a meeting; build in a real buffer instead of cutting it close. Prior travel-search context from Taskmaster-2 flights: Hi, I am looking for a flight to New York round trip from New York City to Jamaica."", ""assistant"": ""I would avoid the tight arrival and preserve a 90-minute cushion before work starts."", ""feedback"": ""That is the right default for client trips: early arrival and breathing room.""}, {""session_id"": ""tm2_planning_user_0000_s0012"", ""session_index"": 12, ""signal_type"": ""support"", ""domain"": ""travel"", ""source_domain"": ""flights"", ""user"": ""I am heading to a meeting; build in a real buffer instead of cutting it close. Prior travel-search context from Taskmaster-2 flights: The cheapest flights, please, and make sure they have Hot spot and Wi-Fi."", ""assistant"": ""I would avoid the tight arrival and preserve a 90-minute cushion before work starts."", ""feedback"": ""Good call. I do not want to land and rush straight into a meeting.""}, {""session_id"": ""tm2_planning_user_0000_s0017"", ""session_index"": 17, ""signal_type"": ""support"", ""domain"": ""travel"", ""source_domain"": ""flights"", ""user"": ""For client visits, I prefer predictable timing over the absolute cheapest itinerary. Prior travel-search context from Taskmaster-2 flights: Hello there. I need help finding a flight to Raleigh, North Carolina."", ""assistant"": ""I would choose the earlier arrival and leave about a 90-minute buffer before the meeting."", ""feedback"": ""That is the right default for client trips: early arrival and breathing room.""}]",pass,,
review_tm2_planning_user_0000_habit_business_travel_early_buffer_p01_boundary,taskmaster_planning_v01_probe_52b08b80e4b912e8,tm2_planning_user_0000_habit_business_travel_early_buffer_p01_boundary,tm2_planning_user_0000,dev,boundary,planning_defaults,taskmaster_seeded_boundary,Plan a relaxed weekend vacation where there is no meeting or appointment to protect.,"[{""choice_id"": ""A"", ""text"": ""Optimize only for the cheapest arrival and ignore comfort.""}, {""choice_id"": ""B"", ""text"": ""Refuse to help because the user has a business travel habit.""}, {""choice_id"": ""C"", ""text"": ""Force an early arrival and a 90-minute meeting buffer anyway.""}, {""choice_id"": ""D"", ""text"": ""Do not apply the business-travel timing rule; optimize for comfort and ask about leisure priorities.""}]",D,do_not_apply_out_of_scope,"[{""session_id"": ""tm2_planning_user_0000_s0025"", ""session_index"": 25, ""signal_type"": ""boundary_counterexample"", ""domain"": ""travel"", ""source_domain"": ""hotels"", ""user"": ""This is a leisure trip with no meetings; optimize for comfort and a relaxed pace. Related travel context: I need help finding a hotel in St. Louis, Missouri."", ""assistant"": ""Because this is leisure travel, I would optimize for comfort and timing preference rather than defaulting to an early business arrival."", ""feedback"": ""Right, this is not a work trip, so the business buffer should not drive the plan.""}, {""session_id"": ""tm2_planning_user_0000_s0026"", ""session_index"": 26, ""signal_type"": ""boundary_counterexample"", ""domain"": ""travel"", ""source_domain"": ""hotels"", ""user"": ""Help me compare vacation options where arrival time is flexible and there is no appointment. Related travel context: Hello. Looking for a hotel in New Orleans."", ""assistant"": ""Because this is leisure travel, I would optimize for comfort and timing preference rather than defaulting to an early business arrival."", ""feedback"": ""Right, this is not a work trip, so the business buffer should not drive the plan.""}]",pass,,
review_tm2_planning_user_0000_habit_business_travel_early_buffer_p02_exception,taskmaster_planning_v01_probe_96ac798fd8a996d9,tm2_planning_user_0000_habit_business_travel_early_buffer_p02_exception,tm2_planning_user_0000,dev,exception,planning_defaults,taskmaster_seeded_exception,Plan a personal trip that the user explicitly says is flexible and not tied to a meeting.,"[{""choice_id"": ""A"", ""text"": ""Treat this as an exception and avoid assuming the early-arrival business buffer.""}, {""choice_id"": ""B"", ""text"": ""Say there is no way to plan without deleting the user's travel preference.""}, {""choice_id"": ""C"", ""text"": ""Apply the business-travel buffer because it is the most frequent prior pattern.""}, {""choice_id"": ""D"", ""text"": ""Pick the tightest itinerary solely because it is cheap.""}]",A,apply_exception,"[{""session_id"": ""tm2_planning_user_0000_s0029"", ""session_index"": 29, ""signal_type"": ""exception"", ""domain"": ""travel"", ""source_domain"": ""flights"", ""user"": ""For this vacation day, there is no meeting clock to protect, so do not force an early arrival. Use this travel context if useful: Hello, looking for a commercial air flight please, round trip."", ""assistant"": ""Since you explicitly marked this trip as flexible, I will not force the early-arrival business default."", ""feedback"": ""Yes, this is an exception to my usual business travel timing.""}]",pass,,
review_tm2_planning_user_0000_habit_business_travel_early_buffer_p03_explicit_retrieval,taskmaster_planning_v01_probe_1e906e5404a16204,tm2_planning_user_0000_habit_business_travel_early_buffer_p03_explicit_retrieval,tm2_planning_user_0000,dev,explicit_retrieval,planning_defaults,taskmaster_seeded_explicit,Which travel planning preference has the user repeatedly reinforced for business or client-meeting trips?,"[{""choice_id"": ""A"", ""text"": ""For vacations, always force the earliest possible arrival.""}, {""choice_id"": ""B"", ""text"": ""For business travel, prefer early arrivals and leave about a 90-minute buffer before meetings.""}, {""choice_id"": ""C"", ""text"": ""The user has not shown any recurring business-travel timing preference.""}, {""choice_id"": ""D"", ""text"": ""For every trip, always choose the cheapest possible arrival.""}]",B,retrieve_explicit_preference_from_support,"[{""session_id"": ""tm2_planning_user_0000_s0008"", ""session_index"": 8, ""signal_type"": ""support"", ""domain"": ""travel"", ""source_domain"": ""hotels"", ""user"": ""For work travel, I want the option with enough breathing room before the meeting. Prior travel-search context from Taskmaster-2 hotels: I'd like to find a hotel. Please help."", ""assistant"": ""For a business meeting, the safer default is the earlier option with a meeting buffer."", ""feedback"": ""Exactly. For work travel, reliability matters more than shaving off a little cost.""}, {""session_id"": ""tm2_planning_user_0000_s0010"", ""session_index"": 10, ""signal_type"": ""support"", ""domain"": ""travel"", ""source_domain"": ""flights"", ""user"": ""I am heading to a meeting; build in a real buffer instead of cutting it close. Prior travel-search context from Taskmaster-2 flights: Hi, I am looking for a flight to New York round trip from New York City to Jamaica."", ""assistant"": ""I would avoid the tight arrival and preserve a 90-minute cushion before work starts."", ""feedback"": ""That is the right default for client trips: early arrival and breathing room.""}, {""session_id"": ""tm2_planning_user_0000_s0012"", ""session_index"": 12, ""signal_type"": ""support"", ""domain"": ""travel"", ""source_domain"": ""flights"", ""user"": ""I am heading to a meeting; build in a real buffer instead of cutting it close. Prior travel-search context from Taskmaster-2 flights: The cheapest flights, please, and make sure they have Hot spot and Wi-Fi."", ""assistant"": ""I would avoid the tight arrival and preserve a 90-minute cushion before work starts."", ""feedback"": ""Good call. I do not want to land and rush straight into a meeting.""}, {""session_id"": ""tm2_planning_user_0000_s0017"", ""session_index"": 17, ""signal_type"": ""support"", ""domain"": ""travel"", ""source_domain"": ""flights"", ""user"": ""For client visits, I prefer predictable timing over the absolute cheapest itinerary. Prior travel-search context from Taskmaster-2 flights: Hello there. I need help finding a flight to Raleigh, North Carolina."", ""assistant"": ""I would choose the earlier arrival and leave about a 90-minute buffer before the meeting."", ""feedback"": ""That is the right default for client trips: early arrival and breathing room.""}]",pass,,
review_tm2_planning_user_0001_habit_business_travel_early_buffer_p00_direct_use,taskmaster_planning_v01_probe_a40fd79e08dc29e6,tm2_planning_user_0001_habit_business_travel_early_buffer_p00_direct_use,tm2_planning_user_0001,dev,direct_use,planning_defaults,taskmaster_seeded_direct,Pick the default travel option for a client meeting next Thursday using the user's established planning preference.,"[{""choice_id"": ""A"", ""text"": ""Choose the option that arrives early and leaves about a 90-minute buffer before the meeting.""}, {""choice_id"": ""B"", ""text"": ""Choose the cheapest option even if it arrives right before the meeting.""}, {""choice_id"": ""C"", ""text"": ""Ask the user to restate their preference despite repeated prior evidence.""}, {""choice_id"": ""D"", ""text"": ""Choose the latest departure because shorter travel days are always best.""}]",A,apply_scoped_habit,"[{""session_id"": ""tm2_planning_user_0001_s0006"", ""session_index"": 6, ""signal_type"": ""support"", ""domain"": ""travel"", ""source_domain"": ""hotels"", ""user"": ""I am heading to a meeting; build in a real buffer instead of cutting it close. Prior travel-search context from Taskmaster-2 hotels: Hello. Can you help me in finding a hotel in San Francisco?"", ""assistant"": ""I would avoid the tight arrival and preserve a 90-minute cushion before work starts."", ""feedback"": ""Exactly. For work travel, reliability matters more than shaving off a little cost.""}, {""session_id"": ""tm2_planning_user_0001_s0010"", ""session_index"": 10, ""signal_type"": ""support"", ""domain"": ""travel"", ""source_domain"": ""flights"", ""user"": ""When this is a business trip, please default to the safer arrival window. Prior travel-search context from Taskmaster-2 flights: Hi, I need help finding a round-trip commercial airline. Can you help me?"", ""assistant"": ""I would choose the earlier arrival and leave about a 90-minute buffer before the meeting."", ""feedback"": ""Good call. I do not want to land and rush straight into a meeting.""}, {""session_id"": ""tm2_planning_user_0001_s0013"", ""session_index"": 13, ""signal_type"": ""support"", ""domain"": ""travel"", ""source_domain"": ""hotels"", ""user"": ""When this is a business trip, please default to the safer arrival window. Prior travel-search context from Taskmaster-2 hotels: I'd like help finding a hotel in New Orleans."", ""assistant"": ""I would avoid the tight arrival and preserve a 90-minute cushion before work starts."", ""feedback"": ""Good call. I do not want to land and rush straight into a meeting.""}, {""session_id"": ""tm2_planning_user_0001_s0016"", ""session_index"": 16, ""signal_type"": ""support"", ""domain"": ""travel"", ""source_domain"": ""hotels"", ""user"": ""For client visits, I prefer predictable timing over the absolute cheapest itinerary. Prior travel-search context from Taskmaster-2 hotels: Hi, I was wanting to request a hotel for dates from April 1st through April 3rd and there'll be tw..."", ""assistant"": ""I would avoid the tight arrival and preserve a 90-minute cushion before work starts."", ""feedback"": ""Exactly. For work travel, reliability matters more than shaving off a little cost.""}]",pass,,
review_tm2_planning_user_0001_habit_business_travel_early_buffer_p01_boundary,taskmaster_planning_v01_probe_77a31521b832e1f3,tm2_planning_user_0001_habit_business_travel_early_buffer_p01_boundary,tm2_planning_user_0001,dev,boundary,planning_defaults,taskmaster_seeded_boundary,Plan a relaxed weekend vacation where there is no meeting or appointment to protect.,"[{""choice_id"": ""A"", ""text"": ""Do not apply the business-travel timing rule; optimize for comfort and ask about leisure priorities.""}, {""choice_id"": ""B"", ""text"": ""Force an early arrival and a 90-minute meeting buffer anyway.""}, {""choice_id"": ""C"", ""text"": ""Optimize only for the cheapest arrival and ignore comfort.""}, {""choice_id"": ""D"", ""text"": ""Refuse to help because the user has a business travel habit.""}]",A,do_not_apply_out_of_scope,"[{""session_id"": ""tm2_planning_user_0001_s0022"", ""session_index"": 22, ""signal_type"": ""boundary_counterexample"", ""domain"": ""travel"", ""source_domain"": ""hotels"", ""user"": ""This is a leisure trip with no meetings; optimize for comfort and a relaxed pace. Related travel context: I'm looking for a hotel in St. Louis, Missouri."", ""assistant"": ""Because this is leisure travel, I would optimize for comfort and timing preference rather than defaulting to an early business arrival."", ""feedback"": ""Right, this is not a work trip, so the business buffer should not drive the plan.""}, {""session_id"": ""tm2_planning_user_0001_s0030"", ""session_index"": 30, ""signal_type"": ""boundary_counterexample"", ""domain"": ""travel"", ""source_domain"": ""hotels"", ""user"": ""Help me compare vacation options where arrival time is flexible and there is no appointment. Related travel context: I would like help finding a hotel in New York City."", ""assistant"": ""Because this is leisure travel, I would optimize for comfort and timing preference rather than defaulting to an early business arrival."", ""feedback"": ""Right, this is not a work trip, so the business buffer should not drive the plan.""}]",pass,,
review_tm2_planning_user_0001_habit_business_travel_early_buffer_p02_exception,taskmaster_planning_v01_probe_7eaa545757c7ec0d,tm2_planning_user_0001_habit_business_travel_early_buffer_p02_exception,tm2_planning_user_0001,dev,exception,planning_defaults,taskmaster_seeded_exception,Plan a personal trip that the user explicitly says is flexible and not tied to a meeting.,"[{""choice_id"": ""A"", ""text"": ""Pick the tightest itinerary solely because it is cheap.""}, {""choice_id"": ""B"", ""text"": ""Treat this as an exception and avoid assuming the early-arrival business buffer.""}, {""choice_id"": ""C"", ""text"": ""Say there is no way to plan without deleting the user's travel preference.""}, {""choice_id"": ""D"", ""text"": ""Apply the business-travel buffer because it is the most frequent prior pattern.""}]",B,apply_exception,"[{""session_id"": ""tm2_planning_user_0001_s0027"", ""session_index"": 27, ""signal_type"": ""exception"", ""domain"": ""travel"", ""source_domain"": ""hotels"", ""user"": ""Plan this as a personal trip where the timing can be looser than my business travel default. Use this travel context if useful: Hello. I would like help in finding a hotel in Nashville, Tennessee."", ""assistant"": ""Since you explicitly marked this trip as flexible, I will not force the early-arrival business default."", ""feedback"": ""Yes, this is an exception to my usual business travel timing.""}]",pass,,
review_tm2_planning_user_0001_habit_business_travel_early_buffer_p03_explicit_retrieval,taskmaster_planning_v01_probe_d5502506838f590f,tm2_planning_user_0001_habit_business_travel_early_buffer_p03_explicit_retrieval,tm2_planning_user_0001,dev,explicit_retrieval,planning_defaults,taskmaster_seeded_explicit,Which travel planning preference has the user repeatedly reinforced for business or client-meeting trips?,"[{""choice_id"": ""A"", ""text"": ""For vacations, always force the earliest possible arrival.""}, {""choice_id"": ""B"", ""text"": ""The user has not shown any recurring business-travel timing preference.""}, {""choice_id"": ""C"", ""text"": ""For every trip, always choose the cheapest possible arrival.""}, {""choice_id"": ""D"", ""text"": ""For business travel, prefer early arrivals and leave about a 90-minute buffer before meetings.""}]",D,retrieve_explicit_preference_from_support,"[{""session_id"": ""tm2_planning_user_0001_s0006"", ""session_index"": 6, ""signal_type"": ""support"", ""domain"": ""travel"", ""source_domain"": ""hotels"", ""user"": ""I am heading to a meeting; build in a real buffer instead of cutting it close. Prior travel-search context from Taskmaster-2 hotels: Hello. Can you help me in finding a hotel in San Francisco?"", ""assistant"": ""I would avoid the tight arrival and preserve a 90-minute cushion before work starts."", ""feedback"": ""Exactly. For work travel, reliability matters more than shaving off a little cost.""}, {""session_id"": ""tm2_planning_user_0001_s0010"", ""session_index"": 10, ""signal_type"": ""support"", ""domain"": ""travel"", ""source_domain"": ""flights"", ""user"": ""When this is a business trip, please default to the safer arrival window. Prior travel-search context from Taskmaster-2 flights: Hi, I need help finding a round-trip commercial airline. Can you help me?"", ""assistant"": ""I would choose the earlier arrival and leave about a 90-minute buffer before the meeting."", ""feedback"": ""Good call. I do not want to land and rush straight into a meeting.""}, {""session_id"": ""tm2_planning_user_0001_s0013"", ""session_index"": 13, ""signal_type"": ""support"", ""domain"": ""travel"", ""source_domain"": ""hotels"", ""user"": ""When this is a business trip, please default to the safer arrival window. Prior travel-search context from Taskmaster-2 hotels: I'd like help finding a hotel in New Orleans."", ""assistant"": ""I would avoid the tight arrival and preserve a 90-minute cushion before work starts."", ""feedback"": ""Good call. I do not want to land and rush straight into a meeting.""}, {""session_id"": ""tm2_planning_user_0001_s0016"", ""session_index"": 16, ""signal_type"": ""support"", ""domain"": ""travel"", ""source_domain"": ""hotels"", ""user"": ""For client visits, I prefer predictable timing over the absolute cheapest itinerary. Prior travel-search context from Taskmaster-2 hotels: Hi, I was wanting to request a hotel for dates from April 1st through April 3rd and there'll be tw..."", ""assistant"": ""I would avoid the tight arrival and preserve a 90-minute cushion before work starts."", ""feedback"": ""Exactly. For work travel, reliability matters more than shaving off a little cost.""}]",pass,,
review_tm2_planning_user_0002_habit_business_travel_early_buffer_p00_direct_use,taskmaster_planning_v01_probe_df9f11c60f350249,tm2_planning_user_0002_habit_business_travel_early_buffer_p00_direct_use,tm2_planning_user_0002,test,direct_use,planning_defaults,taskmaster_seeded_direct,Pick the default travel option for a client meeting next Thursday using the user's established planning preference.,"[{""choice_id"": ""A"", ""text"": ""Ask the user to restate their preference despite repeated prior evidence.""}, {""choice_id"": ""B"", ""text"": ""Choose the cheapest option even if it arrives right before the meeting.""}, {""choice_id"": ""C"", ""text"": ""Choose the latest departure because shorter travel days are always best.""}, {""choice_id"": ""D"", ""text"": ""Choose the option that arrives early and leaves about a 90-minute buffer before the meeting.""}]",D,apply_scoped_habit,"[{""session_id"": ""tm2_planning_user_0002_s0008"", ""session_index"": 8, ""signal_type"": ""support"", ""domain"": ""travel"", ""source_domain"": ""flights"", ""user"": ""For client visits, I prefer predictable timing over the absolute cheapest itinerary. Prior travel-search context from Taskmaster-2 flights: I'd like to book a first-class plane to San Francisco."", ""assistant"": ""For a business meeting, the safer default is the earlier option with a meeting buffer."", ""feedback"": ""That is the right default for client trips: early arrival and breathing room.""}, {""session_id"": ""tm2_planning_user_0002_s0011"", ""session_index"": 11, ""signal_type"": ""support"", ""domain"": ""travel"", ""source_domain"": ""flights"", ""user"": ""This is for a client meeting, so choose timing that keeps me from rushing. Prior travel-search context from Taskmaster-2 flights: Hello. I would like help finding a flight to France."", ""assistant"": ""I would avoid the tight arrival and preserve a 90-minute cushion before work starts."", ""feedback"": ""That is the right default for client trips: early arrival and breathing room.""}, {""session_id"": ""tm2_planning_user_0002_s0014"", ""session_index"": 14, ""signal_type"": ""support"", ""domain"": ""travel"", ""source_domain"": ""hotels"", ""user"": ""I am heading to a meeting; build in a real buffer instead of cutting it close. Prior travel-search context from Taskmaster-2 hotels: I would like to find a hotel for my summer vacation."", ""assistant"": ""I would choose the earlier arrival and leave about a 90-minute buffer before the meeting."", ""feedback"": ""Good call. I do not want to land and rush straight into a meeting.""}, {""session_id"": ""tm2_planning_user_0002_s0015"", ""session_index"": 15, ""signal_type"": ""support"", ""domain"": ""travel"", ""source_domain"": ""flights"", ""user"": ""I am heading to a meeting; build in a real buffer instead of cutting it close. Prior travel-search context from Taskmaster-2 flights: Hi, I'm looking for a flight to London, please."", ""assistant"": ""I would choose the earlier arrival and leave about a 90-minute buffer before the meeting."", ""feedback"": ""Yes, that buffer is exactly what I need for business travel.""}]",pass,,
review_tm2_planning_user_0002_habit_business_travel_early_buffer_p01_boundary,taskmaster_planning_v01_probe_0abde5300163c42e,tm2_planning_user_0002_habit_business_travel_early_buffer_p01_boundary,tm2_planning_user_0002,test,boundary,planning_defaults,taskmaster_seeded_boundary,Plan a relaxed weekend vacation where there is no meeting or appointment to protect.,"[{""choice_id"": ""A"", ""text"": ""Refuse to help because the user has a business travel habit.""}, {""choice_id"": ""B"", ""text"": ""Do not apply the business-travel timing rule; optimize for comfort and ask about leisure priorities.""}, {""choice_id"": ""C"", ""text"": ""Optimize only for the cheapest arrival and ignore comfort.""}, {""choice_id"": ""D"", ""text"": ""Force an early arrival and a 90-minute meeting buffer anyway.""}]",B,do_not_apply_out_of_scope,"[{""session_id"": ""tm2_planning_user_0002_s0017"", ""session_index"": 17, ""signal_type"": ""boundary_counterexample"", ""domain"": ""travel"", ""source_domain"": ""hotels"", ""user"": ""Plan a relaxed weekend getaway where I can sleep in and wander without a fixed schedule. Related travel context: I need help in finding a hotel in St. Louis, Missouri."", ""assistant"": ""Because this is leisure travel, I would optimize for comfort and timing preference rather than defaulting to an early business arrival."", ""feedback"": ""Right, this is not a work trip, so the business buffer should not drive the plan.""}, {""session_id"": ""tm2_planning_user_0002_s0023"", ""session_index"": 23, ""signal_type"": ""boundary_counterexample"", ""domain"": ""travel"", ""source_domain"": ""hotels"", ""user"": ""Help me compare vacation options where arrival time is flexible and there is no appointment. Related travel context: I need help in finding a hotel in Nashville Tennessee."", ""assistant"": ""Because this is leisure travel, I would optimize for comfort and timing preference rather than defaulting to an early business arrival."", ""feedback"": ""Right, this is not a work trip, so the business buffer should not drive the plan.""}]",pass,,
review_tm2_planning_user_0002_habit_business_travel_early_buffer_p02_exception,taskmaster_planning_v01_probe_57fa194ceb134b52,tm2_planning_user_0002_habit_business_travel_early_buffer_p02_exception,tm2_planning_user_0002,test,exception,planning_defaults,taskmaster_seeded_exception,Plan a personal trip that the user explicitly says is flexible and not tied to a meeting.,"[{""choice_id"": ""A"", ""text"": ""Treat this as an exception and avoid assuming the early-arrival business buffer.""}, {""choice_id"": ""B"", ""text"": ""Pick the tightest itinerary solely because it is cheap.""}, {""choice_id"": ""C"", ""text"": ""Apply the business-travel buffer because it is the most frequent prior pattern.""}, {""choice_id"": ""D"", ""text"": ""Say there is no way to plan without deleting the user's travel preference.""}]",A,apply_exception,"[{""session_id"": ""tm2_planning_user_0002_s0021"", ""session_index"": 21, ""signal_type"": ""exception"", ""domain"": ""travel"", ""source_domain"": ""hotels"", ""user"": ""Plan this as a personal trip where the timing can be looser than my business travel default. Use this travel context if useful: I would like help finding a hotel in New Orleans."", ""assistant"": ""Since you explicitly marked this trip as flexible, I will not force the early-arrival business default."", ""feedback"": ""Yes, this is an exception to my usual business travel timing.""}]",pass,,
review_tm2_planning_user_0002_habit_business_travel_early_buffer_p03_explicit_retrieval,taskmaster_planning_v01_probe_645f81fdf2113cd0,tm2_planning_user_0002_habit_business_travel_early_buffer_p03_explicit_retrieval,tm2_planning_user_0002,test,explicit_retrieval,planning_defaults,taskmaster_seeded_explicit,Which travel planning preference has the user repeatedly reinforced for business or client-meeting trips?,"[{""choice_id"": ""A"", ""text"": ""The user has not shown any recurring business-travel timing preference.""}, {""choice_id"": ""B"", ""text"": ""For every trip, always choose the cheapest possible arrival.""}, {""choice_id"": ""C"", ""text"": ""For vacations, always force the earliest possible arrival.""}, {""choice_id"": ""D"", ""text"": ""For business travel, prefer early arrivals and leave about a 90-minute buffer before meetings.""}]",D,retrieve_explicit_preference_from_support,"[{""session_id"": ""tm2_planning_user_0002_s0008"", ""session_index"": 8, ""signal_type"": ""support"", ""domain"": ""travel"", ""source_domain"": ""flights"", ""user"": ""For client visits, I prefer predictable timing over the absolute cheapest itinerary. Prior travel-search context from Taskmaster-2 flights: I'd like to book a first-class plane to San Francisco."", ""assistant"": ""For a business meeting, the safer default is the earlier option with a meeting buffer."", ""feedback"": ""That is the right default for client trips: early arrival and breathing room.""}, {""session_id"": ""tm2_planning_user_0002_s0011"", ""session_index"": 11, ""signal_type"": ""support"", ""domain"": ""travel"", ""source_domain"": ""flights"", ""user"": ""This is for a client meeting, so choose timing that keeps me from rushing. Prior travel-search context from Taskmaster-2 flights: Hello. I would like help finding a flight to France."", ""assistant"": ""I would avoid the tight arrival and preserve a 90-minute cushion before work starts."", ""feedback"": ""That is the right default for client trips: early arrival and breathing room.""}, {""session_id"": ""tm2_planning_user_0002_s0014"", ""session_index"": 14, ""signal_type"": ""support"", ""domain"": ""travel"", ""source_domain"": ""hotels"", ""user"": ""I am heading to a meeting; build in a real buffer instead of cutting it close. Prior travel-search context from Taskmaster-2 hotels: I would like to find a hotel for my summer vacation."", ""assistant"": ""I would choose the earlier arrival and leave about a 90-minute buffer before the meeting."", ""feedback"": ""Good call. I do not want to land and rush straight into a meeting.""}, {""session_id"": ""tm2_planning_user_0002_s0015"", ""session_index"": 15, ""signal_type"": ""support"", ""domain"": ""travel"", ""source_domain"": ""flights"", ""user"": ""I am heading to a meeting; build in a real buffer instead of cutting it close. Prior travel-search context from Taskmaster-2 flights: Hi, I'm looking for a flight to London, please."", ""assistant"": ""I would choose the earlier arrival and leave about a 90-minute buffer before the meeting."", ""feedback"": ""Yes, that buffer is exactly what I need for business travel.""}]",pass,,
review_tm2_planning_user_0003_habit_business_travel_early_buffer_p00_direct_use,taskmaster_planning_v01_probe_d275667b47426bf3,tm2_planning_user_0003_habit_business_travel_early_buffer_p00_direct_use,tm2_planning_user_0003,test,direct_use,planning_defaults,taskmaster_seeded_direct,Pick the default travel option for a client meeting next Thursday using the user's established planning preference.,"[{""choice_id"": ""A"", ""text"": ""Choose the cheapest option even if it arrives right before the meeting.""}, {""choice_id"": ""B"", ""text"": ""Ask the user to restate their preference despite repeated prior evidence.""}, {""choice_id"": ""C"", ""text"": ""Choose the option that arrives early and leaves about a 90-minute buffer before the meeting.""}, {""choice_id"": ""D"", ""text"": ""Choose the latest departure because shorter travel days are always best.""}]",C,apply_scoped_habit,"[{""session_id"": ""tm2_planning_user_0003_s0002"", ""session_index"": 2, ""signal_type"": ""support"", ""domain"": ""travel"", ""source_domain"": ""hotels"", ""user"": ""For client visits, I prefer predictable timing over the absolute cheapest itinerary. Prior travel-search context from Taskmaster-2 hotels: I'd like help finding a hotel in Laguna Beach, California."", ""assistant"": ""I would avoid the tight arrival and preserve a 90-minute cushion before work starts."", ""feedback"": ""That is the right default for client trips: early arrival and breathing room.""}, {""session_id"": ""tm2_planning_user_0003_s0003"", ""session_index"": 3, ""signal_type"": ""support"", ""domain"": ""travel"", ""source_domain"": ""flights"", ""user"": ""For work travel, I want the option with enough breathing room before the meeting. Prior travel-search context from Taskmaster-2 flights: I need a city on the west coast to travel to."", ""assistant"": ""I would choose the earlier arrival and leave about a 90-minute buffer before the meeting."", ""feedback"": ""Exactly. For work travel, reliability matters more than shaving off a little cost.""}, {""session_id"": ""tm2_planning_user_0003_s0015"", ""session_index"": 15, ""signal_type"": ""support"", ""domain"": ""travel"", ""source_domain"": ""hotels"", ""user"": ""For work travel, I want the option with enough breathing room before the meeting. Prior travel-search context from Taskmaster-2 hotels: I would like to find a hotel for my summer vacation."", ""assistant"": ""I would avoid the tight arrival and preserve a 90-minute cushion before work starts."", ""feedback"": ""Yes, that buffer is exactly what I need for business travel.""}, {""session_id"": ""tm2_planning_user_0003_s0016"", ""session_index"": 16, ""signal_type"": ""support"", ""domain"": ""travel"", ""source_domain"": ""hotels"", ""user"": ""I am heading to a meeting; build in a real buffer instead of cutting it close. Prior travel-search context from Taskmaster-2 hotels: I'd like help finding a hotel in San Francisco."", ""assistant"": ""For a business meeting, the safer default is the earlier option with a meeting buffer."", ""feedback"": ""That is the right default for client trips: early arrival and breathing room.""}]",pass,,
review_tm2_planning_user_0003_habit_business_travel_early_buffer_p01_boundary,taskmaster_planning_v01_probe_2221276afb751c0c,tm2_planning_user_0003_habit_business_travel_early_buffer_p01_boundary,tm2_planning_user_0003,test,boundary,planning_defaults,taskmaster_seeded_boundary,Plan a relaxed weekend vacation where there is no meeting or appointment to protect.,"[{""choice_id"": ""A"", ""text"": ""Do not apply the business-travel timing rule; optimize for comfort and ask about leisure priorities.""}, {""choice_id"": ""B"", ""text"": ""Refuse to help because the user has a business travel habit.""}, {""choice_id"": ""C"", ""text"": ""Force an early arrival and a 90-minute meeting buffer anyway.""}, {""choice_id"": ""D"", ""text"": ""Optimize only for the cheapest arrival and ignore comfort.""}]",A,do_not_apply_out_of_scope,"[{""session_id"": ""tm2_planning_user_0003_s0018"", ""session_index"": 18, ""signal_type"": ""boundary_counterexample"", ""domain"": ""travel"", ""source_domain"": ""hotels"", ""user"": ""Help me compare vacation options where arrival time is flexible and there is no appointment. Related travel context: I'd like help in finding a hotel in Nashville, Tennessee."", ""assistant"": ""Because this is leisure travel, I would optimize for comfort and timing preference rather than defaulting to an early business arrival."", ""feedback"": ""Right, this is not a work trip, so the business buffer should not drive the plan.""}, {""session_id"": ""tm2_planning_user_0003_s0022"", ""session_index"": 22, ""signal_type"": ""boundary_counterexample"", ""domain"": ""travel"", ""source_domain"": ""hotels"", ""user"": ""Help me compare vacation options where arrival time is flexible and there is no appointment. Related travel context: I'd like to have a hotel in the Louisiana area, New Orleans."", ""assistant"": ""Because this is leisure travel, I would optimize for comfort and timing preference rather than defaulting to an early business arrival."", ""feedback"": ""Right, this is not a work trip, so the business buffer should not drive the plan.""}]",pass,,
review_tm2_planning_user_0003_habit_business_travel_early_buffer_p02_exception,taskmaster_planning_v01_probe_4e42398c5073009a,tm2_planning_user_0003_habit_business_travel_early_buffer_p02_exception,tm2_planning_user_0003,test,exception,planning_defaults,taskmaster_seeded_exception,Plan a personal trip that the user explicitly says is flexible and not tied to a meeting.,"[{""choice_id"": ""A"", ""text"": ""Treat this as an exception and avoid assuming the early-arrival business buffer.""}, {""choice_id"": ""B"", ""text"": ""Say there is no way to plan without deleting the user's travel preference.""}, {""choice_id"": ""C"", ""text"": ""Apply the business-travel buffer because it is the most frequent prior pattern.""}, {""choice_id"": ""D"", ""text"": ""Pick the tightest itinerary solely because it is cheap.""}]",A,apply_exception,"[{""session_id"": ""tm2_planning_user_0003_s0029"", ""session_index"": 29, ""signal_type"": ""exception"", ""domain"": ""travel"", ""source_domain"": ""flights"", ""user"": ""This trip is explicitly flexible; I do not need the usual work-travel buffer. Use this travel context if useful: I'm looking for a round-trip flights from LA to Boston. I would like the departure and return in 4 days."", ""assistant"": ""Since you explicitly marked this trip as flexible, I will not force the early-arrival business default."", ""feedback"": ""Yes, this is an exception to my usual business travel timing.""}]",pass,,
review_tm2_planning_user_0003_habit_business_travel_early_buffer_p03_explicit_retrieval,taskmaster_planning_v01_probe_99ba257681555a01,tm2_planning_user_0003_habit_business_travel_early_buffer_p03_explicit_retrieval,tm2_planning_user_0003,test,explicit_retrieval,planning_defaults,taskmaster_seeded_explicit,Which travel planning preference has the user repeatedly reinforced for business or client-meeting trips?,"[{""choice_id"": ""A"", ""text"": ""For every trip, always choose the cheapest possible arrival.""}, {""choice_id"": ""B"", ""text"": ""The user has not shown any recurring business-travel timing preference.""}, {""choice_id"": ""C"", ""text"": ""For vacations, always force the earliest possible arrival.""}, {""choice_id"": ""D"", ""text"": ""For business travel, prefer early arrivals and leave about a 90-minute buffer before meetings.""}]",D,retrieve_explicit_preference_from_support,"[{""session_id"": ""tm2_planning_user_0003_s0002"", ""session_index"": 2, ""signal_type"": ""support"", ""domain"": ""travel"", ""source_domain"": ""hotels"", ""user"": ""For client visits, I prefer predictable timing over the absolute cheapest itinerary. Prior travel-search context from Taskmaster-2 hotels: I'd like help finding a hotel in Laguna Beach, California."", ""assistant"": ""I would avoid the tight arrival and preserve a 90-minute cushion before work starts."", ""feedback"": ""That is the right default for client trips: early arrival and breathing room.""}, {""session_id"": ""tm2_planning_user_0003_s0003"", ""session_index"": 3, ""signal_type"": ""support"", ""domain"": ""travel"", ""source_domain"": ""flights"", ""user"": ""For work travel, I want the option with enough breathing room before the meeting. Prior travel-search context from Taskmaster-2 flights: I need a city on the west coast to travel to."", ""assistant"": ""I would choose the earlier arrival and leave about a 90-minute buffer before the meeting."", ""feedback"": ""Exactly. For work travel, reliability matters more than shaving off a little cost.""}, {""session_id"": ""tm2_planning_user_0003_s0015"", ""session_index"": 15, ""signal_type"": ""support"", ""domain"": ""travel"", ""source_domain"": ""hotels"", ""user"": ""For work travel, I want the option with enough breathing room before the meeting. Prior travel-search context from Taskmaster-2 hotels: I would like to find a hotel for my summer vacation."", ""assistant"": ""I would avoid the tight arrival and preserve a 90-minute cushion before work starts."", ""feedback"": ""Yes, that buffer is exactly what I need for business travel.""}, {""session_id"": ""tm2_planning_user_0003_s0016"", ""session_index"": 16, ""signal_type"": ""support"", ""domain"": ""travel"", ""source_domain"": ""hotels"", ""user"": ""I am heading to a meeting; build in a real buffer instead of cutting it close. Prior travel-search context from Taskmaster-2 hotels: I'd like help finding a hotel in San Francisco."", ""assistant"": ""For a business meeting, the safer default is the earlier option with a meeting buffer."", ""feedback"": ""That is the right default for client trips: early arrival and breathing room.""}]",pass,,
review_tm2_planning_user_0004_habit_business_travel_early_buffer_p00_direct_use,taskmaster_planning_v01_probe_f645605bb99db8a8,tm2_planning_user_0004_habit_business_travel_early_buffer_p00_direct_use,tm2_planning_user_0004,test,direct_use,planning_defaults,taskmaster_seeded_direct,Pick the default travel option for a client meeting next Thursday using the user's established planning preference.,"[{""choice_id"": ""A"", ""text"": ""Choose the option that arrives early and leaves about a 90-minute buffer before the meeting.""}, {""choice_id"": ""B"", ""text"": ""Ask the user to restate their preference despite repeated prior evidence.""}, {""choice_id"": ""C"", ""text"": ""Choose the cheapest option even if it arrives right before the meeting.""}, {""choice_id"": ""D"", ""text"": ""Choose the latest departure because shorter travel days are always best.""}]",A,apply_scoped_habit,"[{""session_id"": ""tm2_planning_user_0004_s0008"", ""session_index"": 8, ""signal_type"": ""support"", ""domain"": ""travel"", ""source_domain"": ""hotels"", ""user"": ""This is for a client meeting, so choose timing that keeps me from rushing. Prior travel-search context from Taskmaster-2 hotels: I'm looking for a hotel in New Orleans. I'd like to arrive tomorrow evening. And I'm staying there exactly f..."", ""assistant"": ""For a business meeting, the safer default is the earlier option with a meeting buffer."", ""feedback"": ""Exactly. For work travel, reliability matters more than shaving off a little cost.""}, {""session_id"": ""tm2_planning_user_0004_s0010"", ""session_index"": 10, ""signal_type"": ""support"", ""domain"": ""travel"", ""source_domain"": ""flights"", ""user"": ""When this is a business trip, please default to the safer arrival window. Prior travel-search context from Taskmaster-2 flights: Hello. I'd like some help in finding a flight from LaGuardia Airport, New York. Going to San Francisco, Cali..."", ""assistant"": ""I would avoid the tight arrival and preserve a 90-minute cushion before work starts."", ""feedback"": ""Yes, that buffer is exactly what I need for business travel.""}, {""session_id"": ""tm2_planning_user_0004_s0015"", ""session_index"": 15, ""signal_type"": ""support"", ""domain"": ""travel"", ""source_domain"": ""flights"", ""user"": ""I am heading to a meeting; build in a real buffer instead of cutting it close. Prior travel-search context from Taskmaster-2 flights: Hello. All right, today I need your help finding up a flight, a round trip flight from Los Angeles to C..."", ""assistant"": ""I would avoid the tight arrival and preserve a 90-minute cushion before work starts."", ""feedback"": ""That is the right default for client trips: early arrival and breathing room.""}, {""session_id"": ""tm2_planning_user_0004_s0017"", ""session_index"": 17, ""signal_type"": ""support"", ""domain"": ""travel"", ""source_domain"": ""hotels"", ""user"": ""This is for a client meeting, so choose timing that keeps me from rushing. Prior travel-search context from Taskmaster-2 hotels: I need help finding a hotel in New Orleans."", ""assistant"": ""I would choose the earlier arrival and leave about a 90-minute buffer before the meeting."", ""feedback"": ""Good call. I do not want to land and rush straight into a meeting.""}]",pass,,
review_tm2_planning_user_0004_habit_business_travel_early_buffer_p01_boundary,taskmaster_planning_v01_probe_645ed36b1be8e10a,tm2_planning_user_0004_habit_business_travel_early_buffer_p01_boundary,tm2_planning_user_0004,test,boundary,planning_defaults,taskmaster_seeded_boundary,Plan a relaxed weekend vacation where there is no meeting or appointment to protect.,"[{""choice_id"": ""A"", ""text"": ""Refuse to help because the user has a business travel habit.""}, {""choice_id"": ""B"", ""text"": ""Optimize only for the cheapest arrival and ignore comfort.""}, {""choice_id"": ""C"", ""text"": ""Force an early arrival and a 90-minute meeting buffer anyway.""}, {""choice_id"": ""D"", ""text"": ""Do not apply the business-travel timing rule; optimize for comfort and ask about leisure priorities.""}]",D,do_not_apply_out_of_scope,"[{""session_id"": ""tm2_planning_user_0004_s0020"", ""session_index"": 20, ""signal_type"": ""boundary_counterexample"", ""domain"": ""travel"", ""source_domain"": ""hotels"", ""user"": ""This is a leisure trip with no meetings; optimize for comfort and a relaxed pace. Related travel context: I need to look for a hotel in Nashville, Tennessee."", ""assistant"": ""Because this is leisure travel, I would optimize for comfort and timing preference rather than defaulting to an early business arrival."", ""feedback"": ""Right, this is not a work trip, so the business buffer should not drive the plan.""}, {""session_id"": ""tm2_planning_user_0004_s0023"", ""session_index"": 23, ""signal_type"": ""boundary_counterexample"", ""domain"": ""travel"", ""source_domain"": ""hotels"", ""user"": ""Plan a relaxed weekend getaway where I can sleep in and wander without a fixed schedule. Related travel context: Hi, I need a hotel. I'm staying in Palm Springs, California."", ""assistant"": ""Because this is leisure travel, I would optimize for comfort and timing preference rather than defaulting to an early business arrival."", ""feedback"": ""Right, this is not a work trip, so the business buffer should not drive the plan.""}]",pass,,
review_tm2_planning_user_0004_habit_business_travel_early_buffer_p02_exception,taskmaster_planning_v01_probe_5fdf180eb5161c0d,tm2_planning_user_0004_habit_business_travel_early_buffer_p02_exception,tm2_planning_user_0004,test,exception,planning_defaults,taskmaster_seeded_exception,Plan a personal trip that the user explicitly says is flexible and not tied to a meeting.,"[{""choice_id"": ""A"", ""text"": ""Treat this as an exception and avoid assuming the early-arrival business buffer.""}, {""choice_id"": ""B"", ""text"": ""Say there is no way to plan without deleting the user's travel preference.""}, {""choice_id"": ""C"", ""text"": ""Pick the tightest itinerary solely because it is cheap.""}, {""choice_id"": ""D"", ""text"": ""Apply the business-travel buffer because it is the most frequent prior pattern.""}]",A,apply_exception,"[{""session_id"": ""tm2_planning_user_0004_s0024"", ""session_index"": 24, ""signal_type"": ""exception"", ""domain"": ""travel"", ""source_domain"": ""hotels"", ""user"": ""Plan this as a personal trip where the timing can be looser than my business travel default. Use this travel context if useful: I like to find out more about the hotel I plan to stay at Ocracoke."", ""assistant"": ""Since you explicitly marked this trip as flexible, I will not force the early-arrival business default."", ""feedback"": ""Yes, this is an exception to my usual business travel timing.""}]",pass,,
review_tm2_planning_user_0004_habit_business_travel_early_buffer_p03_explicit_retrieval,taskmaster_planning_v01_probe_5f0a1fed310f8a10,tm2_planning_user_0004_habit_business_travel_early_buffer_p03_explicit_retrieval,tm2_planning_user_0004,test,explicit_retrieval,planning_defaults,taskmaster_seeded_explicit,Which travel planning preference has the user repeatedly reinforced for business or client-meeting trips?,"[{""choice_id"": ""A"", ""text"": ""For vacations, always force the earliest possible arrival.""}, {""choice_id"": ""B"", ""text"": ""For business travel, prefer early arrivals and leave about a 90-minute buffer before meetings.""}, {""choice_id"": ""C"", ""text"": ""For every trip, always choose the cheapest possible arrival.""}, {""choice_id"": ""D"", ""text"": ""The user has not shown any recurring business-travel timing preference.""}]",B,retrieve_explicit_preference_from_support,"[{""session_id"": ""tm2_planning_user_0004_s0008"", ""session_index"": 8, ""signal_type"": ""support"", ""domain"": ""travel"", ""source_domain"": ""hotels"", ""user"": ""This is for a client meeting, so choose timing that keeps me from rushing. Prior travel-search context from Taskmaster-2 hotels: I'm looking for a hotel in New Orleans. I'd like to arrive tomorrow evening. And I'm staying there exactly f..."", ""assistant"": ""For a business meeting, the safer default is the earlier option with a meeting buffer."", ""feedback"": ""Exactly. For work travel, reliability matters more than shaving off a little cost.""}, {""session_id"": ""tm2_planning_user_0004_s0010"", ""session_index"": 10, ""signal_type"": ""support"", ""domain"": ""travel"", ""source_domain"": ""flights"", ""user"": ""When this is a business trip, please default to the safer arrival window. Prior travel-search context from Taskmaster-2 flights: Hello. I'd like some help in finding a flight from LaGuardia Airport, New York. Going to San Francisco, Cali..."", ""assistant"": ""I would avoid the tight arrival and preserve a 90-minute cushion before work starts."", ""feedback"": ""Yes, that buffer is exactly what I need for business travel.""}, {""session_id"": ""tm2_planning_user_0004_s0015"", ""session_index"": 15, ""signal_type"": ""support"", ""domain"": ""travel"", ""source_domain"": ""flights"", ""user"": ""I am heading to a meeting; build in a real buffer instead of cutting it close. Prior travel-search context from Taskmaster-2 flights: Hello. All right, today I need your help finding up a flight, a round trip flight from Los Angeles to C..."", ""assistant"": ""I would avoid the tight arrival and preserve a 90-minute cushion before work starts."", ""feedback"": ""That is the right default for client trips: early arrival and breathing room.""}, {""session_id"": ""tm2_planning_user_0004_s0017"", ""session_index"": 17, ""signal_type"": ""support"", ""domain"": ""travel"", ""source_domain"": ""hotels"", ""user"": ""This is for a client meeting, so choose timing that keeps me from rushing. Prior travel-search context from Taskmaster-2 hotels: I need help finding a hotel in New Orleans."", ""assistant"": ""I would choose the earlier arrival and leave about a 90-minute buffer before the meeting."", ""feedback"": ""Good call. I do not want to land and rush straight into a meeting.""}]",pass,,
review_tm2_planning_user_0005_habit_business_travel_early_buffer_p00_direct_use,taskmaster_planning_v01_probe_692d7bc7c638b316,tm2_planning_user_0005_habit_business_travel_early_buffer_p00_direct_use,tm2_planning_user_0005,test,direct_use,planning_defaults,taskmaster_seeded_direct,Pick the default travel option for a client meeting next Thursday using the user's established planning preference.,"[{""choice_id"": ""A"", ""text"": ""Choose the cheapest option even if it arrives right before the meeting.""}, {""choice_id"": ""B"", ""text"": ""Choose the latest departure because shorter travel days are always best.""}, {""choice_id"": ""C"", ""text"": ""Choose the option that arrives early and leaves about a 90-minute buffer before the meeting.""}, {""choice_id"": ""D"", ""text"": ""Ask the user to restate their preference despite repeated prior evidence.""}]",C,apply_scoped_habit,"[{""session_id"": ""tm2_planning_user_0005_s0004"", ""session_index"": 4, ""signal_type"": ""support"", ""domain"": ""travel"", ""source_domain"": ""flights"", ""user"": ""When this is a business trip, please default to the safer arrival window. Prior travel-search context from Taskmaster-2 flights: Hi. I need help finding a flight to Los Angeles, California."", ""assistant"": ""I would choose the earlier arrival and leave about a 90-minute buffer before the meeting."", ""feedback"": ""Exactly. For work travel, reliability matters more than shaving off a little cost.""}, {""session_id"": ""tm2_planning_user_0005_s0005"", ""session_index"": 5, ""signal_type"": ""support"", ""domain"": ""travel"", ""source_domain"": ""flights"", ""user"": ""I am heading to a meeting; build in a real buffer instead of cutting it close. Prior travel-search context from Taskmaster-2 flights: Find a commercial airline flight."", ""assistant"": ""I would choose the earlier arrival and leave about a 90-minute buffer before the meeting."", ""feedback"": ""Good call. I do not want to land and rush straight into a meeting.""}, {""session_id"": ""tm2_planning_user_0005_s0007"", ""session_index"": 7, ""signal_type"": ""support"", ""domain"": ""travel"", ""source_domain"": ""flights"", ""user"": ""For client visits, I prefer predictable timing over the absolute cheapest itinerary. Prior travel-search context from Taskmaster-2 flights: Hi. Today, I need your help booking a round-trip flight from LA to London. I'm looking to depart..."", ""assistant"": ""For a business meeting, the safer default is the earlier option with a meeting buffer."", ""feedback"": ""That is the right default for client trips: early arrival and breathing room.""}, {""session_id"": ""tm2_planning_user_0005_s0016"", ""session_index"": 16, ""signal_type"": ""support"", ""domain"": ""travel"", ""source_domain"": ""hotels"", ""user"": ""For client visits, I prefer predictable timing over the absolute cheapest itinerary. Prior travel-search context from Taskmaster-2 hotels: Hi. I was wondering if you could help me find a room in Phoenix for this week."", ""assistant"": ""I would choose the earlier arrival and leave about a 90-minute buffer before the meeting."", ""feedback"": ""Yes, that buffer is exactly what I need for business travel.""}]",pass,,
review_tm2_planning_user_0005_habit_business_travel_early_buffer_p01_boundary,taskmaster_planning_v01_probe_d69127d6fc938f49,tm2_planning_user_0005_habit_business_travel_early_buffer_p01_boundary,tm2_planning_user_0005,test,boundary,planning_defaults,taskmaster_seeded_boundary,Plan a relaxed weekend vacation where there is no meeting or appointment to protect.,"[{""choice_id"": ""A"", ""text"": ""Force an early arrival and a 90-minute meeting buffer anyway.""}, {""choice_id"": ""B"", ""text"": ""Optimize only for the cheapest arrival and ignore comfort.""}, {""choice_id"": ""C"", ""text"": ""Do not apply the business-travel timing rule; optimize for comfort and ask about leisure priorities.""}, {""choice_id"": ""D"", ""text"": ""Refuse to help because the user has a business travel habit.""}]",C,do_not_apply_out_of_scope,"[{""session_id"": ""tm2_planning_user_0005_s0015"", ""session_index"": 15, ""signal_type"": ""boundary_counterexample"", ""domain"": ""travel"", ""source_domain"": ""hotels"", ""user"": ""Plan a relaxed weekend getaway where I can sleep in and wander without a fixed schedule. Related travel context: Hello Assistant, I need help finding a hotel in Santa Fe, New Mexico."", ""assistant"": ""Because this is leisure travel, I would optimize for comfort and timing preference rather than defaulting to an early business arrival."", ""feedback"": ""Right, this is not a work trip, so the business buffer should not drive the plan.""}, {""session_id"": ""tm2_planning_user_0005_s0017"", ""session_index"": 17, ""signal_type"": ""boundary_counterexample"", ""domain"": ""travel"", ""source_domain"": ""hotels"", ""user"": ""This is a leisure trip with no meetings; optimize for comfort and a relaxed pace. Related travel context: Hello. I would like help in finding a hotel in San Francisco."", ""assistant"": ""Because this is leisure travel, I would optimize for comfort and timing preference rather than defaulting to an early business arrival."", ""feedback"": ""Right, this is not a work trip, so the business buffer should not drive the plan.""}]",pass,,
review_tm2_planning_user_0005_habit_business_travel_early_buffer_p02_exception,taskmaster_planning_v01_probe_a82aaa6f7c0206fd,tm2_planning_user_0005_habit_business_travel_early_buffer_p02_exception,tm2_planning_user_0005,test,exception,planning_defaults,taskmaster_seeded_exception,Plan a personal trip that the user explicitly says is flexible and not tied to a meeting.,"[{""choice_id"": ""A"", ""text"": ""Say there is no way to plan without deleting the user's travel preference.""}, {""choice_id"": ""B"", ""text"": ""Apply the business-travel buffer because it is the most frequent prior pattern.""}, {""choice_id"": ""C"", ""text"": ""Treat this as an exception and avoid assuming the early-arrival business buffer.""}, {""choice_id"": ""D"", ""text"": ""Pick the tightest itinerary solely because it is cheap.""}]",C,apply_exception,"[{""session_id"": ""tm2_planning_user_0005_s0026"", ""session_index"": 26, ""signal_type"": ""exception"", ""domain"": ""travel"", ""source_domain"": ""flights"", ""user"": ""Plan this as a personal trip where the timing can be looser than my business travel default. Use this travel context if useful: Hi, I'm looking for a round trip commercial airline flight from San Francisco to the Bahamas."", ""assistant"": ""Since you explicitly marked this trip as flexible, I will not force the early-arrival business default."", ""feedback"": ""Yes, this is an exception to my usual business travel timing.""}]",pass,,
review_tm2_planning_user_0005_habit_business_travel_early_buffer_p03_explicit_retrieval,taskmaster_planning_v01_probe_fe45f0a090db4a31,tm2_planning_user_0005_habit_business_travel_early_buffer_p03_explicit_retrieval,tm2_planning_user_0005,test,explicit_retrieval,planning_defaults,taskmaster_seeded_explicit,Which travel planning preference has the user repeatedly reinforced for business or client-meeting trips?,"[{""choice_id"": ""A"", ""text"": ""The user has not shown any recurring business-travel timing preference.""}, {""choice_id"": ""B"", ""text"": ""For business travel, prefer early arrivals and leave about a 90-minute buffer before meetings.""}, {""choice_id"": ""C"", ""text"": ""For every trip, always choose the cheapest possible arrival.""}, {""choice_id"": ""D"", ""text"": ""For vacations, always force the earliest possible arrival.""}]",B,retrieve_explicit_preference_from_support,"[{""session_id"": ""tm2_planning_user_0005_s0004"", ""session_index"": 4, ""signal_type"": ""support"", ""domain"": ""travel"", ""source_domain"": ""flights"", ""user"": ""When this is a business trip, please default to the safer arrival window. Prior travel-search context from Taskmaster-2 flights: Hi. I need help finding a flight to Los Angeles, California."", ""assistant"": ""I would choose the earlier arrival and leave about a 90-minute buffer before the meeting."", ""feedback"": ""Exactly. For work travel, reliability matters more than shaving off a little cost.""}, {""session_id"": ""tm2_planning_user_0005_s0005"", ""session_index"": 5, ""signal_type"": ""support"", ""domain"": ""travel"", ""source_domain"": ""flights"", ""user"": ""I am heading to a meeting; build in a real buffer instead of cutting it close. Prior travel-search context from Taskmaster-2 flights: Find a commercial airline flight."", ""assistant"": ""I would choose the earlier arrival and leave about a 90-minute buffer before the meeting."", ""feedback"": ""Good call. I do not want to land and rush straight into a meeting.""}, {""session_id"": ""tm2_planning_user_0005_s0007"", ""session_index"": 7, ""signal_type"": ""support"", ""domain"": ""travel"", ""source_domain"": ""flights"", ""user"": ""For client visits, I prefer predictable timing over the absolute cheapest itinerary. Prior travel-search context from Taskmaster-2 flights: Hi. Today, I need your help booking a round-trip flight from LA to London. I'm looking to depart..."", ""assistant"": ""For a business meeting, the safer default is the earlier option with a meeting buffer."", ""feedback"": ""That is the right default for client trips: early arrival and breathing room.""}, {""session_id"": ""tm2_planning_user_0005_s0016"", ""session_index"": 16, ""signal_type"": ""support"", ""domain"": ""travel"", ""source_domain"": ""hotels"", ""user"": ""For client visits, I prefer predictable timing over the absolute cheapest itinerary. Prior travel-search context from Taskmaster-2 hotels: Hi. I was wondering if you could help me find a room in Phoenix for this week."", ""assistant"": ""I would choose the earlier arrival and leave about a 90-minute buffer before the meeting."", ""feedback"": ""Yes, that buffer is exactly what I need for business travel.""}]",pass,,
review_tm2_planning_user_0006_habit_business_travel_early_buffer_p00_direct_use,taskmaster_planning_v01_probe_33241469ce2b5070,tm2_planning_user_0006_habit_business_travel_early_buffer_p00_direct_use,tm2_planning_user_0006,test,direct_use,planning_defaults,taskmaster_seeded_direct,Pick the default travel option for a client meeting next Thursday using the user's established planning preference.,"[{""choice_id"": ""A"", ""text"": ""Choose the latest departure because shorter travel days are always best.""}, {""choice_id"": ""B"", ""text"": ""Ask the user to restate their preference despite repeated prior evidence.""}, {""choice_id"": ""C"", ""text"": ""Choose the option that arrives early and leaves about a 90-minute buffer before the meeting.""}, {""choice_id"": ""D"", ""text"": ""Choose the cheapest option even if it arrives right before the meeting.""}]",C,apply_scoped_habit,"[{""session_id"": ""tm2_planning_user_0006_s0006"", ""session_index"": 6, ""signal_type"": ""support"", ""domain"": ""travel"", ""source_domain"": ""flights"", ""user"": ""For work travel, I want the option with enough breathing room before the meeting. Prior travel-search context from Taskmaster-2 flights: Hi. Could you help me find a round-trip airline ticket?"", ""assistant"": ""I would choose the earlier arrival and leave about a 90-minute buffer before the meeting."", ""feedback"": ""Exactly. For work travel, reliability matters more than shaving off a little cost.""}, {""session_id"": ""tm2_planning_user_0006_s0008"", ""session_index"": 8, ""signal_type"": ""support"", ""domain"": ""travel"", ""source_domain"": ""flights"", ""user"": ""When this is a business trip, please default to the safer arrival window. Prior travel-search context from Taskmaster-2 flights: Hi. I'd like to book a round-trip flight from San Francisco to Salt Lake City."", ""assistant"": ""I would choose the earlier arrival and leave about a 90-minute buffer before the meeting."", ""feedback"": ""Yes, that buffer is exactly what I need for business travel.""}, {""session_id"": ""tm2_planning_user_0006_s0010"", ""session_index"": 10, ""signal_type"": ""support"", ""domain"": ""travel"", ""source_domain"": ""hotels"", ""user"": ""When this is a business trip, please default to the safer arrival window. Prior travel-search context from Taskmaster-2 hotels: Hey, next Friday I need to check-in at a hotel in Welbeck."", ""assistant"": ""I would choose the earlier arrival and leave about a 90-minute buffer before the meeting."", ""feedback"": ""Good call. I do not want to land and rush straight into a meeting.""}, {""session_id"": ""tm2_planning_user_0006_s0011"", ""session_index"": 11, ""signal_type"": ""support"", ""domain"": ""travel"", ""source_domain"": ""hotels"", ""user"": ""I am heading to a meeting; build in a real buffer instead of cutting it close. Prior travel-search context from Taskmaster-2 hotels: I'd like to find a hotel in New York City."", ""assistant"": ""For a business meeting, the safer default is the earlier option with a meeting buffer."", ""feedback"": ""Exactly. For work travel, reliability matters more than shaving off a little cost.""}]",pass,,
review_tm2_planning_user_0006_habit_business_travel_early_buffer_p01_boundary,taskmaster_planning_v01_probe_4c18c7a28652b102,tm2_planning_user_0006_habit_business_travel_early_buffer_p01_boundary,tm2_planning_user_0006,test,boundary,planning_defaults,taskmaster_seeded_boundary,Plan a relaxed weekend vacation where there is no meeting or appointment to protect.,"[{""choice_id"": ""A"", ""text"": ""Refuse to help because the user has a business travel habit.""}, {""choice_id"": ""B"", ""text"": ""Do not apply the business-travel timing rule; optimize for comfort and ask about leisure priorities.""}, {""choice_id"": ""C"", ""text"": ""Force an early arrival and a 90-minute meeting buffer anyway.""}, {""choice_id"": ""D"", ""text"": ""Optimize only for the cheapest arrival and ignore comfort.""}]",B,do_not_apply_out_of_scope,"[{""session_id"": ""tm2_planning_user_0006_s0022"", ""session_index"": 22, ""signal_type"": ""boundary_counterexample"", ""domain"": ""travel"", ""source_domain"": ""hotels"", ""user"": ""This is a leisure trip with no meetings; optimize for comfort and a relaxed pace. Related travel context: I'd like to book a room in Miami, Florida."", ""assistant"": ""Because this is leisure travel, I would optimize for comfort and timing preference rather than defaulting to an early business arrival."", ""feedback"": ""Right, this is not a work trip, so the business buffer should not drive the plan.""}, {""session_id"": ""tm2_planning_user_0006_s0026"", ""session_index"": 26, ""signal_type"": ""boundary_counterexample"", ""domain"": ""travel"", ""source_domain"": ""hotels"", ""user"": ""Help me compare vacation options where arrival time is flexible and there is no appointment. Related travel context: Hello assistant. Are you there?"", ""assistant"": ""Because this is leisure travel, I would optimize for comfort and timing preference rather than defaulting to an early business arrival."", ""feedback"": ""Right, this is not a work trip, so the business buffer should not drive the plan.""}]",pass,,
review_tm2_planning_user_0006_habit_business_travel_early_buffer_p02_exception,taskmaster_planning_v01_probe_c61374fe94ceac9f,tm2_planning_user_0006_habit_business_travel_early_buffer_p02_exception,tm2_planning_user_0006,test,exception,planning_defaults,taskmaster_seeded_exception,Plan a personal trip that the user explicitly says is flexible and not tied to a meeting.,"[{""choice_id"": ""A"", ""text"": ""Pick the tightest itinerary solely because it is cheap.""}, {""choice_id"": ""B"", ""text"": ""Say there is no way to plan without deleting the user's travel preference.""}, {""choice_id"": ""C"", ""text"": ""Apply the business-travel buffer because it is the most frequent prior pattern.""}, {""choice_id"": ""D"", ""text"": ""Treat this as an exception and avoid assuming the early-arrival business buffer.""}]",D,apply_exception,"[{""session_id"": ""tm2_planning_user_0006_s0031"", ""session_index"": 31, ""signal_type"": ""exception"", ""domain"": ""travel"", ""source_domain"": ""hotels"", ""user"": ""Plan this as a personal trip where the timing can be looser than my business travel default. Use this travel context if useful: Hi. I'm looking for a hotel room for two in St. Louis, Missouri."", ""assistant"": ""Since you explicitly marked this trip as flexible, I will not force the early-arrival business default."", ""feedback"": ""Yes, this is an exception to my usual business travel timing.""}]",pass,,
review_tm2_planning_user_0006_habit_business_travel_early_buffer_p03_explicit_retrieval,taskmaster_planning_v01_probe_344dd88214b4799a,tm2_planning_user_0006_habit_business_travel_early_buffer_p03_explicit_retrieval,tm2_planning_user_0006,test,explicit_retrieval,planning_defaults,taskmaster_seeded_explicit,Which travel planning preference has the user repeatedly reinforced for business or client-meeting trips?,"[{""choice_id"": ""A"", ""text"": ""For business travel, prefer early arrivals and leave about a 90-minute buffer before meetings.""}, {""choice_id"": ""B"", ""text"": ""For vacations, always force the earliest possible arrival.""}, {""choice_id"": ""C"", ""text"": ""The user has not shown any recurring business-travel timing preference.""}, {""choice_id"": ""D"", ""text"": ""For every trip, always choose the cheapest possible arrival.""}]",A,retrieve_explicit_preference_from_support,"[{""session_id"": ""tm2_planning_user_0006_s0006"", ""session_index"": 6, ""signal_type"": ""support"", ""domain"": ""travel"", ""source_domain"": ""flights"", ""user"": ""For work travel, I want the option with enough breathing room before the meeting. Prior travel-search context from Taskmaster-2 flights: Hi. Could you help me find a round-trip airline ticket?"", ""assistant"": ""I would choose the earlier arrival and leave about a 90-minute buffer before the meeting."", ""feedback"": ""Exactly. For work travel, reliability matters more than shaving off a little cost.""}, {""session_id"": ""tm2_planning_user_0006_s0008"", ""session_index"": 8, ""signal_type"": ""support"", ""domain"": ""travel"", ""source_domain"": ""flights"", ""user"": ""When this is a business trip, please default to the safer arrival window. Prior travel-search context from Taskmaster-2 flights: Hi. I'd like to book a round-trip flight from San Francisco to Salt Lake City."", ""assistant"": ""I would choose the earlier arrival and leave about a 90-minute buffer before the meeting."", ""feedback"": ""Yes, that buffer is exactly what I need for business travel.""}, {""session_id"": ""tm2_planning_user_0006_s0010"", ""session_index"": 10, ""signal_type"": ""support"", ""domain"": ""travel"", ""source_domain"": ""hotels"", ""user"": ""When this is a business trip, please default to the safer arrival window. Prior travel-search context from Taskmaster-2 hotels: Hey, next Friday I need to check-in at a hotel in Welbeck."", ""assistant"": ""I would choose the earlier arrival and leave about a 90-minute buffer before the meeting."", ""feedback"": ""Good call. I do not want to land and rush straight into a meeting.""}, {""session_id"": ""tm2_planning_user_0006_s0011"", ""session_index"": 11, ""signal_type"": ""support"", ""domain"": ""travel"", ""source_domain"": ""hotels"", ""user"": ""I am heading to a meeting; build in a real buffer instead of cutting it close. Prior travel-search context from Taskmaster-2 hotels: I'd like to find a hotel in New York City."", ""assistant"": ""For a business meeting, the safer default is the earlier option with a meeting buffer."", ""feedback"": ""Exactly. For work travel, reliability matters more than shaving off a little cost.""}]",pass,,
review_tm2_planning_user_0007_habit_business_travel_early_buffer_p00_direct_use,taskmaster_planning_v01_probe_3a70d3fbbab8fc36,tm2_planning_user_0007_habit_business_travel_early_buffer_p00_direct_use,tm2_planning_user_0007,test,direct_use,planning_defaults,taskmaster_seeded_direct,Pick the default travel option for a client meeting next Thursday using the user's established planning preference.,"[{""choice_id"": ""A"", ""text"": ""Choose the latest departure because shorter travel days are always best.""}, {""choice_id"": ""B"", ""text"": ""Choose the cheapest option even if it arrives right before the meeting.""}, {""choice_id"": ""C"", ""text"": ""Choose the option that arrives early and leaves about a 90-minute buffer before the meeting.""}, {""choice_id"": ""D"", ""text"": ""Ask the user to restate their preference despite repeated prior evidence.""}]",C,apply_scoped_habit,"[{""session_id"": ""tm2_planning_user_0007_s0007"", ""session_index"": 7, ""signal_type"": ""support"", ""domain"": ""travel"", ""source_domain"": ""hotels"", ""user"": ""For client visits, I prefer predictable timing over the absolute cheapest itinerary. Prior travel-search context from Taskmaster-2 hotels: Hi. I need help finding a hotel in Laguna Beach, California."", ""assistant"": ""I would avoid the tight arrival and preserve a 90-minute cushion before work starts."", ""feedback"": ""Exactly. For work travel, reliability matters more than shaving off a little cost.""}, {""session_id"": ""tm2_planning_user_0007_s0011"", ""session_index"": 11, ""signal_type"": ""support"", ""domain"": ""travel"", ""source_domain"": ""flights"", ""user"": ""I am heading to a meeting; build in a real buffer instead of cutting it close. Prior travel-search context from Taskmaster-2 flights: Hello I'm looking for a flight to Orlando."", ""assistant"": ""I would avoid the tight arrival and preserve a 90-minute cushion before work starts."", ""feedback"": ""Yes, that buffer is exactly what I need for business travel.""}, {""session_id"": ""tm2_planning_user_0007_s0014"", ""session_index"": 14, ""signal_type"": ""support"", ""domain"": ""travel"", ""source_domain"": ""hotels"", ""user"": ""This is for a client meeting, so choose timing that keeps me from rushing. Prior travel-search context from Taskmaster-2 hotels: Hi, I was looking to find a hotel in Salem, Oregon."", ""assistant"": ""For a business meeting, the safer default is the earlier option with a meeting buffer."", ""feedback"": ""Exactly. For work travel, reliability matters more than shaving off a little cost.""}, {""session_id"": ""tm2_planning_user_0007_s0019"", ""session_index"": 19, ""signal_type"": ""support"", ""domain"": ""travel"", ""source_domain"": ""flights"", ""user"": ""This is for a client meeting, so choose timing that keeps me from rushing. Prior travel-search context from Taskmaster-2 flights: Hi, I'd like to take a round-trip flight from Los Angeles to Amsterdam. And I'm flying out this Sunday and..."", ""assistant"": ""I would choose the earlier arrival and leave about a 90-minute buffer before the meeting."", ""feedback"": ""That is the right default for client trips: early arrival and breathing room.""}]",pass,,
review_tm2_planning_user_0007_habit_business_travel_early_buffer_p01_boundary,taskmaster_planning_v01_probe_1f317dba9decab0e,tm2_planning_user_0007_habit_business_travel_early_buffer_p01_boundary,tm2_planning_user_0007,test,boundary,planning_defaults,taskmaster_seeded_boundary,Plan a relaxed weekend vacation where there is no meeting or appointment to protect.,"[{""choice_id"": ""A"", ""text"": ""Force an early arrival and a 90-minute meeting buffer anyway.""}, {""choice_id"": ""B"", ""text"": ""Optimize only for the cheapest arrival and ignore comfort.""}, {""choice_id"": ""C"", ""text"": ""Refuse to help because the user has a business travel habit.""}, {""choice_id"": ""D"", ""text"": ""Do not apply the business-travel timing rule; optimize for comfort and ask about leisure priorities.""}]",D,do_not_apply_out_of_scope,"[{""session_id"": ""tm2_planning_user_0007_s0021"", ""session_index"": 21, ""signal_type"": ""boundary_counterexample"", ""domain"": ""travel"", ""source_domain"": ""hotels"", ""user"": ""This is a leisure trip with no meetings; optimize for comfort and a relaxed pace. Related travel context: Hi, I'd like to find out more about a hotel I plan to stay at. Squaw Valley, California."", ""assistant"": ""Because this is leisure travel, I would optimize for comfort and timing preference rather than defaulting to an early business arrival."", ""feedback"": ""Right, this is not a work trip, so the business buffer should not drive the plan.""}, {""session_id"": ""tm2_planning_user_0007_s0024"", ""session_index"": 24, ""signal_type"": ""boundary_counterexample"", ""domain"": ""travel"", ""source_domain"": ""hotels"", ""user"": ""Plan a relaxed weekend getaway where I can sleep in and wander without a fixed schedule. Related travel context: Hello. I would like to find out more about the hotel I plan to stay at."", ""assistant"": ""Because this is leisure travel, I would optimize for comfort and timing preference rather than defaulting to an early business arrival."", ""feedback"": ""Right, this is not a work trip, so the business buffer should not drive the plan.""}]",pass,,
review_tm2_planning_user_0007_habit_business_travel_early_buffer_p02_exception,taskmaster_planning_v01_probe_ad2c0beb5cd493e6,tm2_planning_user_0007_habit_business_travel_early_buffer_p02_exception,tm2_planning_user_0007,test,exception,planning_defaults,taskmaster_seeded_exception,Plan a personal trip that the user explicitly says is flexible and not tied to a meeting.,"[{""choice_id"": ""A"", ""text"": ""Pick the tightest itinerary solely because it is cheap.""}, {""choice_id"": ""B"", ""text"": ""Treat this as an exception and avoid assuming the early-arrival business buffer.""}, {""choice_id"": ""C"", ""text"": ""Say there is no way to plan without deleting the user's travel preference.""}, {""choice_id"": ""D"", ""text"": ""Apply the business-travel buffer because it is the most frequent prior pattern.""}]",B,apply_exception,"[{""session_id"": ""tm2_planning_user_0007_s0023"", ""session_index"": 23, ""signal_type"": ""exception"", ""domain"": ""travel"", ""source_domain"": ""flights"", ""user"": ""For this vacation day, there is no meeting clock to protect, so do not force an early arrival. Use this travel context if useful: Good. Thank you so much. Looking to find a round-trip commercial airline flight. And I'm travelling from Lo..."", ""assistant"": ""Since you explicitly marked this trip as flexible, I will not force the early-arrival business default."", ""feedback"": ""Yes, this is an exception to my usual business travel timing.""}]",pass,,
review_tm2_planning_user_0007_habit_business_travel_early_buffer_p03_explicit_retrieval,taskmaster_planning_v01_probe_ad85c91943491024,tm2_planning_user_0007_habit_business_travel_early_buffer_p03_explicit_retrieval,tm2_planning_user_0007,test,explicit_retrieval,planning_defaults,taskmaster_seeded_explicit,Which travel planning preference has the user repeatedly reinforced for business or client-meeting trips?,"[{""choice_id"": ""A"", ""text"": ""For business travel, prefer early arrivals and leave about a 90-minute buffer before meetings.""}, {""choice_id"": ""B"", ""text"": ""For vacations, always force the earliest possible arrival.""}, {""choice_id"": ""C"", ""text"": ""For every trip, always choose the cheapest possible arrival.""}, {""choice_id"": ""D"", ""text"": ""The user has not shown any recurring business-travel timing preference.""}]",A,retrieve_explicit_preference_from_support,"[{""session_id"": ""tm2_planning_user_0007_s0007"", ""session_index"": 7, ""signal_type"": ""support"", ""domain"": ""travel"", ""source_domain"": ""hotels"", ""user"": ""For client visits, I prefer predictable timing over the absolute cheapest itinerary. Prior travel-search context from Taskmaster-2 hotels: Hi. I need help finding a hotel in Laguna Beach, California."", ""assistant"": ""I would avoid the tight arrival and preserve a 90-minute cushion before work starts."", ""feedback"": ""Exactly. For work travel, reliability matters more than shaving off a little cost.""}, {""session_id"": ""tm2_planning_user_0007_s0011"", ""session_index"": 11, ""signal_type"": ""support"", ""domain"": ""travel"", ""source_domain"": ""flights"", ""user"": ""I am heading to a meeting; build in a real buffer instead of cutting it close. Prior travel-search context from Taskmaster-2 flights: Hello I'm looking for a flight to Orlando."", ""assistant"": ""I would avoid the tight arrival and preserve a 90-minute cushion before work starts."", ""feedback"": ""Yes, that buffer is exactly what I need for business travel.""}, {""session_id"": ""tm2_planning_user_0007_s0014"", ""session_index"": 14, ""signal_type"": ""support"", ""domain"": ""travel"", ""source_domain"": ""hotels"", ""user"": ""This is for a client meeting, so choose timing that keeps me from rushing. Prior travel-search context from Taskmaster-2 hotels: Hi, I was looking to find a hotel in Salem, Oregon."", ""assistant"": ""For a business meeting, the safer default is the earlier option with a meeting buffer."", ""feedback"": ""Exactly. For work travel, reliability matters more than shaving off a little cost.""}, {""session_id"": ""tm2_planning_user_0007_s0019"", ""session_index"": 19, ""signal_type"": ""support"", ""domain"": ""travel"", ""source_domain"": ""flights"", ""user"": ""This is for a client meeting, so choose timing that keeps me from rushing. Prior travel-search context from Taskmaster-2 flights: Hi, I'd like to take a round-trip flight from Los Angeles to Amsterdam. And I'm flying out this Sunday and..."", ""assistant"": ""I would choose the earlier arrival and leave about a 90-minute buffer before the meeting."", ""feedback"": ""That is the right default for client trips: early arrival and breathing room.""}]",pass,,
review_tm2_planning_user_0008_habit_business_travel_early_buffer_p00_direct_use,taskmaster_planning_v01_probe_5060528b7db0e887,tm2_planning_user_0008_habit_business_travel_early_buffer_p00_direct_use,tm2_planning_user_0008,test,direct_use,planning_defaults,taskmaster_seeded_direct,Pick the default travel option for a client meeting next Thursday using the user's established planning preference.,"[{""choice_id"": ""A"", ""text"": ""Choose the latest departure because shorter travel days are always best.""}, {""choice_id"": ""B"", ""text"": ""Ask the user to restate their preference despite repeated prior evidence.""}, {""choice_id"": ""C"", ""text"": ""Choose the cheapest option even if it arrives right before the meeting.""}, {""choice_id"": ""D"", ""text"": ""Choose the option that arrives early and leaves about a 90-minute buffer before the meeting.""}]",D,apply_scoped_habit,"[{""session_id"": ""tm2_planning_user_0008_s0003"", ""session_index"": 3, ""signal_type"": ""support"", ""domain"": ""travel"", ""source_domain"": ""flights"", ""user"": ""When this is a business trip, please default to the safer arrival window. Prior travel-search context from Taskmaster-2 flights: I need a round-trip commercial airline flight from San Francisco to Madrid."", ""assistant"": ""I would choose the earlier arrival and leave about a 90-minute buffer before the meeting."", ""feedback"": ""Good call. I do not want to land and rush straight into a meeting.""}, {""session_id"": ""tm2_planning_user_0008_s0004"", ""session_index"": 4, ""signal_type"": ""support"", ""domain"": ""travel"", ""source_domain"": ""hotels"", ""user"": ""When this is a business trip, please default to the safer arrival window. Prior travel-search context from Taskmaster-2 hotels: I'm looking to find a hotel in New Orleans, Louisiana."", ""assistant"": ""I would avoid the tight arrival and preserve a 90-minute cushion before work starts."", ""feedback"": ""That is the right default for client trips: early arrival and breathing room.""}, {""session_id"": ""tm2_planning_user_0008_s0005"", ""session_index"": 5, ""signal_type"": ""support"", ""domain"": ""travel"", ""source_domain"": ""flights"", ""user"": ""When this is a business trip, please default to the safer arrival window. Prior travel-search context from Taskmaster-2 flights: Hi, I'm looking for a Raptor Flight to go round New York City from San Francisco."", ""assistant"": ""I would choose the earlier arrival and leave about a 90-minute buffer before the meeting."", ""feedback"": ""Exactly. For work travel, reliability matters more than shaving off a little cost.""}, {""session_id"": ""tm2_planning_user_0008_s0006"", ""session_index"": 6, ""signal_type"": ""support"", ""domain"": ""travel"", ""source_domain"": ""hotels"", ""user"": ""I am heading to a meeting; build in a real buffer instead of cutting it close. Prior travel-search context from Taskmaster-2 hotels: Hello, I'm in Roger, Washington DC. I'd like help in finding a hotel in West Palm Beach, Florida."", ""assistant"": ""For a business meeting, the safer default is the earlier option with a meeting buffer."", ""feedback"": ""Exactly. For work travel, reliability matters more than shaving off a little cost.""}]",pass,,
review_tm2_planning_user_0008_habit_business_travel_early_buffer_p01_boundary,taskmaster_planning_v01_probe_98db6bf229cf47f4,tm2_planning_user_0008_habit_business_travel_early_buffer_p01_boundary,tm2_planning_user_0008,test,boundary,planning_defaults,taskmaster_seeded_boundary,Plan a relaxed weekend vacation where there is no meeting or appointment to protect.,"[{""choice_id"": ""A"", ""text"": ""Optimize only for the cheapest arrival and ignore comfort.""}, {""choice_id"": ""B"", ""text"": ""Force an early arrival and a 90-minute meeting buffer anyway.""}, {""choice_id"": ""C"", ""text"": ""Do not apply the business-travel timing rule; optimize for comfort and ask about leisure priorities.""}, {""choice_id"": ""D"", ""text"": ""Refuse to help because the user has a business travel habit.""}]",C,do_not_apply_out_of_scope,"[{""session_id"": ""tm2_planning_user_0008_s0016"", ""session_index"": 16, ""signal_type"": ""boundary_counterexample"", ""domain"": ""travel"", ""source_domain"": ""hotels"", ""user"": ""This is a leisure trip with no meetings; optimize for comfort and a relaxed pace. Related travel context: I would like to find out more about the hotel I plan to stay at."", ""assistant"": ""Because this is leisure travel, I would optimize for comfort and timing preference rather than defaulting to an early business arrival."", ""feedback"": ""Right, this is not a work trip, so the business buffer should not drive the plan.""}, {""session_id"": ""tm2_planning_user_0008_s0019"", ""session_index"": 19, ""signal_type"": ""boundary_counterexample"", ""domain"": ""travel"", ""source_domain"": ""hotels"", ""user"": ""Plan a relaxed weekend getaway where I can sleep in and wander without a fixed schedule. Related travel context: I'd like help finding a hotel in New York City."", ""assistant"": ""Because this is leisure travel, I would optimize for comfort and timing preference rather than defaulting to an early business arrival."", ""feedback"": ""Right, this is not a work trip, so the business buffer should not drive the plan.""}]",pass,,
review_tm2_planning_user_0008_habit_business_travel_early_buffer_p02_exception,taskmaster_planning_v01_probe_2486d7db6f3d7799,tm2_planning_user_0008_habit_business_travel_early_buffer_p02_exception,tm2_planning_user_0008,test,exception,planning_defaults,taskmaster_seeded_exception,Plan a personal trip that the user explicitly says is flexible and not tied to a meeting.,"[{""choice_id"": ""A"", ""text"": ""Say there is no way to plan without deleting the user's travel preference.""}, {""choice_id"": ""B"", ""text"": ""Apply the business-travel buffer because it is the most frequent prior pattern.""}, {""choice_id"": ""C"", ""text"": ""Pick the tightest itinerary solely because it is cheap.""}, {""choice_id"": ""D"", ""text"": ""Treat this as an exception and avoid assuming the early-arrival business buffer.""}]",D,apply_exception,"[{""session_id"": ""tm2_planning_user_0008_s0020"", ""session_index"": 20, ""signal_type"": ""exception"", ""domain"": ""travel"", ""source_domain"": ""flights"", ""user"": ""This trip is explicitly flexible; I do not need the usual work-travel buffer. Use this travel context if useful: Hello. I need to find a flight from JFK to LAX airport."", ""assistant"": ""Since you explicitly marked this trip as flexible, I will not force the early-arrival business default."", ""feedback"": ""Yes, this is an exception to my usual business travel timing.""}]",pass,,
review_tm2_planning_user_0008_habit_business_travel_early_buffer_p03_explicit_retrieval,taskmaster_planning_v01_probe_9faa592e5a590718,tm2_planning_user_0008_habit_business_travel_early_buffer_p03_explicit_retrieval,tm2_planning_user_0008,test,explicit_retrieval,planning_defaults,taskmaster_seeded_explicit,Which travel planning preference has the user repeatedly reinforced for business or client-meeting trips?,"[{""choice_id"": ""A"", ""text"": ""The user has not shown any recurring business-travel timing preference.""}, {""choice_id"": ""B"", ""text"": ""For vacations, always force the earliest possible arrival.""}, {""choice_id"": ""C"", ""text"": ""For business travel, prefer early arrivals and leave about a 90-minute buffer before meetings.""}, {""choice_id"": ""D"", ""text"": ""For every trip, always choose the cheapest possible arrival.""}]",C,retrieve_explicit_preference_from_support,"[{""session_id"": ""tm2_planning_user_0008_s0003"", ""session_index"": 3, ""signal_type"": ""support"", ""domain"": ""travel"", ""source_domain"": ""flights"", ""user"": ""When this is a business trip, please default to the safer arrival window. Prior travel-search context from Taskmaster-2 flights: I need a round-trip commercial airline flight from San Francisco to Madrid."", ""assistant"": ""I would choose the earlier arrival and leave about a 90-minute buffer before the meeting."", ""feedback"": ""Good call. I do not want to land and rush straight into a meeting.""}, {""session_id"": ""tm2_planning_user_0008_s0004"", ""session_index"": 4, ""signal_type"": ""support"", ""domain"": ""travel"", ""source_domain"": ""hotels"", ""user"": ""When this is a business trip, please default to the safer arrival window. Prior travel-search context from Taskmaster-2 hotels: I'm looking to find a hotel in New Orleans, Louisiana."", ""assistant"": ""I would avoid the tight arrival and preserve a 90-minute cushion before work starts."", ""feedback"": ""That is the right default for client trips: early arrival and breathing room.""}, {""session_id"": ""tm2_planning_user_0008_s0005"", ""session_index"": 5, ""signal_type"": ""support"", ""domain"": ""travel"", ""source_domain"": ""flights"", ""user"": ""When this is a business trip, please default to the safer arrival window. Prior travel-search context from Taskmaster-2 flights: Hi, I'm looking for a Raptor Flight to go round New York City from San Francisco."", ""assistant"": ""I would choose the earlier arrival and leave about a 90-minute buffer before the meeting."", ""feedback"": ""Exactly. For work travel, reliability matters more than shaving off a little cost.""}, {""session_id"": ""tm2_planning_user_0008_s0006"", ""session_index"": 6, ""signal_type"": ""support"", ""domain"": ""travel"", ""source_domain"": ""hotels"", ""user"": ""I am heading to a meeting; build in a real buffer instead of cutting it close. Prior travel-search context from Taskmaster-2 hotels: Hello, I'm in Roger, Washington DC. I'd like help in finding a hotel in West Palm Beach, Florida."", ""assistant"": ""For a business meeting, the safer default is the earlier option with a meeting buffer."", ""feedback"": ""Exactly. For work travel, reliability matters more than shaving off a little cost.""}]",pass,,
review_tm2_planning_user_0009_habit_business_travel_early_buffer_p00_direct_use,taskmaster_planning_v01_probe_cdf1fd956cc363ef,tm2_planning_user_0009_habit_business_travel_early_buffer_p00_direct_use,tm2_planning_user_0009,stress,direct_use,planning_defaults,taskmaster_seeded_direct,Pick the default travel option for a client meeting next Thursday using the user's established planning preference.,"[{""choice_id"": ""A"", ""text"": ""Choose the latest departure because shorter travel days are always best.""}, {""choice_id"": ""B"", ""text"": ""Choose the option that arrives early and leaves about a 90-minute buffer before the meeting.""}, {""choice_id"": ""C"", ""text"": ""Choose the cheapest option even if it arrives right before the meeting.""}, {""choice_id"": ""D"", ""text"": ""Ask the user to restate their preference despite repeated prior evidence.""}]",B,apply_scoped_habit,"[{""session_id"": ""tm2_planning_user_0009_s0008"", ""session_index"": 8, ""signal_type"": ""support"", ""domain"": ""travel"", ""source_domain"": ""hotels"", ""user"": ""For client visits, I prefer predictable timing over the absolute cheapest itinerary. Prior travel-search context from Taskmaster-2 hotels: I would like to find a hotel in San Francisco, California."", ""assistant"": ""I would avoid the tight arrival and preserve a 90-minute cushion before work starts."", ""feedback"": ""That is the right default for client trips: early arrival and breathing room.""}, {""session_id"": ""tm2_planning_user_0009_s0010"", ""session_index"": 10, ""signal_type"": ""support"", ""domain"": ""travel"", ""source_domain"": ""flights"", ""user"": ""When this is a business trip, please default to the safer arrival window. Prior travel-search context from Taskmaster-2 flights: Hi, I'm looking for a round trip flight from Los Angeles to Denver."", ""assistant"": ""For a business meeting, the safer default is the earlier option with a meeting buffer."", ""feedback"": ""Good call. I do not want to land and rush straight into a meeting.""}, {""session_id"": ""tm2_planning_user_0009_s0016"", ""session_index"": 16, ""signal_type"": ""support"", ""domain"": ""travel"", ""source_domain"": ""flights"", ""user"": ""This is for a client meeting, so choose timing that keeps me from rushing. Prior travel-search context from Taskmaster-2 flights: I'm looking for a round-trip commercial airline flight."", ""assistant"": ""I would avoid the tight arrival and preserve a 90-minute cushion before work starts."", ""feedback"": ""Yes, that buffer is exactly what I need for business travel.""}, {""session_id"": ""tm2_planning_user_0009_s0020"", ""session_index"": 20, ""signal_type"": ""support"", ""domain"": ""travel"", ""source_domain"": ""hotels"", ""user"": ""For work travel, I want the option with enough breathing room before the meeting. Prior travel-search context from Taskmaster-2 hotels: Hello. Looking for a hotel in New Orleans."", ""assistant"": ""I would choose the earlier arrival and leave about a 90-minute buffer before the meeting."", ""feedback"": ""Yes, that buffer is exactly what I need for business travel.""}]",pass,,
review_tm2_planning_user_0009_habit_business_travel_early_buffer_p01_boundary,taskmaster_planning_v01_probe_a6fc123fc9874f51,tm2_planning_user_0009_habit_business_travel_early_buffer_p01_boundary,tm2_planning_user_0009,stress,boundary,planning_defaults,taskmaster_seeded_boundary,Plan a relaxed weekend vacation where there is no meeting or appointment to protect.,"[{""choice_id"": ""A"", ""text"": ""Do not apply the business-travel timing rule; optimize for comfort and ask about leisure priorities.""}, {""choice_id"": ""B"", ""text"": ""Force an early arrival and a 90-minute meeting buffer anyway.""}, {""choice_id"": ""C"", ""text"": ""Optimize only for the cheapest arrival and ignore comfort.""}, {""choice_id"": ""D"", ""text"": ""Refuse to help because the user has a business travel habit.""}]",A,do_not_apply_out_of_scope,"[{""session_id"": ""tm2_planning_user_0009_s0019"", ""session_index"": 19, ""signal_type"": ""boundary_counterexample"", ""domain"": ""travel"", ""source_domain"": ""hotels"", ""user"": ""Help me compare vacation options where arrival time is flexible and there is no appointment. Related travel context: Hi. I was wondering if you could help me find a room in Phoenix for this week."", ""assistant"": ""Because this is leisure travel, I would optimize for comfort and timing preference rather than defaulting to an early business arrival."", ""feedback"": ""Right, this is not a work trip, so the business buffer should not drive the plan.""}, {""session_id"": ""tm2_planning_user_0009_s0024"", ""session_index"": 24, ""signal_type"": ""boundary_counterexample"", ""domain"": ""travel"", ""source_domain"": ""hotels"", ""user"": ""This is a leisure trip with no meetings; optimize for comfort and a relaxed pace. Related travel context: Hi, I'd like help finding a hotel in San Francisco."", ""assistant"": ""Because this is leisure travel, I would optimize for comfort and timing preference rather than defaulting to an early business arrival."", ""feedback"": ""Right, this is not a work trip, so the business buffer should not drive the plan.""}]",pass,,
review_tm2_planning_user_0009_habit_business_travel_early_buffer_p02_exception,taskmaster_planning_v01_probe_337e28cca1124fdf,tm2_planning_user_0009_habit_business_travel_early_buffer_p02_exception,tm2_planning_user_0009,stress,exception,planning_defaults,taskmaster_seeded_exception,Plan a personal trip that the user explicitly says is flexible and not tied to a meeting.,"[{""choice_id"": ""A"", ""text"": ""Treat this as an exception and avoid assuming the early-arrival business buffer.""}, {""choice_id"": ""B"", ""text"": ""Say there is no way to plan without deleting the user's travel preference.""}, {""choice_id"": ""C"", ""text"": ""Apply the business-travel buffer because it is the most frequent prior pattern.""}, {""choice_id"": ""D"", ""text"": ""Pick the tightest itinerary solely because it is cheap.""}]",A,apply_exception,"[{""session_id"": ""tm2_planning_user_0009_s0028"", ""session_index"": 28, ""signal_type"": ""exception"", ""domain"": ""travel"", ""source_domain"": ""hotels"", ""user"": ""This trip is explicitly flexible; I do not need the usual work-travel buffer. Use this travel context if useful: I'd like to find a hotel for my summer vacation."", ""assistant"": ""Since you explicitly marked this trip as flexible, I will not force the early-arrival business default."", ""feedback"": ""Yes, this is an exception to my usual business travel timing.""}]",pass,,
review_tm2_planning_user_0009_habit_business_travel_early_buffer_p03_explicit_retrieval,taskmaster_planning_v01_probe_bc11d4c3b024a090,tm2_planning_user_0009_habit_business_travel_early_buffer_p03_explicit_retrieval,tm2_planning_user_0009,stress,explicit_retrieval,planning_defaults,taskmaster_seeded_explicit,Which travel planning preference has the user repeatedly reinforced for business or client-meeting trips?,"[{""choice_id"": ""A"", ""text"": ""For every trip, always choose the cheapest possible arrival.""}, {""choice_id"": ""B"", ""text"": ""The user has not shown any recurring business-travel timing preference.""}, {""choice_id"": ""C"", ""text"": ""For business travel, prefer early arrivals and leave about a 90-minute buffer before meetings.""}, {""choice_id"": ""D"", ""text"": ""For vacations, always force the earliest possible arrival.""}]",C,retrieve_explicit_preference_from_support,"[{""session_id"": ""tm2_planning_user_0009_s0008"", ""session_index"": 8, ""signal_type"": ""support"", ""domain"": ""travel"", ""source_domain"": ""hotels"", ""user"": ""For client visits, I prefer predictable timing over the absolute cheapest itinerary. Prior travel-search context from Taskmaster-2 hotels: I would like to find a hotel in San Francisco, California."", ""assistant"": ""I would avoid the tight arrival and preserve a 90-minute cushion before work starts."", ""feedback"": ""That is the right default for client trips: early arrival and breathing room.""}, {""session_id"": ""tm2_planning_user_0009_s0010"", ""session_index"": 10, ""signal_type"": ""support"", ""domain"": ""travel"", ""source_domain"": ""flights"", ""user"": ""When this is a business trip, please default to the safer arrival window. Prior travel-search context from Taskmaster-2 flights: Hi, I'm looking for a round trip flight from Los Angeles to Denver."", ""assistant"": ""For a business meeting, the safer default is the earlier option with a meeting buffer."", ""feedback"": ""Good call. I do not want to land and rush straight into a meeting.""}, {""session_id"": ""tm2_planning_user_0009_s0016"", ""session_index"": 16, ""signal_type"": ""support"", ""domain"": ""travel"", ""source_domain"": ""flights"", ""user"": ""This is for a client meeting, so choose timing that keeps me from rushing. Prior travel-search context from Taskmaster-2 flights: I'm looking for a round-trip commercial airline flight."", ""assistant"": ""I would avoid the tight arrival and preserve a 90-minute cushion before work starts."", ""feedback"": ""Yes, that buffer is exactly what I need for business travel.""}, {""session_id"": ""tm2_planning_user_0009_s0020"", ""session_index"": 20, ""signal_type"": ""support"", ""domain"": ""travel"", ""source_domain"": ""hotels"", ""user"": ""For work travel, I want the option with enough breathing room before the meeting. Prior travel-search context from Taskmaster-2 hotels: Hello. Looking for a hotel in New Orleans."", ""assistant"": ""I would choose the earlier arrival and leave about a 90-minute buffer before the meeting."", ""feedback"": ""Yes, that buffer is exactly what I need for business travel.""}]",pass,,
review_tm2_planning_user_0010_habit_business_travel_early_buffer_p00_direct_use,taskmaster_planning_v01_probe_f5abb6cec4269e69,tm2_planning_user_0010_habit_business_travel_early_buffer_p00_direct_use,tm2_planning_user_0010,dev,direct_use,planning_defaults,taskmaster_seeded_direct,Pick the default travel option for a client meeting next Thursday using the user's established planning preference.,"[{""choice_id"": ""A"", ""text"": ""Ask the user to restate their preference despite repeated prior evidence.""}, {""choice_id"": ""B"", ""text"": ""Choose the cheapest option even if it arrives right before the meeting.""}, {""choice_id"": ""C"", ""text"": ""Choose the option that arrives early and leaves about a 90-minute buffer before the meeting.""}, {""choice_id"": ""D"", ""text"": ""Choose the latest departure because shorter travel days are always best.""}]",C,apply_scoped_habit,"[{""session_id"": ""tm2_planning_user_0010_s0009"", ""session_index"": 9, ""signal_type"": ""support"", ""domain"": ""travel"", ""source_domain"": ""hotels"", ""user"": ""For client visits, I prefer predictable timing over the absolute cheapest itinerary. Prior travel-search context from Taskmaster-2 hotels: I would like help finding a hotel in Palm Springs, California."", ""assistant"": ""For a business meeting, the safer default is the earlier option with a meeting buffer."", ""feedback"": ""That is the right default for client trips: early arrival and breathing room.""}, {""session_id"": ""tm2_planning_user_0010_s0013"", ""session_index"": 13, ""signal_type"": ""support"", ""domain"": ""travel"", ""source_domain"": ""flights"", ""user"": ""When this is a business trip, please default to the safer arrival window. Prior travel-search context from Taskmaster-2 flights: Hi, I'm looking for a round-trip flight from San Francisco to Salt Lake City."", ""assistant"": ""I would avoid the tight arrival and preserve a 90-minute cushion before work starts."", ""feedback"": ""Yes, that buffer is exactly what I need for business travel.""}, {""session_id"": ""tm2_planning_user_0010_s0019"", ""session_index"": 19, ""signal_type"": ""support"", ""domain"": ""travel"", ""source_domain"": ""hotels"", ""user"": ""When this is a business trip, please default to the safer arrival window. Prior travel-search context from Taskmaster-2 hotels: I'd like help finding a hotel in Park City, Utah."", ""assistant"": ""For a business meeting, the safer default is the earlier option with a meeting buffer."", ""feedback"": ""Exactly. For work travel, reliability matters more than shaving off a little cost.""}, {""session_id"": ""tm2_planning_user_0010_s0020"", ""session_index"": 20, ""signal_type"": ""support"", ""domain"": ""travel"", ""source_domain"": ""flights"", ""user"": ""This is for a client meeting, so choose timing that keeps me from rushing. Prior travel-search context from Taskmaster-2 flights: Hi, I'm trying to find a flight to Miami."", ""assistant"": ""I would avoid the tight arrival and preserve a 90-minute cushion before work starts."", ""feedback"": ""That is the right default for client trips: early arrival and breathing room.""}]",pass,,
review_tm2_planning_user_0010_habit_business_travel_early_buffer_p01_boundary,taskmaster_planning_v01_probe_99ce00f0c9a94bf6,tm2_planning_user_0010_habit_business_travel_early_buffer_p01_boundary,tm2_planning_user_0010,dev,boundary,planning_defaults,taskmaster_seeded_boundary,Plan a relaxed weekend vacation where there is no meeting or appointment to protect.,"[{""choice_id"": ""A"", ""text"": ""Refuse to help because the user has a business travel habit.""}, {""choice_id"": ""B"", ""text"": ""Optimize only for the cheapest arrival and ignore comfort.""}, {""choice_id"": ""C"", ""text"": ""Do not apply the business-travel timing rule; optimize for comfort and ask about leisure priorities.""}, {""choice_id"": ""D"", ""text"": ""Force an early arrival and a 90-minute meeting buffer anyway.""}]",C,do_not_apply_out_of_scope,"[{""session_id"": ""tm2_planning_user_0010_s0022"", ""session_index"": 22, ""signal_type"": ""boundary_counterexample"", ""domain"": ""travel"", ""source_domain"": ""hotels"", ""user"": ""This is a leisure trip with no meetings; optimize for comfort and a relaxed pace. Related travel context: Hi Assistant. I'd like help finding a hotel in Park City, Utah."", ""assistant"": ""Because this is leisure travel, I would optimize for comfort and timing preference rather than defaulting to an early business arrival."", ""feedback"": ""Right, this is not a work trip, so the business buffer should not drive the plan.""}, {""session_id"": ""tm2_planning_user_0010_s0027"", ""session_index"": 27, ""signal_type"": ""boundary_counterexample"", ""domain"": ""travel"", ""source_domain"": ""hotels"", ""user"": ""Plan a relaxed weekend getaway where I can sleep in and wander without a fixed schedule. Related travel context: I'd like to have help finding a hotel in San Francisco."", ""assistant"": ""Because this is leisure travel, I would optimize for comfort and timing preference rather than defaulting to an early business arrival."", ""feedback"": ""Right, this is not a work trip, so the business buffer should not drive the plan.""}]",pass,,
review_tm2_planning_user_0010_habit_business_travel_early_buffer_p02_exception,taskmaster_planning_v01_probe_158083ec2b246bac,tm2_planning_user_0010_habit_business_travel_early_buffer_p02_exception,tm2_planning_user_0010,dev,exception,planning_defaults,taskmaster_seeded_exception,Plan a personal trip that the user explicitly says is flexible and not tied to a meeting.,"[{""choice_id"": ""A"", ""text"": ""Say there is no way to plan without deleting the user's travel preference.""}, {""choice_id"": ""B"", ""text"": ""Treat this as an exception and avoid assuming the early-arrival business buffer.""}, {""choice_id"": ""C"", ""text"": ""Apply the business-travel buffer because it is the most frequent prior pattern.""}, {""choice_id"": ""D"", ""text"": ""Pick the tightest itinerary solely because it is cheap.""}]",B,apply_exception,"[{""session_id"": ""tm2_planning_user_0010_s0033"", ""session_index"": 33, ""signal_type"": ""exception"", ""domain"": ""travel"", ""source_domain"": ""flights"", ""user"": ""For this vacation day, there is no meeting clock to protect, so do not force an early arrival. Use this travel context if useful: Hi, I'm looking for a round-trip flight from San Francisco to Salt Lake City."", ""assistant"": ""Since you explicitly marked this trip as flexible, I will not force the early-arrival business default."", ""feedback"": ""Yes, this is an exception to my usual business travel timing.""}]",pass,,
review_tm2_planning_user_0010_habit_business_travel_early_buffer_p03_explicit_retrieval,taskmaster_planning_v01_probe_31790abb3c32a3b8,tm2_planning_user_0010_habit_business_travel_early_buffer_p03_explicit_retrieval,tm2_planning_user_0010,dev,explicit_retrieval,planning_defaults,taskmaster_seeded_explicit,Which travel planning preference has the user repeatedly reinforced for business or client-meeting trips?,"[{""choice_id"": ""A"", ""text"": ""For every trip, always choose the cheapest possible arrival.""}, {""choice_id"": ""B"", ""text"": ""For business travel, prefer early arrivals and leave about a 90-minute buffer before meetings.""}, {""choice_id"": ""C"", ""text"": ""For vacations, always force the earliest possible arrival.""}, {""choice_id"": ""D"", ""text"": ""The user has not shown any recurring business-travel timing preference.""}]",B,retrieve_explicit_preference_from_support,"[{""session_id"": ""tm2_planning_user_0010_s0009"", ""session_index"": 9, ""signal_type"": ""support"", ""domain"": ""travel"", ""source_domain"": ""hotels"", ""user"": ""For client visits, I prefer predictable timing over the absolute cheapest itinerary. Prior travel-search context from Taskmaster-2 hotels: I would like help finding a hotel in Palm Springs, California."", ""assistant"": ""For a business meeting, the safer default is the earlier option with a meeting buffer."", ""feedback"": ""That is the right default for client trips: early arrival and breathing room.""}, {""session_id"": ""tm2_planning_user_0010_s0013"", ""session_index"": 13, ""signal_type"": ""support"", ""domain"": ""travel"", ""source_domain"": ""flights"", ""user"": ""When this is a business trip, please default to the safer arrival window. Prior travel-search context from Taskmaster-2 flights: Hi, I'm looking for a round-trip flight from San Francisco to Salt Lake City."", ""assistant"": ""I would avoid the tight arrival and preserve a 90-minute cushion before work starts."", ""feedback"": ""Yes, that buffer is exactly what I need for business travel.""}, {""session_id"": ""tm2_planning_user_0010_s0019"", ""session_index"": 19, ""signal_type"": ""support"", ""domain"": ""travel"", ""source_domain"": ""hotels"", ""user"": ""When this is a business trip, please default to the safer arrival window. Prior travel-search context from Taskmaster-2 hotels: I'd like help finding a hotel in Park City, Utah."", ""assistant"": ""For a business meeting, the safer default is the earlier option with a meeting buffer."", ""feedback"": ""Exactly. For work travel, reliability matters more than shaving off a little cost.""}, {""session_id"": ""tm2_planning_user_0010_s0020"", ""session_index"": 20, ""signal_type"": ""support"", ""domain"": ""travel"", ""source_domain"": ""flights"", ""user"": ""This is for a client meeting, so choose timing that keeps me from rushing. Prior travel-search context from Taskmaster-2 flights: Hi, I'm trying to find a flight to Miami."", ""assistant"": ""I would avoid the tight arrival and preserve a 90-minute cushion before work starts."", ""feedback"": ""That is the right default for client trips: early arrival and breathing room.""}]",pass,,
review_tm2_planning_user_0011_habit_business_travel_early_buffer_p00_direct_use,taskmaster_planning_v01_probe_c25674612d3c76ba,tm2_planning_user_0011_habit_business_travel_early_buffer_p00_direct_use,tm2_planning_user_0011,dev,direct_use,planning_defaults,taskmaster_seeded_direct,Pick the default travel option for a client meeting next Thursday using the user's established planning preference.,"[{""choice_id"": ""A"", ""text"": ""Choose the latest departure because shorter travel days are always best.""}, {""choice_id"": ""B"", ""text"": ""Ask the user to restate their preference despite repeated prior evidence.""}, {""choice_id"": ""C"", ""text"": ""Choose the cheapest option even if it arrives right before the meeting.""}, {""choice_id"": ""D"", ""text"": ""Choose the option that arrives early and leaves about a 90-minute buffer before the meeting.""}]",D,apply_scoped_habit,"[{""session_id"": ""tm2_planning_user_0011_s0007"", ""session_index"": 7, ""signal_type"": ""support"", ""domain"": ""travel"", ""source_domain"": ""flights"", ""user"": ""For work travel, I want the option with enough breathing room before the meeting. Prior travel-search context from Taskmaster-2 flights: Hello. I would like help with booking a flight on the 2nd of July."", ""assistant"": ""I would avoid the tight arrival and preserve a 90-minute cushion before work starts."", ""feedback"": ""Good call. I do not want to land and rush straight into a meeting.""}, {""session_id"": ""tm2_planning_user_0011_s0012"", ""session_index"": 12, ""signal_type"": ""support"", ""domain"": ""travel"", ""source_domain"": ""flights"", ""user"": ""When this is a business trip, please default to the safer arrival window. Prior travel-search context from Taskmaster-2 flights: Hi, I would like to find round trip commercial air flight, I want to go from Sacramento to Chicago. I want t..."", ""assistant"": ""For a business meeting, the safer default is the earlier option with a meeting buffer."", ""feedback"": ""That is the right default for client trips: early arrival and breathing room.""}, {""session_id"": ""tm2_planning_user_0011_s0014"", ""session_index"": 14, ""signal_type"": ""support"", ""domain"": ""travel"", ""source_domain"": ""flights"", ""user"": ""For client visits, I prefer predictable timing over the absolute cheapest itinerary. Prior travel-search context from Taskmaster-2 flights: Hi, I'm looking to book a flight to New York."", ""assistant"": ""I would choose the earlier arrival and leave about a 90-minute buffer before the meeting."", ""feedback"": ""That is the right default for client trips: early arrival and breathing room.""}, {""session_id"": ""tm2_planning_user_0011_s0018"", ""session_index"": 18, ""signal_type"": ""support"", ""domain"": ""travel"", ""source_domain"": ""hotels"", ""user"": ""This is for a client meeting, so choose timing that keeps me from rushing. Prior travel-search context from Taskmaster-2 hotels: Hello, I need help to find a hotel in Salem, Oregon."", ""assistant"": ""I would choose the earlier arrival and leave about a 90-minute buffer before the meeting."", ""feedback"": ""That is the right default for client trips: early arrival and breathing room.""}]",pass,,
review_tm2_planning_user_0011_habit_business_travel_early_buffer_p01_boundary,taskmaster_planning_v01_probe_575922c9e96814f8,tm2_planning_user_0011_habit_business_travel_early_buffer_p01_boundary,tm2_planning_user_0011,dev,boundary,planning_defaults,taskmaster_seeded_boundary,Plan a relaxed weekend vacation where there is no meeting or appointment to protect.,"[{""choice_id"": ""A"", ""text"": ""Do not apply the business-travel timing rule; optimize for comfort and ask about leisure priorities.""}, {""choice_id"": ""B"", ""text"": ""Optimize only for the cheapest arrival and ignore comfort.""}, {""choice_id"": ""C"", ""text"": ""Refuse to help because the user has a business travel habit.""}, {""choice_id"": ""D"", ""text"": ""Force an early arrival and a 90-minute meeting buffer anyway.""}]",A,do_not_apply_out_of_scope,"[{""session_id"": ""tm2_planning_user_0011_s0024"", ""session_index"": 24, ""signal_type"": ""boundary_counterexample"", ""domain"": ""travel"", ""source_domain"": ""hotels"", ""user"": ""This is a leisure trip with no meetings; optimize for comfort and a relaxed pace. Related travel context: I'd like help finding a hotel in Nashville, Tennessee."", ""assistant"": ""Because this is leisure travel, I would optimize for comfort and timing preference rather than defaulting to an early business arrival."", ""feedback"": ""Right, this is not a work trip, so the business buffer should not drive the plan.""}, {""session_id"": ""tm2_planning_user_0011_s0029"", ""session_index"": 29, ""signal_type"": ""boundary_counterexample"", ""domain"": ""travel"", ""source_domain"": ""hotels"", ""user"": ""Help me compare vacation options where arrival time is flexible and there is no appointment. Related travel context: I'm looking to find a hotel in San Francisco."", ""assistant"": ""Because this is leisure travel, I would optimize for comfort and timing preference rather than defaulting to an early business arrival."", ""feedback"": ""Right, this is not a work trip, so the business buffer should not drive the plan.""}]",pass,,
review_tm2_planning_user_0011_habit_business_travel_early_buffer_p02_exception,taskmaster_planning_v01_probe_de563c980a6d3f2e,tm2_planning_user_0011_habit_business_travel_early_buffer_p02_exception,tm2_planning_user_0011,dev,exception,planning_defaults,taskmaster_seeded_exception,Plan a personal trip that the user explicitly says is flexible and not tied to a meeting.,"[{""choice_id"": ""A"", ""text"": ""Say there is no way to plan without deleting the user's travel preference.""}, {""choice_id"": ""B"", ""text"": ""Pick the tightest itinerary solely because it is cheap.""}, {""choice_id"": ""C"", ""text"": ""Treat this as an exception and avoid assuming the early-arrival business buffer.""}, {""choice_id"": ""D"", ""text"": ""Apply the business-travel buffer because it is the most frequent prior pattern.""}]",C,apply_exception,"[{""session_id"": ""tm2_planning_user_0011_s0030"", ""session_index"": 30, ""signal_type"": ""exception"", ""domain"": ""travel"", ""source_domain"": ""flights"", ""user"": ""This trip is explicitly flexible; I do not need the usual work-travel buffer. Use this travel context if useful: Hi. I'm trying to book a flight from San Francisco to Boston. Leaving today, coming back in 4 days. I would like both depart..."", ""assistant"": ""Since you explicitly marked this trip as flexible, I will not force the early-arrival business default."", ""feedback"": ""Yes, this is an exception to my usual business travel timing.""}]",pass,,
review_tm2_planning_user_0011_habit_business_travel_early_buffer_p03_explicit_retrieval,taskmaster_planning_v01_probe_fc2aac0c522d93b3,tm2_planning_user_0011_habit_business_travel_early_buffer_p03_explicit_retrieval,tm2_planning_user_0011,dev,explicit_retrieval,planning_defaults,taskmaster_seeded_explicit,Which travel planning preference has the user repeatedly reinforced for business or client-meeting trips?,"[{""choice_id"": ""A"", ""text"": ""For every trip, always choose the cheapest possible arrival.""}, {""choice_id"": ""B"", ""text"": ""For vacations, always force the earliest possible arrival.""}, {""choice_id"": ""C"", ""text"": ""The user has not shown any recurring business-travel timing preference.""}, {""choice_id"": ""D"", ""text"": ""For business travel, prefer early arrivals and leave about a 90-minute buffer before meetings.""}]",D,retrieve_explicit_preference_from_support,"[{""session_id"": ""tm2_planning_user_0011_s0007"", ""session_index"": 7, ""signal_type"": ""support"", ""domain"": ""travel"", ""source_domain"": ""flights"", ""user"": ""For work travel, I want the option with enough breathing room before the meeting. Prior travel-search context from Taskmaster-2 flights: Hello. I would like help with booking a flight on the 2nd of July."", ""assistant"": ""I would avoid the tight arrival and preserve a 90-minute cushion before work starts."", ""feedback"": ""Good call. I do not want to land and rush straight into a meeting.""}, {""session_id"": ""tm2_planning_user_0011_s0012"", ""session_index"": 12, ""signal_type"": ""support"", ""domain"": ""travel"", ""source_domain"": ""flights"", ""user"": ""When this is a business trip, please default to the safer arrival window. Prior travel-search context from Taskmaster-2 flights: Hi, I would like to find round trip commercial air flight, I want to go from Sacramento to Chicago. I want t..."", ""assistant"": ""For a business meeting, the safer default is the earlier option with a meeting buffer."", ""feedback"": ""That is the right default for client trips: early arrival and breathing room.""}, {""session_id"": ""tm2_planning_user_0011_s0014"", ""session_index"": 14, ""signal_type"": ""support"", ""domain"": ""travel"", ""source_domain"": ""flights"", ""user"": ""For client visits, I prefer predictable timing over the absolute cheapest itinerary. Prior travel-search context from Taskmaster-2 flights: Hi, I'm looking to book a flight to New York."", ""assistant"": ""I would choose the earlier arrival and leave about a 90-minute buffer before the meeting."", ""feedback"": ""That is the right default for client trips: early arrival and breathing room.""}, {""session_id"": ""tm2_planning_user_0011_s0018"", ""session_index"": 18, ""signal_type"": ""support"", ""domain"": ""travel"", ""source_domain"": ""hotels"", ""user"": ""This is for a client meeting, so choose timing that keeps me from rushing. Prior travel-search context from Taskmaster-2 hotels: Hello, I need help to find a hotel in Salem, Oregon."", ""assistant"": ""I would choose the earlier arrival and leave about a 90-minute buffer before the meeting."", ""feedback"": ""That is the right default for client trips: early arrival and breathing room.""}]",pass,,
review_tm2_planning_user_0012_habit_business_travel_early_buffer_p00_direct_use,taskmaster_planning_v01_probe_52e0fae3145fa46f,tm2_planning_user_0012_habit_business_travel_early_buffer_p00_direct_use,tm2_planning_user_0012,test,direct_use,planning_defaults,taskmaster_seeded_direct,Pick the default travel option for a client meeting next Thursday using the user's established planning preference.,"[{""choice_id"": ""A"", ""text"": ""Ask the user to restate their preference despite repeated prior evidence.""}, {""choice_id"": ""B"", ""text"": ""Choose the option that arrives early and leaves about a 90-minute buffer before the meeting.""}, {""choice_id"": ""C"", ""text"": ""Choose the cheapest option even if it arrives right before the meeting.""}, {""choice_id"": ""D"", ""text"": ""Choose the latest departure because shorter travel days are always best.""}]",B,apply_scoped_habit,"[{""session_id"": ""tm2_planning_user_0012_s0011"", ""session_index"": 11, ""signal_type"": ""support"", ""domain"": ""travel"", ""source_domain"": ""hotels"", ""user"": ""When this is a business trip, please default to the safer arrival window. Prior travel-search context from Taskmaster-2 hotels: Hi, I would like to find out more about the hotel I plan to stay at. I would like to find out more."", ""assistant"": ""For a business meeting, the safer default is the earlier option with a meeting buffer."", ""feedback"": ""Exactly. For work travel, reliability matters more than shaving off a little cost.""}, {""session_id"": ""tm2_planning_user_0012_s0013"", ""session_index"": 13, ""signal_type"": ""support"", ""domain"": ""travel"", ""source_domain"": ""flights"", ""user"": ""For work travel, I want the option with enough breathing room before the meeting. Prior travel-search context from Taskmaster-2 flights: I'm looking for a flight, please."", ""assistant"": ""I would avoid the tight arrival and preserve a 90-minute cushion before work starts."", ""feedback"": ""Yes, that buffer is exactly what I need for business travel.""}, {""session_id"": ""tm2_planning_user_0012_s0017"", ""session_index"": 17, ""signal_type"": ""support"", ""domain"": ""travel"", ""source_domain"": ""hotels"", ""user"": ""For work travel, I want the option with enough breathing room before the meeting. Prior travel-search context from Taskmaster-2 hotels: I'm trying to find a hotel in Lubbock, Texas."", ""assistant"": ""I would choose the earlier arrival and leave about a 90-minute buffer before the meeting."", ""feedback"": ""Yes, that buffer is exactly what I need for business travel.""}, {""session_id"": ""tm2_planning_user_0012_s0018"", ""session_index"": 18, ""signal_type"": ""support"", ""domain"": ""travel"", ""source_domain"": ""hotels"", ""user"": ""When this is a business trip, please default to the safer arrival window. Prior travel-search context from Taskmaster-2 hotels: I'd like help finding a hotel in San Francisco, California."", ""assistant"": ""I would avoid the tight arrival and preserve a 90-minute cushion before work starts."", ""feedback"": ""Yes, that buffer is exactly what I need for business travel.""}]",pass,,
review_tm2_planning_user_0012_habit_business_travel_early_buffer_p01_boundary,taskmaster_planning_v01_probe_ef958866a49740af,tm2_planning_user_0012_habit_business_travel_early_buffer_p01_boundary,tm2_planning_user_0012,test,boundary,planning_defaults,taskmaster_seeded_boundary,Plan a relaxed weekend vacation where there is no meeting or appointment to protect.,"[{""choice_id"": ""A"", ""text"": ""Do not apply the business-travel timing rule; optimize for comfort and ask about leisure priorities.""}, {""choice_id"": ""B"", ""text"": ""Refuse to help because the user has a business travel habit.""}, {""choice_id"": ""C"", ""text"": ""Optimize only for the cheapest arrival and ignore comfort.""}, {""choice_id"": ""D"", ""text"": ""Force an early arrival and a 90-minute meeting buffer anyway.""}]",A,do_not_apply_out_of_scope,"[{""session_id"": ""tm2_planning_user_0012_s0023"", ""session_index"": 23, ""signal_type"": ""boundary_counterexample"", ""domain"": ""travel"", ""source_domain"": ""hotels"", ""user"": ""Help me compare vacation options where arrival time is flexible and there is no appointment. Related travel context: Hi, I'm looking for a hotel in St. Louis, Missouri."", ""assistant"": ""Because this is leisure travel, I would optimize for comfort and timing preference rather than defaulting to an early business arrival."", ""feedback"": ""Right, this is not a work trip, so the business buffer should not drive the plan.""}, {""session_id"": ""tm2_planning_user_0012_s0027"", ""session_index"": 27, ""signal_type"": ""boundary_counterexample"", ""domain"": ""travel"", ""source_domain"": ""hotels"", ""user"": ""Help me compare vacation options where arrival time is flexible and there is no appointment. Related travel context: Hi. I'd like help in finding a hotel in Park City, Utah."", ""assistant"": ""Because this is leisure travel, I would optimize for comfort and timing preference rather than defaulting to an early business arrival."", ""feedback"": ""Right, this is not a work trip, so the business buffer should not drive the plan.""}]",pass,,
review_tm2_planning_user_0012_habit_business_travel_early_buffer_p02_exception,taskmaster_planning_v01_probe_ac7c1aa5e5f93ee9,tm2_planning_user_0012_habit_business_travel_early_buffer_p02_exception,tm2_planning_user_0012,test,exception,planning_defaults,taskmaster_seeded_exception,Plan a personal trip that the user explicitly says is flexible and not tied to a meeting.,"[{""choice_id"": ""A"", ""text"": ""Apply the business-travel buffer because it is the most frequent prior pattern.""}, {""choice_id"": ""B"", ""text"": ""Pick the tightest itinerary solely because it is cheap.""}, {""choice_id"": ""C"", ""text"": ""Say there is no way to plan without deleting the user's travel preference.""}, {""choice_id"": ""D"", ""text"": ""Treat this as an exception and avoid assuming the early-arrival business buffer.""}]",D,apply_exception,"[{""session_id"": ""tm2_planning_user_0012_s0028"", ""session_index"": 28, ""signal_type"": ""exception"", ""domain"": ""travel"", ""source_domain"": ""hotels"", ""user"": ""This trip is explicitly flexible; I do not need the usual work-travel buffer. Use this travel context if useful: Hi. Hi, I'd like help finding a hotel in New Orleans."", ""assistant"": ""Since you explicitly marked this trip as flexible, I will not force the early-arrival business default."", ""feedback"": ""Yes, this is an exception to my usual business travel timing.""}]",pass,,
review_tm2_planning_user_0012_habit_business_travel_early_buffer_p03_explicit_retrieval,taskmaster_planning_v01_probe_5b7e23f76a1762a9,tm2_planning_user_0012_habit_business_travel_early_buffer_p03_explicit_retrieval,tm2_planning_user_0012,test,explicit_retrieval,planning_defaults,taskmaster_seeded_explicit,Which travel planning preference has the user repeatedly reinforced for business or client-meeting trips?,"[{""choice_id"": ""A"", ""text"": ""For vacations, always force the earliest possible arrival.""}, {""choice_id"": ""B"", ""text"": ""For every trip, always choose the cheapest possible arrival.""}, {""choice_id"": ""C"", ""text"": ""The user has not shown any recurring business-travel timing preference.""}, {""choice_id"": ""D"", ""text"": ""For business travel, prefer early arrivals and leave about a 90-minute buffer before meetings.""}]",D,retrieve_explicit_preference_from_support,"[{""session_id"": ""tm2_planning_user_0012_s0011"", ""session_index"": 11, ""signal_type"": ""support"", ""domain"": ""travel"", ""source_domain"": ""hotels"", ""user"": ""When this is a business trip, please default to the safer arrival window. Prior travel-search context from Taskmaster-2 hotels: Hi, I would like to find out more about the hotel I plan to stay at. I would like to find out more."", ""assistant"": ""For a business meeting, the safer default is the earlier option with a meeting buffer."", ""feedback"": ""Exactly. For work travel, reliability matters more than shaving off a little cost.""}, {""session_id"": ""tm2_planning_user_0012_s0013"", ""session_index"": 13, ""signal_type"": ""support"", ""domain"": ""travel"", ""source_domain"": ""flights"", ""user"": ""For work travel, I want the option with enough breathing room before the meeting. Prior travel-search context from Taskmaster-2 flights: I'm looking for a flight, please."", ""assistant"": ""I would avoid the tight arrival and preserve a 90-minute cushion before work starts."", ""feedback"": ""Yes, that buffer is exactly what I need for business travel.""}, {""session_id"": ""tm2_planning_user_0012_s0017"", ""session_index"": 17, ""signal_type"": ""support"", ""domain"": ""travel"", ""source_domain"": ""hotels"", ""user"": ""For work travel, I want the option with enough breathing room before the meeting. Prior travel-search context from Taskmaster-2 hotels: I'm trying to find a hotel in Lubbock, Texas."", ""assistant"": ""I would choose the earlier arrival and leave about a 90-minute buffer before the meeting."", ""feedback"": ""Yes, that buffer is exactly what I need for business travel.""}, {""session_id"": ""tm2_planning_user_0012_s0018"", ""session_index"": 18, ""signal_type"": ""support"", ""domain"": ""travel"", ""source_domain"": ""hotels"", ""user"": ""When this is a business trip, please default to the safer arrival window. Prior travel-search context from Taskmaster-2 hotels: I'd like help finding a hotel in San Francisco, California."", ""assistant"": ""I would avoid the tight arrival and preserve a 90-minute cushion before work starts."", ""feedback"": ""Yes, that buffer is exactly what I need for business travel.""}]",pass,,
review_tm2_planning_user_0013_habit_business_travel_early_buffer_p00_direct_use,taskmaster_planning_v01_probe_6b2be683cffeb13e,tm2_planning_user_0013_habit_business_travel_early_buffer_p00_direct_use,tm2_planning_user_0013,test,direct_use,planning_defaults,taskmaster_seeded_direct,Pick the default travel option for a client meeting next Thursday using the user's established planning preference.,"[{""choice_id"": ""A"", ""text"": ""Choose the latest departure because shorter travel days are always best.""}, {""choice_id"": ""B"", ""text"": ""Choose the cheapest option even if it arrives right before the meeting.""}, {""choice_id"": ""C"", ""text"": ""Ask the user to restate their preference despite repeated prior evidence.""}, {""choice_id"": ""D"", ""text"": ""Choose the option that arrives early and leaves about a 90-minute buffer before the meeting.""}]",D,apply_scoped_habit,"[{""session_id"": ""tm2_planning_user_0013_s0008"", ""session_index"": 8, ""signal_type"": ""support"", ""domain"": ""travel"", ""source_domain"": ""hotels"", ""user"": ""This is for a client meeting, so choose timing that keeps me from rushing. Prior travel-search context from Taskmaster-2 hotels: I would like to find out more about the hotel."", ""assistant"": ""For a business meeting, the safer default is the earlier option with a meeting buffer."", ""feedback"": ""Yes, that buffer is exactly what I need for business travel.""}, {""session_id"": ""tm2_planning_user_0013_s0011"", ""session_index"": 11, ""signal_type"": ""support"", ""domain"": ""travel"", ""source_domain"": ""flights"", ""user"": ""When this is a business trip, please default to the safer arrival window. Prior travel-search context from Taskmaster-2 flights: Hi, I am looking to book the cheapest round trip flight between SFO and LAX."", ""assistant"": ""I would choose the earlier arrival and leave about a 90-minute buffer before the meeting."", ""feedback"": ""That is the right default for client trips: early arrival and breathing room.""}, {""session_id"": ""tm2_planning_user_0013_s0012"", ""session_index"": 12, ""signal_type"": ""support"", ""domain"": ""travel"", ""source_domain"": ""flights"", ""user"": ""For client visits, I prefer predictable timing over the absolute cheapest itinerary. Prior travel-search context from Taskmaster-2 flights: Hi, today I need your help sending up a round trip flight from Miami to Berlin."", ""assistant"": ""I would choose the earlier arrival and leave about a 90-minute buffer before the meeting."", ""feedback"": ""Exactly. For work travel, reliability matters more than shaving off a little cost.""}, {""session_id"": ""tm2_planning_user_0013_s0013"", ""session_index"": 13, ""signal_type"": ""support"", ""domain"": ""travel"", ""source_domain"": ""flights"", ""user"": ""For client visits, I prefer predictable timing over the absolute cheapest itinerary. Prior travel-search context from Taskmaster-2 flights: Hi, I'm looking for a roundtrip flight from Los Angeles to Salt Lake City."", ""assistant"": ""I would choose the earlier arrival and leave about a 90-minute buffer before the meeting."", ""feedback"": ""That is the right default for client trips: early arrival and breathing room.""}]",pass,,
review_tm2_planning_user_0013_habit_business_travel_early_buffer_p01_boundary,taskmaster_planning_v01_probe_ad8fee14327f2426,tm2_planning_user_0013_habit_business_travel_early_buffer_p01_boundary,tm2_planning_user_0013,test,boundary,planning_defaults,taskmaster_seeded_boundary,Plan a relaxed weekend vacation where there is no meeting or appointment to protect.,"[{""choice_id"": ""A"", ""text"": ""Optimize only for the cheapest arrival and ignore comfort.""}, {""choice_id"": ""B"", ""text"": ""Do not apply the business-travel timing rule; optimize for comfort and ask about leisure priorities.""}, {""choice_id"": ""C"", ""text"": ""Force an early arrival and a 90-minute meeting buffer anyway.""}, {""choice_id"": ""D"", ""text"": ""Refuse to help because the user has a business travel habit.""}]",B,do_not_apply_out_of_scope,"[{""session_id"": ""tm2_planning_user_0013_s0018"", ""session_index"": 18, ""signal_type"": ""boundary_counterexample"", ""domain"": ""travel"", ""source_domain"": ""hotels"", ""user"": ""Help me compare vacation options where arrival time is flexible and there is no appointment. Related travel context: I'd like help finding a city in West Palm Beach, Florida."", ""assistant"": ""Because this is leisure travel, I would optimize for comfort and timing preference rather than defaulting to an early business arrival."", ""feedback"": ""Right, this is not a work trip, so the business buffer should not drive the plan.""}, {""session_id"": ""tm2_planning_user_0013_s0020"", ""session_index"": 20, ""signal_type"": ""boundary_counterexample"", ""domain"": ""travel"", ""source_domain"": ""hotels"", ""user"": ""Help me compare vacation options where arrival time is flexible and there is no appointment. Related travel context: I'm looking for a hotel in Phoenix, Arizona."", ""assistant"": ""Because this is leisure travel, I would optimize for comfort and timing preference rather than defaulting to an early business arrival."", ""feedback"": ""Right, this is not a work trip, so the business buffer should not drive the plan.""}]",pass,,
review_tm2_planning_user_0013_habit_business_travel_early_buffer_p02_exception,taskmaster_planning_v01_probe_f271b90a4a429909,tm2_planning_user_0013_habit_business_travel_early_buffer_p02_exception,tm2_planning_user_0013,test,exception,planning_defaults,taskmaster_seeded_exception,Plan a personal trip that the user explicitly says is flexible and not tied to a meeting.,"[{""choice_id"": ""A"", ""text"": ""Treat this as an exception and avoid assuming the early-arrival business buffer.""}, {""choice_id"": ""B"", ""text"": ""Apply the business-travel buffer because it is the most frequent prior pattern.""}, {""choice_id"": ""C"", ""text"": ""Pick the tightest itinerary solely because it is cheap.""}, {""choice_id"": ""D"", ""text"": ""Say there is no way to plan without deleting the user's travel preference.""}]",A,apply_exception,"[{""session_id"": ""tm2_planning_user_0013_s0024"", ""session_index"": 24, ""signal_type"": ""exception"", ""domain"": ""travel"", ""source_domain"": ""hotels"", ""user"": ""For this vacation day, there is no meeting clock to protect, so do not force an early arrival. Use this travel context if useful: Hi. I'd like help in finding a hotel in New Orleans."", ""assistant"": ""Since you explicitly marked this trip as flexible, I will not force the early-arrival business default."", ""feedback"": ""Yes, this is an exception to my usual business travel timing.""}]",pass,,
review_tm2_planning_user_0013_habit_business_travel_early_buffer_p03_explicit_retrieval,taskmaster_planning_v01_probe_bbab1dbc1d0b9a23,tm2_planning_user_0013_habit_business_travel_early_buffer_p03_explicit_retrieval,tm2_planning_user_0013,test,explicit_retrieval,planning_defaults,taskmaster_seeded_explicit,Which travel planning preference has the user repeatedly reinforced for business or client-meeting trips?,"[{""choice_id"": ""A"", ""text"": ""For vacations, always force the earliest possible arrival.""}, {""choice_id"": ""B"", ""text"": ""For business travel, prefer early arrivals and leave about a 90-minute buffer before meetings.""}, {""choice_id"": ""C"", ""text"": ""The user has not shown any recurring business-travel timing preference.""}, {""choice_id"": ""D"", ""text"": ""For every trip, always choose the cheapest possible arrival.""}]",B,retrieve_explicit_preference_from_support,"[{""session_id"": ""tm2_planning_user_0013_s0008"", ""session_index"": 8, ""signal_type"": ""support"", ""domain"": ""travel"", ""source_domain"": ""hotels"", ""user"": ""This is for a client meeting, so choose timing that keeps me from rushing. Prior travel-search context from Taskmaster-2 hotels: I would like to find out more about the hotel."", ""assistant"": ""For a business meeting, the safer default is the earlier option with a meeting buffer."", ""feedback"": ""Yes, that buffer is exactly what I need for business travel.""}, {""session_id"": ""tm2_planning_user_0013_s0011"", ""session_index"": 11, ""signal_type"": ""support"", ""domain"": ""travel"", ""source_domain"": ""flights"", ""user"": ""When this is a business trip, please default to the safer arrival window. Prior travel-search context from Taskmaster-2 flights: Hi, I am looking to book the cheapest round trip flight between SFO and LAX."", ""assistant"": ""I would choose the earlier arrival and leave about a 90-minute buffer before the meeting."", ""feedback"": ""That is the right default for client trips: early arrival and breathing room.""}, {""session_id"": ""tm2_planning_user_0013_s0012"", ""session_index"": 12, ""signal_type"": ""support"", ""domain"": ""travel"", ""source_domain"": ""flights"", ""user"": ""For client visits, I prefer predictable timing over the absolute cheapest itinerary. Prior travel-search context from Taskmaster-2 flights: Hi, today I need your help sending up a round trip flight from Miami to Berlin."", ""assistant"": ""I would choose the earlier arrival and leave about a 90-minute buffer before the meeting."", ""feedback"": ""Exactly. For work travel, reliability matters more than shaving off a little cost.""}, {""session_id"": ""tm2_planning_user_0013_s0013"", ""session_index"": 13, ""signal_type"": ""support"", ""domain"": ""travel"", ""source_domain"": ""flights"", ""user"": ""For client visits, I prefer predictable timing over the absolute cheapest itinerary. Prior travel-search context from Taskmaster-2 flights: Hi, I'm looking for a roundtrip flight from Los Angeles to Salt Lake City."", ""assistant"": ""I would choose the earlier arrival and leave about a 90-minute buffer before the meeting."", ""feedback"": ""That is the right default for client trips: early arrival and breathing room.""}]",pass,,
review_tm2_planning_user_0014_habit_business_travel_early_buffer_p00_direct_use,taskmaster_planning_v01_probe_c672595c15235534,tm2_planning_user_0014_habit_business_travel_early_buffer_p00_direct_use,tm2_planning_user_0014,test,direct_use,planning_defaults,taskmaster_seeded_direct,Pick the default travel option for a client meeting next Thursday using the user's established planning preference.,"[{""choice_id"": ""A"", ""text"": ""Choose the option that arrives early and leaves about a 90-minute buffer before the meeting.""}, {""choice_id"": ""B"", ""text"": ""Ask the user to restate their preference despite repeated prior evidence.""}, {""choice_id"": ""C"", ""text"": ""Choose the latest departure because shorter travel days are always best.""}, {""choice_id"": ""D"", ""text"": ""Choose the cheapest option even if it arrives right before the meeting.""}]",A,apply_scoped_habit,"[{""session_id"": ""tm2_planning_user_0014_s0006"", ""session_index"": 6, ""signal_type"": ""support"", ""domain"": ""travel"", ""source_domain"": ""hotels"", ""user"": ""For work travel, I want the option with enough breathing room before the meeting. Prior travel-search context from Taskmaster-2 hotels: Hello, I'm looking for a hotel room in Santa Fe, New Mexico."", ""assistant"": ""I would choose the earlier arrival and leave about a 90-minute buffer before the meeting."", ""feedback"": ""Exactly. For work travel, reliability matters more than shaving off a little cost.""}, {""session_id"": ""tm2_planning_user_0014_s0009"", ""session_index"": 9, ""signal_type"": ""support"", ""domain"": ""travel"", ""source_domain"": ""hotels"", ""user"": ""I am heading to a meeting; build in a real buffer instead of cutting it close. Prior travel-search context from Taskmaster-2 hotels: Hello. I'm looking for a hotel in Palm Springs, California."", ""assistant"": ""I would choose the earlier arrival and leave about a 90-minute buffer before the meeting."", ""feedback"": ""That is the right default for client trips: early arrival and breathing room.""}, {""session_id"": ""tm2_planning_user_0014_s0010"", ""session_index"": 10, ""signal_type"": ""support"", ""domain"": ""travel"", ""source_domain"": ""hotels"", ""user"": ""I am heading to a meeting; build in a real buffer instead of cutting it close. Prior travel-search context from Taskmaster-2 hotels: I would like to find out more about the hotel I plan to stay at."", ""assistant"": ""For a business meeting, the safer default is the earlier option with a meeting buffer."", ""feedback"": ""Exactly. For work travel, reliability matters more than shaving off a little cost.""}, {""session_id"": ""tm2_planning_user_0014_s0019"", ""session_index"": 19, ""signal_type"": ""support"", ""domain"": ""travel"", ""source_domain"": ""hotels"", ""user"": ""When this is a business trip, please default to the safer arrival window. Prior travel-search context from Taskmaster-2 hotels: I need a hotel in St. Louis, Missouri, please."", ""assistant"": ""For a business meeting, the safer default is the earlier option with a meeting buffer."", ""feedback"": ""That is the right default for client trips: early arrival and breathing room.""}]",pass,,
review_tm2_planning_user_0014_habit_business_travel_early_buffer_p01_boundary,taskmaster_planning_v01_probe_1b30b7c186d3cc77,tm2_planning_user_0014_habit_business_travel_early_buffer_p01_boundary,tm2_planning_user_0014,test,boundary,planning_defaults,taskmaster_seeded_boundary,Plan a relaxed weekend vacation where there is no meeting or appointment to protect.,"[{""choice_id"": ""A"", ""text"": ""Do not apply the business-travel timing rule; optimize for comfort and ask about leisure priorities.""}, {""choice_id"": ""B"", ""text"": ""Refuse to help because the user has a business travel habit.""}, {""choice_id"": ""C"", ""text"": ""Force an early arrival and a 90-minute meeting buffer anyway.""}, {""choice_id"": ""D"", ""text"": ""Optimize only for the cheapest arrival and ignore comfort.""}]",A,do_not_apply_out_of_scope,"[{""session_id"": ""tm2_planning_user_0014_s0022"", ""session_index"": 22, ""signal_type"": ""boundary_counterexample"", ""domain"": ""travel"", ""source_domain"": ""hotels"", ""user"": ""Help me compare vacation options where arrival time is flexible and there is no appointment. Related travel context: I'd like you to help me find a hotel."", ""assistant"": ""Because this is leisure travel, I would optimize for comfort and timing preference rather than defaulting to an early business arrival."", ""feedback"": ""Right, this is not a work trip, so the business buffer should not drive the plan.""}, {""session_id"": ""tm2_planning_user_0014_s0023"", ""session_index"": 23, ""signal_type"": ""boundary_counterexample"", ""domain"": ""travel"", ""source_domain"": ""hotels"", ""user"": ""Plan a relaxed weekend getaway where I can sleep in and wander without a fixed schedule. Related travel context: I'd like help finding a hotel."", ""assistant"": ""Because this is leisure travel, I would optimize for comfort and timing preference rather than defaulting to an early business arrival."", ""feedback"": ""Right, this is not a work trip, so the business buffer should not drive the plan.""}]",pass,,
review_tm2_planning_user_0014_habit_business_travel_early_buffer_p02_exception,taskmaster_planning_v01_probe_f41f7da97e3a30be,tm2_planning_user_0014_habit_business_travel_early_buffer_p02_exception,tm2_planning_user_0014,test,exception,planning_defaults,taskmaster_seeded_exception,Plan a personal trip that the user explicitly says is flexible and not tied to a meeting.,"[{""choice_id"": ""A"", ""text"": ""Apply the business-travel buffer because it is the most frequent prior pattern.""}, {""choice_id"": ""B"", ""text"": ""Treat this as an exception and avoid assuming the early-arrival business buffer.""}, {""choice_id"": ""C"", ""text"": ""Say there is no way to plan without deleting the user's travel preference.""}, {""choice_id"": ""D"", ""text"": ""Pick the tightest itinerary solely because it is cheap.""}]",B,apply_exception,"[{""session_id"": ""tm2_planning_user_0014_s0025"", ""session_index"": 25, ""signal_type"": ""exception"", ""domain"": ""travel"", ""source_domain"": ""flights"", ""user"": ""Plan this as a personal trip where the timing can be looser than my business travel default. Use this travel context if useful: Hi. I need help finding a flight to Los Angeles, California."", ""assistant"": ""Since you explicitly marked this trip as flexible, I will not force the early-arrival business default."", ""feedback"": ""Yes, this is an exception to my usual business travel timing.""}]",pass,,
review_tm2_planning_user_0014_habit_business_travel_early_buffer_p03_explicit_retrieval,taskmaster_planning_v01_probe_b6f134f217b3efbd,tm2_planning_user_0014_habit_business_travel_early_buffer_p03_explicit_retrieval,tm2_planning_user_0014,test,explicit_retrieval,planning_defaults,taskmaster_seeded_explicit,Which travel planning preference has the user repeatedly reinforced for business or client-meeting trips?,"[{""choice_id"": ""A"", ""text"": ""The user has not shown any recurring business-travel timing preference.""}, {""choice_id"": ""B"", ""text"": ""For vacations, always force the earliest possible arrival.""}, {""choice_id"": ""C"", ""text"": ""For business travel, prefer early arrivals and leave about a 90-minute buffer before meetings.""}, {""choice_id"": ""D"", ""text"": ""For every trip, always choose the cheapest possible arrival.""}]",C,retrieve_explicit_preference_from_support,"[{""session_id"": ""tm2_planning_user_0014_s0006"", ""session_index"": 6, ""signal_type"": ""support"", ""domain"": ""travel"", ""source_domain"": ""hotels"", ""user"": ""For work travel, I want the option with enough breathing room before the meeting. Prior travel-search context from Taskmaster-2 hotels: Hello, I'm looking for a hotel room in Santa Fe, New Mexico."", ""assistant"": ""I would choose the earlier arrival and leave about a 90-minute buffer before the meeting."", ""feedback"": ""Exactly. For work travel, reliability matters more than shaving off a little cost.""}, {""session_id"": ""tm2_planning_user_0014_s0009"", ""session_index"": 9, ""signal_type"": ""support"", ""domain"": ""travel"", ""source_domain"": ""hotels"", ""user"": ""I am heading to a meeting; build in a real buffer instead of cutting it close. Prior travel-search context from Taskmaster-2 hotels: Hello. I'm looking for a hotel in Palm Springs, California."", ""assistant"": ""I would choose the earlier arrival and leave about a 90-minute buffer before the meeting."", ""feedback"": ""That is the right default for client trips: early arrival and breathing room.""}, {""session_id"": ""tm2_planning_user_0014_s0010"", ""session_index"": 10, ""signal_type"": ""support"", ""domain"": ""travel"", ""source_domain"": ""hotels"", ""user"": ""I am heading to a meeting; build in a real buffer instead of cutting it close. Prior travel-search context from Taskmaster-2 hotels: I would like to find out more about the hotel I plan to stay at."", ""assistant"": ""For a business meeting, the safer default is the earlier option with a meeting buffer."", ""feedback"": ""Exactly. For work travel, reliability matters more than shaving off a little cost.""}, {""session_id"": ""tm2_planning_user_0014_s0019"", ""session_index"": 19, ""signal_type"": ""support"", ""domain"": ""travel"", ""source_domain"": ""hotels"", ""user"": ""When this is a business trip, please default to the safer arrival window. Prior travel-search context from Taskmaster-2 hotels: I need a hotel in St. Louis, Missouri, please."", ""assistant"": ""For a business meeting, the safer default is the earlier option with a meeting buffer."", ""feedback"": ""That is the right default for client trips: early arrival and breathing room.""}]",pass,,
review_tm2_planning_user_0015_habit_business_travel_early_buffer_p00_direct_use,taskmaster_planning_v01_probe_1cca9c797175e5c8,tm2_planning_user_0015_habit_business_travel_early_buffer_p00_direct_use,tm2_planning_user_0015,test,direct_use,planning_defaults,taskmaster_seeded_direct,Pick the default travel option for a client meeting next Thursday using the user's established planning preference.,"[{""choice_id"": ""A"", ""text"": ""Choose the option that arrives early and leaves about a 90-minute buffer before the meeting.""}, {""choice_id"": ""B"", ""text"": ""Ask the user to restate their preference despite repeated prior evidence.""}, {""choice_id"": ""C"", ""text"": ""Choose the latest departure because shorter travel days are always best.""}, {""choice_id"": ""D"", ""text"": ""Choose the cheapest option even if it arrives right before the meeting.""}]",A,apply_scoped_habit,"[{""session_id"": ""tm2_planning_user_0015_s0004"", ""session_index"": 4, ""signal_type"": ""support"", ""domain"": ""travel"", ""source_domain"": ""hotels"", ""user"": ""I am heading to a meeting; build in a real buffer instead of cutting it close. Prior travel-search context from Taskmaster-2 hotels: I'd like help finding a hotel in San Francisco."", ""assistant"": ""For a business meeting, the safer default is the earlier option with a meeting buffer."", ""feedback"": ""Exactly. For work travel, reliability matters more than shaving off a little cost.""}, {""session_id"": ""tm2_planning_user_0015_s0005"", ""session_index"": 5, ""signal_type"": ""support"", ""domain"": ""travel"", ""source_domain"": ""hotels"", ""user"": ""When this is a business trip, please default to the safer arrival window. Prior travel-search context from Taskmaster-2 hotels: I'd like help in finding a hotel in West Palm Beach, Florida."", ""assistant"": ""For a business meeting, the safer default is the earlier option with a meeting buffer."", ""feedback"": ""Exactly. For work travel, reliability matters more than shaving off a little cost.""}, {""session_id"": ""tm2_planning_user_0015_s0008"", ""session_index"": 8, ""signal_type"": ""support"", ""domain"": ""travel"", ""source_domain"": ""flights"", ""user"": ""When this is a business trip, please default to the safer arrival window. Prior travel-search context from Taskmaster-2 flights: Hi, Could you help me find a round-trip airline ticket?"", ""assistant"": ""I would avoid the tight arrival and preserve a 90-minute cushion before work starts."", ""feedback"": ""Yes, that buffer is exactly what I need for business travel.""}, {""session_id"": ""tm2_planning_user_0015_s0015"", ""session_index"": 15, ""signal_type"": ""support"", ""domain"": ""travel"", ""source_domain"": ""flights"", ""user"": ""I am heading to a meeting; build in a real buffer instead of cutting it close. Prior travel-search context from Taskmaster-2 flights: I am looking for a round trip flight from San Francisco to London. Latest time departure today possible..."", ""assistant"": ""I would choose the earlier arrival and leave about a 90-minute buffer before the meeting."", ""feedback"": ""That is the right default for client trips: early arrival and breathing room.""}]",pass,,
review_tm2_planning_user_0015_habit_business_travel_early_buffer_p01_boundary,taskmaster_planning_v01_probe_793ffd6985f5554a,tm2_planning_user_0015_habit_business_travel_early_buffer_p01_boundary,tm2_planning_user_0015,test,boundary,planning_defaults,taskmaster_seeded_boundary,Plan a relaxed weekend vacation where there is no meeting or appointment to protect.,"[{""choice_id"": ""A"", ""text"": ""Do not apply the business-travel timing rule; optimize for comfort and ask about leisure priorities.""}, {""choice_id"": ""B"", ""text"": ""Refuse to help because the user has a business travel habit.""}, {""choice_id"": ""C"", ""text"": ""Force an early arrival and a 90-minute meeting buffer anyway.""}, {""choice_id"": ""D"", ""text"": ""Optimize only for the cheapest arrival and ignore comfort.""}]",A,do_not_apply_out_of_scope,"[{""session_id"": ""tm2_planning_user_0015_s0016"", ""session_index"": 16, ""signal_type"": ""boundary_counterexample"", ""domain"": ""travel"", ""source_domain"": ""hotels"", ""user"": ""This is a leisure trip with no meetings; optimize for comfort and a relaxed pace. Related travel context: Hi Assistant. I'd like help finding a hotel in Park City, Utah."", ""assistant"": ""Because this is leisure travel, I would optimize for comfort and timing preference rather than defaulting to an early business arrival."", ""feedback"": ""Right, this is not a work trip, so the business buffer should not drive the plan.""}, {""session_id"": ""tm2_planning_user_0015_s0019"", ""session_index"": 19, ""signal_type"": ""boundary_counterexample"", ""domain"": ""travel"", ""source_domain"": ""hotels"", ""user"": ""This is a leisure trip with no meetings; optimize for comfort and a relaxed pace. Related travel context: I'd like help finding a hotel in West Palm Beach, Florida."", ""assistant"": ""Because this is leisure travel, I would optimize for comfort and timing preference rather than defaulting to an early business arrival."", ""feedback"": ""Right, this is not a work trip, so the business buffer should not drive the plan.""}]",pass,,
review_tm2_planning_user_0015_habit_business_travel_early_buffer_p02_exception,taskmaster_planning_v01_probe_ca36960390617ccf,tm2_planning_user_0015_habit_business_travel_early_buffer_p02_exception,tm2_planning_user_0015,test,exception,planning_defaults,taskmaster_seeded_exception,Plan a personal trip that the user explicitly says is flexible and not tied to a meeting.,"[{""choice_id"": ""A"", ""text"": ""Treat this as an exception and avoid assuming the early-arrival business buffer.""}, {""choice_id"": ""B"", ""text"": ""Pick the tightest itinerary solely because it is cheap.""}, {""choice_id"": ""C"", ""text"": ""Apply the business-travel buffer because it is the most frequent prior pattern.""}, {""choice_id"": ""D"", ""text"": ""Say there is no way to plan without deleting the user's travel preference.""}]",A,apply_exception,"[{""session_id"": ""tm2_planning_user_0015_s0023"", ""session_index"": 23, ""signal_type"": ""exception"", ""domain"": ""travel"", ""source_domain"": ""flights"", ""user"": ""Plan this as a personal trip where the timing can be looser than my business travel default. Use this travel context if useful: Oh, I'm sorry. Yeah, I need a flight. A round trip flight from LA to London leaving this evening and returnin..."", ""assistant"": ""Since you explicitly marked this trip as flexible, I will not force the early-arrival business default."", ""feedback"": ""Yes, this is an exception to my usual business travel timing.""}]",pass,,
review_tm2_planning_user_0015_habit_business_travel_early_buffer_p03_explicit_retrieval,taskmaster_planning_v01_probe_754c7adf2618cbef,tm2_planning_user_0015_habit_business_travel_early_buffer_p03_explicit_retrieval,tm2_planning_user_0015,test,explicit_retrieval,planning_defaults,taskmaster_seeded_explicit,Which travel planning preference has the user repeatedly reinforced for business or client-meeting trips?,"[{""choice_id"": ""A"", ""text"": ""For every trip, always choose the cheapest possible arrival.""}, {""choice_id"": ""B"", ""text"": ""For business travel, prefer early arrivals and leave about a 90-minute buffer before meetings.""}, {""choice_id"": ""C"", ""text"": ""The user has not shown any recurring business-travel timing preference.""}, {""choice_id"": ""D"", ""text"": ""For vacations, always force the earliest possible arrival.""}]",B,retrieve_explicit_preference_from_support,"[{""session_id"": ""tm2_planning_user_0015_s0004"", ""session_index"": 4, ""signal_type"": ""support"", ""domain"": ""travel"", ""source_domain"": ""hotels"", ""user"": ""I am heading to a meeting; build in a real buffer instead of cutting it close. Prior travel-search context from Taskmaster-2 hotels: I'd like help finding a hotel in San Francisco."", ""assistant"": ""For a business meeting, the safer default is the earlier option with a meeting buffer."", ""feedback"": ""Exactly. For work travel, reliability matters more than shaving off a little cost.""}, {""session_id"": ""tm2_planning_user_0015_s0005"", ""session_index"": 5, ""signal_type"": ""support"", ""domain"": ""travel"", ""source_domain"": ""hotels"", ""user"": ""When this is a business trip, please default to the safer arrival window. Prior travel-search context from Taskmaster-2 hotels: I'd like help in finding a hotel in West Palm Beach, Florida."", ""assistant"": ""For a business meeting, the safer default is the earlier option with a meeting buffer."", ""feedback"": ""Exactly. For work travel, reliability matters more than shaving off a little cost.""}, {""session_id"": ""tm2_planning_user_0015_s0008"", ""session_index"": 8, ""signal_type"": ""support"", ""domain"": ""travel"", ""source_domain"": ""flights"", ""user"": ""When this is a business trip, please default to the safer arrival window. Prior travel-search context from Taskmaster-2 flights: Hi, Could you help me find a round-trip airline ticket?"", ""assistant"": ""I would avoid the tight arrival and preserve a 90-minute cushion before work starts."", ""feedback"": ""Yes, that buffer is exactly what I need for business travel.""}, {""session_id"": ""tm2_planning_user_0015_s0015"", ""session_index"": 15, ""signal_type"": ""support"", ""domain"": ""travel"", ""source_domain"": ""flights"", ""user"": ""I am heading to a meeting; build in a real buffer instead of cutting it close. Prior travel-search context from Taskmaster-2 flights: I am looking for a round trip flight from San Francisco to London. Latest time departure today possible..."", ""assistant"": ""I would choose the earlier arrival and leave about a 90-minute buffer before the meeting."", ""feedback"": ""That is the right default for client trips: early arrival and breathing room.""}]",pass,,
review_tm2_planning_user_0016_habit_business_travel_early_buffer_p00_direct_use,taskmaster_planning_v01_probe_b20c2e7f43aef917,tm2_planning_user_0016_habit_business_travel_early_buffer_p00_direct_use,tm2_planning_user_0016,test,direct_use,planning_defaults,taskmaster_seeded_direct,Pick the default travel option for a client meeting next Thursday using the user's established planning preference.,"[{""choice_id"": ""A"", ""text"": ""Choose the latest departure because shorter travel days are always best.""}, {""choice_id"": ""B"", ""text"": ""Ask the user to restate their preference despite repeated prior evidence.""}, {""choice_id"": ""C"", ""text"": ""Choose the option that arrives early and leaves about a 90-minute buffer before the meeting.""}, {""choice_id"": ""D"", ""text"": ""Choose the cheapest option even if it arrives right before the meeting.""}]",C,apply_scoped_habit,"[{""session_id"": ""tm2_planning_user_0016_s0008"", ""session_index"": 8, ""signal_type"": ""support"", ""domain"": ""travel"", ""source_domain"": ""flights"", ""user"": ""When this is a business trip, please default to the safer arrival window. Prior travel-search context from Taskmaster-2 flights: I'm trying to find a round trip commercial airline flight from New York City to Madrid, can you help me with..."", ""assistant"": ""I would choose the earlier arrival and leave about a 90-minute buffer before the meeting."", ""feedback"": ""Yes, that buffer is exactly what I need for business travel.""}, {""session_id"": ""tm2_planning_user_0016_s0009"", ""session_index"": 9, ""signal_type"": ""support"", ""domain"": ""travel"", ""source_domain"": ""hotels"", ""user"": ""I am heading to a meeting; build in a real buffer instead of cutting it close. Prior travel-search context from Taskmaster-2 hotels: Hi. I need help booking the hotel next summer in June in Naples, Florida."", ""assistant"": ""I would avoid the tight arrival and preserve a 90-minute cushion before work starts."", ""feedback"": ""Exactly. For work travel, reliability matters more than shaving off a little cost.""}, {""session_id"": ""tm2_planning_user_0016_s0011"", ""session_index"": 11, ""signal_type"": ""support"", ""domain"": ""travel"", ""source_domain"": ""flights"", ""user"": ""For client visits, I prefer predictable timing over the absolute cheapest itinerary. Prior travel-search context from Taskmaster-2 flights: Hi. Today, I need your help in planning a round-trip flight from Seattle to Houston. I'm looking..."", ""assistant"": ""I would avoid the tight arrival and preserve a 90-minute cushion before work starts."", ""feedback"": ""Good call. I do not want to land and rush straight into a meeting.""}, {""session_id"": ""tm2_planning_user_0016_s0012"", ""session_index"": 12, ""signal_type"": ""support"", ""domain"": ""travel"", ""source_domain"": ""hotels"", ""user"": ""For client visits, I prefer predictable timing over the absolute cheapest itinerary. Prior travel-search context from Taskmaster-2 hotels: I'd like help finding a hotel in Park City, Utah."", ""assistant"": ""For a business meeting, the safer default is the earlier option with a meeting buffer."", ""feedback"": ""Exactly. For work travel, reliability matters more than shaving off a little cost.""}]",pass,,
review_tm2_planning_user_0016_habit_business_travel_early_buffer_p01_boundary,taskmaster_planning_v01_probe_4ba170afdfa60fd9,tm2_planning_user_0016_habit_business_travel_early_buffer_p01_boundary,tm2_planning_user_0016,test,boundary,planning_defaults,taskmaster_seeded_boundary,Plan a relaxed weekend vacation where there is no meeting or appointment to protect.,"[{""choice_id"": ""A"", ""text"": ""Do not apply the business-travel timing rule; optimize for comfort and ask about leisure priorities.""}, {""choice_id"": ""B"", ""text"": ""Force an early arrival and a 90-minute meeting buffer anyway.""}, {""choice_id"": ""C"", ""text"": ""Refuse to help because the user has a business travel habit.""}, {""choice_id"": ""D"", ""text"": ""Optimize only for the cheapest arrival and ignore comfort.""}]",A,do_not_apply_out_of_scope,"[{""session_id"": ""tm2_planning_user_0016_s0018"", ""session_index"": 18, ""signal_type"": ""boundary_counterexample"", ""domain"": ""travel"", ""source_domain"": ""hotels"", ""user"": ""This is a leisure trip with no meetings; optimize for comfort and a relaxed pace. Related travel context: Yeah, I'm looking for a hotel room in Palm Springs, California."", ""assistant"": ""Because this is leisure travel, I would optimize for comfort and timing preference rather than defaulting to an early business arrival."", ""feedback"": ""Right, this is not a work trip, so the business buffer should not drive the plan.""}, {""session_id"": ""tm2_planning_user_0016_s0023"", ""session_index"": 23, ""signal_type"": ""boundary_counterexample"", ""domain"": ""travel"", ""source_domain"": ""hotels"", ""user"": ""Help me compare vacation options where arrival time is flexible and there is no appointment. Related travel context: Hi. Could you help me to find a hotel in Santa Fe, New Mexico?"", ""assistant"": ""Because this is leisure travel, I would optimize for comfort and timing preference rather than defaulting to an early business arrival."", ""feedback"": ""Right, this is not a work trip, so the business buffer should not drive the plan.""}]",pass,,
review_tm2_planning_user_0016_habit_business_travel_early_buffer_p02_exception,taskmaster_planning_v01_probe_7282368ef2e2906f,tm2_planning_user_0016_habit_business_travel_early_buffer_p02_exception,tm2_planning_user_0016,test,exception,planning_defaults,taskmaster_seeded_exception,Plan a personal trip that the user explicitly says is flexible and not tied to a meeting.,"[{""choice_id"": ""A"", ""text"": ""Apply the business-travel buffer because it is the most frequent prior pattern.""}, {""choice_id"": ""B"", ""text"": ""Say there is no way to plan without deleting the user's travel preference.""}, {""choice_id"": ""C"", ""text"": ""Pick the tightest itinerary solely because it is cheap.""}, {""choice_id"": ""D"", ""text"": ""Treat this as an exception and avoid assuming the early-arrival business buffer.""}]",D,apply_exception,"[{""session_id"": ""tm2_planning_user_0016_s0028"", ""session_index"": 28, ""signal_type"": ""exception"", ""domain"": ""travel"", ""source_domain"": ""hotels"", ""user"": ""Plan this as a personal trip where the timing can be looser than my business travel default. Use this travel context if useful: Can you help me in finding a four-star hotel at $200 a night?"", ""assistant"": ""Since you explicitly marked this trip as flexible, I will not force the early-arrival business default."", ""feedback"": ""Yes, this is an exception to my usual business travel timing.""}]",pass,,
review_tm2_planning_user_0016_habit_business_travel_early_buffer_p03_explicit_retrieval,taskmaster_planning_v01_probe_4e7963fa36a62b29,tm2_planning_user_0016_habit_business_travel_early_buffer_p03_explicit_retrieval,tm2_planning_user_0016,test,explicit_retrieval,planning_defaults,taskmaster_seeded_explicit,Which travel planning preference has the user repeatedly reinforced for business or client-meeting trips?,"[{""choice_id"": ""A"", ""text"": ""For vacations, always force the earliest possible arrival.""}, {""choice_id"": ""B"", ""text"": ""For business travel, prefer early arrivals and leave about a 90-minute buffer before meetings.""}, {""choice_id"": ""C"", ""text"": ""For every trip, always choose the cheapest possible arrival.""}, {""choice_id"": ""D"", ""text"": ""The user has not shown any recurring business-travel timing preference.""}]",B,retrieve_explicit_preference_from_support,"[{""session_id"": ""tm2_planning_user_0016_s0008"", ""session_index"": 8, ""signal_type"": ""support"", ""domain"": ""travel"", ""source_domain"": ""flights"", ""user"": ""When this is a business trip, please default to the safer arrival window. Prior travel-search context from Taskmaster-2 flights: I'm trying to find a round trip commercial airline flight from New York City to Madrid, can you help me with..."", ""assistant"": ""I would choose the earlier arrival and leave about a 90-minute buffer before the meeting."", ""feedback"": ""Yes, that buffer is exactly what I need for business travel.""}, {""session_id"": ""tm2_planning_user_0016_s0009"", ""session_index"": 9, ""signal_type"": ""support"", ""domain"": ""travel"", ""source_domain"": ""hotels"", ""user"": ""I am heading to a meeting; build in a real buffer instead of cutting it close. Prior travel-search context from Taskmaster-2 hotels: Hi. I need help booking the hotel next summer in June in Naples, Florida."", ""assistant"": ""I would avoid the tight arrival and preserve a 90-minute cushion before work starts."", ""feedback"": ""Exactly. For work travel, reliability matters more than shaving off a little cost.""}, {""session_id"": ""tm2_planning_user_0016_s0011"", ""session_index"": 11, ""signal_type"": ""support"", ""domain"": ""travel"", ""source_domain"": ""flights"", ""user"": ""For client visits, I prefer predictable timing over the absolute cheapest itinerary. Prior travel-search context from Taskmaster-2 flights: Hi. Today, I need your help in planning a round-trip flight from Seattle to Houston. I'm looking..."", ""assistant"": ""I would avoid the tight arrival and preserve a 90-minute cushion before work starts."", ""feedback"": ""Good call. I do not want to land and rush straight into a meeting.""}, {""session_id"": ""tm2_planning_user_0016_s0012"", ""session_index"": 12, ""signal_type"": ""support"", ""domain"": ""travel"", ""source_domain"": ""hotels"", ""user"": ""For client visits, I prefer predictable timing over the absolute cheapest itinerary. Prior travel-search context from Taskmaster-2 hotels: I'd like help finding a hotel in Park City, Utah."", ""assistant"": ""For a business meeting, the safer default is the earlier option with a meeting buffer."", ""feedback"": ""Exactly. For work travel, reliability matters more than shaving off a little cost.""}]",pass,,
review_tm2_planning_user_0017_habit_business_travel_early_buffer_p00_direct_use,taskmaster_planning_v01_probe_6e68d02ec6deef10,tm2_planning_user_0017_habit_business_travel_early_buffer_p00_direct_use,tm2_planning_user_0017,test,direct_use,planning_defaults,taskmaster_seeded_direct,Pick the default travel option for a client meeting next Thursday using the user's established planning preference.,"[{""choice_id"": ""A"", ""text"": ""Choose the latest departure because shorter travel days are always best.""}, {""choice_id"": ""B"", ""text"": ""Choose the option that arrives early and leaves about a 90-minute buffer before the meeting.""}, {""choice_id"": ""C"", ""text"": ""Ask the user to restate their preference despite repeated prior evidence.""}, {""choice_id"": ""D"", ""text"": ""Choose the cheapest option even if it arrives right before the meeting.""}]",B,apply_scoped_habit,"[{""session_id"": ""tm2_planning_user_0017_s0006"", ""session_index"": 6, ""signal_type"": ""support"", ""domain"": ""travel"", ""source_domain"": ""flights"", ""user"": ""When this is a business trip, please default to the safer arrival window. Prior travel-search context from Taskmaster-2 flights: Hey, I'd like to find a flight to San Diego."", ""assistant"": ""I would choose the earlier arrival and leave about a 90-minute buffer before the meeting."", ""feedback"": ""Exactly. For work travel, reliability matters more than shaving off a little cost.""}, {""session_id"": ""tm2_planning_user_0017_s0011"", ""session_index"": 11, ""signal_type"": ""support"", ""domain"": ""travel"", ""source_domain"": ""flights"", ""user"": ""When this is a business trip, please default to the safer arrival window. Prior travel-search context from Taskmaster-2 flights: Hi. Yeah, I was wanting some help booking a flight round trip to from San Francisco to Jamaica."", ""assistant"": ""I would avoid the tight arrival and preserve a 90-minute cushion before work starts."", ""feedback"": ""Exactly. For work travel, reliability matters more than shaving off a little cost.""}, {""session_id"": ""tm2_planning_user_0017_s0016"", ""session_index"": 16, ""signal_type"": ""support"", ""domain"": ""travel"", ""source_domain"": ""hotels"", ""user"": ""For work travel, I want the option with enough breathing room before the meeting. Prior travel-search context from Taskmaster-2 hotels: Hi there. I need a hotel in St. Louis, Missouri."", ""assistant"": ""I would choose the earlier arrival and leave about a 90-minute buffer before the meeting."", ""feedback"": ""Yes, that buffer is exactly what I need for business travel.""}, {""session_id"": ""tm2_planning_user_0017_s0017"", ""session_index"": 17, ""signal_type"": ""support"", ""domain"": ""travel"", ""source_domain"": ""hotels"", ""user"": ""When this is a business trip, please default to the safer arrival window. Prior travel-search context from Taskmaster-2 hotels: Hi Assistant, I would like to find out more about the hotel I plan to stay at."", ""assistant"": ""I would avoid the tight arrival and preserve a 90-minute cushion before work starts."", ""feedback"": ""Good call. I do not want to land and rush straight into a meeting.""}]",pass,,
review_tm2_planning_user_0017_habit_business_travel_early_buffer_p01_boundary,taskmaster_planning_v01_probe_f37a845e80296ec4,tm2_planning_user_0017_habit_business_travel_early_buffer_p01_boundary,tm2_planning_user_0017,test,boundary,planning_defaults,taskmaster_seeded_boundary,Plan a relaxed weekend vacation where there is no meeting or appointment to protect.,"[{""choice_id"": ""A"", ""text"": ""Refuse to help because the user has a business travel habit.""}, {""choice_id"": ""B"", ""text"": ""Do not apply the business-travel timing rule; optimize for comfort and ask about leisure priorities.""}, {""choice_id"": ""C"", ""text"": ""Force an early arrival and a 90-minute meeting buffer anyway.""}, {""choice_id"": ""D"", ""text"": ""Optimize only for the cheapest arrival and ignore comfort.""}]",B,do_not_apply_out_of_scope,"[{""session_id"": ""tm2_planning_user_0017_s0021"", ""session_index"": 21, ""signal_type"": ""boundary_counterexample"", ""domain"": ""travel"", ""source_domain"": ""hotels"", ""user"": ""This is a leisure trip with no meetings; optimize for comfort and a relaxed pace. Related travel context: Hi, I'm looking for a hotel in San Francisco."", ""assistant"": ""Because this is leisure travel, I would optimize for comfort and timing preference rather than defaulting to an early business arrival."", ""feedback"": ""Right, this is not a work trip, so the business buffer should not drive the plan.""}, {""session_id"": ""tm2_planning_user_0017_s0025"", ""session_index"": 25, ""signal_type"": ""boundary_counterexample"", ""domain"": ""travel"", ""source_domain"": ""hotels"", ""user"": ""Help me compare vacation options where arrival time is flexible and there is no appointment. Related travel context: I need help finding a hotel in New Orleans. Hello."", ""assistant"": ""Because this is leisure travel, I would optimize for comfort and timing preference rather than defaulting to an early business arrival."", ""feedback"": ""Right, this is not a work trip, so the business buffer should not drive the plan.""}]",pass,,
review_tm2_planning_user_0017_habit_business_travel_early_buffer_p02_exception,taskmaster_planning_v01_probe_d5b52d3a92032f19,tm2_planning_user_0017_habit_business_travel_early_buffer_p02_exception,tm2_planning_user_0017,test,exception,planning_defaults,taskmaster_seeded_exception,Plan a personal trip that the user explicitly says is flexible and not tied to a meeting.,"[{""choice_id"": ""A"", ""text"": ""Apply the business-travel buffer because it is the most frequent prior pattern.""}, {""choice_id"": ""B"", ""text"": ""Treat this as an exception and avoid assuming the early-arrival business buffer.""}, {""choice_id"": ""C"", ""text"": ""Say there is no way to plan without deleting the user's travel preference.""}, {""choice_id"": ""D"", ""text"": ""Pick the tightest itinerary solely because it is cheap.""}]",B,apply_exception,"[{""session_id"": ""tm2_planning_user_0017_s0030"", ""session_index"": 30, ""signal_type"": ""exception"", ""domain"": ""travel"", ""source_domain"": ""flights"", ""user"": ""For this vacation day, there is no meeting clock to protect, so do not force an early arrival. Use this travel context if useful: I was looking to plan a round-trip flight from New York City to Madrid. I would like to leave on Sunday and..."", ""assistant"": ""Since you explicitly marked this trip as flexible, I will not force the early-arrival business default."", ""feedback"": ""Yes, this is an exception to my usual business travel timing.""}]",pass,,
review_tm2_planning_user_0017_habit_business_travel_early_buffer_p03_explicit_retrieval,taskmaster_planning_v01_probe_6e3f24ad9ddfda1a,tm2_planning_user_0017_habit_business_travel_early_buffer_p03_explicit_retrieval,tm2_planning_user_0017,test,explicit_retrieval,planning_defaults,taskmaster_seeded_explicit,Which travel planning preference has the user repeatedly reinforced for business or client-meeting trips?,"[{""choice_id"": ""A"", ""text"": ""For every trip, always choose the cheapest possible arrival.""}, {""choice_id"": ""B"", ""text"": ""For business travel, prefer early arrivals and leave about a 90-minute buffer before meetings.""}, {""choice_id"": ""C"", ""text"": ""The user has not shown any recurring business-travel timing preference.""}, {""choice_id"": ""D"", ""text"": ""For vacations, always force the earliest possible arrival.""}]",B,retrieve_explicit_preference_from_support,"[{""session_id"": ""tm2_planning_user_0017_s0006"", ""session_index"": 6, ""signal_type"": ""support"", ""domain"": ""travel"", ""source_domain"": ""flights"", ""user"": ""When this is a business trip, please default to the safer arrival window. Prior travel-search context from Taskmaster-2 flights: Hey, I'd like to find a flight to San Diego."", ""assistant"": ""I would choose the earlier arrival and leave about a 90-minute buffer before the meeting."", ""feedback"": ""Exactly. For work travel, reliability matters more than shaving off a little cost.""}, {""session_id"": ""tm2_planning_user_0017_s0011"", ""session_index"": 11, ""signal_type"": ""support"", ""domain"": ""travel"", ""source_domain"": ""flights"", ""user"": ""When this is a business trip, please default to the safer arrival window. Prior travel-search context from Taskmaster-2 flights: Hi. Yeah, I was wanting some help booking a flight round trip to from San Francisco to Jamaica."", ""assistant"": ""I would avoid the tight arrival and preserve a 90-minute cushion before work starts."", ""feedback"": ""Exactly. For work travel, reliability matters more than shaving off a little cost.""}, {""session_id"": ""tm2_planning_user_0017_s0016"", ""session_index"": 16, ""signal_type"": ""support"", ""domain"": ""travel"", ""source_domain"": ""hotels"", ""user"": ""For work travel, I want the option with enough breathing room before the meeting. Prior travel-search context from Taskmaster-2 hotels: Hi there. I need a hotel in St. Louis, Missouri."", ""assistant"": ""I would choose the earlier arrival and leave about a 90-minute buffer before the meeting."", ""feedback"": ""Yes, that buffer is exactly what I need for business travel.""}, {""session_id"": ""tm2_planning_user_0017_s0017"", ""session_index"": 17, ""signal_type"": ""support"", ""domain"": ""travel"", ""source_domain"": ""hotels"", ""user"": ""When this is a business trip, please default to the safer arrival window. Prior travel-search context from Taskmaster-2 hotels: Hi Assistant, I would like to find out more about the hotel I plan to stay at."", ""assistant"": ""I would avoid the tight arrival and preserve a 90-minute cushion before work starts."", ""feedback"": ""Good call. I do not want to land and rush straight into a meeting.""}]",pass,,
review_tm2_planning_user_0018_habit_business_travel_early_buffer_p00_direct_use,taskmaster_planning_v01_probe_a09b5821e1ecedbd,tm2_planning_user_0018_habit_business_travel_early_buffer_p00_direct_use,tm2_planning_user_0018,test,direct_use,planning_defaults,taskmaster_seeded_direct,Pick the default travel option for a client meeting next Thursday using the user's established planning preference.,"[{""choice_id"": ""A"", ""text"": ""Choose the cheapest option even if it arrives right before the meeting.""}, {""choice_id"": ""B"", ""text"": ""Choose the option that arrives early and leaves about a 90-minute buffer before the meeting.""}, {""choice_id"": ""C"", ""text"": ""Choose the latest departure because shorter travel days are always best.""}, {""choice_id"": ""D"", ""text"": ""Ask the user to restate their preference despite repeated prior evidence.""}]",B,apply_scoped_habit,"[{""session_id"": ""tm2_planning_user_0018_s0009"", ""session_index"": 9, ""signal_type"": ""support"", ""domain"": ""travel"", ""source_domain"": ""flights"", ""user"": ""For client visits, I prefer predictable timing over the absolute cheapest itinerary. Prior travel-search context from Taskmaster-2 flights: Hi, I'm looking to get a flight to San Diego, California."", ""assistant"": ""For a business meeting, the safer default is the earlier option with a meeting buffer."", ""feedback"": ""Yes, that buffer is exactly what I need for business travel.""}, {""session_id"": ""tm2_planning_user_0018_s0013"", ""session_index"": 13, ""signal_type"": ""support"", ""domain"": ""travel"", ""source_domain"": ""hotels"", ""user"": ""I am heading to a meeting; build in a real buffer instead of cutting it close. Prior travel-search context from Taskmaster-2 hotels: Hi, I'm looking for a hotel in Palm Springs, California."", ""assistant"": ""I would choose the earlier arrival and leave about a 90-minute buffer before the meeting."", ""feedback"": ""Yes, that buffer is exactly what I need for business travel.""}, {""session_id"": ""tm2_planning_user_0018_s0014"", ""session_index"": 14, ""signal_type"": ""support"", ""domain"": ""travel"", ""source_domain"": ""hotels"", ""user"": ""I am heading to a meeting; build in a real buffer instead of cutting it close. Prior travel-search context from Taskmaster-2 hotels: Good evening. I was hoping you could help me find a hotel in Lubbock, Texas, please."", ""assistant"": ""I would choose the earlier arrival and leave about a 90-minute buffer before the meeting."", ""feedback"": ""Good call. I do not want to land and rush straight into a meeting.""}, {""session_id"": ""tm2_planning_user_0018_s0019"", ""session_index"": 19, ""signal_type"": ""support"", ""domain"": ""travel"", ""source_domain"": ""hotels"", ""user"": ""When this is a business trip, please default to the safer arrival window. Prior travel-search context from Taskmaster-2 hotels: Hi, I'd like help finding a hotel in Palm Springs, California."", ""assistant"": ""I would avoid the tight arrival and preserve a 90-minute cushion before work starts."", ""feedback"": ""That is the right default for client trips: early arrival and breathing room.""}]",pass,,
review_tm2_planning_user_0018_habit_business_travel_early_buffer_p01_boundary,taskmaster_planning_v01_probe_ed163967e05bd4d2,tm2_planning_user_0018_habit_business_travel_early_buffer_p01_boundary,tm2_planning_user_0018,test,boundary,planning_defaults,taskmaster_seeded_boundary,Plan a relaxed weekend vacation where there is no meeting or appointment to protect.,"[{""choice_id"": ""A"", ""text"": ""Refuse to help because the user has a business travel habit.""}, {""choice_id"": ""B"", ""text"": ""Do not apply the business-travel timing rule; optimize for comfort and ask about leisure priorities.""}, {""choice_id"": ""C"", ""text"": ""Optimize only for the cheapest arrival and ignore comfort.""}, {""choice_id"": ""D"", ""text"": ""Force an early arrival and a 90-minute meeting buffer anyway.""}]",B,do_not_apply_out_of_scope,"[{""session_id"": ""tm2_planning_user_0018_s0018"", ""session_index"": 18, ""signal_type"": ""boundary_counterexample"", ""domain"": ""travel"", ""source_domain"": ""hotels"", ""user"": ""Plan a relaxed weekend getaway where I can sleep in and wander without a fixed schedule. Related travel context: Good evening. I was hoping you could help me find a hotel in Lubbock, Texas, please."", ""assistant"": ""Because this is leisure travel, I would optimize for comfort and timing preference rather than defaulting to an early business arrival."", ""feedback"": ""Right, this is not a work trip, so the business buffer should not drive the plan.""}, {""session_id"": ""tm2_planning_user_0018_s0025"", ""session_index"": 25, ""signal_type"": ""boundary_counterexample"", ""domain"": ""travel"", ""source_domain"": ""hotels"", ""user"": ""This is a leisure trip with no meetings; optimize for comfort and a relaxed pace. Related travel context: Hi. I'm trying to find a hotel in St. Louis."", ""assistant"": ""Because this is leisure travel, I would optimize for comfort and timing preference rather than defaulting to an early business arrival."", ""feedback"": ""Right, this is not a work trip, so the business buffer should not drive the plan.""}]",pass,,
review_tm2_planning_user_0018_habit_business_travel_early_buffer_p02_exception,taskmaster_planning_v01_probe_f667d8647169b0a4,tm2_planning_user_0018_habit_business_travel_early_buffer_p02_exception,tm2_planning_user_0018,test,exception,planning_defaults,taskmaster_seeded_exception,Plan a personal trip that the user explicitly says is flexible and not tied to a meeting.,"[{""choice_id"": ""A"", ""text"": ""Treat this as an exception and avoid assuming the early-arrival business buffer.""}, {""choice_id"": ""B"", ""text"": ""Pick the tightest itinerary solely because it is cheap.""}, {""choice_id"": ""C"", ""text"": ""Apply the business-travel buffer because it is the most frequent prior pattern.""}, {""choice_id"": ""D"", ""text"": ""Say there is no way to plan without deleting the user's travel preference.""}]",A,apply_exception,"[{""session_id"": ""tm2_planning_user_0018_s0030"", ""session_index"": 30, ""signal_type"": ""exception"", ""domain"": ""travel"", ""source_domain"": ""hotels"", ""user"": ""This trip is explicitly flexible; I do not need the usual work-travel buffer. Use this travel context if useful: Hi. I need assistance in booking a hotel room in Nashville, Tennessee, please."", ""assistant"": ""Since you explicitly marked this trip as flexible, I will not force the early-arrival business default."", ""feedback"": ""Yes, this is an exception to my usual business travel timing.""}]",pass,,
review_tm2_planning_user_0018_habit_business_travel_early_buffer_p03_explicit_retrieval,taskmaster_planning_v01_probe_9c3c97042f26f6d2,tm2_planning_user_0018_habit_business_travel_early_buffer_p03_explicit_retrieval,tm2_planning_user_0018,test,explicit_retrieval,planning_defaults,taskmaster_seeded_explicit,Which travel planning preference has the user repeatedly reinforced for business or client-meeting trips?,"[{""choice_id"": ""A"", ""text"": ""The user has not shown any recurring business-travel timing preference.""}, {""choice_id"": ""B"", ""text"": ""For every trip, always choose the cheapest possible arrival.""}, {""choice_id"": ""C"", ""text"": ""For business travel, prefer early arrivals and leave about a 90-minute buffer before meetings.""}, {""choice_id"": ""D"", ""text"": ""For vacations, always force the earliest possible arrival.""}]",C,retrieve_explicit_preference_from_support,"[{""session_id"": ""tm2_planning_user_0018_s0009"", ""session_index"": 9, ""signal_type"": ""support"", ""domain"": ""travel"", ""source_domain"": ""flights"", ""user"": ""For client visits, I prefer predictable timing over the absolute cheapest itinerary. Prior travel-search context from Taskmaster-2 flights: Hi, I'm looking to get a flight to San Diego, California."", ""assistant"": ""For a business meeting, the safer default is the earlier option with a meeting buffer."", ""feedback"": ""Yes, that buffer is exactly what I need for business travel.""}, {""session_id"": ""tm2_planning_user_0018_s0013"", ""session_index"": 13, ""signal_type"": ""support"", ""domain"": ""travel"", ""source_domain"": ""hotels"", ""user"": ""I am heading to a meeting; build in a real buffer instead of cutting it close. Prior travel-search context from Taskmaster-2 hotels: Hi, I'm looking for a hotel in Palm Springs, California."", ""assistant"": ""I would choose the earlier arrival and leave about a 90-minute buffer before the meeting."", ""feedback"": ""Yes, that buffer is exactly what I need for business travel.""}, {""session_id"": ""tm2_planning_user_0018_s0014"", ""session_index"": 14, ""signal_type"": ""support"", ""domain"": ""travel"", ""source_domain"": ""hotels"", ""user"": ""I am heading to a meeting; build in a real buffer instead of cutting it close. Prior travel-search context from Taskmaster-2 hotels: Good evening. I was hoping you could help me find a hotel in Lubbock, Texas, please."", ""assistant"": ""I would choose the earlier arrival and leave about a 90-minute buffer before the meeting."", ""feedback"": ""Good call. I do not want to land and rush straight into a meeting.""}, {""session_id"": ""tm2_planning_user_0018_s0019"", ""session_index"": 19, ""signal_type"": ""support"", ""domain"": ""travel"", ""source_domain"": ""hotels"", ""user"": ""When this is a business trip, please default to the safer arrival window. Prior travel-search context from Taskmaster-2 hotels: Hi, I'd like help finding a hotel in Palm Springs, California."", ""assistant"": ""I would avoid the tight arrival and preserve a 90-minute cushion before work starts."", ""feedback"": ""That is the right default for client trips: early arrival and breathing room.""}]",pass,,
review_tm2_planning_user_0019_habit_business_travel_early_buffer_p00_direct_use,taskmaster_planning_v01_probe_0c32c33111eb152a,tm2_planning_user_0019_habit_business_travel_early_buffer_p00_direct_use,tm2_planning_user_0019,stress,direct_use,planning_defaults,taskmaster_seeded_direct,Pick the default travel option for a client meeting next Thursday using the user's established planning preference.,"[{""choice_id"": ""A"", ""text"": ""Choose the latest departure because shorter travel days are always best.""}, {""choice_id"": ""B"", ""text"": ""Choose the cheapest option even if it arrives right before the meeting.""}, {""choice_id"": ""C"", ""text"": ""Ask the user to restate their preference despite repeated prior evidence.""}, {""choice_id"": ""D"", ""text"": ""Choose the option that arrives early and leaves about a 90-minute buffer before the meeting.""}]",D,apply_scoped_habit,"[{""session_id"": ""tm2_planning_user_0019_s0003"", ""session_index"": 3, ""signal_type"": ""support"", ""domain"": ""travel"", ""source_domain"": ""flights"", ""user"": ""When this is a business trip, please default to the safer arrival window. Prior travel-search context from Taskmaster-2 flights: Hello. I'm looking for a flight to Seattle."", ""assistant"": ""I would choose the earlier arrival and leave about a 90-minute buffer before the meeting."", ""feedback"": ""Exactly. For work travel, reliability matters more than shaving off a little cost.""}, {""session_id"": ""tm2_planning_user_0019_s0004"", ""session_index"": 4, ""signal_type"": ""support"", ""domain"": ""travel"", ""source_domain"": ""flights"", ""user"": ""For client visits, I prefer predictable timing over the absolute cheapest itinerary. Prior travel-search context from Taskmaster-2 flights: Hi. I'm looking for a round trip commercial air flight from Sacramento to Chicago leaving today a..."", ""assistant"": ""For a business meeting, the safer default is the earlier option with a meeting buffer."", ""feedback"": ""Yes, that buffer is exactly what I need for business travel.""}, {""session_id"": ""tm2_planning_user_0019_s0012"", ""session_index"": 12, ""signal_type"": ""support"", ""domain"": ""travel"", ""source_domain"": ""hotels"", ""user"": ""This is for a client meeting, so choose timing that keeps me from rushing. Prior travel-search context from Taskmaster-2 hotels: Hi. I need a Hilton hotel in West Palm Beach Florida."", ""assistant"": ""I would avoid the tight arrival and preserve a 90-minute cushion before work starts."", ""feedback"": ""Exactly. For work travel, reliability matters more than shaving off a little cost.""}, {""session_id"": ""tm2_planning_user_0019_s0014"", ""session_index"": 14, ""signal_type"": ""support"", ""domain"": ""travel"", ""source_domain"": ""hotels"", ""user"": ""This is for a client meeting, so choose timing that keeps me from rushing. Prior travel-search context from Taskmaster-2 hotels: I need help booking a hotel room."", ""assistant"": ""I would avoid the tight arrival and preserve a 90-minute cushion before work starts."", ""feedback"": ""That is the right default for client trips: early arrival and breathing room.""}]",pass,,
review_tm2_planning_user_0019_habit_business_travel_early_buffer_p01_boundary,taskmaster_planning_v01_probe_c079a5dcf5a2ac39,tm2_planning_user_0019_habit_business_travel_early_buffer_p01_boundary,tm2_planning_user_0019,stress,boundary,planning_defaults,taskmaster_seeded_boundary,Plan a relaxed weekend vacation where there is no meeting or appointment to protect.,"[{""choice_id"": ""A"", ""text"": ""Force an early arrival and a 90-minute meeting buffer anyway.""}, {""choice_id"": ""B"", ""text"": ""Refuse to help because the user has a business travel habit.""}, {""choice_id"": ""C"", ""text"": ""Optimize only for the cheapest arrival and ignore comfort.""}, {""choice_id"": ""D"", ""text"": ""Do not apply the business-travel timing rule; optimize for comfort and ask about leisure priorities.""}]",D,do_not_apply_out_of_scope,"[{""session_id"": ""tm2_planning_user_0019_s0023"", ""session_index"": 23, ""signal_type"": ""boundary_counterexample"", ""domain"": ""travel"", ""source_domain"": ""hotels"", ""user"": ""Help me compare vacation options where arrival time is flexible and there is no appointment. Related travel context: I'd like help finding a hotel in San Francisco."", ""assistant"": ""Because this is leisure travel, I would optimize for comfort and timing preference rather than defaulting to an early business arrival."", ""feedback"": ""Right, this is not a work trip, so the business buffer should not drive the plan.""}, {""session_id"": ""tm2_planning_user_0019_s0026"", ""session_index"": 26, ""signal_type"": ""boundary_counterexample"", ""domain"": ""travel"", ""source_domain"": ""hotels"", ""user"": ""Help me compare vacation options where arrival time is flexible and there is no appointment. Related travel context: I was looking to book a hotel in Madison, Wisconsin."", ""assistant"": ""Because this is leisure travel, I would optimize for comfort and timing preference rather than defaulting to an early business arrival."", ""feedback"": ""Right, this is not a work trip, so the business buffer should not drive the plan.""}]",pass,,
review_tm2_planning_user_0019_habit_business_travel_early_buffer_p02_exception,taskmaster_planning_v01_probe_4f4ed09ffa0486d3,tm2_planning_user_0019_habit_business_travel_early_buffer_p02_exception,tm2_planning_user_0019,stress,exception,planning_defaults,taskmaster_seeded_exception,Plan a personal trip that the user explicitly says is flexible and not tied to a meeting.,"[{""choice_id"": ""A"", ""text"": ""Pick the tightest itinerary solely because it is cheap.""}, {""choice_id"": ""B"", ""text"": ""Treat this as an exception and avoid assuming the early-arrival business buffer.""}, {""choice_id"": ""C"", ""text"": ""Apply the business-travel buffer because it is the most frequent prior pattern.""}, {""choice_id"": ""D"", ""text"": ""Say there is no way to plan without deleting the user's travel preference.""}]",B,apply_exception,"[{""session_id"": ""tm2_planning_user_0019_s0022"", ""session_index"": 22, ""signal_type"": ""exception"", ""domain"": ""travel"", ""source_domain"": ""flights"", ""user"": ""For this vacation day, there is no meeting clock to protect, so do not force an early arrival. Use this travel context if useful: Hi, I'm looking for a round trip commercial airline flight from LA to Madrid."", ""assistant"": ""Since you explicitly marked this trip as flexible, I will not force the early-arrival business default."", ""feedback"": ""Yes, this is an exception to my usual business travel timing.""}]",pass,,
review_tm2_planning_user_0019_habit_business_travel_early_buffer_p03_explicit_retrieval,taskmaster_planning_v01_probe_ca5c488c86cbd3ea,tm2_planning_user_0019_habit_business_travel_early_buffer_p03_explicit_retrieval,tm2_planning_user_0019,stress,explicit_retrieval,planning_defaults,taskmaster_seeded_explicit,Which travel planning preference has the user repeatedly reinforced for business or client-meeting trips?,"[{""choice_id"": ""A"", ""text"": ""For every trip, always choose the cheapest possible arrival.""}, {""choice_id"": ""B"", ""text"": ""The user has not shown any recurring business-travel timing preference.""}, {""choice_id"": ""C"", ""text"": ""For business travel, prefer early arrivals and leave about a 90-minute buffer before meetings.""}, {""choice_id"": ""D"", ""text"": ""For vacations, always force the earliest possible arrival.""}]",C,retrieve_explicit_preference_from_support,"[{""session_id"": ""tm2_planning_user_0019_s0003"", ""session_index"": 3, ""signal_type"": ""support"", ""domain"": ""travel"", ""source_domain"": ""flights"", ""user"": ""When this is a business trip, please default to the safer arrival window. Prior travel-search context from Taskmaster-2 flights: Hello. I'm looking for a flight to Seattle."", ""assistant"": ""I would choose the earlier arrival and leave about a 90-minute buffer before the meeting."", ""feedback"": ""Exactly. For work travel, reliability matters more than shaving off a little cost.""}, {""session_id"": ""tm2_planning_user_0019_s0004"", ""session_index"": 4, ""signal_type"": ""support"", ""domain"": ""travel"", ""source_domain"": ""flights"", ""user"": ""For client visits, I prefer predictable timing over the absolute cheapest itinerary. Prior travel-search context from Taskmaster-2 flights: Hi. I'm looking for a round trip commercial air flight from Sacramento to Chicago leaving today a..."", ""assistant"": ""For a business meeting, the safer default is the earlier option with a meeting buffer."", ""feedback"": ""Yes, that buffer is exactly what I need for business travel.""}, {""session_id"": ""tm2_planning_user_0019_s0012"", ""session_index"": 12, ""signal_type"": ""support"", ""domain"": ""travel"", ""source_domain"": ""hotels"", ""user"": ""This is for a client meeting, so choose timing that keeps me from rushing. Prior travel-search context from Taskmaster-2 hotels: Hi. I need a Hilton hotel in West Palm Beach Florida."", ""assistant"": ""I would avoid the tight arrival and preserve a 90-minute cushion before work starts."", ""feedback"": ""Exactly. For work travel, reliability matters more than shaving off a little cost.""}, {""session_id"": ""tm2_planning_user_0019_s0014"", ""session_index"": 14, ""signal_type"": ""support"", ""domain"": ""travel"", ""source_domain"": ""hotels"", ""user"": ""This is for a client meeting, so choose timing that keeps me from rushing. Prior travel-search context from Taskmaster-2 hotels: I need help booking a hotel room."", ""assistant"": ""I would avoid the tight arrival and preserve a 90-minute cushion before work starts."", ""feedback"": ""That is the right default for client trips: early arrival and breathing room.""}]",pass,,
review_tm2_planning_user_0020_habit_business_travel_early_buffer_p00_direct_use,taskmaster_planning_v01_probe_0b0ad11827db77d5,tm2_planning_user_0020_habit_business_travel_early_buffer_p00_direct_use,tm2_planning_user_0020,dev,direct_use,planning_defaults,taskmaster_seeded_direct,Pick the default travel option for a client meeting next Thursday using the user's established planning preference.,"[{""choice_id"": ""A"", ""text"": ""Choose the latest departure because shorter travel days are always best.""}, {""choice_id"": ""B"", ""text"": ""Ask the user to restate their preference despite repeated prior evidence.""}, {""choice_id"": ""C"", ""text"": ""Choose the option that arrives early and leaves about a 90-minute buffer before the meeting.""}, {""choice_id"": ""D"", ""text"": ""Choose the cheapest option even if it arrives right before the meeting.""}]",C,apply_scoped_habit,"[{""session_id"": ""tm2_planning_user_0020_s0007"", ""session_index"": 7, ""signal_type"": ""support"", ""domain"": ""travel"", ""source_domain"": ""hotels"", ""user"": ""When this is a business trip, please default to the safer arrival window. Prior travel-search context from Taskmaster-2 hotels: Hi. I'm looking to find a hotel in Lubbock, Texas."", ""assistant"": ""I would avoid the tight arrival and preserve a 90-minute cushion before work starts."", ""feedback"": ""Good call. I do not want to land and rush straight into a meeting.""}, {""session_id"": ""tm2_planning_user_0020_s0009"", ""session_index"": 9, ""signal_type"": ""support"", ""domain"": ""travel"", ""source_domain"": ""hotels"", ""user"": ""I am heading to a meeting; build in a real buffer instead of cutting it close. Prior travel-search context from Taskmaster-2 hotels: Hi, I'm looking to find a hotel in Charlotte, North Carolina."", ""assistant"": ""For a business meeting, the safer default is the earlier option with a meeting buffer."", ""feedback"": ""Good call. I do not want to land and rush straight into a meeting.""}, {""session_id"": ""tm2_planning_user_0020_s0011"", ""session_index"": 11, ""signal_type"": ""support"", ""domain"": ""travel"", ""source_domain"": ""flights"", ""user"": ""This is for a client meeting, so choose timing that keeps me from rushing. Prior travel-search context from Taskmaster-2 flights: Hi. Today I need your help planning a round-trip flight from New York City to the Bahamas."", ""assistant"": ""I would choose the earlier arrival and leave about a 90-minute buffer before the meeting."", ""feedback"": ""Good call. I do not want to land and rush straight into a meeting.""}, {""session_id"": ""tm2_planning_user_0020_s0013"", ""session_index"": 13, ""signal_type"": ""support"", ""domain"": ""travel"", ""source_domain"": ""hotels"", ""user"": ""I am heading to a meeting; build in a real buffer instead of cutting it close. Prior travel-search context from Taskmaster-2 hotels: Hello. Hi. I'm looking for a hotel in San Francisco on March 20th."", ""assistant"": ""I would avoid the tight arrival and preserve a 90-minute cushion before work starts."", ""feedback"": ""Yes, that buffer is exactly what I need for business travel.""}]",pass,,
review_tm2_planning_user_0020_habit_business_travel_early_buffer_p01_boundary,taskmaster_planning_v01_probe_1ea21b3cb39dadd1,tm2_planning_user_0020_habit_business_travel_early_buffer_p01_boundary,tm2_planning_user_0020,dev,boundary,planning_defaults,taskmaster_seeded_boundary,Plan a relaxed weekend vacation where there is no meeting or appointment to protect.,"[{""choice_id"": ""A"", ""text"": ""Force an early arrival and a 90-minute meeting buffer anyway.""}, {""choice_id"": ""B"", ""text"": ""Refuse to help because the user has a business travel habit.""}, {""choice_id"": ""C"", ""text"": ""Optimize only for the cheapest arrival and ignore comfort.""}, {""choice_id"": ""D"", ""text"": ""Do not apply the business-travel timing rule; optimize for comfort and ask about leisure priorities.""}]",D,do_not_apply_out_of_scope,"[{""session_id"": ""tm2_planning_user_0020_s0019"", ""session_index"": 19, ""signal_type"": ""boundary_counterexample"", ""domain"": ""travel"", ""source_domain"": ""hotels"", ""user"": ""Plan a relaxed weekend getaway where I can sleep in and wander without a fixed schedule. Related travel context: Hello, I'm looking for a hotel in Palm Springs, California. Can u help me? Can u help me?"", ""assistant"": ""Because this is leisure travel, I would optimize for comfort and timing preference rather than defaulting to an early business arrival."", ""feedback"": ""Right, this is not a work trip, so the business buffer should not drive the plan.""}, {""session_id"": ""tm2_planning_user_0020_s0026"", ""session_index"": 26, ""signal_type"": ""boundary_counterexample"", ""domain"": ""travel"", ""source_domain"": ""hotels"", ""user"": ""Plan a relaxed weekend getaway where I can sleep in and wander without a fixed schedule. Related travel context: Hi, I need help booking a hotel in New Orleans, please."", ""assistant"": ""Because this is leisure travel, I would optimize for comfort and timing preference rather than defaulting to an early business arrival."", ""feedback"": ""Right, this is not a work trip, so the business buffer should not drive the plan.""}]",pass,,
review_tm2_planning_user_0020_habit_business_travel_early_buffer_p02_exception,taskmaster_planning_v01_probe_487658b46616dea5,tm2_planning_user_0020_habit_business_travel_early_buffer_p02_exception,tm2_planning_user_0020,dev,exception,planning_defaults,taskmaster_seeded_exception,Plan a personal trip that the user explicitly says is flexible and not tied to a meeting.,"[{""choice_id"": ""A"", ""text"": ""Treat this as an exception and avoid assuming the early-arrival business buffer.""}, {""choice_id"": ""B"", ""text"": ""Pick the tightest itinerary solely because it is cheap.""}, {""choice_id"": ""C"", ""text"": ""Say there is no way to plan without deleting the user's travel preference.""}, {""choice_id"": ""D"", ""text"": ""Apply the business-travel buffer because it is the most frequent prior pattern.""}]",A,apply_exception,"[{""session_id"": ""tm2_planning_user_0020_s0020"", ""session_index"": 20, ""signal_type"": ""exception"", ""domain"": ""travel"", ""source_domain"": ""hotels"", ""user"": ""For this vacation day, there is no meeting clock to protect, so do not force an early arrival. Use this travel context if useful: Yes, I'd like help finding a hotel in San Francisco."", ""assistant"": ""Since you explicitly marked this trip as flexible, I will not force the early-arrival business default."", ""feedback"": ""Yes, this is an exception to my usual business travel timing.""}]",pass,,
review_tm2_planning_user_0020_habit_business_travel_early_buffer_p03_explicit_retrieval,taskmaster_planning_v01_probe_0ff654c2123c07ca,tm2_planning_user_0020_habit_business_travel_early_buffer_p03_explicit_retrieval,tm2_planning_user_0020,dev,explicit_retrieval,planning_defaults,taskmaster_seeded_explicit,Which travel planning preference has the user repeatedly reinforced for business or client-meeting trips?,"[{""choice_id"": ""A"", ""text"": ""For vacations, always force the earliest possible arrival.""}, {""choice_id"": ""B"", ""text"": ""For every trip, always choose the cheapest possible arrival.""}, {""choice_id"": ""C"", ""text"": ""The user has not shown any recurring business-travel timing preference.""}, {""choice_id"": ""D"", ""text"": ""For business travel, prefer early arrivals and leave about a 90-minute buffer before meetings.""}]",D,retrieve_explicit_preference_from_support,"[{""session_id"": ""tm2_planning_user_0020_s0007"", ""session_index"": 7, ""signal_type"": ""support"", ""domain"": ""travel"", ""source_domain"": ""hotels"", ""user"": ""When this is a business trip, please default to the safer arrival window. Prior travel-search context from Taskmaster-2 hotels: Hi. I'm looking to find a hotel in Lubbock, Texas."", ""assistant"": ""I would avoid the tight arrival and preserve a 90-minute cushion before work starts."", ""feedback"": ""Good call. I do not want to land and rush straight into a meeting.""}, {""session_id"": ""tm2_planning_user_0020_s0009"", ""session_index"": 9, ""signal_type"": ""support"", ""domain"": ""travel"", ""source_domain"": ""hotels"", ""user"": ""I am heading to a meeting; build in a real buffer instead of cutting it close. Prior travel-search context from Taskmaster-2 hotels: Hi, I'm looking to find a hotel in Charlotte, North Carolina."", ""assistant"": ""For a business meeting, the safer default is the earlier option with a meeting buffer."", ""feedback"": ""Good call. I do not want to land and rush straight into a meeting.""}, {""session_id"": ""tm2_planning_user_0020_s0011"", ""session_index"": 11, ""signal_type"": ""support"", ""domain"": ""travel"", ""source_domain"": ""flights"", ""user"": ""This is for a client meeting, so choose timing that keeps me from rushing. Prior travel-search context from Taskmaster-2 flights: Hi. Today I need your help planning a round-trip flight from New York City to the Bahamas."", ""assistant"": ""I would choose the earlier arrival and leave about a 90-minute buffer before the meeting."", ""feedback"": ""Good call. I do not want to land and rush straight into a meeting.""}, {""session_id"": ""tm2_planning_user_0020_s0013"", ""session_index"": 13, ""signal_type"": ""support"", ""domain"": ""travel"", ""source_domain"": ""hotels"", ""user"": ""I am heading to a meeting; build in a real buffer instead of cutting it close. Prior travel-search context from Taskmaster-2 hotels: Hello. Hi. I'm looking for a hotel in San Francisco on March 20th."", ""assistant"": ""I would avoid the tight arrival and preserve a 90-minute cushion before work starts."", ""feedback"": ""Yes, that buffer is exactly what I need for business travel.""}]",pass,,
review_tm2_planning_user_0021_habit_business_travel_early_buffer_p00_direct_use,taskmaster_planning_v01_probe_7d4fe1187c297439,tm2_planning_user_0021_habit_business_travel_early_buffer_p00_direct_use,tm2_planning_user_0021,dev,direct_use,planning_defaults,taskmaster_seeded_direct,Pick the default travel option for a client meeting next Thursday using the user's established planning preference.,"[{""choice_id"": ""A"", ""text"": ""Ask the user to restate their preference despite repeated prior evidence.""}, {""choice_id"": ""B"", ""text"": ""Choose the option that arrives early and leaves about a 90-minute buffer before the meeting.""}, {""choice_id"": ""C"", ""text"": ""Choose the cheapest option even if it arrives right before the meeting.""}, {""choice_id"": ""D"", ""text"": ""Choose the latest departure because shorter travel days are always best.""}]",B,apply_scoped_habit,"[{""session_id"": ""tm2_planning_user_0021_s0003"", ""session_index"": 3, ""signal_type"": ""support"", ""domain"": ""travel"", ""source_domain"": ""hotels"", ""user"": ""This is for a client meeting, so choose timing that keeps me from rushing. Prior travel-search context from Taskmaster-2 hotels: I just need help booking a hotel room."", ""assistant"": ""For a business meeting, the safer default is the earlier option with a meeting buffer."", ""feedback"": ""That is the right default for client trips: early arrival and breathing room.""}, {""session_id"": ""tm2_planning_user_0021_s0009"", ""session_index"": 9, ""signal_type"": ""support"", ""domain"": ""travel"", ""source_domain"": ""flights"", ""user"": ""When this is a business trip, please default to the safer arrival window. Prior travel-search context from Taskmaster-2 flights: Yeah, I'd like to book a roundtrip flight from Seattle to Salt Lake City."", ""assistant"": ""I would avoid the tight arrival and preserve a 90-minute cushion before work starts."", ""feedback"": ""That is the right default for client trips: early arrival and breathing room.""}, {""session_id"": ""tm2_planning_user_0021_s0011"", ""session_index"": 11, ""signal_type"": ""support"", ""domain"": ""travel"", ""source_domain"": ""flights"", ""user"": ""When this is a business trip, please default to the safer arrival window. Prior travel-search context from Taskmaster-2 flights: Hi. I'd like to have I'd like to book a round-trip commercial airline flight from departing from New York Ci..."", ""assistant"": ""For a business meeting, the safer default is the earlier option with a meeting buffer."", ""feedback"": ""Exactly. For work travel, reliability matters more than shaving off a little cost.""}, {""session_id"": ""tm2_planning_user_0021_s0015"", ""session_index"": 15, ""signal_type"": ""support"", ""domain"": ""travel"", ""source_domain"": ""hotels"", ""user"": ""For client visits, I prefer predictable timing over the absolute cheapest itinerary. Prior travel-search context from Taskmaster-2 hotels: Hi, I'd like to find a hotel for my vacation."", ""assistant"": ""I would choose the earlier arrival and leave about a 90-minute buffer before the meeting."", ""feedback"": ""Exactly. For work travel, reliability matters more than shaving off a little cost.""}]",pass,,
review_tm2_planning_user_0021_habit_business_travel_early_buffer_p01_boundary,taskmaster_planning_v01_probe_eb659cf05fa16313,tm2_planning_user_0021_habit_business_travel_early_buffer_p01_boundary,tm2_planning_user_0021,dev,boundary,planning_defaults,taskmaster_seeded_boundary,Plan a relaxed weekend vacation where there is no meeting or appointment to protect.,"[{""choice_id"": ""A"", ""text"": ""Optimize only for the cheapest arrival and ignore comfort.""}, {""choice_id"": ""B"", ""text"": ""Refuse to help because the user has a business travel habit.""}, {""choice_id"": ""C"", ""text"": ""Do not apply the business-travel timing rule; optimize for comfort and ask about leisure priorities.""}, {""choice_id"": ""D"", ""text"": ""Force an early arrival and a 90-minute meeting buffer anyway.""}]",C,do_not_apply_out_of_scope,"[{""session_id"": ""tm2_planning_user_0021_s0021"", ""session_index"": 21, ""signal_type"": ""boundary_counterexample"", ""domain"": ""travel"", ""source_domain"": ""hotels"", ""user"": ""Help me compare vacation options where arrival time is flexible and there is no appointment. Related travel context: I'd like help finding a hotel in West Palm Beach, Florida."", ""assistant"": ""Because this is leisure travel, I would optimize for comfort and timing preference rather than defaulting to an early business arrival."", ""feedback"": ""Right, this is not a work trip, so the business buffer should not drive the plan.""}, {""session_id"": ""tm2_planning_user_0021_s0026"", ""session_index"": 26, ""signal_type"": ""boundary_counterexample"", ""domain"": ""travel"", ""source_domain"": ""hotels"", ""user"": ""Plan a relaxed weekend getaway where I can sleep in and wander without a fixed schedule. Related travel context: Hi. I'd like a hotel for one in St. Louis, Missouri."", ""assistant"": ""Because this is leisure travel, I would optimize for comfort and timing preference rather than defaulting to an early business arrival."", ""feedback"": ""Right, this is not a work trip, so the business buffer should not drive the plan.""}]",pass,,
review_tm2_planning_user_0021_habit_business_travel_early_buffer_p02_exception,taskmaster_planning_v01_probe_ef066f14f4a7bc83,tm2_planning_user_0021_habit_business_travel_early_buffer_p02_exception,tm2_planning_user_0021,dev,exception,planning_defaults,taskmaster_seeded_exception,Plan a personal trip that the user explicitly says is flexible and not tied to a meeting.,"[{""choice_id"": ""A"", ""text"": ""Pick the tightest itinerary solely because it is cheap.""}, {""choice_id"": ""B"", ""text"": ""Apply the business-travel buffer because it is the most frequent prior pattern.""}, {""choice_id"": ""C"", ""text"": ""Treat this as an exception and avoid assuming the early-arrival business buffer.""}, {""choice_id"": ""D"", ""text"": ""Say there is no way to plan without deleting the user's travel preference.""}]",C,apply_exception,"[{""session_id"": ""tm2_planning_user_0021_s0023"", ""session_index"": 23, ""signal_type"": ""exception"", ""domain"": ""travel"", ""source_domain"": ""flights"", ""user"": ""Plan this as a personal trip where the timing can be looser than my business travel default. Use this travel context if useful: I'm looking for a round-trip airline flight from Los Angeles to Denver. Leaving today and coming back on June..."", ""assistant"": ""Since you explicitly marked this trip as flexible, I will not force the early-arrival business default."", ""feedback"": ""Yes, this is an exception to my usual business travel timing.""}]",pass,,
review_tm2_planning_user_0021_habit_business_travel_early_buffer_p03_explicit_retrieval,taskmaster_planning_v01_probe_e3b30adbdb4f0592,tm2_planning_user_0021_habit_business_travel_early_buffer_p03_explicit_retrieval,tm2_planning_user_0021,dev,explicit_retrieval,planning_defaults,taskmaster_seeded_explicit,Which travel planning preference has the user repeatedly reinforced for business or client-meeting trips?,"[{""choice_id"": ""A"", ""text"": ""For every trip, always choose the cheapest possible arrival.""}, {""choice_id"": ""B"", ""text"": ""For vacations, always force the earliest possible arrival.""}, {""choice_id"": ""C"", ""text"": ""The user has not shown any recurring business-travel timing preference.""}, {""choice_id"": ""D"", ""text"": ""For business travel, prefer early arrivals and leave about a 90-minute buffer before meetings.""}]",D,retrieve_explicit_preference_from_support,"[{""session_id"": ""tm2_planning_user_0021_s0003"", ""session_index"": 3, ""signal_type"": ""support"", ""domain"": ""travel"", ""source_domain"": ""hotels"", ""user"": ""This is for a client meeting, so choose timing that keeps me from rushing. Prior travel-search context from Taskmaster-2 hotels: I just need help booking a hotel room."", ""assistant"": ""For a business meeting, the safer default is the earlier option with a meeting buffer."", ""feedback"": ""That is the right default for client trips: early arrival and breathing room.""}, {""session_id"": ""tm2_planning_user_0021_s0009"", ""session_index"": 9, ""signal_type"": ""support"", ""domain"": ""travel"", ""source_domain"": ""flights"", ""user"": ""When this is a business trip, please default to the safer arrival window. Prior travel-search context from Taskmaster-2 flights: Yeah, I'd like to book a roundtrip flight from Seattle to Salt Lake City."", ""assistant"": ""I would avoid the tight arrival and preserve a 90-minute cushion before work starts."", ""feedback"": ""That is the right default for client trips: early arrival and breathing room.""}, {""session_id"": ""tm2_planning_user_0021_s0011"", ""session_index"": 11, ""signal_type"": ""support"", ""domain"": ""travel"", ""source_domain"": ""flights"", ""user"": ""When this is a business trip, please default to the safer arrival window. Prior travel-search context from Taskmaster-2 flights: Hi. I'd like to have I'd like to book a round-trip commercial airline flight from departing from New York Ci..."", ""assistant"": ""For a business meeting, the safer default is the earlier option with a meeting buffer."", ""feedback"": ""Exactly. For work travel, reliability matters more than shaving off a little cost.""}, {""session_id"": ""tm2_planning_user_0021_s0015"", ""session_index"": 15, ""signal_type"": ""support"", ""domain"": ""travel"", ""source_domain"": ""hotels"", ""user"": ""For client visits, I prefer predictable timing over the absolute cheapest itinerary. Prior travel-search context from Taskmaster-2 hotels: Hi, I'd like to find a hotel for my vacation."", ""assistant"": ""I would choose the earlier arrival and leave about a 90-minute buffer before the meeting."", ""feedback"": ""Exactly. For work travel, reliability matters more than shaving off a little cost.""}]",pass,,
review_tm2_planning_user_0022_habit_business_travel_early_buffer_p00_direct_use,taskmaster_planning_v01_probe_4de8db36a90f5b81,tm2_planning_user_0022_habit_business_travel_early_buffer_p00_direct_use,tm2_planning_user_0022,test,direct_use,planning_defaults,taskmaster_seeded_direct,Pick the default travel option for a client meeting next Thursday using the user's established planning preference.,"[{""choice_id"": ""A"", ""text"": ""Ask the user to restate their preference despite repeated prior evidence.""}, {""choice_id"": ""B"", ""text"": ""Choose the latest departure because shorter travel days are always best.""}, {""choice_id"": ""C"", ""text"": ""Choose the option that arrives early and leaves about a 90-minute buffer before the meeting.""}, {""choice_id"": ""D"", ""text"": ""Choose the cheapest option even if it arrives right before the meeting.""}]",C,apply_scoped_habit,"[{""session_id"": ""tm2_planning_user_0022_s0009"", ""session_index"": 9, ""signal_type"": ""support"", ""domain"": ""travel"", ""source_domain"": ""hotels"", ""user"": ""I am heading to a meeting; build in a real buffer instead of cutting it close. Prior travel-search context from Taskmaster-2 hotels: I'd like to find out more about a hotel I plan to stay at. Park City Peaks Hotel, Park City, Utah."", ""assistant"": ""I would avoid the tight arrival and preserve a 90-minute cushion before work starts."", ""feedback"": ""That is the right default for client trips: early arrival and breathing room.""}, {""session_id"": ""tm2_planning_user_0022_s0011"", ""session_index"": 11, ""signal_type"": ""support"", ""domain"": ""travel"", ""source_domain"": ""hotels"", ""user"": ""When this is a business trip, please default to the safer arrival window. Prior travel-search context from Taskmaster-2 hotels: Hi. I'm looking to find a hotel in Salem, Oregon."", ""assistant"": ""I would choose the earlier arrival and leave about a 90-minute buffer before the meeting."", ""feedback"": ""Yes, that buffer is exactly what I need for business travel.""}, {""session_id"": ""tm2_planning_user_0022_s0012"", ""session_index"": 12, ""signal_type"": ""support"", ""domain"": ""travel"", ""source_domain"": ""hotels"", ""user"": ""This is for a client meeting, so choose timing that keeps me from rushing. Prior travel-search context from Taskmaster-2 hotels: Hi, I'd like help finding a hotel in Palm Springs, California."", ""assistant"": ""I would choose the earlier arrival and leave about a 90-minute buffer before the meeting."", ""feedback"": ""Exactly. For work travel, reliability matters more than shaving off a little cost.""}, {""session_id"": ""tm2_planning_user_0022_s0014"", ""session_index"": 14, ""signal_type"": ""support"", ""domain"": ""travel"", ""source_domain"": ""hotels"", ""user"": ""I am heading to a meeting; build in a real buffer instead of cutting it close. Prior travel-search context from Taskmaster-2 hotels: Hi. I need to find a hotel in San Francisco for when I'm traveling down there on the 10th and 11th."", ""assistant"": ""I would choose the earlier arrival and leave about a 90-minute buffer before the meeting."", ""feedback"": ""That is the right default for client trips: early arrival and breathing room.""}]",pass,,
review_tm2_planning_user_0022_habit_business_travel_early_buffer_p01_boundary,taskmaster_planning_v01_probe_092400882ef00086,tm2_planning_user_0022_habit_business_travel_early_buffer_p01_boundary,tm2_planning_user_0022,test,boundary,planning_defaults,taskmaster_seeded_boundary,Plan a relaxed weekend vacation where there is no meeting or appointment to protect.,"[{""choice_id"": ""A"", ""text"": ""Refuse to help because the user has a business travel habit.""}, {""choice_id"": ""B"", ""text"": ""Optimize only for the cheapest arrival and ignore comfort.""}, {""choice_id"": ""C"", ""text"": ""Do not apply the business-travel timing rule; optimize for comfort and ask about leisure priorities.""}, {""choice_id"": ""D"", ""text"": ""Force an early arrival and a 90-minute meeting buffer anyway.""}]",C,do_not_apply_out_of_scope,"[{""session_id"": ""tm2_planning_user_0022_s0023"", ""session_index"": 23, ""signal_type"": ""boundary_counterexample"", ""domain"": ""travel"", ""source_domain"": ""hotels"", ""user"": ""Help me compare vacation options where arrival time is flexible and there is no appointment. Related travel context: Hello. I'd like to find a hotel in New York City. I'm second year PitPat."", ""assistant"": ""Because this is leisure travel, I would optimize for comfort and timing preference rather than defaulting to an early business arrival."", ""feedback"": ""Right, this is not a work trip, so the business buffer should not drive the plan.""}, {""session_id"": ""tm2_planning_user_0022_s0025"", ""session_index"": 25, ""signal_type"": ""boundary_counterexample"", ""domain"": ""travel"", ""source_domain"": ""hotels"", ""user"": ""Help me compare vacation options where arrival time is flexible and there is no appointment. Related travel context: Nothing specific. Beachfront are very slick we close minute walk into five of the beach."", ""assistant"": ""Because this is leisure travel, I would optimize for comfort and timing preference rather than defaulting to an early business arrival."", ""feedback"": ""Right, this is not a work trip, so the business buffer should not drive the plan.""}]",pass,,
review_tm2_planning_user_0022_habit_business_travel_early_buffer_p02_exception,taskmaster_planning_v01_probe_98fdfed0ea4f0531,tm2_planning_user_0022_habit_business_travel_early_buffer_p02_exception,tm2_planning_user_0022,test,exception,planning_defaults,taskmaster_seeded_exception,Plan a personal trip that the user explicitly says is flexible and not tied to a meeting.,"[{""choice_id"": ""A"", ""text"": ""Pick the tightest itinerary solely because it is cheap.""}, {""choice_id"": ""B"", ""text"": ""Apply the business-travel buffer because it is the most frequent prior pattern.""}, {""choice_id"": ""C"", ""text"": ""Say there is no way to plan without deleting the user's travel preference.""}, {""choice_id"": ""D"", ""text"": ""Treat this as an exception and avoid assuming the early-arrival business buffer.""}]",D,apply_exception,"[{""session_id"": ""tm2_planning_user_0022_s0027"", ""session_index"": 27, ""signal_type"": ""exception"", ""domain"": ""travel"", ""source_domain"": ""flights"", ""user"": ""Plan this as a personal trip where the timing can be looser than my business travel default. Use this travel context if useful: Hello, Assistant. How are you doing today?"", ""assistant"": ""Since you explicitly marked this trip as flexible, I will not force the early-arrival business default."", ""feedback"": ""Yes, this is an exception to my usual business travel timing.""}]",pass,,
review_tm2_planning_user_0022_habit_business_travel_early_buffer_p03_explicit_retrieval,taskmaster_planning_v01_probe_9339adca50845b08,tm2_planning_user_0022_habit_business_travel_early_buffer_p03_explicit_retrieval,tm2_planning_user_0022,test,explicit_retrieval,planning_defaults,taskmaster_seeded_explicit,Which travel planning preference has the user repeatedly reinforced for business or client-meeting trips?,"[{""choice_id"": ""A"", ""text"": ""The user has not shown any recurring business-travel timing preference.""}, {""choice_id"": ""B"", ""text"": ""For every trip, always choose the cheapest possible arrival.""}, {""choice_id"": ""C"", ""text"": ""For business travel, prefer early arrivals and leave about a 90-minute buffer before meetings.""}, {""choice_id"": ""D"", ""text"": ""For vacations, always force the earliest possible arrival.""}]",C,retrieve_explicit_preference_from_support,"[{""session_id"": ""tm2_planning_user_0022_s0009"", ""session_index"": 9, ""signal_type"": ""support"", ""domain"": ""travel"", ""source_domain"": ""hotels"", ""user"": ""I am heading to a meeting; build in a real buffer instead of cutting it close. Prior travel-search context from Taskmaster-2 hotels: I'd like to find out more about a hotel I plan to stay at. Park City Peaks Hotel, Park City, Utah."", ""assistant"": ""I would avoid the tight arrival and preserve a 90-minute cushion before work starts."", ""feedback"": ""That is the right default for client trips: early arrival and breathing room.""}, {""session_id"": ""tm2_planning_user_0022_s0011"", ""session_index"": 11, ""signal_type"": ""support"", ""domain"": ""travel"", ""source_domain"": ""hotels"", ""user"": ""When this is a business trip, please default to the safer arrival window. Prior travel-search context from Taskmaster-2 hotels: Hi. I'm looking to find a hotel in Salem, Oregon."", ""assistant"": ""I would choose the earlier arrival and leave about a 90-minute buffer before the meeting."", ""feedback"": ""Yes, that buffer is exactly what I need for business travel.""}, {""session_id"": ""tm2_planning_user_0022_s0012"", ""session_index"": 12, ""signal_type"": ""support"", ""domain"": ""travel"", ""source_domain"": ""hotels"", ""user"": ""This is for a client meeting, so choose timing that keeps me from rushing. Prior travel-search context from Taskmaster-2 hotels: Hi, I'd like help finding a hotel in Palm Springs, California."", ""assistant"": ""I would choose the earlier arrival and leave about a 90-minute buffer before the meeting."", ""feedback"": ""Exactly. For work travel, reliability matters more than shaving off a little cost.""}, {""session_id"": ""tm2_planning_user_0022_s0014"", ""session_index"": 14, ""signal_type"": ""support"", ""domain"": ""travel"", ""source_domain"": ""hotels"", ""user"": ""I am heading to a meeting; build in a real buffer instead of cutting it close. Prior travel-search context from Taskmaster-2 hotels: Hi. I need to find a hotel in San Francisco for when I'm traveling down there on the 10th and 11th."", ""assistant"": ""I would choose the earlier arrival and leave about a 90-minute buffer before the meeting."", ""feedback"": ""That is the right default for client trips: early arrival and breathing room.""}]",pass,,
review_tm2_planning_user_0023_habit_business_travel_early_buffer_p00_direct_use,taskmaster_planning_v01_probe_e11be1a55a5dac6c,tm2_planning_user_0023_habit_business_travel_early_buffer_p00_direct_use,tm2_planning_user_0023,test,direct_use,planning_defaults,taskmaster_seeded_direct,Pick the default travel option for a client meeting next Thursday using the user's established planning preference.,"[{""choice_id"": ""A"", ""text"": ""Choose the option that arrives early and leaves about a 90-minute buffer before the meeting.""}, {""choice_id"": ""B"", ""text"": ""Choose the cheapest option even if it arrives right before the meeting.""}, {""choice_id"": ""C"", ""text"": ""Ask the user to restate their preference despite repeated prior evidence.""}, {""choice_id"": ""D"", ""text"": ""Choose the latest departure because shorter travel days are always best.""}]",A,apply_scoped_habit,"[{""session_id"": ""tm2_planning_user_0023_s0003"", ""session_index"": 3, ""signal_type"": ""support"", ""domain"": ""travel"", ""source_domain"": ""flights"", ""user"": ""For client visits, I prefer predictable timing over the absolute cheapest itinerary. Prior travel-search context from Taskmaster-2 flights: I need help finding a flight to London, England."", ""assistant"": ""I would avoid the tight arrival and preserve a 90-minute cushion before work starts."", ""feedback"": ""Exactly. For work travel, reliability matters more than shaving off a little cost.""}, {""session_id"": ""tm2_planning_user_0023_s0005"", ""session_index"": 5, ""signal_type"": ""support"", ""domain"": ""travel"", ""source_domain"": ""hotels"", ""user"": ""For work travel, I want the option with enough breathing room before the meeting. Prior travel-search context from Taskmaster-2 hotels: Hello. I need help finding a hotel. I'm staying in Palm Springs, California."", ""assistant"": ""For a business meeting, the safer default is the earlier option with a meeting buffer."", ""feedback"": ""Good call. I do not want to land and rush straight into a meeting.""}, {""session_id"": ""tm2_planning_user_0023_s0013"", ""session_index"": 13, ""signal_type"": ""support"", ""domain"": ""travel"", ""source_domain"": ""hotels"", ""user"": ""This is for a client meeting, so choose timing that keeps me from rushing. Prior travel-search context from Taskmaster-2 hotels: Hello, I'd like help finding a hotel in New Orleans."", ""assistant"": ""For a business meeting, the safer default is the earlier option with a meeting buffer."", ""feedback"": ""Good call. I do not want to land and rush straight into a meeting.""}, {""session_id"": ""tm2_planning_user_0023_s0014"", ""session_index"": 14, ""signal_type"": ""support"", ""domain"": ""travel"", ""source_domain"": ""flights"", ""user"": ""I am heading to a meeting; build in a real buffer instead of cutting it close. Prior travel-search context from Taskmaster-2 flights: Hi, I'm looking for a round-trip flight from San Francisco to Salt Lake City."", ""assistant"": ""I would choose the earlier arrival and leave about a 90-minute buffer before the meeting."", ""feedback"": ""That is the right default for client trips: early arrival and breathing room.""}]",pass,,
review_tm2_planning_user_0023_habit_business_travel_early_buffer_p01_boundary,taskmaster_planning_v01_probe_e5b1f9ab47339bd0,tm2_planning_user_0023_habit_business_travel_early_buffer_p01_boundary,tm2_planning_user_0023,test,boundary,planning_defaults,taskmaster_seeded_boundary,Plan a relaxed weekend vacation where there is no meeting or appointment to protect.,"[{""choice_id"": ""A"", ""text"": ""Do not apply the business-travel timing rule; optimize for comfort and ask about leisure priorities.""}, {""choice_id"": ""B"", ""text"": ""Optimize only for the cheapest arrival and ignore comfort.""}, {""choice_id"": ""C"", ""text"": ""Force an early arrival and a 90-minute meeting buffer anyway.""}, {""choice_id"": ""D"", ""text"": ""Refuse to help because the user has a business travel habit.""}]",A,do_not_apply_out_of_scope,"[{""session_id"": ""tm2_planning_user_0023_s0022"", ""session_index"": 22, ""signal_type"": ""boundary_counterexample"", ""domain"": ""travel"", ""source_domain"": ""hotels"", ""user"": ""Plan a relaxed weekend getaway where I can sleep in and wander without a fixed schedule. Related travel context: Hi, I'm looking for a hotel in San Francisco, California."", ""assistant"": ""Because this is leisure travel, I would optimize for comfort and timing preference rather than defaulting to an early business arrival."", ""feedback"": ""Right, this is not a work trip, so the business buffer should not drive the plan.""}, {""session_id"": ""tm2_planning_user_0023_s0023"", ""session_index"": 23, ""signal_type"": ""boundary_counterexample"", ""domain"": ""travel"", ""source_domain"": ""hotels"", ""user"": ""Plan a relaxed weekend getaway where I can sleep in and wander without a fixed schedule. Related travel context: I'd like help finding a hotel in San Francisco, California."", ""assistant"": ""Because this is leisure travel, I would optimize for comfort and timing preference rather than defaulting to an early business arrival."", ""feedback"": ""Right, this is not a work trip, so the business buffer should not drive the plan.""}]",pass,,
review_tm2_planning_user_0023_habit_business_travel_early_buffer_p02_exception,taskmaster_planning_v01_probe_b700831dcccd318d,tm2_planning_user_0023_habit_business_travel_early_buffer_p02_exception,tm2_planning_user_0023,test,exception,planning_defaults,taskmaster_seeded_exception,Plan a personal trip that the user explicitly says is flexible and not tied to a meeting.,"[{""choice_id"": ""A"", ""text"": ""Say there is no way to plan without deleting the user's travel preference.""}, {""choice_id"": ""B"", ""text"": ""Pick the tightest itinerary solely because it is cheap.""}, {""choice_id"": ""C"", ""text"": ""Apply the business-travel buffer because it is the most frequent prior pattern.""}, {""choice_id"": ""D"", ""text"": ""Treat this as an exception and avoid assuming the early-arrival business buffer.""}]",D,apply_exception,"[{""session_id"": ""tm2_planning_user_0023_s0019"", ""session_index"": 19, ""signal_type"": ""exception"", ""domain"": ""travel"", ""source_domain"": ""hotels"", ""user"": ""This trip is explicitly flexible; I do not need the usual work-travel buffer. Use this travel context if useful: Hi. I'm looking to find a hotel in Lubbock, Texas."", ""assistant"": ""Since you explicitly marked this trip as flexible, I will not force the early-arrival business default."", ""feedback"": ""Yes, this is an exception to my usual business travel timing.""}]",pass,,
review_tm2_planning_user_0023_habit_business_travel_early_buffer_p03_explicit_retrieval,taskmaster_planning_v01_probe_5617852f9c801a8d,tm2_planning_user_0023_habit_business_travel_early_buffer_p03_explicit_retrieval,tm2_planning_user_0023,test,explicit_retrieval,planning_defaults,taskmaster_seeded_explicit,Which travel planning preference has the user repeatedly reinforced for business or client-meeting trips?,"[{""choice_id"": ""A"", ""text"": ""For every trip, always choose the cheapest possible arrival.""}, {""choice_id"": ""B"", ""text"": ""For vacations, always force the earliest possible arrival.""}, {""choice_id"": ""C"", ""text"": ""The user has not shown any recurring business-travel timing preference.""}, {""choice_id"": ""D"", ""text"": ""For business travel, prefer early arrivals and leave about a 90-minute buffer before meetings.""}]",D,retrieve_explicit_preference_from_support,"[{""session_id"": ""tm2_planning_user_0023_s0003"", ""session_index"": 3, ""signal_type"": ""support"", ""domain"": ""travel"", ""source_domain"": ""flights"", ""user"": ""For client visits, I prefer predictable timing over the absolute cheapest itinerary. Prior travel-search context from Taskmaster-2 flights: I need help finding a flight to London, England."", ""assistant"": ""I would avoid the tight arrival and preserve a 90-minute cushion before work starts."", ""feedback"": ""Exactly. For work travel, reliability matters more than shaving off a little cost.""}, {""session_id"": ""tm2_planning_user_0023_s0005"", ""session_index"": 5, ""signal_type"": ""support"", ""domain"": ""travel"", ""source_domain"": ""hotels"", ""user"": ""For work travel, I want the option with enough breathing room before the meeting. Prior travel-search context from Taskmaster-2 hotels: Hello. I need help finding a hotel. I'm staying in Palm Springs, California."", ""assistant"": ""For a business meeting, the safer default is the earlier option with a meeting buffer."", ""feedback"": ""Good call. I do not want to land and rush straight into a meeting.""}, {""session_id"": ""tm2_planning_user_0023_s0013"", ""session_index"": 13, ""signal_type"": ""support"", ""domain"": ""travel"", ""source_domain"": ""hotels"", ""user"": ""This is for a client meeting, so choose timing that keeps me from rushing. Prior travel-search context from Taskmaster-2 hotels: Hello, I'd like help finding a hotel in New Orleans."", ""assistant"": ""For a business meeting, the safer default is the earlier option with a meeting buffer."", ""feedback"": ""Good call. I do not want to land and rush straight into a meeting.""}, {""session_id"": ""tm2_planning_user_0023_s0014"", ""session_index"": 14, ""signal_type"": ""support"", ""domain"": ""travel"", ""source_domain"": ""flights"", ""user"": ""I am heading to a meeting; build in a real buffer instead of cutting it close. Prior travel-search context from Taskmaster-2 flights: Hi, I'm looking for a round-trip flight from San Francisco to Salt Lake City."", ""assistant"": ""I would choose the earlier arrival and leave about a 90-minute buffer before the meeting."", ""feedback"": ""That is the right default for client trips: early arrival and breathing room.""}]",pass,,
review_tm2_planning_user_0024_habit_business_travel_early_buffer_p00_direct_use,taskmaster_planning_v01_probe_5f411f57c1433203,tm2_planning_user_0024_habit_business_travel_early_buffer_p00_direct_use,tm2_planning_user_0024,test,direct_use,planning_defaults,taskmaster_seeded_direct,Pick the default travel option for a client meeting next Thursday using the user's established planning preference.,"[{""choice_id"": ""A"", ""text"": ""Choose the latest departure because shorter travel days are always best.""}, {""choice_id"": ""B"", ""text"": ""Choose the cheapest option even if it arrives right before the meeting.""}, {""choice_id"": ""C"", ""text"": ""Ask the user to restate their preference despite repeated prior evidence.""}, {""choice_id"": ""D"", ""text"": ""Choose the option that arrives early and leaves about a 90-minute buffer before the meeting.""}]",D,apply_scoped_habit,"[{""session_id"": ""tm2_planning_user_0024_s0008"", ""session_index"": 8, ""signal_type"": ""support"", ""domain"": ""travel"", ""source_domain"": ""flights"", ""user"": ""For work travel, I want the option with enough breathing room before the meeting. Prior travel-search context from Taskmaster-2 flights: Hi. I'd like help finding a flight, please."", ""assistant"": ""For a business meeting, the safer default is the earlier option with a meeting buffer."", ""feedback"": ""That is the right default for client trips: early arrival and breathing room.""}, {""session_id"": ""tm2_planning_user_0024_s0009"", ""session_index"": 9, ""signal_type"": ""support"", ""domain"": ""travel"", ""source_domain"": ""hotels"", ""user"": ""When this is a business trip, please default to the safer arrival window. Prior travel-search context from Taskmaster-2 hotels: Hi, I would like to find out more about the hotel I plan to stay at. I would like to find out more."", ""assistant"": ""For a business meeting, the safer default is the earlier option with a meeting buffer."", ""feedback"": ""Good call. I do not want to land and rush straight into a meeting.""}, {""session_id"": ""tm2_planning_user_0024_s0011"", ""session_index"": 11, ""signal_type"": ""support"", ""domain"": ""travel"", ""source_domain"": ""hotels"", ""user"": ""For client visits, I prefer predictable timing over the absolute cheapest itinerary. Prior travel-search context from Taskmaster-2 hotels: Hello Assistant. I'd like to find a hotel for my stay. Can you help me with that?"", ""assistant"": ""I would choose the earlier arrival and leave about a 90-minute buffer before the meeting."", ""feedback"": ""Yes, that buffer is exactly what I need for business travel.""}, {""session_id"": ""tm2_planning_user_0024_s0012"", ""session_index"": 12, ""signal_type"": ""support"", ""domain"": ""travel"", ""source_domain"": ""flights"", ""user"": ""This is for a client meeting, so choose timing that keeps me from rushing. Prior travel-search context from Taskmaster-2 flights: Hi, I would like help in finding a flight to Rome, Italy."", ""assistant"": ""I would avoid the tight arrival and preserve a 90-minute cushion before work starts."", ""feedback"": ""That is the right default for client trips: early arrival and breathing room.""}]",pass,,
review_tm2_planning_user_0024_habit_business_travel_early_buffer_p01_boundary,taskmaster_planning_v01_probe_99b8a1b886500940,tm2_planning_user_0024_habit_business_travel_early_buffer_p01_boundary,tm2_planning_user_0024,test,boundary,planning_defaults,taskmaster_seeded_boundary,Plan a relaxed weekend vacation where there is no meeting or appointment to protect.,"[{""choice_id"": ""A"", ""text"": ""Refuse to help because the user has a business travel habit.""}, {""choice_id"": ""B"", ""text"": ""Force an early arrival and a 90-minute meeting buffer anyway.""}, {""choice_id"": ""C"", ""text"": ""Optimize only for the cheapest arrival and ignore comfort.""}, {""choice_id"": ""D"", ""text"": ""Do not apply the business-travel timing rule; optimize for comfort and ask about leisure priorities.""}]",D,do_not_apply_out_of_scope,"[{""session_id"": ""tm2_planning_user_0024_s0019"", ""session_index"": 19, ""signal_type"": ""boundary_counterexample"", ""domain"": ""travel"", ""source_domain"": ""hotels"", ""user"": ""Help me compare vacation options where arrival time is flexible and there is no appointment. Related travel context: I'm looking for a hotel in New Orleans. I'd like to arrive tomorrow evening. And I'm staying there exactly for a week."", ""assistant"": ""Because this is leisure travel, I would optimize for comfort and timing preference rather than defaulting to an early business arrival."", ""feedback"": ""Right, this is not a work trip, so the business buffer should not drive the plan.""}, {""session_id"": ""tm2_planning_user_0024_s0025"", ""session_index"": 25, ""signal_type"": ""boundary_counterexample"", ""domain"": ""travel"", ""source_domain"": ""hotels"", ""user"": ""Help me compare vacation options where arrival time is flexible and there is no appointment. Related travel context: I'd like to find a hotel in West Palm Beach, Florida."", ""assistant"": ""Because this is leisure travel, I would optimize for comfort and timing preference rather than defaulting to an early business arrival."", ""feedback"": ""Right, this is not a work trip, so the business buffer should not drive the plan.""}]",pass,,
review_tm2_planning_user_0024_habit_business_travel_early_buffer_p02_exception,taskmaster_planning_v01_probe_d7632e456c786051,tm2_planning_user_0024_habit_business_travel_early_buffer_p02_exception,tm2_planning_user_0024,test,exception,planning_defaults,taskmaster_seeded_exception,Plan a personal trip that the user explicitly says is flexible and not tied to a meeting.,"[{""choice_id"": ""A"", ""text"": ""Say there is no way to plan without deleting the user's travel preference.""}, {""choice_id"": ""B"", ""text"": ""Apply the business-travel buffer because it is the most frequent prior pattern.""}, {""choice_id"": ""C"", ""text"": ""Treat this as an exception and avoid assuming the early-arrival business buffer.""}, {""choice_id"": ""D"", ""text"": ""Pick the tightest itinerary solely because it is cheap.""}]",C,apply_exception,"[{""session_id"": ""tm2_planning_user_0024_s0024"", ""session_index"": 24, ""signal_type"": ""exception"", ""domain"": ""travel"", ""source_domain"": ""hotels"", ""user"": ""For this vacation day, there is no meeting clock to protect, so do not force an early arrival. Use this travel context if useful: I'd like help finding a hotel in New Orleans."", ""assistant"": ""Since you explicitly marked this trip as flexible, I will not force the early-arrival business default."", ""feedback"": ""Yes, this is an exception to my usual business travel timing.""}]",pass,,
review_tm2_planning_user_0024_habit_business_travel_early_buffer_p03_explicit_retrieval,taskmaster_planning_v01_probe_b16e8189c698fbae,tm2_planning_user_0024_habit_business_travel_early_buffer_p03_explicit_retrieval,tm2_planning_user_0024,test,explicit_retrieval,planning_defaults,taskmaster_seeded_explicit,Which travel planning preference has the user repeatedly reinforced for business or client-meeting trips?,"[{""choice_id"": ""A"", ""text"": ""The user has not shown any recurring business-travel timing preference.""}, {""choice_id"": ""B"", ""text"": ""For business travel, prefer early arrivals and leave about a 90-minute buffer before meetings.""}, {""choice_id"": ""C"", ""text"": ""For every trip, always choose the cheapest possible arrival.""}, {""choice_id"": ""D"", ""text"": ""For vacations, always force the earliest possible arrival.""}]",B,retrieve_explicit_preference_from_support,"[{""session_id"": ""tm2_planning_user_0024_s0008"", ""session_index"": 8, ""signal_type"": ""support"", ""domain"": ""travel"", ""source_domain"": ""flights"", ""user"": ""For work travel, I want the option with enough breathing room before the meeting. Prior travel-search context from Taskmaster-2 flights: Hi. I'd like help finding a flight, please."", ""assistant"": ""For a business meeting, the safer default is the earlier option with a meeting buffer."", ""feedback"": ""That is the right default for client trips: early arrival and breathing room.""}, {""session_id"": ""tm2_planning_user_0024_s0009"", ""session_index"": 9, ""signal_type"": ""support"", ""domain"": ""travel"", ""source_domain"": ""hotels"", ""user"": ""When this is a business trip, please default to the safer arrival window. Prior travel-search context from Taskmaster-2 hotels: Hi, I would like to find out more about the hotel I plan to stay at. I would like to find out more."", ""assistant"": ""For a business meeting, the safer default is the earlier option with a meeting buffer."", ""feedback"": ""Good call. I do not want to land and rush straight into a meeting.""}, {""session_id"": ""tm2_planning_user_0024_s0011"", ""session_index"": 11, ""signal_type"": ""support"", ""domain"": ""travel"", ""source_domain"": ""hotels"", ""user"": ""For client visits, I prefer predictable timing over the absolute cheapest itinerary. Prior travel-search context from Taskmaster-2 hotels: Hello Assistant. I'd like to find a hotel for my stay. Can you help me with that?"", ""assistant"": ""I would choose the earlier arrival and leave about a 90-minute buffer before the meeting."", ""feedback"": ""Yes, that buffer is exactly what I need for business travel.""}, {""session_id"": ""tm2_planning_user_0024_s0012"", ""session_index"": 12, ""signal_type"": ""support"", ""domain"": ""travel"", ""source_domain"": ""flights"", ""user"": ""This is for a client meeting, so choose timing that keeps me from rushing. Prior travel-search context from Taskmaster-2 flights: Hi, I would like help in finding a flight to Rome, Italy."", ""assistant"": ""I would avoid the tight arrival and preserve a 90-minute cushion before work starts."", ""feedback"": ""That is the right default for client trips: early arrival and breathing room.""}]",pass,,
review_tm2_planning_user_0025_habit_business_travel_early_buffer_p00_direct_use,taskmaster_planning_v01_probe_e8ec6c2c06769bc5,tm2_planning_user_0025_habit_business_travel_early_buffer_p00_direct_use,tm2_planning_user_0025,test,direct_use,planning_defaults,taskmaster_seeded_direct,Pick the default travel option for a client meeting next Thursday using the user's established planning preference.,"[{""choice_id"": ""A"", ""text"": ""Choose the option that arrives early and leaves about a 90-minute buffer before the meeting.""}, {""choice_id"": ""B"", ""text"": ""Choose the latest departure because shorter travel days are always best.""}, {""choice_id"": ""C"", ""text"": ""Ask the user to restate their preference despite repeated prior evidence.""}, {""choice_id"": ""D"", ""text"": ""Choose the cheapest option even if it arrives right before the meeting.""}]",A,apply_scoped_habit,"[{""session_id"": ""tm2_planning_user_0025_s0004"", ""session_index"": 4, ""signal_type"": ""support"", ""domain"": ""travel"", ""source_domain"": ""flights"", ""user"": ""For work travel, I want the option with enough breathing room before the meeting. Prior travel-search context from Taskmaster-2 flights: Hi, I'd like to book a round-trip flight from New York City to Amsterdam."", ""assistant"": ""I would choose the earlier arrival and leave about a 90-minute buffer before the meeting."", ""feedback"": ""Exactly. For work travel, reliability matters more than shaving off a little cost.""}, {""session_id"": ""tm2_planning_user_0025_s0008"", ""session_index"": 8, ""signal_type"": ""support"", ""domain"": ""travel"", ""source_domain"": ""hotels"", ""user"": ""For client visits, I prefer predictable timing over the absolute cheapest itinerary. Prior travel-search context from Taskmaster-2 hotels: I need to find a hotel in Nashville, Tennessee."", ""assistant"": ""I would choose the earlier arrival and leave about a 90-minute buffer before the meeting."", ""feedback"": ""That is the right default for client trips: early arrival and breathing room.""}, {""session_id"": ""tm2_planning_user_0025_s0011"", ""session_index"": 11, ""signal_type"": ""support"", ""domain"": ""travel"", ""source_domain"": ""flights"", ""user"": ""For work travel, I want the option with enough breathing room before the meeting. Prior travel-search context from Taskmaster-2 flights: Hi. I'm looking to book a vacation to Atlanta."", ""assistant"": ""I would choose the earlier arrival and leave about a 90-minute buffer before the meeting."", ""feedback"": ""Exactly. For work travel, reliability matters more than shaving off a little cost.""}, {""session_id"": ""tm2_planning_user_0025_s0023"", ""session_index"": 23, ""signal_type"": ""support"", ""domain"": ""travel"", ""source_domain"": ""flights"", ""user"": ""For work travel, I want the option with enough breathing room before the meeting. Prior travel-search context from Taskmaster-2 flights: Hello! Today I need your help in setting up a round trip flight from Sacramento, California to Denve..."", ""assistant"": ""I would avoid the tight arrival and preserve a 90-minute cushion before work starts."", ""feedback"": ""Exactly. For work travel, reliability matters more than shaving off a little cost.""}]",pass,,
review_tm2_planning_user_0025_habit_business_travel_early_buffer_p01_boundary,taskmaster_planning_v01_probe_745f000b81055176,tm2_planning_user_0025_habit_business_travel_early_buffer_p01_boundary,tm2_planning_user_0025,test,boundary,planning_defaults,taskmaster_seeded_boundary,Plan a relaxed weekend vacation where there is no meeting or appointment to protect.,"[{""choice_id"": ""A"", ""text"": ""Refuse to help because the user has a business travel habit.""}, {""choice_id"": ""B"", ""text"": ""Force an early arrival and a 90-minute meeting buffer anyway.""}, {""choice_id"": ""C"", ""text"": ""Optimize only for the cheapest arrival and ignore comfort.""}, {""choice_id"": ""D"", ""text"": ""Do not apply the business-travel timing rule; optimize for comfort and ask about leisure priorities.""}]",D,do_not_apply_out_of_scope,"[{""session_id"": ""tm2_planning_user_0025_s0022"", ""session_index"": 22, ""signal_type"": ""boundary_counterexample"", ""domain"": ""travel"", ""source_domain"": ""hotels"", ""user"": ""Plan a relaxed weekend getaway where I can sleep in and wander without a fixed schedule. Related travel context: Hello. I'd like help in booking a hotel room in Santa Fe, New Mexico, please."", ""assistant"": ""Because this is leisure travel, I would optimize for comfort and timing preference rather than defaulting to an early business arrival."", ""feedback"": ""Right, this is not a work trip, so the business buffer should not drive the plan.""}, {""session_id"": ""tm2_planning_user_0025_s0029"", ""session_index"": 29, ""signal_type"": ""boundary_counterexample"", ""domain"": ""travel"", ""source_domain"": ""hotels"", ""user"": ""Help me compare vacation options where arrival time is flexible and there is no appointment. Related travel context: I'd like help finding a hotel in San Francisco."", ""assistant"": ""Because this is leisure travel, I would optimize for comfort and timing preference rather than defaulting to an early business arrival."", ""feedback"": ""Right, this is not a work trip, so the business buffer should not drive the plan.""}]",pass,,
review_tm2_planning_user_0025_habit_business_travel_early_buffer_p02_exception,taskmaster_planning_v01_probe_22d36a6405bd29aa,tm2_planning_user_0025_habit_business_travel_early_buffer_p02_exception,tm2_planning_user_0025,test,exception,planning_defaults,taskmaster_seeded_exception,Plan a personal trip that the user explicitly says is flexible and not tied to a meeting.,"[{""choice_id"": ""A"", ""text"": ""Apply the business-travel buffer because it is the most frequent prior pattern.""}, {""choice_id"": ""B"", ""text"": ""Pick the tightest itinerary solely because it is cheap.""}, {""choice_id"": ""C"", ""text"": ""Treat this as an exception and avoid assuming the early-arrival business buffer.""}, {""choice_id"": ""D"", ""text"": ""Say there is no way to plan without deleting the user's travel preference.""}]",C,apply_exception,"[{""session_id"": ""tm2_planning_user_0025_s0030"", ""session_index"": 30, ""signal_type"": ""exception"", ""domain"": ""travel"", ""source_domain"": ""hotels"", ""user"": ""Plan this as a personal trip where the timing can be looser than my business travel default. Use this travel context if useful: I'd like to find a hotel for my summer vacation."", ""assistant"": ""Since you explicitly marked this trip as flexible, I will not force the early-arrival business default."", ""feedback"": ""Yes, this is an exception to my usual business travel timing.""}]",pass,,
review_tm2_planning_user_0025_habit_business_travel_early_buffer_p03_explicit_retrieval,taskmaster_planning_v01_probe_ed9a9d2199313340,tm2_planning_user_0025_habit_business_travel_early_buffer_p03_explicit_retrieval,tm2_planning_user_0025,test,explicit_retrieval,planning_defaults,taskmaster_seeded_explicit,Which travel planning preference has the user repeatedly reinforced for business or client-meeting trips?,"[{""choice_id"": ""A"", ""text"": ""For every trip, always choose the cheapest possible arrival.""}, {""choice_id"": ""B"", ""text"": ""The user has not shown any recurring business-travel timing preference.""}, {""choice_id"": ""C"", ""text"": ""For vacations, always force the earliest possible arrival.""}, {""choice_id"": ""D"", ""text"": ""For business travel, prefer early arrivals and leave about a 90-minute buffer before meetings.""}]",D,retrieve_explicit_preference_from_support,"[{""session_id"": ""tm2_planning_user_0025_s0004"", ""session_index"": 4, ""signal_type"": ""support"", ""domain"": ""travel"", ""source_domain"": ""flights"", ""user"": ""For work travel, I want the option with enough breathing room before the meeting. Prior travel-search context from Taskmaster-2 flights: Hi, I'd like to book a round-trip flight from New York City to Amsterdam."", ""assistant"": ""I would choose the earlier arrival and leave about a 90-minute buffer before the meeting."", ""feedback"": ""Exactly. For work travel, reliability matters more than shaving off a little cost.""}, {""session_id"": ""tm2_planning_user_0025_s0008"", ""session_index"": 8, ""signal_type"": ""support"", ""domain"": ""travel"", ""source_domain"": ""hotels"", ""user"": ""For client visits, I prefer predictable timing over the absolute cheapest itinerary. Prior travel-search context from Taskmaster-2 hotels: I need to find a hotel in Nashville, Tennessee."", ""assistant"": ""I would choose the earlier arrival and leave about a 90-minute buffer before the meeting."", ""feedback"": ""That is the right default for client trips: early arrival and breathing room.""}, {""session_id"": ""tm2_planning_user_0025_s0011"", ""session_index"": 11, ""signal_type"": ""support"", ""domain"": ""travel"", ""source_domain"": ""flights"", ""user"": ""For work travel, I want the option with enough breathing room before the meeting. Prior travel-search context from Taskmaster-2 flights: Hi. I'm looking to book a vacation to Atlanta."", ""assistant"": ""I would choose the earlier arrival and leave about a 90-minute buffer before the meeting."", ""feedback"": ""Exactly. For work travel, reliability matters more than shaving off a little cost.""}, {""session_id"": ""tm2_planning_user_0025_s0023"", ""session_index"": 23, ""signal_type"": ""support"", ""domain"": ""travel"", ""source_domain"": ""flights"", ""user"": ""For work travel, I want the option with enough breathing room before the meeting. Prior travel-search context from Taskmaster-2 flights: Hello! Today I need your help in setting up a round trip flight from Sacramento, California to Denve..."", ""assistant"": ""I would avoid the tight arrival and preserve a 90-minute cushion before work starts."", ""feedback"": ""Exactly. For work travel, reliability matters more than shaving off a little cost.""}]",pass,,
review_tm2_planning_user_0026_habit_business_travel_early_buffer_p00_direct_use,taskmaster_planning_v01_probe_9035c086fcbec731,tm2_planning_user_0026_habit_business_travel_early_buffer_p00_direct_use,tm2_planning_user_0026,test,direct_use,planning_defaults,taskmaster_seeded_direct,Pick the default travel option for a client meeting next Thursday using the user's established planning preference.,"[{""choice_id"": ""A"", ""text"": ""Choose the latest departure because shorter travel days are always best.""}, {""choice_id"": ""B"", ""text"": ""Choose the option that arrives early and leaves about a 90-minute buffer before the meeting.""}, {""choice_id"": ""C"", ""text"": ""Ask the user to restate their preference despite repeated prior evidence.""}, {""choice_id"": ""D"", ""text"": ""Choose the cheapest option even if it arrives right before the meeting.""}]",B,apply_scoped_habit,"[{""session_id"": ""tm2_planning_user_0026_s0006"", ""session_index"": 6, ""signal_type"": ""support"", ""domain"": ""travel"", ""source_domain"": ""hotels"", ""user"": ""For work travel, I want the option with enough breathing room before the meeting. Prior travel-search context from Taskmaster-2 hotels: Hi. I need help finding a hotel."", ""assistant"": ""For a business meeting, the safer default is the earlier option with a meeting buffer."", ""feedback"": ""That is the right default for client trips: early arrival and breathing room.""}, {""session_id"": ""tm2_planning_user_0026_s0007"", ""session_index"": 7, ""signal_type"": ""support"", ""domain"": ""travel"", ""source_domain"": ""hotels"", ""user"": ""For client visits, I prefer predictable timing over the absolute cheapest itinerary. Prior travel-search context from Taskmaster-2 hotels: Hi there. I'm looking for a hotel room for this weekend."", ""assistant"": ""For a business meeting, the safer default is the earlier option with a meeting buffer."", ""feedback"": ""That is the right default for client trips: early arrival and breathing room.""}, {""session_id"": ""tm2_planning_user_0026_s0008"", ""session_index"": 8, ""signal_type"": ""support"", ""domain"": ""travel"", ""source_domain"": ""flights"", ""user"": ""I am heading to a meeting; build in a real buffer instead of cutting it close. Prior travel-search context from Taskmaster-2 flights: Hello. I'd like to get a commercial flight round trip from LA to Boston departing today as late as poss..."", ""assistant"": ""I would avoid the tight arrival and preserve a 90-minute cushion before work starts."", ""feedback"": ""Yes, that buffer is exactly what I need for business travel.""}, {""session_id"": ""tm2_planning_user_0026_s0009"", ""session_index"": 9, ""signal_type"": ""support"", ""domain"": ""travel"", ""source_domain"": ""hotels"", ""user"": ""For work travel, I want the option with enough breathing room before the meeting. Prior travel-search context from Taskmaster-2 hotels: I would like to find a hotel for my summer vacation."", ""assistant"": ""I would avoid the tight arrival and preserve a 90-minute cushion before work starts."", ""feedback"": ""Exactly. For work travel, reliability matters more than shaving off a little cost.""}]",pass,,
review_tm2_planning_user_0026_habit_business_travel_early_buffer_p01_boundary,taskmaster_planning_v01_probe_28016e2eb89bfc42,tm2_planning_user_0026_habit_business_travel_early_buffer_p01_boundary,tm2_planning_user_0026,test,boundary,planning_defaults,taskmaster_seeded_boundary,Plan a relaxed weekend vacation where there is no meeting or appointment to protect.,"[{""choice_id"": ""A"", ""text"": ""Do not apply the business-travel timing rule; optimize for comfort and ask about leisure priorities.""}, {""choice_id"": ""B"", ""text"": ""Refuse to help because the user has a business travel habit.""}, {""choice_id"": ""C"", ""text"": ""Force an early arrival and a 90-minute meeting buffer anyway.""}, {""choice_id"": ""D"", ""text"": ""Optimize only for the cheapest arrival and ignore comfort.""}]",A,do_not_apply_out_of_scope,"[{""session_id"": ""tm2_planning_user_0026_s0018"", ""session_index"": 18, ""signal_type"": ""boundary_counterexample"", ""domain"": ""travel"", ""source_domain"": ""hotels"", ""user"": ""Plan a relaxed weekend getaway where I can sleep in and wander without a fixed schedule. Related travel context: Hi, Can you help me find a hotel in Santa Fe, New Mexico?"", ""assistant"": ""Because this is leisure travel, I would optimize for comfort and timing preference rather than defaulting to an early business arrival."", ""feedback"": ""Right, this is not a work trip, so the business buffer should not drive the plan.""}, {""session_id"": ""tm2_planning_user_0026_s0026"", ""session_index"": 26, ""signal_type"": ""boundary_counterexample"", ""domain"": ""travel"", ""source_domain"": ""hotels"", ""user"": ""This is a leisure trip with no meetings; optimize for comfort and a relaxed pace. Related travel context: I'd like to find a hotel. Please help."", ""assistant"": ""Because this is leisure travel, I would optimize for comfort and timing preference rather than defaulting to an early business arrival."", ""feedback"": ""Right, this is not a work trip, so the business buffer should not drive the plan.""}]",pass,,
review_tm2_planning_user_0026_habit_business_travel_early_buffer_p02_exception,taskmaster_planning_v01_probe_197f63e2ae8e93fc,tm2_planning_user_0026_habit_business_travel_early_buffer_p02_exception,tm2_planning_user_0026,test,exception,planning_defaults,taskmaster_seeded_exception,Plan a personal trip that the user explicitly says is flexible and not tied to a meeting.,"[{""choice_id"": ""A"", ""text"": ""Apply the business-travel buffer because it is the most frequent prior pattern.""}, {""choice_id"": ""B"", ""text"": ""Treat this as an exception and avoid assuming the early-arrival business buffer.""}, {""choice_id"": ""C"", ""text"": ""Pick the tightest itinerary solely because it is cheap.""}, {""choice_id"": ""D"", ""text"": ""Say there is no way to plan without deleting the user's travel preference.""}]",B,apply_exception,"[{""session_id"": ""tm2_planning_user_0026_s0031"", ""session_index"": 31, ""signal_type"": ""exception"", ""domain"": ""travel"", ""source_domain"": ""flights"", ""user"": ""This trip is explicitly flexible; I do not need the usual work-travel buffer. Use this travel context if useful: Hello, I would like help finding a flight."", ""assistant"": ""Since you explicitly marked this trip as flexible, I will not force the early-arrival business default."", ""feedback"": ""Yes, this is an exception to my usual business travel timing.""}]",pass,,
review_tm2_planning_user_0026_habit_business_travel_early_buffer_p03_explicit_retrieval,taskmaster_planning_v01_probe_b4194a3f16a3ddd9,tm2_planning_user_0026_habit_business_travel_early_buffer_p03_explicit_retrieval,tm2_planning_user_0026,test,explicit_retrieval,planning_defaults,taskmaster_seeded_explicit,Which travel planning preference has the user repeatedly reinforced for business or client-meeting trips?,"[{""choice_id"": ""A"", ""text"": ""The user has not shown any recurring business-travel timing preference.""}, {""choice_id"": ""B"", ""text"": ""For vacations, always force the earliest possible arrival.""}, {""choice_id"": ""C"", ""text"": ""For business travel, prefer early arrivals and leave about a 90-minute buffer before meetings.""}, {""choice_id"": ""D"", ""text"": ""For every trip, always choose the cheapest possible arrival.""}]",C,retrieve_explicit_preference_from_support,"[{""session_id"": ""tm2_planning_user_0026_s0006"", ""session_index"": 6, ""signal_type"": ""support"", ""domain"": ""travel"", ""source_domain"": ""hotels"", ""user"": ""For work travel, I want the option with enough breathing room before the meeting. Prior travel-search context from Taskmaster-2 hotels: Hi. I need help finding a hotel."", ""assistant"": ""For a business meeting, the safer default is the earlier option with a meeting buffer."", ""feedback"": ""That is the right default for client trips: early arrival and breathing room.""}, {""session_id"": ""tm2_planning_user_0026_s0007"", ""session_index"": 7, ""signal_type"": ""support"", ""domain"": ""travel"", ""source_domain"": ""hotels"", ""user"": ""For client visits, I prefer predictable timing over the absolute cheapest itinerary. Prior travel-search context from Taskmaster-2 hotels: Hi there. I'm looking for a hotel room for this weekend."", ""assistant"": ""For a business meeting, the safer default is the earlier option with a meeting buffer."", ""feedback"": ""That is the right default for client trips: early arrival and breathing room.""}, {""session_id"": ""tm2_planning_user_0026_s0008"", ""session_index"": 8, ""signal_type"": ""support"", ""domain"": ""travel"", ""source_domain"": ""flights"", ""user"": ""I am heading to a meeting; build in a real buffer instead of cutting it close. Prior travel-search context from Taskmaster-2 flights: Hello. I'd like to get a commercial flight round trip from LA to Boston departing today as late as poss..."", ""assistant"": ""I would avoid the tight arrival and preserve a 90-minute cushion before work starts."", ""feedback"": ""Yes, that buffer is exactly what I need for business travel.""}, {""session_id"": ""tm2_planning_user_0026_s0009"", ""session_index"": 9, ""signal_type"": ""support"", ""domain"": ""travel"", ""source_domain"": ""hotels"", ""user"": ""For work travel, I want the option with enough breathing room before the meeting. Prior travel-search context from Taskmaster-2 hotels: I would like to find a hotel for my summer vacation."", ""assistant"": ""I would avoid the tight arrival and preserve a 90-minute cushion before work starts."", ""feedback"": ""Exactly. For work travel, reliability matters more than shaving off a little cost.""}]",pass,,
review_tm2_planning_user_0027_habit_business_travel_early_buffer_p00_direct_use,taskmaster_planning_v01_probe_c62d9a306a3a0986,tm2_planning_user_0027_habit_business_travel_early_buffer_p00_direct_use,tm2_planning_user_0027,test,direct_use,planning_defaults,taskmaster_seeded_direct,Pick the default travel option for a client meeting next Thursday using the user's established planning preference.,"[{""choice_id"": ""A"", ""text"": ""Choose the latest departure because shorter travel days are always best.""}, {""choice_id"": ""B"", ""text"": ""Choose the cheapest option even if it arrives right before the meeting.""}, {""choice_id"": ""C"", ""text"": ""Ask the user to restate their preference despite repeated prior evidence.""}, {""choice_id"": ""D"", ""text"": ""Choose the option that arrives early and leaves about a 90-minute buffer before the meeting.""}]",D,apply_scoped_habit,"[{""session_id"": ""tm2_planning_user_0027_s0009"", ""session_index"": 9, ""signal_type"": ""support"", ""domain"": ""travel"", ""source_domain"": ""flights"", ""user"": ""When this is a business trip, please default to the safer arrival window. Prior travel-search context from Taskmaster-2 flights: Hi, assistant. I'm looking for a flight to San Diego, California. Can you help me find that?"", ""assistant"": ""For a business meeting, the safer default is the earlier option with a meeting buffer."", ""feedback"": ""That is the right default for client trips: early arrival and breathing room.""}, {""session_id"": ""tm2_planning_user_0027_s0011"", ""session_index"": 11, ""signal_type"": ""support"", ""domain"": ""travel"", ""source_domain"": ""hotels"", ""user"": ""When this is a business trip, please default to the safer arrival window. Prior travel-search context from Taskmaster-2 hotels: I'd like help finding a hotel in New York City."", ""assistant"": ""I would choose the earlier arrival and leave about a 90-minute buffer before the meeting."", ""feedback"": ""Yes, that buffer is exactly what I need for business travel.""}, {""session_id"": ""tm2_planning_user_0027_s0015"", ""session_index"": 15, ""signal_type"": ""support"", ""domain"": ""travel"", ""source_domain"": ""hotels"", ""user"": ""For client visits, I prefer predictable timing over the absolute cheapest itinerary. Prior travel-search context from Taskmaster-2 hotels: I'd like help finding a hotel in San Francisco, California."", ""assistant"": ""For a business meeting, the safer default is the earlier option with a meeting buffer."", ""feedback"": ""Exactly. For work travel, reliability matters more than shaving off a little cost.""}, {""session_id"": ""tm2_planning_user_0027_s0018"", ""session_index"": 18, ""signal_type"": ""support"", ""domain"": ""travel"", ""source_domain"": ""hotels"", ""user"": ""When this is a business trip, please default to the safer arrival window. Prior travel-search context from Taskmaster-2 hotels: Hello. I'd like to have some help finding a hotel in New Orleans in the downtown area."", ""assistant"": ""For a business meeting, the safer default is the earlier option with a meeting buffer."", ""feedback"": ""Yes, that buffer is exactly what I need for business travel.""}]",pass,,
review_tm2_planning_user_0027_habit_business_travel_early_buffer_p01_boundary,taskmaster_planning_v01_probe_e37d27aaaabd50ff,tm2_planning_user_0027_habit_business_travel_early_buffer_p01_boundary,tm2_planning_user_0027,test,boundary,planning_defaults,taskmaster_seeded_boundary,Plan a relaxed weekend vacation where there is no meeting or appointment to protect.,"[{""choice_id"": ""A"", ""text"": ""Optimize only for the cheapest arrival and ignore comfort.""}, {""choice_id"": ""B"", ""text"": ""Refuse to help because the user has a business travel habit.""}, {""choice_id"": ""C"", ""text"": ""Force an early arrival and a 90-minute meeting buffer anyway.""}, {""choice_id"": ""D"", ""text"": ""Do not apply the business-travel timing rule; optimize for comfort and ask about leisure priorities.""}]",D,do_not_apply_out_of_scope,"[{""session_id"": ""tm2_planning_user_0027_s0023"", ""session_index"": 23, ""signal_type"": ""boundary_counterexample"", ""domain"": ""travel"", ""source_domain"": ""hotels"", ""user"": ""Plan a relaxed weekend getaway where I can sleep in and wander without a fixed schedule. Related travel context: I'd like help finding a hotel in Park City, Utah."", ""assistant"": ""Because this is leisure travel, I would optimize for comfort and timing preference rather than defaulting to an early business arrival."", ""feedback"": ""Right, this is not a work trip, so the business buffer should not drive the plan.""}, {""session_id"": ""tm2_planning_user_0027_s0024"", ""session_index"": 24, ""signal_type"": ""boundary_counterexample"", ""domain"": ""travel"", ""source_domain"": ""hotels"", ""user"": ""This is a leisure trip with no meetings; optimize for comfort and a relaxed pace. Related travel context: Hi, I need help booking a hotel in New Orleans, please."", ""assistant"": ""Because this is leisure travel, I would optimize for comfort and timing preference rather than defaulting to an early business arrival."", ""feedback"": ""Right, this is not a work trip, so the business buffer should not drive the plan.""}]",pass,,
review_tm2_planning_user_0027_habit_business_travel_early_buffer_p02_exception,taskmaster_planning_v01_probe_61426d337680607b,tm2_planning_user_0027_habit_business_travel_early_buffer_p02_exception,tm2_planning_user_0027,test,exception,planning_defaults,taskmaster_seeded_exception,Plan a personal trip that the user explicitly says is flexible and not tied to a meeting.,"[{""choice_id"": ""A"", ""text"": ""Apply the business-travel buffer because it is the most frequent prior pattern.""}, {""choice_id"": ""B"", ""text"": ""Pick the tightest itinerary solely because it is cheap.""}, {""choice_id"": ""C"", ""text"": ""Say there is no way to plan without deleting the user's travel preference.""}, {""choice_id"": ""D"", ""text"": ""Treat this as an exception and avoid assuming the early-arrival business buffer.""}]",D,apply_exception,"[{""session_id"": ""tm2_planning_user_0027_s0030"", ""session_index"": 30, ""signal_type"": ""exception"", ""domain"": ""travel"", ""source_domain"": ""flights"", ""user"": ""Plan this as a personal trip where the timing can be looser than my business travel default. Use this travel context if useful: We are looking to book a round-trip flight from San Fransisco to Houston leaving today and returning in 4 day..."", ""assistant"": ""Since you explicitly marked this trip as flexible, I will not force the early-arrival business default."", ""feedback"": ""Yes, this is an exception to my usual business travel timing.""}]",pass,,
review_tm2_planning_user_0027_habit_business_travel_early_buffer_p03_explicit_retrieval,taskmaster_planning_v01_probe_59b066991fbda0e6,tm2_planning_user_0027_habit_business_travel_early_buffer_p03_explicit_retrieval,tm2_planning_user_0027,test,explicit_retrieval,planning_defaults,taskmaster_seeded_explicit,Which travel planning preference has the user repeatedly reinforced for business or client-meeting trips?,"[{""choice_id"": ""A"", ""text"": ""For every trip, always choose the cheapest possible arrival.""}, {""choice_id"": ""B"", ""text"": ""For business travel, prefer early arrivals and leave about a 90-minute buffer before meetings.""}, {""choice_id"": ""C"", ""text"": ""For vacations, always force the earliest possible arrival.""}, {""choice_id"": ""D"", ""text"": ""The user has not shown any recurring business-travel timing preference.""}]",B,retrieve_explicit_preference_from_support,"[{""session_id"": ""tm2_planning_user_0027_s0009"", ""session_index"": 9, ""signal_type"": ""support"", ""domain"": ""travel"", ""source_domain"": ""flights"", ""user"": ""When this is a business trip, please default to the safer arrival window. Prior travel-search context from Taskmaster-2 flights: Hi, assistant. I'm looking for a flight to San Diego, California. Can you help me find that?"", ""assistant"": ""For a business meeting, the safer default is the earlier option with a meeting buffer."", ""feedback"": ""That is the right default for client trips: early arrival and breathing room.""}, {""session_id"": ""tm2_planning_user_0027_s0011"", ""session_index"": 11, ""signal_type"": ""support"", ""domain"": ""travel"", ""source_domain"": ""hotels"", ""user"": ""When this is a business trip, please default to the safer arrival window. Prior travel-search context from Taskmaster-2 hotels: I'd like help finding a hotel in New York City."", ""assistant"": ""I would choose the earlier arrival and leave about a 90-minute buffer before the meeting."", ""feedback"": ""Yes, that buffer is exactly what I need for business travel.""}, {""session_id"": ""tm2_planning_user_0027_s0015"", ""session_index"": 15, ""signal_type"": ""support"", ""domain"": ""travel"", ""source_domain"": ""hotels"", ""user"": ""For client visits, I prefer predictable timing over the absolute cheapest itinerary. Prior travel-search context from Taskmaster-2 hotels: I'd like help finding a hotel in San Francisco, California."", ""assistant"": ""For a business meeting, the safer default is the earlier option with a meeting buffer."", ""feedback"": ""Exactly. For work travel, reliability matters more than shaving off a little cost.""}, {""session_id"": ""tm2_planning_user_0027_s0018"", ""session_index"": 18, ""signal_type"": ""support"", ""domain"": ""travel"", ""source_domain"": ""hotels"", ""user"": ""When this is a business trip, please default to the safer arrival window. Prior travel-search context from Taskmaster-2 hotels: Hello. I'd like to have some help finding a hotel in New Orleans in the downtown area."", ""assistant"": ""For a business meeting, the safer default is the earlier option with a meeting buffer."", ""feedback"": ""Yes, that buffer is exactly what I need for business travel.""}]",pass,,
review_tm2_planning_user_0028_habit_business_travel_early_buffer_p00_direct_use,taskmaster_planning_v01_probe_795faa75f1df63e7,tm2_planning_user_0028_habit_business_travel_early_buffer_p00_direct_use,tm2_planning_user_0028,test,direct_use,planning_defaults,taskmaster_seeded_direct,Pick the default travel option for a client meeting next Thursday using the user's established planning preference.,"[{""choice_id"": ""A"", ""text"": ""Ask the user to restate their preference despite repeated prior evidence.""}, {""choice_id"": ""B"", ""text"": ""Choose the cheapest option even if it arrives right before the meeting.""}, {""choice_id"": ""C"", ""text"": ""Choose the option that arrives early and leaves about a 90-minute buffer before the meeting.""}, {""choice_id"": ""D"", ""text"": ""Choose the latest departure because shorter travel days are always best.""}]",C,apply_scoped_habit,"[{""session_id"": ""tm2_planning_user_0028_s0005"", ""session_index"": 5, ""signal_type"": ""support"", ""domain"": ""travel"", ""source_domain"": ""hotels"", ""user"": ""For client visits, I prefer predictable timing over the absolute cheapest itinerary. Prior travel-search context from Taskmaster-2 hotels: I would like to book a flight or hotel."", ""assistant"": ""For a business meeting, the safer default is the earlier option with a meeting buffer."", ""feedback"": ""Exactly. For work travel, reliability matters more than shaving off a little cost.""}, {""session_id"": ""tm2_planning_user_0028_s0007"", ""session_index"": 7, ""signal_type"": ""support"", ""domain"": ""travel"", ""source_domain"": ""flights"", ""user"": ""For work travel, I want the option with enough breathing room before the meeting. Prior travel-search context from Taskmaster-2 flights: Hi, I need help in finding a flight to Athens, Greece."", ""assistant"": ""I would avoid the tight arrival and preserve a 90-minute cushion before work starts."", ""feedback"": ""That is the right default for client trips: early arrival and breathing room.""}, {""session_id"": ""tm2_planning_user_0028_s0009"", ""session_index"": 9, ""signal_type"": ""support"", ""domain"": ""travel"", ""source_domain"": ""hotels"", ""user"": ""For work travel, I want the option with enough breathing room before the meeting. Prior travel-search context from Taskmaster-2 hotels: I'd like help finding a hotel in New York City."", ""assistant"": ""I would avoid the tight arrival and preserve a 90-minute cushion before work starts."", ""feedback"": ""Exactly. For work travel, reliability matters more than shaving off a little cost.""}, {""session_id"": ""tm2_planning_user_0028_s0012"", ""session_index"": 12, ""signal_type"": ""support"", ""domain"": ""travel"", ""source_domain"": ""flights"", ""user"": ""For work travel, I want the option with enough breathing room before the meeting. Prior travel-search context from Taskmaster-2 flights: Hello, I need some help in making a round-trip airline reservation from Seattle to Chicago."", ""assistant"": ""I would choose the earlier arrival and leave about a 90-minute buffer before the meeting."", ""feedback"": ""That is the right default for client trips: early arrival and breathing room.""}]",pass,,
review_tm2_planning_user_0028_habit_business_travel_early_buffer_p01_boundary,taskmaster_planning_v01_probe_de7060bd1ff861e2,tm2_planning_user_0028_habit_business_travel_early_buffer_p01_boundary,tm2_planning_user_0028,test,boundary,planning_defaults,taskmaster_seeded_boundary,Plan a relaxed weekend vacation where there is no meeting or appointment to protect.,"[{""choice_id"": ""A"", ""text"": ""Force an early arrival and a 90-minute meeting buffer anyway.""}, {""choice_id"": ""B"", ""text"": ""Optimize only for the cheapest arrival and ignore comfort.""}, {""choice_id"": ""C"", ""text"": ""Refuse to help because the user has a business travel habit.""}, {""choice_id"": ""D"", ""text"": ""Do not apply the business-travel timing rule; optimize for comfort and ask about leisure priorities.""}]",D,do_not_apply_out_of_scope,"[{""session_id"": ""tm2_planning_user_0028_s0015"", ""session_index"": 15, ""signal_type"": ""boundary_counterexample"", ""domain"": ""travel"", ""source_domain"": ""hotels"", ""user"": ""Plan a relaxed weekend getaway where I can sleep in and wander without a fixed schedule. Related travel context: I'd like you to find a hotel in New York City."", ""assistant"": ""Because this is leisure travel, I would optimize for comfort and timing preference rather than defaulting to an early business arrival."", ""feedback"": ""Right, this is not a work trip, so the business buffer should not drive the plan.""}, {""session_id"": ""tm2_planning_user_0028_s0018"", ""session_index"": 18, ""signal_type"": ""boundary_counterexample"", ""domain"": ""travel"", ""source_domain"": ""hotels"", ""user"": ""This is a leisure trip with no meetings; optimize for comfort and a relaxed pace. Related travel context: Hello. I'd like help in booking a room in Palm Spring, California, please."", ""assistant"": ""Because this is leisure travel, I would optimize for comfort and timing preference rather than defaulting to an early business arrival."", ""feedback"": ""Right, this is not a work trip, so the business buffer should not drive the plan.""}]",pass,,
review_tm2_planning_user_0028_habit_business_travel_early_buffer_p02_exception,taskmaster_planning_v01_probe_4111e86eb9faddf2,tm2_planning_user_0028_habit_business_travel_early_buffer_p02_exception,tm2_planning_user_0028,test,exception,planning_defaults,taskmaster_seeded_exception,Plan a personal trip that the user explicitly says is flexible and not tied to a meeting.,"[{""choice_id"": ""A"", ""text"": ""Say there is no way to plan without deleting the user's travel preference.""}, {""choice_id"": ""B"", ""text"": ""Apply the business-travel buffer because it is the most frequent prior pattern.""}, {""choice_id"": ""C"", ""text"": ""Treat this as an exception and avoid assuming the early-arrival business buffer.""}, {""choice_id"": ""D"", ""text"": ""Pick the tightest itinerary solely because it is cheap.""}]",C,apply_exception,"[{""session_id"": ""tm2_planning_user_0028_s0028"", ""session_index"": 28, ""signal_type"": ""exception"", ""domain"": ""travel"", ""source_domain"": ""hotels"", ""user"": ""This trip is explicitly flexible; I do not need the usual work-travel buffer. Use this travel context if useful: Yes, I need a hotel room four-star March 27th for one person. With a king-size bed near the airport. King Shaka Airport. In..."", ""assistant"": ""Since you explicitly marked this trip as flexible, I will not force the early-arrival business default."", ""feedback"": ""Yes, this is an exception to my usual business travel timing.""}]",pass,,
review_tm2_planning_user_0028_habit_business_travel_early_buffer_p03_explicit_retrieval,taskmaster_planning_v01_probe_a309a0139551f90d,tm2_planning_user_0028_habit_business_travel_early_buffer_p03_explicit_retrieval,tm2_planning_user_0028,test,explicit_retrieval,planning_defaults,taskmaster_seeded_explicit,Which travel planning preference has the user repeatedly reinforced for business or client-meeting trips?,"[{""choice_id"": ""A"", ""text"": ""For vacations, always force the earliest possible arrival.""}, {""choice_id"": ""B"", ""text"": ""For every trip, always choose the cheapest possible arrival.""}, {""choice_id"": ""C"", ""text"": ""For business travel, prefer early arrivals and leave about a 90-minute buffer before meetings.""}, {""choice_id"": ""D"", ""text"": ""The user has not shown any recurring business-travel timing preference.""}]",C,retrieve_explicit_preference_from_support,"[{""session_id"": ""tm2_planning_user_0028_s0005"", ""session_index"": 5, ""signal_type"": ""support"", ""domain"": ""travel"", ""source_domain"": ""hotels"", ""user"": ""For client visits, I prefer predictable timing over the absolute cheapest itinerary. Prior travel-search context from Taskmaster-2 hotels: I would like to book a flight or hotel."", ""assistant"": ""For a business meeting, the safer default is the earlier option with a meeting buffer."", ""feedback"": ""Exactly. For work travel, reliability matters more than shaving off a little cost.""}, {""session_id"": ""tm2_planning_user_0028_s0007"", ""session_index"": 7, ""signal_type"": ""support"", ""domain"": ""travel"", ""source_domain"": ""flights"", ""user"": ""For work travel, I want the option with enough breathing room before the meeting. Prior travel-search context from Taskmaster-2 flights: Hi, I need help in finding a flight to Athens, Greece."", ""assistant"": ""I would avoid the tight arrival and preserve a 90-minute cushion before work starts."", ""feedback"": ""That is the right default for client trips: early arrival and breathing room.""}, {""session_id"": ""tm2_planning_user_0028_s0009"", ""session_index"": 9, ""signal_type"": ""support"", ""domain"": ""travel"", ""source_domain"": ""hotels"", ""user"": ""For work travel, I want the option with enough breathing room before the meeting. Prior travel-search context from Taskmaster-2 hotels: I'd like help finding a hotel in New York City."", ""assistant"": ""I would avoid the tight arrival and preserve a 90-minute cushion before work starts."", ""feedback"": ""Exactly. For work travel, reliability matters more than shaving off a little cost.""}, {""session_id"": ""tm2_planning_user_0028_s0012"", ""session_index"": 12, ""signal_type"": ""support"", ""domain"": ""travel"", ""source_domain"": ""flights"", ""user"": ""For work travel, I want the option with enough breathing room before the meeting. Prior travel-search context from Taskmaster-2 flights: Hello, I need some help in making a round-trip airline reservation from Seattle to Chicago."", ""assistant"": ""I would choose the earlier arrival and leave about a 90-minute buffer before the meeting."", ""feedback"": ""That is the right default for client trips: early arrival and breathing room.""}]",pass,,
review_tm2_planning_user_0029_habit_business_travel_early_buffer_p00_direct_use,taskmaster_planning_v01_probe_8042a524499c142b,tm2_planning_user_0029_habit_business_travel_early_buffer_p00_direct_use,tm2_planning_user_0029,stress,direct_use,planning_defaults,taskmaster_seeded_direct,Pick the default travel option for a client meeting next Thursday using the user's established planning preference.,"[{""choice_id"": ""A"", ""text"": ""Choose the latest departure because shorter travel days are always best.""}, {""choice_id"": ""B"", ""text"": ""Ask the user to restate their preference despite repeated prior evidence.""}, {""choice_id"": ""C"", ""text"": ""Choose the option that arrives early and leaves about a 90-minute buffer before the meeting.""}, {""choice_id"": ""D"", ""text"": ""Choose the cheapest option even if it arrives right before the meeting.""}]",C,apply_scoped_habit,"[{""session_id"": ""tm2_planning_user_0029_s0009"", ""session_index"": 9, ""signal_type"": ""support"", ""domain"": ""travel"", ""source_domain"": ""hotels"", ""user"": ""I am heading to a meeting; build in a real buffer instead of cutting it close. Prior travel-search context from Taskmaster-2 hotels: Hi, I'd like help finding a hotel in New Orleans."", ""assistant"": ""I would choose the earlier arrival and leave about a 90-minute buffer before the meeting."", ""feedback"": ""Yes, that buffer is exactly what I need for business travel.""}, {""session_id"": ""tm2_planning_user_0029_s0010"", ""session_index"": 10, ""signal_type"": ""support"", ""domain"": ""travel"", ""source_domain"": ""flights"", ""user"": ""When this is a business trip, please default to the safer arrival window. Prior travel-search context from Taskmaster-2 flights: Hi. I'd like to book a round-trip airline flight from New York City to Jamaica."", ""assistant"": ""For a business meeting, the safer default is the earlier option with a meeting buffer."", ""feedback"": ""Exactly. For work travel, reliability matters more than shaving off a little cost.""}, {""session_id"": ""tm2_planning_user_0029_s0014"", ""session_index"": 14, ""signal_type"": ""support"", ""domain"": ""travel"", ""source_domain"": ""hotels"", ""user"": ""For work travel, I want the option with enough breathing room before the meeting. Prior travel-search context from Taskmaster-2 hotels: Yes, I would like to have help finding a hotel, please."", ""assistant"": ""I would avoid the tight arrival and preserve a 90-minute cushion before work starts."", ""feedback"": ""Good call. I do not want to land and rush straight into a meeting.""}, {""session_id"": ""tm2_planning_user_0029_s0024"", ""session_index"": 24, ""signal_type"": ""support"", ""domain"": ""travel"", ""source_domain"": ""hotels"", ""user"": ""This is for a client meeting, so choose timing that keeps me from rushing. Prior travel-search context from Taskmaster-2 hotels: Hi. Could you help me find a hotel in Madison, Wisconsin?"", ""assistant"": ""For a business meeting, the safer default is the earlier option with a meeting buffer."", ""feedback"": ""Good call. I do not want to land and rush straight into a meeting.""}]",pass,,
review_tm2_planning_user_0029_habit_business_travel_early_buffer_p01_boundary,taskmaster_planning_v01_probe_9ffc72439478bded,tm2_planning_user_0029_habit_business_travel_early_buffer_p01_boundary,tm2_planning_user_0029,stress,boundary,planning_defaults,taskmaster_seeded_boundary,Plan a relaxed weekend vacation where there is no meeting or appointment to protect.,"[{""choice_id"": ""A"", ""text"": ""Refuse to help because the user has a business travel habit.""}, {""choice_id"": ""B"", ""text"": ""Force an early arrival and a 90-minute meeting buffer anyway.""}, {""choice_id"": ""C"", ""text"": ""Do not apply the business-travel timing rule; optimize for comfort and ask about leisure priorities.""}, {""choice_id"": ""D"", ""text"": ""Optimize only for the cheapest arrival and ignore comfort.""}]",C,do_not_apply_out_of_scope,"[{""session_id"": ""tm2_planning_user_0029_s0021"", ""session_index"": 21, ""signal_type"": ""boundary_counterexample"", ""domain"": ""travel"", ""source_domain"": ""hotels"", ""user"": ""This is a leisure trip with no meetings; optimize for comfort and a relaxed pace. Related travel context: Hi. I need help finding a hotel in Charlotte, North Carolina."", ""assistant"": ""Because this is leisure travel, I would optimize for comfort and timing preference rather than defaulting to an early business arrival."", ""feedback"": ""Right, this is not a work trip, so the business buffer should not drive the plan.""}, {""session_id"": ""tm2_planning_user_0029_s0025"", ""session_index"": 25, ""signal_type"": ""boundary_counterexample"", ""domain"": ""travel"", ""source_domain"": ""hotels"", ""user"": ""Plan a relaxed weekend getaway where I can sleep in and wander without a fixed schedule. Related travel context: I'd like help finding a hotel in San Francisco."", ""assistant"": ""Because this is leisure travel, I would optimize for comfort and timing preference rather than defaulting to an early business arrival."", ""feedback"": ""Right, this is not a work trip, so the business buffer should not drive the plan.""}]",pass,,
review_tm2_planning_user_0029_habit_business_travel_early_buffer_p02_exception,taskmaster_planning_v01_probe_19af7d28c3edda49,tm2_planning_user_0029_habit_business_travel_early_buffer_p02_exception,tm2_planning_user_0029,stress,exception,planning_defaults,taskmaster_seeded_exception,Plan a personal trip that the user explicitly says is flexible and not tied to a meeting.,"[{""choice_id"": ""A"", ""text"": ""Pick the tightest itinerary solely because it is cheap.""}, {""choice_id"": ""B"", ""text"": ""Treat this as an exception and avoid assuming the early-arrival business buffer.""}, {""choice_id"": ""C"", ""text"": ""Say there is no way to plan without deleting the user's travel preference.""}, {""choice_id"": ""D"", ""text"": ""Apply the business-travel buffer because it is the most frequent prior pattern.""}]",B,apply_exception,"[{""session_id"": ""tm2_planning_user_0029_s0034"", ""session_index"": 34, ""signal_type"": ""exception"", ""domain"": ""travel"", ""source_domain"": ""flights"", ""user"": ""For this vacation day, there is no meeting clock to protect, so do not force an early arrival. Use this travel context if useful: Hi Assistant. Good, I would like to find a round-trip commercial airlines flight. And I'm going to travel f..."", ""assistant"": ""Since you explicitly marked this trip as flexible, I will not force the early-arrival business default."", ""feedback"": ""Yes, this is an exception to my usual business travel timing.""}]",pass,,
review_tm2_planning_user_0029_habit_business_travel_early_buffer_p03_explicit_retrieval,taskmaster_planning_v01_probe_186b65ce216d5d8c,tm2_planning_user_0029_habit_business_travel_early_buffer_p03_explicit_retrieval,tm2_planning_user_0029,stress,explicit_retrieval,planning_defaults,taskmaster_seeded_explicit,Which travel planning preference has the user repeatedly reinforced for business or client-meeting trips?,"[{""choice_id"": ""A"", ""text"": ""For business travel, prefer early arrivals and leave about a 90-minute buffer before meetings.""}, {""choice_id"": ""B"", ""text"": ""For vacations, always force the earliest possible arrival.""}, {""choice_id"": ""C"", ""text"": ""For every trip, always choose the cheapest possible arrival.""}, {""choice_id"": ""D"", ""text"": ""The user has not shown any recurring business-travel timing preference.""}]",A,retrieve_explicit_preference_from_support,"[{""session_id"": ""tm2_planning_user_0029_s0009"", ""session_index"": 9, ""signal_type"": ""support"", ""domain"": ""travel"", ""source_domain"": ""hotels"", ""user"": ""I am heading to a meeting; build in a real buffer instead of cutting it close. Prior travel-search context from Taskmaster-2 hotels: Hi, I'd like help finding a hotel in New Orleans."", ""assistant"": ""I would choose the earlier arrival and leave about a 90-minute buffer before the meeting."", ""feedback"": ""Yes, that buffer is exactly what I need for business travel.""}, {""session_id"": ""tm2_planning_user_0029_s0010"", ""session_index"": 10, ""signal_type"": ""support"", ""domain"": ""travel"", ""source_domain"": ""flights"", ""user"": ""When this is a business trip, please default to the safer arrival window. Prior travel-search context from Taskmaster-2 flights: Hi. I'd like to book a round-trip airline flight from New York City to Jamaica."", ""assistant"": ""For a business meeting, the safer default is the earlier option with a meeting buffer."", ""feedback"": ""Exactly. For work travel, reliability matters more than shaving off a little cost.""}, {""session_id"": ""tm2_planning_user_0029_s0014"", ""session_index"": 14, ""signal_type"": ""support"", ""domain"": ""travel"", ""source_domain"": ""hotels"", ""user"": ""For work travel, I want the option with enough breathing room before the meeting. Prior travel-search context from Taskmaster-2 hotels: Yes, I would like to have help finding a hotel, please."", ""assistant"": ""I would avoid the tight arrival and preserve a 90-minute cushion before work starts."", ""feedback"": ""Good call. I do not want to land and rush straight into a meeting.""}, {""session_id"": ""tm2_planning_user_0029_s0024"", ""session_index"": 24, ""signal_type"": ""support"", ""domain"": ""travel"", ""source_domain"": ""hotels"", ""user"": ""This is for a client meeting, so choose timing that keeps me from rushing. Prior travel-search context from Taskmaster-2 hotels: Hi. Could you help me find a hotel in Madison, Wisconsin?"", ""assistant"": ""For a business meeting, the safer default is the earlier option with a meeting buffer."", ""feedback"": ""Good call. I do not want to land and rush straight into a meeting.""}]",pass,,
