probe_id,domain,probe_type,removed_sentence_count,removed_sentences_json,old_query,new_query
mdgo_v11_probe_000026,finance,surface_decoy_pair,1,"[""The signed-in app and trusted device are already available.""]","Restore access to checking ending 4154 after a device change. Set up the $486 transfer from savings ending 7348 to checking ending 4154 for the annual insurance renewal. The signed-in app and trusted device are already available. The signed-in app and trusted device are already available. The calendar is tight, so I need a clean answer rather than a discussion of every possible workflow. Produce one replayable closeout under V12-FIN-R10026; the visible tools are context, not a substitute for the user’s recorded process.","Restore access to checking ending 4154 after a device change. Set up the $486 transfer from savings ending 7348 to checking ending 4154 for the annual insurance renewal. The signed-in app and trusted device are already available. The calendar is tight, so I need a clean answer rather than a discussion of every possible workflow. Produce one replayable closeout under V12-FIN-R10026; the visible tools are context, not a substitute for the user’s recorded process."
mdgo_v11_probe_000060,finance,surface_decoy_pair,1,"[""The signed-in app and trusted device are already available.""]","Prepare a $640 payment from checking ending 4120 to Meadow Insurance for May 22. Restore access to checking ending 4120 after a device change. The signed-in app and trusted device are already available. The signed-in app and trusted device are already available. This looks routine on the surface, but keep the record reviewable. Produce one replayable closeout under V12-FIN-R10060; the visible tools are context, not a substitute for the user’s recorded process.","Prepare a $640 payment from checking ending 4120 to Meadow Insurance for May 22. Restore access to checking ending 4120 after a device change. The signed-in app and trusted device are already available. This looks routine on the surface, but keep the record reviewable. Produce one replayable closeout under V12-FIN-R10060; the visible tools are context, not a substitute for the user’s recorded process."
mdgo_v11_probe_000062,finance,surface_decoy_pair,1,"[""The signed-in app and trusted device are already available.""]","Review the $136 fee posted by Beacon Storage on November 13 and prepare the case if the mismatch remains. A $1878 charge at Cedar Market is unfamiliar on card ending 9208. The signed-in app and trusted device are already available. The signed-in app and trusted device are already available. I am between meetings; give me one coherent closeout without dropping any checkpoint. Produce one replayable closeout under V12-FIN-R10062; the visible tools are context, not a substitute for the user’s recorded process.","Review the $136 fee posted by Beacon Storage on November 13 and prepare the case if the mismatch remains. A $1878 charge at Cedar Market is unfamiliar on card ending 9208. The signed-in app and trusted device are already available. I am between meetings; give me one coherent closeout without dropping any checkpoint. Produce one replayable closeout under V12-FIN-R10062; the visible tools are context, not a substitute for the user’s recorded process."
mdgo_v11_probe_000065,finance,suggestion_rejection_pair,1,"[""The case already contains a timestamped event list.""]",The $1579 charge from Oakline Media on card ending 8863 still does not reconcile. Review the April 9 statement for checking ending 4307 and explain the change. The case already contains a timestamped event list. The case already contains a timestamped event list. The deadline and available tools resemble a prior rushed cycle. Write the closeout that remains consistent with the user’s established decision records.,The $1579 charge from Oakline Media on card ending 8863 still does not reconcile. Review the April 9 statement for checking ending 4307 and explain the change. The case already contains a timestamped event list. The deadline and available tools resemble a prior rushed cycle. Write the closeout that remains consistent with the user’s established decision records.
mdgo_v11_probe_000087,finance,surface_decoy_pair,1,"[""The signed-in app and trusted device are already available.""]","Restore access to checking ending 4579 after a device change. The $1414 charge from Sunrise Hardware on card ending 9231 still does not reconcile. The signed-in app and trusted device are already available. The signed-in app and trusted device are already available. This looks routine on the surface, but keep the record reviewable. Produce one replayable closeout under V12-FIN-R10087; the visible tools are context, not a substitute for the user’s recorded process.","Restore access to checking ending 4579 after a device change. The $1414 charge from Sunrise Hardware on card ending 9231 still does not reconcile. The signed-in app and trusted device are already available. This looks routine on the surface, but keep the record reviewable. Produce one replayable closeout under V12-FIN-R10087; the visible tools are context, not a substitute for the user’s recorded process."
mdgo_v11_probe_000096,finance,surface_decoy_pair,1,"[""The signed-in app and trusted device are already available.""]","Check the present state of the $1435 transfer from checking ending 4681 for the vendor retainer. Move the mailing address for checking ending 4681 to the verified address on file. The signed-in app and trusted device are already available. The signed-in app and trusted device are already available. This looks routine on the surface, but keep the record reviewable. Produce one replayable closeout under V12-FIN-R10096; the visible tools are context, not a substitute for the user’s recorded process.","Check the present state of the $1435 transfer from checking ending 4681 for the vendor retainer. Move the mailing address for checking ending 4681 to the verified address on file. The signed-in app and trusted device are already available. This looks routine on the surface, but keep the record reviewable. Produce one replayable closeout under V12-FIN-R10096; the visible tools are context, not a substitute for the user’s recorded process."
mdgo_v11_probe_000110,software,suggestion_rejection_pair,1,"[""The case looks ordinary at first glance.""]",Nimbus Workbench 9.3.4 closes when I use notification rules in Firefox. Show me how to configure PDF export in Nimbus Workbench 10.0.1. The case looks ordinary at first glance. The case looks ordinary at first glance. The deadline and available tools resemble a prior rushed cycle. Write the closeout that remains consistent with the user’s established decision records.,Nimbus Workbench 9.3.4 closes when I use notification rules in Firefox. Show me how to configure PDF export in Nimbus Workbench 10.0.1. The case looks ordinary at first glance. The deadline and available tools resemble a prior rushed cycle. Write the closeout that remains consistent with the user’s established decision records.
mdgo_v11_probe_000115,finance,surface_decoy_pair,1,"[""The case already contains a timestamped event list.""]","The $1723 charge from Sunrise Hardware on card ending 9162 still does not reconcile. Reconcile the latest activity on card ending 9162 for the professional membership. The case already contains a timestamped event list. The case already contains a timestamped event list. The request is ordinary enough that the process details are easy to overlook. Produce one replayable closeout under V12-FIN-R10115; the visible tools are context, not a substitute for the user’s recorded process.","The $1723 charge from Sunrise Hardware on card ending 9162 still does not reconcile. Reconcile the latest activity on card ending 9162 for the professional membership. The case already contains a timestamped event list. The request is ordinary enough that the process details are easy to overlook. Produce one replayable closeout under V12-FIN-R10115; the visible tools are context, not a substitute for the user’s recorded process."
mdgo_v11_probe_000119,finance,surface_decoy_pair,1,"[""The case already contains a timestamped event list.""]","The $502 charge from Northline Books on card ending 8863 still does not reconcile. Card ending 8863 went missing during the clinic reimbursement. The case already contains a timestamped event list. The case already contains a timestamped event list. Please keep the response compact even though the case has more than one workstream. Produce one replayable closeout under V12-FIN-R10119; the visible tools are context, not a substitute for the user’s recorded process.","The $502 charge from Northline Books on card ending 8863 still does not reconcile. Card ending 8863 went missing during the clinic reimbursement. The case already contains a timestamped event list. Please keep the response compact even though the case has more than one workstream. Produce one replayable closeout under V12-FIN-R10119; the visible tools are context, not a substitute for the user’s recorded process."
mdgo_v11_probe_000144,finance,surface_decoy_pair,1,"[""The reviewer has a comparison worksheet open beside the case.""]","Review the June 11 statement for checking ending 4273 and explain the change. Assess a $22470 line-of-credit question for the workspace lease. The reviewer has a comparison worksheet open beside the case. The reviewer has a comparison worksheet open beside the case. Please keep the response compact even though the case has more than one workstream. Produce one replayable closeout under V12-FIN-R10144; the visible tools are context, not a substitute for the user’s recorded process.","Review the June 11 statement for checking ending 4273 and explain the change. Assess a $22470 line-of-credit question for the workspace lease. The reviewer has a comparison worksheet open beside the case. Please keep the response compact even though the case has more than one workstream. Produce one replayable closeout under V12-FIN-R10144; the visible tools are context, not a substitute for the user’s recorded process."
mdgo_v11_probe_000150,finance,surface_decoy_pair,1,"[""All of the current case details are already in the thread.""]","Compare financing paths for a $13608 vendor retainer. Prepare a $203 payment from checking ending 4460 to Beacon Property Services for May 22. All of the current case details are already in the thread. All of the current case details are already in the thread. I am between meetings; give me one coherent closeout without dropping any checkpoint. Produce one replayable closeout under V12-FIN-R10150; the visible tools are context, not a substitute for the user’s recorded process.","Compare financing paths for a $13608 vendor retainer. Prepare a $203 payment from checking ending 4460 to Beacon Property Services for May 22. All of the current case details are already in the thread. I am between meetings; give me one coherent closeout without dropping any checkpoint. Produce one replayable closeout under V12-FIN-R10150; the visible tools are context, not a substitute for the user’s recorded process."
mdgo_v11_probe_000159,finance,provenance_weighted_triple,1,"[""The standard support tools are available today.""]",A $1217 charge at Sunrise Hardware is unfamiliar on card ending 8771. Compare financing paths for a $20040 studio equipment invoice. Restore access to checking ending 4239 after a device change. The standard support tools are available today. The standard support tools are available today. The signed-in app and trusted device are already available. Bring the three workstreams into one auditable closeout. Several safe routes are locally available; use the routes supported by the user’s completed decision records.,A $1217 charge at Sunrise Hardware is unfamiliar on card ending 8771. Compare financing paths for a $20040 studio equipment invoice. Restore access to checking ending 4239 after a device change. The standard support tools are available today. The signed-in app and trusted device are already available. Bring the three workstreams into one auditable closeout. Several safe routes are locally available; use the routes supported by the user’s completed decision records.
mdgo_v11_probe_000196,finance,surface_decoy_pair,1,"[""All of the current case details are already in the thread.""]","Review the $1071 fee posted by Northline Books on February 6 and prepare the case if the mismatch remains. Assess a $21780 line-of-credit question for the workspace lease. All of the current case details are already in the thread. All of the current case details are already in the thread. This looks routine on the surface, but keep the record reviewable. Produce one replayable closeout under V12-FIN-R10196; the visible tools are context, not a substitute for the user’s recorded process.","Review the $1071 fee posted by Northline Books on February 6 and prepare the case if the mismatch remains. Assess a $21780 line-of-credit question for the workspace lease. All of the current case details are already in the thread. This looks routine on the surface, but keep the record reviewable. Produce one replayable closeout under V12-FIN-R10196; the visible tools are context, not a substitute for the user’s recorded process."
mdgo_v11_probe_000205,finance,surface_decoy_pair,1,"[""The standard support tools are available today.""]","Compare financing paths for a $10064 studio equipment invoice. The $1319 charge from Silverline Travel on card ending 8817 still does not reconcile. The standard support tools are available today. The standard support tools are available today. This looks routine on the surface, but keep the record reviewable. Produce one replayable closeout under V12-FIN-R10205; the visible tools are context, not a substitute for the user’s recorded process.","Compare financing paths for a $10064 studio equipment invoice. The $1319 charge from Silverline Travel on card ending 8817 still does not reconcile. The standard support tools are available today. This looks routine on the surface, but keep the record reviewable. Produce one replayable closeout under V12-FIN-R10205; the visible tools are context, not a substitute for the user’s recorded process."
mdgo_v11_probe_000211,finance,suggestion_rejection_pair,1,"[""All of the current case details are already in the thread.""]",Replace card ending 9254; its chip has stopped working. Review the $132 fee posted by Beacon Storage on October 19 and prepare the case if the mismatch remains. All of the current case details are already in the thread. All of the current case details are already in the thread. The deadline and available tools resemble a prior rushed cycle. Write the closeout that remains consistent with the user’s established decision records.,Replace card ending 9254; its chip has stopped working. Review the $132 fee posted by Beacon Storage on October 19 and prepare the case if the mismatch remains. All of the current case details are already in the thread. The deadline and available tools resemble a prior rushed cycle. Write the closeout that remains consistent with the user’s established decision records.
mdgo_v11_probe_000215,finance,provenance_weighted_triple,1,"[""The signed-in app and trusted device are already available.""]",Recover the secure profile tied to savings ending 7538. Review the $712 fee posted by Pine & Stone on August 15 and prepare the case if the mismatch remains. Check the present state of the $1318 transfer from checking ending 4324 for the vendor retainer. The signed-in app and trusted device are already available. The signed-in app and trusted device are already available. A current status screen is visible while I write this. Bring the three workstreams into one auditable closeout. Several safe routes are locally available; use the routes supported by the user’s completed decision records.,Recover the secure profile tied to savings ending 7538. Review the $712 fee posted by Pine & Stone on August 15 and prepare the case if the mismatch remains. Check the present state of the $1318 transfer from checking ending 4324 for the vendor retainer. The signed-in app and trusted device are already available. A current status screen is visible while I write this. Bring the three workstreams into one auditable closeout. Several safe routes are locally available; use the routes supported by the user’s completed decision records.
mdgo_v11_probe_000296,finance,provenance_weighted_triple,1,"[""The case looks ordinary at first glance.""]",A $2356 charge at Sunrise Hardware is unfamiliar on card ending 8725. The $2120 charge from Lakeside Studio on card ending 8725 still does not reconcile. Prepare a $483 payment from checking ending 4205 to Atlas Learning for June 11. The standard support tools are available today. The case looks ordinary at first glance. The case looks ordinary at first glance. Bring the three workstreams into one auditable closeout. Several safe routes are locally available; use the routes supported by the user’s completed decision records.,A $2356 charge at Sunrise Hardware is unfamiliar on card ending 8725. The $2120 charge from Lakeside Studio on card ending 8725 still does not reconcile. Prepare a $483 payment from checking ending 4205 to Atlas Learning for June 11. The standard support tools are available today. The case looks ordinary at first glance. Bring the three workstreams into one auditable closeout. Several safe routes are locally available; use the routes supported by the user’s completed decision records.
mdgo_v11_probe_000304,finance,surface_decoy_pair,1,"[""The case already contains a timestamped event list.""]","A $1242 charge at Silverline Travel is unfamiliar on card ending 8748. Review the July 27 statement for checking ending 4222 and explain the change. The case already contains a timestamped event list. The case already contains a timestamped event list. The calendar is tight, so I need a clean answer rather than a discussion of every possible workflow. Produce one replayable closeout under V12-FIN-R10304; the visible tools are context, not a substitute for the user’s recorded process.","A $1242 charge at Silverline Travel is unfamiliar on card ending 8748. Review the July 27 statement for checking ending 4222 and explain the change. The case already contains a timestamped event list. The calendar is tight, so I need a clean answer rather than a discussion of every possible workflow. Produce one replayable closeout under V12-FIN-R10304; the visible tools are context, not a substitute for the user’s recorded process."
mdgo_v11_probe_000309,finance,surface_decoy_pair,1,"[""The case looks ordinary at first glance.""]","Review the $755 fee posted by Lakeside Studio on October 19 and prepare the case if the mismatch remains. Set up the $143 transfer from savings ending 7500 to checking ending 4290 for the workspace lease. The case looks ordinary at first glance. The case looks ordinary at first glance. Please keep the response compact even though the case has more than one workstream. Produce one replayable closeout under V12-FIN-R10309; the visible tools are context, not a substitute for the user’s recorded process.","Review the $755 fee posted by Lakeside Studio on October 19 and prepare the case if the mismatch remains. Set up the $143 transfer from savings ending 7500 to checking ending 4290 for the workspace lease. The case looks ordinary at first glance. Please keep the response compact even though the case has more than one workstream. Produce one replayable closeout under V12-FIN-R10309; the visible tools are context, not a substitute for the user’s recorded process."
mdgo_v11_probe_000321,software,suggestion_rejection_pair,1,"[""The reviewer has a comparison worksheet open beside the case.""]",Set up account dashboard in Ridgeway Hub on Windows 11. Submit the reproducible Ridgeway Hub 10.0.1 defect and give me the handoff record. The reviewer has a comparison worksheet open beside the case. The reviewer has a comparison worksheet open beside the case. The deadline and available tools resemble a prior rushed cycle. Write the closeout that remains consistent with the user’s established decision records.,Set up account dashboard in Ridgeway Hub on Windows 11. Submit the reproducible Ridgeway Hub 10.0.1 defect and give me the handoff record. The reviewer has a comparison worksheet open beside the case. The deadline and available tools resemble a prior rushed cycle. Write the closeout that remains consistent with the user’s established decision records.
mdgo_v11_probe_000347,finance,surface_decoy_pair,1,"[""The signed-in app and trusted device are already available.""]","Recover the secure profile tied to savings ending 7500. Prepare a $1957 payment from checking ending 4290 to Meadow Insurance for November 13. The signed-in app and trusted device are already available. The signed-in app and trusted device are already available. Please keep the response compact even though the case has more than one workstream. Produce one replayable closeout under V12-FIN-R10347; the visible tools are context, not a substitute for the user’s recorded process.","Recover the secure profile tied to savings ending 7500. Prepare a $1957 payment from checking ending 4290 to Meadow Insurance for November 13. The signed-in app and trusted device are already available. Please keep the response compact even though the case has more than one workstream. Produce one replayable closeout under V12-FIN-R10347; the visible tools are context, not a substitute for the user’s recorded process."
mdgo_v11_probe_000397,finance,surface_decoy_pair,1,"[""The case looks ordinary at first glance.""]","Compare financing paths for a $18872 travel deposit. Review the $734 fee posted by Maple Dental on June 11 and prepare the case if the mismatch remains. The case looks ordinary at first glance. The case looks ordinary at first glance. This looks routine on the surface, but keep the record reviewable. Produce one replayable closeout under V12-FIN-R10397; the visible tools are context, not a substitute for the user’s recorded process.","Compare financing paths for a $18872 travel deposit. Review the $734 fee posted by Maple Dental on June 11 and prepare the case if the mismatch remains. The case looks ordinary at first glance. This looks routine on the surface, but keep the record reviewable. Produce one replayable closeout under V12-FIN-R10397; the visible tools are context, not a substitute for the user’s recorded process."
mdgo_v11_probe_000452,finance,provenance_weighted_triple,1,"[""All of the current case details are already in the thread.""]",A $1241 charge at Maple Dental is unfamiliar on card ending 9369. The $1775 charge from Silverline Travel on card ending 9369 still does not reconcile. Prepare a $215 payment from checking ending 4681 to Cedar Dental for April 9. The case looks ordinary at first glance. All of the current case details are already in the thread. All of the current case details are already in the thread. Bring the three workstreams into one auditable closeout. Several safe routes are locally available; use the routes supported by the user’s completed decision records.,A $1241 charge at Maple Dental is unfamiliar on card ending 9369. The $1775 charge from Silverline Travel on card ending 9369 still does not reconcile. Prepare a $215 payment from checking ending 4681 to Cedar Dental for April 9. The case looks ordinary at first glance. All of the current case details are already in the thread. Bring the three workstreams into one auditable closeout. Several safe routes are locally available; use the routes supported by the user’s completed decision records.
mdgo_v11_probe_000458,finance,surface_decoy_pair,1,"[""The case looks ordinary at first glance.""]","Set up the $122 transfer from savings ending 7728 to checking ending 4494 for the vendor retainer. Assess a $18340 line-of-credit question for the quarterly tax reserve. The case looks ordinary at first glance. The case looks ordinary at first glance. The request is ordinary enough that the process details are easy to overlook. Produce one replayable closeout under V12-FIN-R10458; the visible tools are context, not a substitute for the user’s recorded process.","Set up the $122 transfer from savings ending 7728 to checking ending 4494 for the vendor retainer. Assess a $18340 line-of-credit question for the quarterly tax reserve. The case looks ordinary at first glance. The request is ordinary enough that the process details are easy to overlook. Produce one replayable closeout under V12-FIN-R10458; the visible tools are context, not a substitute for the user’s recorded process."
mdgo_v11_probe_000473,finance,suggestion_rejection_pair,1,"[""The signed-in app and trusted device are already available.""]",Recover the secure profile tied to savings ending 7937. Replace card ending 9369; its chip has stopped working. The signed-in app and trusted device are already available. The signed-in app and trusted device are already available. The deadline and available tools resemble a prior rushed cycle. Write the closeout that remains consistent with the user’s established decision records.,Recover the secure profile tied to savings ending 7937. Replace card ending 9369; its chip has stopped working. The signed-in app and trusted device are already available. The deadline and available tools resemble a prior rushed cycle. Write the closeout that remains consistent with the user’s established decision records.
mdgo_v11_probe_000481,finance,surface_decoy_pair,1,"[""The case already contains a timestamped event list.""]","Review the May 22 statement for checking ending 4392 and explain the change. Card ending 8978 went missing during the studio equipment invoice. The case already contains a timestamped event list. The case already contains a timestamped event list. I am between meetings; give me one coherent closeout without dropping any checkpoint. Produce one replayable closeout under V12-FIN-R10481; the visible tools are context, not a substitute for the user’s recorded process.","Review the May 22 statement for checking ending 4392 and explain the change. Card ending 8978 went missing during the studio equipment invoice. The case already contains a timestamped event list. I am between meetings; give me one coherent closeout without dropping any checkpoint. Produce one replayable closeout under V12-FIN-R10481; the visible tools are context, not a substitute for the user’s recorded process."
mdgo_v11_probe_000495,software,suggestion_rejection_pair,1,"[""All of the current case details are already in the thread.""]",Nimbus Workbench 7.4.2 closes when I use report builder in Safari. Set up shared inbox in Nimbus Workbench on macOS 15. All of the current case details are already in the thread. All of the current case details are already in the thread. The deadline and available tools resemble a prior rushed cycle. Write the closeout that remains consistent with the user’s established decision records.,Nimbus Workbench 7.4.2 closes when I use report builder in Safari. Set up shared inbox in Nimbus Workbench on macOS 15. All of the current case details are already in the thread. The deadline and available tools resemble a prior rushed cycle. Write the closeout that remains consistent with the user’s established decision records.
mdgo_v11_probe_000501,software,suggestion_rejection_pair,1,"[""The next reviewer asked for a compact handoff artifact.""]",The notification rules issue in Cobalt Office has survived the first check; move the case forward. Submit the reproducible Cobalt Office 7.5.1 defect and give me the handoff record. The next reviewer asked for a compact handoff artifact. The next reviewer asked for a compact handoff artifact. The deadline and available tools resemble a prior rushed cycle. Write the closeout that remains consistent with the user’s established decision records.,The notification rules issue in Cobalt Office has survived the first check; move the case forward. Submit the reproducible Cobalt Office 7.5.1 defect and give me the handoff record. The next reviewer asked for a compact handoff artifact. The deadline and available tools resemble a prior rushed cycle. Write the closeout that remains consistent with the user’s established decision records.
mdgo_v11_probe_000512,finance,suggestion_rejection_pair,1,"[""The standard support tools are available today.""]",Replace card ending 9415; its chip has stopped working. Compare financing paths for a $8024 quarterly tax reserve. The standard support tools are available today. The standard support tools are available today. The deadline and available tools resemble a prior rushed cycle. Write the closeout that remains consistent with the user’s established decision records.,Replace card ending 9415; its chip has stopped working. Compare financing paths for a $8024 quarterly tax reserve. The standard support tools are available today. The deadline and available tools resemble a prior rushed cycle. Write the closeout that remains consistent with the user’s established decision records.
mdgo_v11_probe_000559,finance,provenance_weighted_triple,1,"[""The signed-in app and trusted device are already available.""]",Check the present state of the $221 transfer from checking ending 4324 for the workspace lease. Move the mailing address for checking ending 4324 to the verified address on file. Card ending 8886 went missing during the clinic reimbursement. A current status screen is visible while I write this. The signed-in app and trusted device are already available. The signed-in app and trusted device are already available. Bring the three workstreams into one auditable closeout. Several safe routes are locally available; use the routes supported by the user’s completed decision records.,Check the present state of the $221 transfer from checking ending 4324 for the workspace lease. Move the mailing address for checking ending 4324 to the verified address on file. Card ending 8886 went missing during the clinic reimbursement. A current status screen is visible while I write this. The signed-in app and trusted device are already available. Bring the three workstreams into one auditable closeout. Several safe routes are locally available; use the routes supported by the user’s completed decision records.
mdgo_v11_probe_000578,finance,surface_decoy_pair,1,"[""The signed-in app and trusted device are already available.""]","Replace card ending 9300; its chip has stopped working. Check the present state of the $363 transfer from checking ending 4630 for the studio equipment invoice. The signed-in app and trusted device are already available. The signed-in app and trusted device are already available. The request is ordinary enough that the process details are easy to overlook. Produce one replayable closeout under V12-FIN-R10578; the visible tools are context, not a substitute for the user’s recorded process.","Replace card ending 9300; its chip has stopped working. Check the present state of the $363 transfer from checking ending 4630 for the studio equipment invoice. The signed-in app and trusted device are already available. The request is ordinary enough that the process details are easy to overlook. Produce one replayable closeout under V12-FIN-R10578; the visible tools are context, not a substitute for the user’s recorded process."
mdgo_v11_probe_000585,finance,provenance_weighted_triple,1,"[""The signed-in app and trusted device are already available.""]",Set up the $1561 transfer from savings ending 7614 to checking ending 4392 for the professional membership. Card ending 8978 went missing during the annual insurance renewal. The $656 charge from Sunrise Hardware on card ending 8978 still does not reconcile. The signed-in app and trusted device are already available. The signed-in app and trusted device are already available. All of the current case details are already in the thread. Bring the three workstreams into one auditable closeout. Several safe routes are locally available; use the routes supported by the user’s completed decision records.,Set up the $1561 transfer from savings ending 7614 to checking ending 4392 for the professional membership. Card ending 8978 went missing during the annual insurance renewal. The $656 charge from Sunrise Hardware on card ending 8978 still does not reconcile. The signed-in app and trusted device are already available. All of the current case details are already in the thread. Bring the three workstreams into one auditable closeout. Several safe routes are locally available; use the routes supported by the user’s completed decision records.
mdgo_v11_probe_000605,finance,surface_decoy_pair,1,"[""The signed-in app and trusted device are already available.""]","Move the mailing address for checking ending 4545 to the verified address on file. Tell me where the $2211 payment to Beacon Property Services stands now. The signed-in app and trusted device are already available. The signed-in app and trusted device are already available. I am between meetings; give me one coherent closeout without dropping any checkpoint. Produce one replayable closeout under V12-FIN-R10605; the visible tools are context, not a substitute for the user’s recorded process.","Move the mailing address for checking ending 4545 to the verified address on file. Tell me where the $2211 payment to Beacon Property Services stands now. The signed-in app and trusted device are already available. I am between meetings; give me one coherent closeout without dropping any checkpoint. Produce one replayable closeout under V12-FIN-R10605; the visible tools are context, not a substitute for the user’s recorded process."
mdgo_v11_probe_000635,finance,suggestion_rejection_pair,1,"[""The signed-in app and trusted device are already available.""]",A $2212 charge at Pine & Stone is unfamiliar on card ending 8610. Recover the secure profile tied to savings ending 7310. The signed-in app and trusted device are already available. The signed-in app and trusted device are already available. The deadline and available tools resemble a prior rushed cycle. Write the closeout that remains consistent with the user’s established decision records.,A $2212 charge at Pine & Stone is unfamiliar on card ending 8610. Recover the secure profile tied to savings ending 7310. The signed-in app and trusted device are already available. The deadline and available tools resemble a prior rushed cycle. Write the closeout that remains consistent with the user’s established decision records.
mdgo_v11_probe_000673,software,suggestion_rejection_pair,1,"[""The reviewer has a comparison worksheet open beside the case.""]",Set up notification rules in Seabird Office on macOS 15. Report Builder fails in Seabird Office on macOS 15 with error AUTH-29; diagnose it. The reviewer has a comparison worksheet open beside the case. The reviewer has a comparison worksheet open beside the case. The deadline and available tools resemble a prior rushed cycle. Write the closeout that remains consistent with the user’s established decision records.,Set up notification rules in Seabird Office on macOS 15. Report Builder fails in Seabird Office on macOS 15 with error AUTH-29; diagnose it. The reviewer has a comparison worksheet open beside the case. The deadline and available tools resemble a prior rushed cycle. Write the closeout that remains consistent with the user’s established decision records.
mdgo_v11_probe_000683,finance,suggestion_rejection_pair,1,"[""The signed-in app and trusted device are already available.""]",Replace card ending 8656; its chip has stopped working. Set up the $1407 transfer from savings ending 7348 to checking ending 4154 for the home repair. The signed-in app and trusted device are already available. The signed-in app and trusted device are already available. The deadline and available tools resemble a prior rushed cycle. Write the closeout that remains consistent with the user’s established decision records.,Replace card ending 8656; its chip has stopped working. Set up the $1407 transfer from savings ending 7348 to checking ending 4154 for the home repair. The signed-in app and trusted device are already available. The deadline and available tools resemble a prior rushed cycle. Write the closeout that remains consistent with the user’s established decision records.
mdgo_v11_probe_000686,finance,suggestion_rejection_pair,1,"[""The signed-in app and trusted device are already available.""]",Review the $951 fee posted by Willow Pharmacy on August 15 and prepare the case if the mismatch remains. Restore access to checking ending 4562 after a device change. The signed-in app and trusted device are already available. The signed-in app and trusted device are already available. The deadline and available tools resemble a prior rushed cycle. Write the closeout that remains consistent with the user’s established decision records.,Review the $951 fee posted by Willow Pharmacy on August 15 and prepare the case if the mismatch remains. Restore access to checking ending 4562 after a device change. The signed-in app and trusted device are already available. The deadline and available tools resemble a prior rushed cycle. Write the closeout that remains consistent with the user’s established decision records.
mdgo_v11_probe_000700,finance,suggestion_rejection_pair,1,"[""The signed-in app and trusted device are already available.""]",Prepare a $374 payment from checking ending 4511 to Cedar Dental for August 15. Check the present state of the $1111 transfer from checking ending 4511 for the travel deposit. The signed-in app and trusted device are already available. The signed-in app and trusted device are already available. The deadline and available tools resemble a prior rushed cycle. Write the closeout that remains consistent with the user’s established decision records.,Prepare a $374 payment from checking ending 4511 to Cedar Dental for August 15. Check the present state of the $1111 transfer from checking ending 4511 for the travel deposit. The signed-in app and trusted device are already available. The deadline and available tools resemble a prior rushed cycle. Write the closeout that remains consistent with the user’s established decision records.
mdgo_v11_probe_000726,software,surface_decoy_pair,1,"[""All of the current case details are already in the thread.""]","AsterDesk 9.2.0 closes when I use contact import in Chrome. The PDF export issue in AsterDesk has survived the first check; move the case forward. All of the current case details are already in the thread. All of the current case details are already in the thread. The request is ordinary enough that the process details are easy to overlook. Produce one replayable closeout under V12-SW-R10726; the visible tools are context, not a substitute for the user’s recorded process.","AsterDesk 9.2.0 closes when I use contact import in Chrome. The PDF export issue in AsterDesk has survived the first check; move the case forward. All of the current case details are already in the thread. The request is ordinary enough that the process details are easy to overlook. Produce one replayable closeout under V12-SW-R10726; the visible tools are context, not a substitute for the user’s recorded process."
mdgo_v11_probe_000753,software,suggestion_rejection_pair,1,"[""All of the current case details are already in the thread.""]",Orbit Office 7.5.1 closes when I use PDF export in Firefox. Show me how to configure contact import in Orbit Office 8.1.6. All of the current case details are already in the thread. All of the current case details are already in the thread. The deadline and available tools resemble a prior rushed cycle. Write the closeout that remains consistent with the user’s established decision records.,Orbit Office 7.5.1 closes when I use PDF export in Firefox. Show me how to configure contact import in Orbit Office 8.1.6. All of the current case details are already in the thread. The deadline and available tools resemble a prior rushed cycle. Write the closeout that remains consistent with the user’s established decision records.
mdgo_v11_probe_000777,finance,provenance_weighted_triple,1,"[""The case already contains a timestamped event list.""]",Set up the $1336 transfer from savings ending 7519 to checking ending 4307 for the clinic reimbursement. Card ending 8863 went missing during the quarterly tax reserve. Review the $2484 fee posted by Harbor Transit on November 13 and prepare the case if the mismatch remains. All of the current case details are already in the thread. The case already contains a timestamped event list. The case already contains a timestamped event list. Bring the three workstreams into one auditable closeout. Several safe routes are locally available; use the routes supported by the user’s completed decision records.,Set up the $1336 transfer from savings ending 7519 to checking ending 4307 for the clinic reimbursement. Card ending 8863 went missing during the quarterly tax reserve. Review the $2484 fee posted by Harbor Transit on November 13 and prepare the case if the mismatch remains. All of the current case details are already in the thread. The case already contains a timestamped event list. Bring the three workstreams into one auditable closeout. Several safe routes are locally available; use the routes supported by the user’s completed decision records.
mdgo_v11_probe_000790,finance,provenance_weighted_triple,1,"[""The case already contains a timestamped event list.""]",The $1146 charge from Atlas Learning on card ending 9346 still does not reconcile. Check the present state of the $1885 transfer from checking ending 4664 for the studio equipment invoice. Review the September 8 statement for checking ending 4664 and explain the change. The standard support tools are available today. The case already contains a timestamped event list. The case already contains a timestamped event list. Bring the three workstreams into one auditable closeout. Several safe routes are locally available; use the routes supported by the user’s completed decision records.,The $1146 charge from Atlas Learning on card ending 9346 still does not reconcile. Check the present state of the $1885 transfer from checking ending 4664 for the studio equipment invoice. Review the September 8 statement for checking ending 4664 and explain the change. The standard support tools are available today. The case already contains a timestamped event list. Bring the three workstreams into one auditable closeout. Several safe routes are locally available; use the routes supported by the user’s completed decision records.
mdgo_v11_probe_000854,finance,surface_decoy_pair,1,"[""The signed-in app and trusted device are already available.""]","Tell me where the $220 payment to Meadow Insurance stands now. The $2357 charge from Atlas Learning on card ending 9162 still does not reconcile. The signed-in app and trusted device are already available. The signed-in app and trusted device are already available. The request is ordinary enough that the process details are easy to overlook. Produce one replayable closeout under V12-FIN-R10854; the visible tools are context, not a substitute for the user’s recorded process.","Tell me where the $220 payment to Meadow Insurance stands now. The $2357 charge from Atlas Learning on card ending 9162 still does not reconcile. The signed-in app and trusted device are already available. The request is ordinary enough that the process details are easy to overlook. Produce one replayable closeout under V12-FIN-R10854; the visible tools are context, not a substitute for the user’s recorded process."
mdgo_v11_probe_000879,finance,surface_decoy_pair,1,"[""The signed-in app and trusted device are already available.""]","Recover the secure profile tied to savings ending 7728. The $323 charge from Westbridge Labs on card ending 9116 still does not reconcile. The signed-in app and trusted device are already available. The signed-in app and trusted device are already available. I am between meetings; give me one coherent closeout without dropping any checkpoint. Produce one replayable closeout under V12-FIN-R10879; the visible tools are context, not a substitute for the user’s recorded process.","Recover the secure profile tied to savings ending 7728. The $323 charge from Westbridge Labs on card ending 9116 still does not reconcile. The signed-in app and trusted device are already available. I am between meetings; give me one coherent closeout without dropping any checkpoint. Produce one replayable closeout under V12-FIN-R10879; the visible tools are context, not a substitute for the user’s recorded process."
mdgo_v11_probe_000918,finance,suggestion_rejection_pair,1,"[""The signed-in app and trusted device are already available.""]",A $1262 charge at Juniper Wireless is unfamiliar on card ending 9047. Check the present state of the $409 transfer from checking ending 4443 for the professional membership. The signed-in app and trusted device are already available. The signed-in app and trusted device are already available. The deadline and available tools resemble a prior rushed cycle. Write the closeout that remains consistent with the user’s established decision records.,A $1262 charge at Juniper Wireless is unfamiliar on card ending 9047. Check the present state of the $409 transfer from checking ending 4443 for the professional membership. The signed-in app and trusted device are already available. The deadline and available tools resemble a prior rushed cycle. Write the closeout that remains consistent with the user’s established decision records.
mdgo_v11_probe_000969,finance,provenance_weighted_triple,1,"[""The signed-in app and trusted device are already available.""]",A $1783 charge at Beacon Storage is unfamiliar on card ending 9001. Assess a $11290 line-of-credit question for the professional membership. Restore access to checking ending 4409 after a device change. The signed-in app and trusted device are already available. The case looks ordinary at first glance. The signed-in app and trusted device are already available. Bring the three workstreams into one auditable closeout. Several safe routes are locally available; use the routes supported by the user’s completed decision records.,A $1783 charge at Beacon Storage is unfamiliar on card ending 9001. Assess a $11290 line-of-credit question for the professional membership. Restore access to checking ending 4409 after a device change. The signed-in app and trusted device are already available. The case looks ordinary at first glance. Bring the three workstreams into one auditable closeout. Several safe routes are locally available; use the routes supported by the user’s completed decision records.
mdgo_v11_probe_000981,finance,surface_decoy_pair,1,"[""The signed-in app and trusted device are already available.""]","Restore access to checking ending 4664 after a device change. Review the $2326 fee posted by Riverview Energy on November 13 and prepare the case if the mismatch remains. The signed-in app and trusted device are already available. The signed-in app and trusted device are already available. The request is ordinary enough that the process details are easy to overlook. Produce one replayable closeout under V12-FIN-R10981; the visible tools are context, not a substitute for the user’s recorded process.","Restore access to checking ending 4664 after a device change. Review the $2326 fee posted by Riverview Energy on November 13 and prepare the case if the mismatch remains. The signed-in app and trusted device are already available. The request is ordinary enough that the process details are easy to overlook. Produce one replayable closeout under V12-FIN-R10981; the visible tools are context, not a substitute for the user’s recorded process."
mdgo_v11_probe_000984,finance,surface_decoy_pair,1,"[""The signed-in app and trusted device are already available.""]","Set up the $1255 transfer from savings ending 7310 to checking ending 4120 for the travel deposit. Recover the secure profile tied to savings ending 7310. The signed-in app and trusted device are already available. The signed-in app and trusted device are already available. I am between meetings; give me one coherent closeout without dropping any checkpoint. Produce one replayable closeout under V12-FIN-R10984; the visible tools are context, not a substitute for the user’s recorded process.","Set up the $1255 transfer from savings ending 7310 to checking ending 4120 for the travel deposit. Recover the secure profile tied to savings ending 7310. The signed-in app and trusted device are already available. I am between meetings; give me one coherent closeout without dropping any checkpoint. Produce one replayable closeout under V12-FIN-R10984; the visible tools are context, not a substitute for the user’s recorded process."
mdgo_v11_probe_000996,finance,surface_decoy_pair,1,"[""The signed-in app and trusted device are already available.""]","Card ending 8633 went missing during the quarterly tax reserve. The $2264 charge from Meadow Insurance on card ending 8633 still does not reconcile. The signed-in app and trusted device are already available. The signed-in app and trusted device are already available. I am between meetings; give me one coherent closeout without dropping any checkpoint. Produce one replayable closeout under V12-FIN-R10996; the visible tools are context, not a substitute for the user’s recorded process.","Card ending 8633 went missing during the quarterly tax reserve. The $2264 charge from Meadow Insurance on card ending 8633 still does not reconcile. The signed-in app and trusted device are already available. I am between meetings; give me one coherent closeout without dropping any checkpoint. Produce one replayable closeout under V12-FIN-R10996; the visible tools are context, not a substitute for the user’s recorded process."
mdgo_v11_probe_001021,finance,provenance_weighted_triple,1,"[""The signed-in app and trusted device are already available.""]",Compare financing paths for a $6040 travel deposit. Prepare a $1613 payment from checking ending 4664 to Juniper Wireless for July 27. Recover the secure profile tied to savings ending 7918. All of the current case details are already in the thread. The signed-in app and trusted device are already available. The signed-in app and trusted device are already available. Bring the three workstreams into one auditable closeout. Several safe routes are locally available; use the routes supported by the user’s completed decision records.,Compare financing paths for a $6040 travel deposit. Prepare a $1613 payment from checking ending 4664 to Juniper Wireless for July 27. Recover the secure profile tied to savings ending 7918. All of the current case details are already in the thread. The signed-in app and trusted device are already available. Bring the three workstreams into one auditable closeout. Several safe routes are locally available; use the routes supported by the user’s completed decision records.
mdgo_v11_probe_001031,finance,suggestion_rejection_pair,1,"[""The signed-in app and trusted device are already available.""]",Restore access to checking ending 4443 after a device change. The $1620 charge from Elm Fitness on card ending 9047 still does not reconcile. The signed-in app and trusted device are already available. The signed-in app and trusted device are already available. The deadline and available tools resemble a prior rushed cycle. Write the closeout that remains consistent with the user’s established decision records.,Restore access to checking ending 4443 after a device change. The $1620 charge from Elm Fitness on card ending 9047 still does not reconcile. The signed-in app and trusted device are already available. The deadline and available tools resemble a prior rushed cycle. Write the closeout that remains consistent with the user’s established decision records.
mdgo_v11_probe_001037,finance,provenance_weighted_triple,1,"[""The standard support tools are available today.""]",Replace card ending 9185; its chip has stopped working. Compare financing paths for a $16592 home repair. Prepare a $2224 payment from checking ending 4545 to Riverview Energy for March 18. The verified contact channel is reachable right now. The standard support tools are available today. The standard support tools are available today. Bring the three workstreams into one auditable closeout. Several safe routes are locally available; use the routes supported by the user’s completed decision records.,Replace card ending 9185; its chip has stopped working. Compare financing paths for a $16592 home repair. Prepare a $2224 payment from checking ending 4545 to Riverview Energy for March 18. The verified contact channel is reachable right now. The standard support tools are available today. Bring the three workstreams into one auditable closeout. Several safe routes are locally available; use the routes supported by the user’s completed decision records.
mdgo_v11_probe_001046,finance,suggestion_rejection_pair,1,"[""The case looks ordinary at first glance.""]",Assess a $19250 line-of-credit question for the home repair. Card ending 8978 went missing during the travel deposit. The case looks ordinary at first glance. The case looks ordinary at first glance. The deadline and available tools resemble a prior rushed cycle. Write the closeout that remains consistent with the user’s established decision records.,Assess a $19250 line-of-credit question for the home repair. Card ending 8978 went missing during the travel deposit. The case looks ordinary at first glance. The deadline and available tools resemble a prior rushed cycle. Write the closeout that remains consistent with the user’s established decision records.
mdgo_v11_probe_001052,finance,suggestion_rejection_pair,1,"[""The signed-in app and trusted device are already available.""]",Review the $1570 fee posted by Granite Office on June 11 and prepare the case if the mismatch remains. Recover the secure profile tied to savings ending 7462. The signed-in app and trusted device are already available. The signed-in app and trusted device are already available. The deadline and available tools resemble a prior rushed cycle. Write the closeout that remains consistent with the user’s established decision records.,Review the $1570 fee posted by Granite Office on June 11 and prepare the case if the mismatch remains. Recover the secure profile tied to savings ending 7462. The signed-in app and trusted device are already available. The deadline and available tools resemble a prior rushed cycle. Write the closeout that remains consistent with the user’s established decision records.
mdgo_v11_probe_001097,finance,provenance_weighted_triple,1,"[""All of the current case details are already in the thread.""]",Replace card ending 9070; its chip has stopped working. Assess a $23460 line-of-credit question for the studio equipment invoice. Set up the $476 transfer from savings ending 7690 to checking ending 4460 for the annual insurance renewal. The verified contact channel is reachable right now. All of the current case details are already in the thread. All of the current case details are already in the thread. Bring the three workstreams into one auditable closeout. Several safe routes are locally available; use the routes supported by the user’s completed decision records.,Replace card ending 9070; its chip has stopped working. Assess a $23460 line-of-credit question for the studio equipment invoice. Set up the $476 transfer from savings ending 7690 to checking ending 4460 for the annual insurance renewal. The verified contact channel is reachable right now. All of the current case details are already in the thread. Bring the three workstreams into one auditable closeout. Several safe routes are locally available; use the routes supported by the user’s completed decision records.
mdgo_v11_probe_001105,finance,provenance_weighted_triple,1,"[""The signed-in app and trusted device are already available.""]",Card ending 9208 went missing during the travel deposit. Review the $1249 fee posted by Beacon Storage on February 6 and prepare the case if the mismatch remains. Tell me where the $675 payment to Juniper Wireless stands now. The signed-in app and trusted device are already available. The signed-in app and trusted device are already available. The case already contains a timestamped event list. Bring the three workstreams into one auditable closeout. Several safe routes are locally available; use the routes supported by the user’s completed decision records.,Card ending 9208 went missing during the travel deposit. Review the $1249 fee posted by Beacon Storage on February 6 and prepare the case if the mismatch remains. Tell me where the $675 payment to Juniper Wireless stands now. The signed-in app and trusted device are already available. The case already contains a timestamped event list. Bring the three workstreams into one auditable closeout. Several safe routes are locally available; use the routes supported by the user’s completed decision records.
mdgo_v11_probe_001112,finance,provenance_weighted_triple,1,"[""The case looks ordinary at first glance.""]",Compare financing paths for a $13024 studio equipment invoice. Set up the $1504 transfer from savings ending 7519 to checking ending 4307 for the quarterly tax reserve. Card ending 8863 went missing during the workspace lease. The case looks ordinary at first glance. The case looks ordinary at first glance. The signed-in app and trusted device are already available. Bring the three workstreams into one auditable closeout. Several safe routes are locally available; use the routes supported by the user’s completed decision records.,Compare financing paths for a $13024 studio equipment invoice. Set up the $1504 transfer from savings ending 7519 to checking ending 4307 for the quarterly tax reserve. Card ending 8863 went missing during the workspace lease. The case looks ordinary at first glance. The signed-in app and trusted device are already available. Bring the three workstreams into one auditable closeout. Several safe routes are locally available; use the routes supported by the user’s completed decision records.
mdgo_v11_probe_001113,software,provenance_weighted_triple,2,"[""The standard support tools are available today."", ""The standard support tools are available today.""]",Orbit Office 7.4.2 closes when I use notification rules in Firefox. The template gallery issue in Orbit Office has survived the first check; move the case forward. Show me how to configure file preview in Orbit Office 8.0.3. The standard support tools are available today. The standard support tools are available today. The standard support tools are available today. Bring the three workstreams into one auditable closeout. Several safe routes are locally available; use the routes supported by the user’s completed decision records.,Orbit Office 7.4.2 closes when I use notification rules in Firefox. The template gallery issue in Orbit Office has survived the first check; move the case forward. Show me how to configure file preview in Orbit Office 8.0.3. The standard support tools are available today. Bring the three workstreams into one auditable closeout. Several safe routes are locally available; use the routes supported by the user’s completed decision records.
mdgo_v11_probe_001121,software,suggestion_rejection_pair,1,"[""The case already contains a timestamped event list.""]",File the account dashboard problem with error E-502 and return the case record. Check the installation guidance for template gallery on Windows 11. The case already contains a timestamped event list. The case already contains a timestamped event list. The deadline and available tools resemble a prior rushed cycle. Write the closeout that remains consistent with the user’s established decision records.,File the account dashboard problem with error E-502 and return the case record. Check the installation guidance for template gallery on Windows 11. The case already contains a timestamped event list. The deadline and available tools resemble a prior rushed cycle. Write the closeout that remains consistent with the user’s established decision records.
mdgo_v11_probe_001162,finance,provenance_weighted_triple,1,"[""The signed-in app and trusted device are already available.""]",Restore access to checking ending 4256 after a device change. Review the January 14 statement for checking ending 4256 and explain the change. Replace card ending 8794; its chip has stopped working. The signed-in app and trusted device are already available. All of the current case details are already in the thread. The signed-in app and trusted device are already available. Bring the three workstreams into one auditable closeout. Several safe routes are locally available; use the routes supported by the user’s completed decision records.,Restore access to checking ending 4256 after a device change. Review the January 14 statement for checking ending 4256 and explain the change. Replace card ending 8794; its chip has stopped working. The signed-in app and trusted device are already available. All of the current case details are already in the thread. Bring the three workstreams into one auditable closeout. Several safe routes are locally available; use the routes supported by the user’s completed decision records.
mdgo_v11_probe_001196,finance,surface_decoy_pair,1,"[""The standard support tools are available today.""]","Set up the $1663 transfer from savings ending 7823 to checking ending 4579 for the professional membership. Assess a $18450 line-of-credit question for the studio equipment invoice. The standard support tools are available today. The standard support tools are available today. I am between meetings; give me one coherent closeout without dropping any checkpoint. Produce one replayable closeout under V12-FIN-R11196; the visible tools are context, not a substitute for the user’s recorded process.","Set up the $1663 transfer from savings ending 7823 to checking ending 4579 for the professional membership. Assess a $18450 line-of-credit question for the studio equipment invoice. The standard support tools are available today. I am between meetings; give me one coherent closeout without dropping any checkpoint. Produce one replayable closeout under V12-FIN-R11196; the visible tools are context, not a substitute for the user’s recorded process."
mdgo_v11_probe_001219,finance,provenance_weighted_triple,1,"[""The signed-in app and trusted device are already available.""]",A $2368 charge at Willow Pharmacy is unfamiliar on card ending 9208. Review the $2358 fee posted by Elm Fitness on January 14 and prepare the case if the mismatch remains. Check the present state of the $2074 transfer from checking ending 4562 for the vendor retainer. The signed-in app and trusted device are already available. The signed-in app and trusted device are already available. A current status screen is visible while I write this. Bring the three workstreams into one auditable closeout. Several safe routes are locally available; use the routes supported by the user’s completed decision records.,A $2368 charge at Willow Pharmacy is unfamiliar on card ending 9208. Review the $2358 fee posted by Elm Fitness on January 14 and prepare the case if the mismatch remains. Check the present state of the $2074 transfer from checking ending 4562 for the vendor retainer. The signed-in app and trusted device are already available. A current status screen is visible while I write this. Bring the three workstreams into one auditable closeout. Several safe routes are locally available; use the routes supported by the user’s completed decision records.
mdgo_v11_probe_001257,finance,surface_decoy_pair,1,"[""The case looks ordinary at first glance.""]","Compare financing paths for a $9376 clinic reimbursement. Replace card ending 8909; its chip has stopped working. The case looks ordinary at first glance. The case looks ordinary at first glance. The request is ordinary enough that the process details are easy to overlook. Produce one replayable closeout under V12-FIN-R11257; the visible tools are context, not a substitute for the user’s recorded process.","Compare financing paths for a $9376 clinic reimbursement. Replace card ending 8909; its chip has stopped working. The case looks ordinary at first glance. The request is ordinary enough that the process details are easy to overlook. Produce one replayable closeout under V12-FIN-R11257; the visible tools are context, not a substitute for the user’s recorded process."
mdgo_v11_probe_001277,finance,provenance_weighted_triple,1,"[""The reviewer has a comparison worksheet open beside the case.""]",Reconcile the latest activity on card ending 8794 for the home repair. Move the mailing address for checking ending 4256 to the verified address on file. A $982 charge at Maple Dental is unfamiliar on card ending 8794. The reviewer has a comparison worksheet open beside the case. The reviewer has a comparison worksheet open beside the case. The standard support tools are available today. Bring the three workstreams into one auditable closeout. Several safe routes are locally available; use the routes supported by the user’s completed decision records.,Reconcile the latest activity on card ending 8794 for the home repair. Move the mailing address for checking ending 4256 to the verified address on file. A $982 charge at Maple Dental is unfamiliar on card ending 8794. The reviewer has a comparison worksheet open beside the case. The standard support tools are available today. Bring the three workstreams into one auditable closeout. Several safe routes are locally available; use the routes supported by the user’s completed decision records.
mdgo_v11_probe_001280,finance,surface_decoy_pair,1,"[""The reviewer has a comparison worksheet open beside the case.""]","Assess a $22080 line-of-credit question for the professional membership. Reconcile the latest activity on card ending 9392 for the workspace lease. The reviewer has a comparison worksheet open beside the case. The reviewer has a comparison worksheet open beside the case. The calendar is tight, so I need a clean answer rather than a discussion of every possible workflow. Produce one replayable closeout under V12-FIN-R11280; the visible tools are context, not a substitute for the user’s recorded process.","Assess a $22080 line-of-credit question for the professional membership. Reconcile the latest activity on card ending 9392 for the workspace lease. The reviewer has a comparison worksheet open beside the case. The calendar is tight, so I need a clean answer rather than a discussion of every possible workflow. Produce one replayable closeout under V12-FIN-R11280; the visible tools are context, not a substitute for the user’s recorded process."
mdgo_v11_probe_001297,finance,provenance_weighted_triple,1,"[""All of the current case details are already in the thread.""]",Review the January 14 statement for checking ending 4392 and explain the change. Assess a $23380 line-of-credit question for the travel deposit. Set up the $1938 transfer from savings ending 7614 to checking ending 4392 for the clinic reimbursement. The case already contains a timestamped event list. All of the current case details are already in the thread. All of the current case details are already in the thread. Bring the three workstreams into one auditable closeout. Several safe routes are locally available; use the routes supported by the user’s completed decision records.,Review the January 14 statement for checking ending 4392 and explain the change. Assess a $23380 line-of-credit question for the travel deposit. Set up the $1938 transfer from savings ending 7614 to checking ending 4392 for the clinic reimbursement. The case already contains a timestamped event list. All of the current case details are already in the thread. Bring the three workstreams into one auditable closeout. Several safe routes are locally available; use the routes supported by the user’s completed decision records.
mdgo_v11_probe_001316,finance,suggestion_rejection_pair,1,"[""The reviewer has a comparison worksheet open beside the case.""]",Review the June 11 statement for checking ending 4341 and explain the change. Replace card ending 8909; its chip has stopped working. The reviewer has a comparison worksheet open beside the case. The reviewer has a comparison worksheet open beside the case. The deadline and available tools resemble a prior rushed cycle. Write the closeout that remains consistent with the user’s established decision records.,Review the June 11 statement for checking ending 4341 and explain the change. Replace card ending 8909; its chip has stopped working. The reviewer has a comparison worksheet open beside the case. The deadline and available tools resemble a prior rushed cycle. Write the closeout that remains consistent with the user’s established decision records.
mdgo_v11_probe_001354,finance,provenance_weighted_triple,1,"[""The signed-in app and trusted device are already available.""]",A $303 charge at Beacon Storage is unfamiliar on card ending 9277. Review the $1173 fee posted by Elm Fitness on August 15 and prepare the case if the mismatch remains. Restore access to checking ending 4613 after a device change. The signed-in app and trusted device are already available. All of the current case details are already in the thread. The signed-in app and trusted device are already available. Bring the three workstreams into one auditable closeout. Several safe routes are locally available; use the routes supported by the user’s completed decision records.,A $303 charge at Beacon Storage is unfamiliar on card ending 9277. Review the $1173 fee posted by Elm Fitness on August 15 and prepare the case if the mismatch remains. Restore access to checking ending 4613 after a device change. The signed-in app and trusted device are already available. All of the current case details are already in the thread. Bring the three workstreams into one auditable closeout. Several safe routes are locally available; use the routes supported by the user’s completed decision records.
mdgo_v11_probe_001366,software,provenance_weighted_triple,1,"[""The standard support tools are available today.""]",Error SYNC-17 is reproducible in Nimbus Workbench; decide the next support step. Show me how to configure account dashboard in Nimbus Workbench 7.4.2. Check the installation guidance for template gallery on macOS 15. The standard support tools are available today. The standard support tools are available today. The product help page is already open in another tab. Bring the three workstreams into one auditable closeout. Several safe routes are locally available; use the routes supported by the user’s completed decision records.,Error SYNC-17 is reproducible in Nimbus Workbench; decide the next support step. Show me how to configure account dashboard in Nimbus Workbench 7.4.2. Check the installation guidance for template gallery on macOS 15. The standard support tools are available today. The product help page is already open in another tab. Bring the three workstreams into one auditable closeout. Several safe routes are locally available; use the routes supported by the user’s completed decision records.
mdgo_v11_probe_001370,finance,surface_decoy_pair,1,"[""The signed-in app and trusted device are already available.""]","Restore access to checking ending 4460 after a device change. Set up the $1576 transfer from savings ending 7690 to checking ending 4460 for the home repair. The signed-in app and trusted device are already available. The signed-in app and trusted device are already available. The calendar is tight, so I need a clean answer rather than a discussion of every possible workflow. Produce one replayable closeout under V12-FIN-R11370; the visible tools are context, not a substitute for the user’s recorded process.","Restore access to checking ending 4460 after a device change. Set up the $1576 transfer from savings ending 7690 to checking ending 4460 for the home repair. The signed-in app and trusted device are already available. The calendar is tight, so I need a clean answer rather than a discussion of every possible workflow. Produce one replayable closeout under V12-FIN-R11370; the visible tools are context, not a substitute for the user’s recorded process."
mdgo_v11_probe_001377,finance,suggestion_rejection_pair,1,"[""The signed-in app and trusted device are already available.""]",Replace card ending 8932; its chip has stopped working. Restore access to checking ending 4358 after a device change. The signed-in app and trusted device are already available. The signed-in app and trusted device are already available. The deadline and available tools resemble a prior rushed cycle. Write the closeout that remains consistent with the user’s established decision records. Place the closeout in the change-control section of the follow-up worksheet for the service owner.,Replace card ending 8932; its chip has stopped working. Restore access to checking ending 4358 after a device change. The signed-in app and trusted device are already available. The deadline and available tools resemble a prior rushed cycle. Write the closeout that remains consistent with the user’s established decision records. Place the closeout in the change-control section of the follow-up worksheet for the service owner.
mdgo_v11_probe_001413,finance,surface_decoy_pair,1,"[""The signed-in app and trusted device are already available.""]","Review the $1960 fee posted by Beacon Storage on December 4 and prepare the case if the mismatch remains. Prepare a $1934 payment from checking ending 4290 to Cedar Dental for June 11. The signed-in app and trusted device are already available. The signed-in app and trusted device are already available. I am between meetings; give me one coherent closeout without dropping any checkpoint. Produce one replayable closeout under V12-FIN-R11413; the visible tools are context, not a substitute for the user’s recorded process.","Review the $1960 fee posted by Beacon Storage on December 4 and prepare the case if the mismatch remains. Prepare a $1934 payment from checking ending 4290 to Cedar Dental for June 11. The signed-in app and trusted device are already available. I am between meetings; give me one coherent closeout without dropping any checkpoint. Produce one replayable closeout under V12-FIN-R11413; the visible tools are context, not a substitute for the user’s recorded process."
mdgo_v11_probe_001460,finance,surface_decoy_pair,1,"[""The signed-in app and trusted device are already available.""]","Card ending 9369 went missing during the home repair. Move the mailing address for checking ending 4681 to the verified address on file. The signed-in app and trusted device are already available. The signed-in app and trusted device are already available. The request is ordinary enough that the process details are easy to overlook. Produce one replayable closeout under V12-FIN-R11460; the visible tools are context, not a substitute for the user’s recorded process.","Card ending 9369 went missing during the home repair. Move the mailing address for checking ending 4681 to the verified address on file. The signed-in app and trusted device are already available. The request is ordinary enough that the process details are easy to overlook. Produce one replayable closeout under V12-FIN-R11460; the visible tools are context, not a substitute for the user’s recorded process."
mdgo_v11_probe_001496,finance,provenance_weighted_triple,1,"[""The reviewer has a comparison worksheet open beside the case.""]",Check the present state of the $645 transfer from checking ending 4528 for the quarterly tax reserve. Replace card ending 9162; its chip has stopped working. Reconcile the latest activity on card ending 9162 for the studio equipment invoice. The signed-in app and trusted device are already available. The reviewer has a comparison worksheet open beside the case. The reviewer has a comparison worksheet open beside the case. Bring the three workstreams into one auditable closeout. Several safe routes are locally available; use the routes supported by the user’s completed decision records.,Check the present state of the $645 transfer from checking ending 4528 for the quarterly tax reserve. Replace card ending 9162; its chip has stopped working. Reconcile the latest activity on card ending 9162 for the studio equipment invoice. The signed-in app and trusted device are already available. The reviewer has a comparison worksheet open beside the case. Bring the three workstreams into one auditable closeout. Several safe routes are locally available; use the routes supported by the user’s completed decision records.
mdgo_v11_probe_001514,finance,suggestion_rejection_pair,1,"[""All of the current case details are already in the thread.""]",Set up the $2091 transfer from savings ending 7386 to checking ending 4188 for the annual insurance renewal. The $1889 charge from Meadow Insurance on card ending 8702 still does not reconcile. All of the current case details are already in the thread. All of the current case details are already in the thread. The deadline and available tools resemble a prior rushed cycle. Write the closeout that remains consistent with the user’s established decision records.,Set up the $2091 transfer from savings ending 7386 to checking ending 4188 for the annual insurance renewal. The $1889 charge from Meadow Insurance on card ending 8702 still does not reconcile. All of the current case details are already in the thread. The deadline and available tools resemble a prior rushed cycle. Write the closeout that remains consistent with the user’s established decision records.
mdgo_v11_probe_001516,finance,surface_decoy_pair,1,"[""The case already contains a timestamped event list.""]","Card ending 8978 went missing during the annual insurance renewal. Reconcile the latest activity on card ending 8978 for the home repair. The case already contains a timestamped event list. The case already contains a timestamped event list. This looks routine on the surface, but keep the record reviewable. Produce one replayable closeout under V12-FIN-R11516; the visible tools are context, not a substitute for the user’s recorded process.","Card ending 8978 went missing during the annual insurance renewal. Reconcile the latest activity on card ending 8978 for the home repair. The case already contains a timestamped event list. This looks routine on the surface, but keep the record reviewable. Produce one replayable closeout under V12-FIN-R11516; the visible tools are context, not a substitute for the user’s recorded process."
mdgo_v11_probe_001533,finance,provenance_weighted_triple,1,"[""The reviewer has a comparison worksheet open beside the case.""]",Move the mailing address for checking ending 4137 to the verified address on file. Reconcile the latest activity on card ending 8633 for the quarterly tax reserve. Recover the secure profile tied to savings ending 7329. The reviewer has a comparison worksheet open beside the case. The reviewer has a comparison worksheet open beside the case. The signed-in app and trusted device are already available. Bring the three workstreams into one auditable closeout. Several safe routes are locally available; use the routes supported by the user’s completed decision records.,Move the mailing address for checking ending 4137 to the verified address on file. Reconcile the latest activity on card ending 8633 for the quarterly tax reserve. Recover the secure profile tied to savings ending 7329. The reviewer has a comparison worksheet open beside the case. The signed-in app and trusted device are already available. Bring the three workstreams into one auditable closeout. Several safe routes are locally available; use the routes supported by the user’s completed decision records.
mdgo_v11_probe_001559,software,provenance_weighted_triple,1,"[""The next reviewer asked for a compact handoff artifact.""]",Error DB-63 is reproducible in Orbit Office; decide the next support step. Submit the reproducible Orbit Office 7.4.2 defect and give me the handoff record. Work out the correct Orbit Office 9.3.4 update path for Ubuntu 24.04. The next reviewer asked for a compact handoff artifact. The next reviewer asked for a compact handoff artifact. The product help page is already open in another tab. Bring the three workstreams into one auditable closeout. Several safe routes are locally available; use the routes supported by the user’s completed decision records.,Error DB-63 is reproducible in Orbit Office; decide the next support step. Submit the reproducible Orbit Office 7.4.2 defect and give me the handoff record. Work out the correct Orbit Office 9.3.4 update path for Ubuntu 24.04. The next reviewer asked for a compact handoff artifact. The product help page is already open in another tab. Bring the three workstreams into one auditable closeout. Several safe routes are locally available; use the routes supported by the user’s completed decision records.
mdgo_v11_probe_001589,finance,suggestion_rejection_pair,1,"[""The signed-in app and trusted device are already available.""]",Restore access to checking ending 4290 after a device change. Replace card ending 8840; its chip has stopped working. The signed-in app and trusted device are already available. The signed-in app and trusted device are already available. The deadline and available tools resemble a prior rushed cycle. Write the closeout that remains consistent with the user’s established decision records.,Restore access to checking ending 4290 after a device change. Replace card ending 8840; its chip has stopped working. The signed-in app and trusted device are already available. The deadline and available tools resemble a prior rushed cycle. Write the closeout that remains consistent with the user’s established decision records.
mdgo_v11_probe_001633,finance,provenance_weighted_triple,1,"[""The signed-in app and trusted device are already available.""]",Move the mailing address for checking ending 4290 to the verified address on file. A $2483 charge at Westbridge Labs is unfamiliar on card ending 8840. Review the $483 fee posted by Maple Dental on January 14 and prepare the case if the mismatch remains. The signed-in app and trusted device are already available. The signed-in app and trusted device are already available. All of the current case details are already in the thread. Bring the three workstreams into one auditable closeout. Several safe routes are locally available; use the routes supported by the user’s completed decision records.,Move the mailing address for checking ending 4290 to the verified address on file. A $2483 charge at Westbridge Labs is unfamiliar on card ending 8840. Review the $483 fee posted by Maple Dental on January 14 and prepare the case if the mismatch remains. The signed-in app and trusted device are already available. All of the current case details are already in the thread. Bring the three workstreams into one auditable closeout. Several safe routes are locally available; use the routes supported by the user’s completed decision records.
mdgo_v11_probe_001637,finance,suggestion_rejection_pair,1,"[""The signed-in app and trusted device are already available.""]",Restore access to checking ending 4324 after a device change. Check the present state of the $471 transfer from checking ending 4324 for the tuition installment. The signed-in app and trusted device are already available. The signed-in app and trusted device are already available. The deadline and available tools resemble a prior rushed cycle. Write the closeout that remains consistent with the user’s established decision records.,Restore access to checking ending 4324 after a device change. Check the present state of the $471 transfer from checking ending 4324 for the tuition installment. The signed-in app and trusted device are already available. The deadline and available tools resemble a prior rushed cycle. Write the closeout that remains consistent with the user’s established decision records.
mdgo_v11_probe_001655,finance,surface_decoy_pair,1,"[""The signed-in app and trusted device are already available.""]","Review the $1514 fee posted by Maple Dental on April 9 and prepare the case if the mismatch remains. Card ending 8978 went missing during the travel deposit. The signed-in app and trusted device are already available. The signed-in app and trusted device are already available. This looks routine on the surface, but keep the record reviewable. Produce one replayable closeout under V12-FIN-R11655; the visible tools are context, not a substitute for the user’s recorded process.","Review the $1514 fee posted by Maple Dental on April 9 and prepare the case if the mismatch remains. Card ending 8978 went missing during the travel deposit. The signed-in app and trusted device are already available. This looks routine on the surface, but keep the record reviewable. Produce one replayable closeout under V12-FIN-R11655; the visible tools are context, not a substitute for the user’s recorded process."
mdgo_v11_probe_001673,finance,provenance_weighted_triple,1,"[""The signed-in app and trusted device are already available.""]",Card ending 9323 went missing during the clinic reimbursement. Prepare a $192 payment from checking ending 4647 to Juniper Wireless for April 9. Restore access to checking ending 4647 after a device change. The signed-in app and trusted device are already available. The other party is available for two short check-ins. The signed-in app and trusted device are already available. Bring the three workstreams into one auditable closeout. Several safe routes are locally available; use the routes supported by the user’s completed decision records.,Card ending 9323 went missing during the clinic reimbursement. Prepare a $192 payment from checking ending 4647 to Juniper Wireless for April 9. Restore access to checking ending 4647 after a device change. The signed-in app and trusted device are already available. The other party is available for two short check-ins. Bring the three workstreams into one auditable closeout. Several safe routes are locally available; use the routes supported by the user’s completed decision records.
mdgo_v11_probe_001683,finance,suggestion_rejection_pair,1,"[""The signed-in app and trusted device are already available.""]",Replace card ending 9047; its chip has stopped working. Restore access to checking ending 4443 after a device change. The signed-in app and trusted device are already available. The signed-in app and trusted device are already available. The deadline and available tools resemble a prior rushed cycle. Write the closeout that remains consistent with the user’s established decision records. Place the closeout in the access-review section of the verification packet for the control reviewer.,Replace card ending 9047; its chip has stopped working. Restore access to checking ending 4443 after a device change. The signed-in app and trusted device are already available. The deadline and available tools resemble a prior rushed cycle. Write the closeout that remains consistent with the user’s established decision records. Place the closeout in the access-review section of the verification packet for the control reviewer.
mdgo_v11_probe_001691,finance,surface_decoy_pair,1,"[""The case already contains a timestamped event list.""]","The $1761 charge from Oakline Media on card ending 8863 still does not reconcile. A $991 charge at Oakline Media is unfamiliar on card ending 8863. The case already contains a timestamped event list. The case already contains a timestamped event list. I am between meetings; give me one coherent closeout without dropping any checkpoint. Produce one replayable closeout under V12-FIN-R11691; the visible tools are context, not a substitute for the user’s recorded process.","The $1761 charge from Oakline Media on card ending 8863 still does not reconcile. A $991 charge at Oakline Media is unfamiliar on card ending 8863. The case already contains a timestamped event list. I am between meetings; give me one coherent closeout without dropping any checkpoint. Produce one replayable closeout under V12-FIN-R11691; the visible tools are context, not a substitute for the user’s recorded process."
mdgo_v11_probe_001725,finance,provenance_weighted_triple,1,"[""The signed-in app and trusted device are already available.""]",Restore access to checking ending 4494 after a device change. The $406 charge from Meadow Insurance on card ending 9116 still does not reconcile. Check the present state of the $1976 transfer from checking ending 4494 for the studio equipment invoice. The signed-in app and trusted device are already available. The signed-in app and trusted device are already available. A current status screen is visible while I write this. Bring the three workstreams into one auditable closeout. Several safe routes are locally available; use the routes supported by the user’s completed decision records.,Restore access to checking ending 4494 after a device change. The $406 charge from Meadow Insurance on card ending 9116 still does not reconcile. Check the present state of the $1976 transfer from checking ending 4494 for the studio equipment invoice. The signed-in app and trusted device are already available. A current status screen is visible while I write this. Bring the three workstreams into one auditable closeout. Several safe routes are locally available; use the routes supported by the user’s completed decision records.
mdgo_v11_probe_001730,finance,provenance_weighted_triple,1,"[""The case looks ordinary at first glance.""]",Move the mailing address for checking ending 4630 to the verified address on file. A $1777 charge at Juniper Wireless is unfamiliar on card ending 9300. Assess a $9000 line-of-credit question for the tuition installment. The case looks ordinary at first glance. The case already contains a timestamped event list. The case looks ordinary at first glance. Bring the three workstreams into one auditable closeout. Several safe routes are locally available; use the routes supported by the user’s completed decision records.,Move the mailing address for checking ending 4630 to the verified address on file. A $1777 charge at Juniper Wireless is unfamiliar on card ending 9300. Assess a $9000 line-of-credit question for the tuition installment. The case looks ordinary at first glance. The case already contains a timestamped event list. Bring the three workstreams into one auditable closeout. Several safe routes are locally available; use the routes supported by the user’s completed decision records.
mdgo_v11_probe_001731,finance,surface_decoy_pair,1,"[""All of the current case details are already in the thread.""]","A $1064 charge at Pine & Stone is unfamiliar on card ending 8886. Assess a $2580 line-of-credit question for the home repair. All of the current case details are already in the thread. All of the current case details are already in the thread. This looks routine on the surface, but keep the record reviewable. Produce one replayable closeout under V12-FIN-R11731; the visible tools are context, not a substitute for the user’s recorded process.","A $1064 charge at Pine & Stone is unfamiliar on card ending 8886. Assess a $2580 line-of-credit question for the home repair. All of the current case details are already in the thread. This looks routine on the surface, but keep the record reviewable. Produce one replayable closeout under V12-FIN-R11731; the visible tools are context, not a substitute for the user’s recorded process."
mdgo_v11_probe_001749,finance,surface_decoy_pair,1,"[""The standard support tools are available today.""]","Review the $2007 fee posted by Orchid Health on July 27 and prepare the case if the mismatch remains. Prepare a $716 payment from checking ending 4596 to Riverview Energy for April 9. The standard support tools are available today. The standard support tools are available today. The request is ordinary enough that the process details are easy to overlook. Produce one replayable closeout under V12-FIN-R11749; the visible tools are context, not a substitute for the user’s recorded process.","Review the $2007 fee posted by Orchid Health on July 27 and prepare the case if the mismatch remains. Prepare a $716 payment from checking ending 4596 to Riverview Energy for April 9. The standard support tools are available today. The request is ordinary enough that the process details are easy to overlook. Produce one replayable closeout under V12-FIN-R11749; the visible tools are context, not a substitute for the user’s recorded process."
mdgo_v11_probe_001776,software,surface_decoy_pair,1,"[""All of the current case details are already in the thread.""]","AsterDesk 7.5.1 closes when I use calendar sync in Chrome. Error UI-44 is reproducible in AsterDesk; decide the next support step. All of the current case details are already in the thread. All of the current case details are already in the thread. The request is ordinary enough that the process details are easy to overlook. Produce one replayable closeout under V12-SW-R11776; the visible tools are context, not a substitute for the user’s recorded process.","AsterDesk 7.5.1 closes when I use calendar sync in Chrome. Error UI-44 is reproducible in AsterDesk; decide the next support step. All of the current case details are already in the thread. The request is ordinary enough that the process details are easy to overlook. Produce one replayable closeout under V12-SW-R11776; the visible tools are context, not a substitute for the user’s recorded process."
mdgo_v11_probe_001783,finance,provenance_weighted_triple,2,"[""The signed-in app and trusted device are already available."", ""The signed-in app and trusted device are already available.""]",Check the present state of the $301 transfer from checking ending 4324 for the clinic reimbursement. Move the mailing address for checking ending 4324 to the verified address on file. A $622 charge at Oakline Media is unfamiliar on card ending 8886. The signed-in app and trusted device are already available. The signed-in app and trusted device are already available. The signed-in app and trusted device are already available. Bring the three workstreams into one auditable closeout. Several safe routes are locally available; use the routes supported by the user’s completed decision records.,Check the present state of the $301 transfer from checking ending 4324 for the clinic reimbursement. Move the mailing address for checking ending 4324 to the verified address on file. A $622 charge at Oakline Media is unfamiliar on card ending 8886. The signed-in app and trusted device are already available. Bring the three workstreams into one auditable closeout. Several safe routes are locally available; use the routes supported by the user’s completed decision records.
mdgo_v11_probe_001787,finance,suggestion_rejection_pair,1,"[""The signed-in app and trusted device are already available.""]",Recover the secure profile tied to savings ending 7405. Move the mailing address for checking ending 4205 to the verified address on file. The signed-in app and trusted device are already available. The signed-in app and trusted device are already available. The deadline and available tools resemble a prior rushed cycle. Write the closeout that remains consistent with the user’s established decision records.,Recover the secure profile tied to savings ending 7405. Move the mailing address for checking ending 4205 to the verified address on file. The signed-in app and trusted device are already available. The deadline and available tools resemble a prior rushed cycle. Write the closeout that remains consistent with the user’s established decision records.
mdgo_v11_probe_001796,finance,provenance_weighted_triple,1,"[""The signed-in app and trusted device are already available.""]",Review the $934 fee posted by Westbridge Labs on September 8 and prepare the case if the mismatch remains. Tell me where the $1720 payment to Atlas Learning stands now. Recover the secure profile tied to savings ending 7367. All of the current case details are already in the thread. The signed-in app and trusted device are already available. The signed-in app and trusted device are already available. Bring the three workstreams into one auditable closeout. Several safe routes are locally available; use the routes supported by the user’s completed decision records.,Review the $934 fee posted by Westbridge Labs on September 8 and prepare the case if the mismatch remains. Tell me where the $1720 payment to Atlas Learning stands now. Recover the secure profile tied to savings ending 7367. All of the current case details are already in the thread. The signed-in app and trusted device are already available. Bring the three workstreams into one auditable closeout. Several safe routes are locally available; use the routes supported by the user’s completed decision records.
mdgo_v11_probe_001824,finance,surface_decoy_pair,1,"[""The signed-in app and trusted device are already available.""]","Prepare a $1710 payment from checking ending 4341 to Riverview Energy for December 4. Restore access to checking ending 4341 after a device change. The signed-in app and trusted device are already available. The signed-in app and trusted device are already available. The calendar is tight, so I need a clean answer rather than a discussion of every possible workflow. Produce one replayable closeout under V12-FIN-R11824; the visible tools are context, not a substitute for the user’s recorded process.","Prepare a $1710 payment from checking ending 4341 to Riverview Energy for December 4. Restore access to checking ending 4341 after a device change. The signed-in app and trusted device are already available. The calendar is tight, so I need a clean answer rather than a discussion of every possible workflow. Produce one replayable closeout under V12-FIN-R11824; the visible tools are context, not a substitute for the user’s recorded process."
mdgo_v11_probe_001839,finance,surface_decoy_pair,1,"[""The signed-in app and trusted device are already available.""]","Prepare a $2200 payment from checking ending 4613 to Silverline Travel for October 19. A $964 charge at Orchid Health is unfamiliar on card ending 9277. The signed-in app and trusted device are already available. The signed-in app and trusted device are already available. The calendar is tight, so I need a clean answer rather than a discussion of every possible workflow. Produce one replayable closeout under V12-FIN-R11839; the visible tools are context, not a substitute for the user’s recorded process.","Prepare a $2200 payment from checking ending 4613 to Silverline Travel for October 19. A $964 charge at Orchid Health is unfamiliar on card ending 9277. The signed-in app and trusted device are already available. The calendar is tight, so I need a clean answer rather than a discussion of every possible workflow. Produce one replayable closeout under V12-FIN-R11839; the visible tools are context, not a substitute for the user’s recorded process."
mdgo_v11_probe_001854,finance,suggestion_rejection_pair,1,"[""All of the current case details are already in the thread.""]",Review the $515 fee posted by Maple Dental on September 8 and prepare the case if the mismatch remains. Replace card ending 9300; its chip has stopped working. All of the current case details are already in the thread. All of the current case details are already in the thread. The deadline and available tools resemble a prior rushed cycle. Write the closeout that remains consistent with the user’s established decision records.,Review the $515 fee posted by Maple Dental on September 8 and prepare the case if the mismatch remains. Replace card ending 9300; its chip has stopped working. All of the current case details are already in the thread. The deadline and available tools resemble a prior rushed cycle. Write the closeout that remains consistent with the user’s established decision records.
mdgo_v11_probe_001971,finance,surface_decoy_pair,1,"[""The signed-in app and trusted device are already available.""]","Restore access to checking ending 4273 after a device change. Review the $1811 fee posted by Cloudberry Foods on January 14 and prepare the case if the mismatch remains. The signed-in app and trusted device are already available. The signed-in app and trusted device are already available. This looks routine on the surface, but keep the record reviewable. Produce one replayable closeout under V12-FIN-R11971; the visible tools are context, not a substitute for the user’s recorded process.","Restore access to checking ending 4273 after a device change. Review the $1811 fee posted by Cloudberry Foods on January 14 and prepare the case if the mismatch remains. The signed-in app and trusted device are already available. This looks routine on the surface, but keep the record reviewable. Produce one replayable closeout under V12-FIN-R11971; the visible tools are context, not a substitute for the user’s recorded process."
mdgo_v11_probe_002023,finance,provenance_weighted_triple,1,"[""The standard support tools are available today.""]",Replace card ending 9254; its chip has stopped working. A $944 charge at Oakline Media is unfamiliar on card ending 9254. Review the $2460 fee posted by Sunrise Hardware on November 13 and prepare the case if the mismatch remains. The case looks ordinary at first glance. The standard support tools are available today. The standard support tools are available today. Bring the three workstreams into one auditable closeout. Several safe routes are locally available; use the routes supported by the user’s completed decision records.,Replace card ending 9254; its chip has stopped working. A $944 charge at Oakline Media is unfamiliar on card ending 9254. Review the $2460 fee posted by Sunrise Hardware on November 13 and prepare the case if the mismatch remains. The case looks ordinary at first glance. The standard support tools are available today. Bring the three workstreams into one auditable closeout. Several safe routes are locally available; use the routes supported by the user’s completed decision records.
mdgo_v11_probe_002026,finance,provenance_weighted_triple,1,"[""The signed-in app and trusted device are already available.""]",Review the December 4 statement for checking ending 4443 and explain the change. Recover the secure profile tied to savings ending 7671. A $698 charge at Elm Fitness is unfamiliar on card ending 9047. The reviewer has a comparison worksheet open beside the case. The signed-in app and trusted device are already available. The signed-in app and trusted device are already available. Bring the three workstreams into one auditable closeout. Several safe routes are locally available; use the routes supported by the user’s completed decision records.,Review the December 4 statement for checking ending 4443 and explain the change. Recover the secure profile tied to savings ending 7671. A $698 charge at Elm Fitness is unfamiliar on card ending 9047. The reviewer has a comparison worksheet open beside the case. The signed-in app and trusted device are already available. Bring the three workstreams into one auditable closeout. Several safe routes are locally available; use the routes supported by the user’s completed decision records.
mdgo_v11_probe_002045,finance,surface_decoy_pair,1,"[""The signed-in app and trusted device are already available.""]","Card ending 9323 went missing during the vendor retainer. Move the mailing address for checking ending 4647 to the verified address on file. The signed-in app and trusted device are already available. The signed-in app and trusted device are already available. Please keep the response compact even though the case has more than one workstream. Produce one replayable closeout under V12-FIN-R12045; the visible tools are context, not a substitute for the user’s recorded process.","Card ending 9323 went missing during the vendor retainer. Move the mailing address for checking ending 4647 to the verified address on file. The signed-in app and trusted device are already available. Please keep the response compact even though the case has more than one workstream. Produce one replayable closeout under V12-FIN-R12045; the visible tools are context, not a substitute for the user’s recorded process."
