probe_id,domain,probe_type,pass,errors
mdgo_v11_probe_000000,software,suggestion_rejection_pair,1,
mdgo_v11_probe_000001,finance,reference_case_reconstruction,1,
mdgo_v11_probe_000002,software,triple_asof_interleaved,1,
mdgo_v11_probe_000003,finance,dual_asof_reversal,1,
mdgo_v11_probe_000004,finance,triple_asof_interleaved,1,
mdgo_v11_probe_000005,finance,triple_asof_interleaved,1,
mdgo_v11_probe_000006,finance,triple_asof_interleaved,1,
mdgo_v11_probe_000007,finance,suggestion_rejection_pair,1,
mdgo_v11_probe_000008,software,surface_decoy_pair,1,
mdgo_v11_probe_000009,finance,suggestion_rejection_pair,1,
mdgo_v11_probe_000010,finance,surface_decoy_pair,1,
mdgo_v11_probe_000011,software,triple_asof_interleaved,1,
mdgo_v11_probe_000012,finance,suggestion_rejection_pair,1,
mdgo_v11_probe_000013,finance,triple_asof_interleaved,1,
mdgo_v11_probe_000014,software,dual_asof_reversal,1,
mdgo_v11_probe_000015,software,triple_asof_interleaved,1,
mdgo_v11_probe_000016,finance,suggestion_rejection_pair,1,
mdgo_v11_probe_000017,software,dual_asof_reversal,1,
mdgo_v11_probe_000018,finance,surface_decoy_pair,1,
mdgo_v11_probe_000019,finance,suggestion_rejection_pair,1,
mdgo_v11_probe_000020,finance,dual_asof_reversal,1,
mdgo_v11_probe_000021,software,reference_case_reconstruction,1,
mdgo_v11_probe_000022,software,dual_asof_reversal,1,
mdgo_v11_probe_000023,finance,triple_asof_interleaved,1,
mdgo_v11_probe_000024,finance,suggestion_rejection_pair,1,
mdgo_v11_probe_000025,finance,triple_asof_interleaved,1,
mdgo_v11_probe_000026,finance,surface_decoy_pair,1,
mdgo_v11_probe_000027,finance,triple_asof_interleaved,1,
mdgo_v11_probe_000028,software,triple_asof_interleaved,1,
mdgo_v11_probe_000029,software,reference_case_reconstruction,1,
mdgo_v11_probe_000030,finance,reference_case_reconstruction,1,
mdgo_v11_probe_000031,finance,triple_asof_interleaved,1,
mdgo_v11_probe_000032,finance,reference_case_reconstruction,1,
mdgo_v11_probe_000033,software,surface_decoy_pair,1,
mdgo_v11_probe_000034,finance,dual_asof_reversal,1,
mdgo_v11_probe_000035,software,dual_asof_reversal,1,
mdgo_v11_probe_000036,finance,surface_decoy_pair,1,
mdgo_v11_probe_000037,software,scope_temporal_pair,1,
mdgo_v11_probe_000038,finance,reference_case_reconstruction,1,
mdgo_v11_probe_000039,software,triple_asof_interleaved,1,
mdgo_v11_probe_000040,software,triple_asof_interleaved,1,
mdgo_v11_probe_000041,finance,dual_asof_reversal,1,
mdgo_v11_probe_000042,finance,triple_asof_interleaved,1,
mdgo_v11_probe_000043,software,triple_asof_interleaved,1,
mdgo_v11_probe_000044,software,surface_decoy_pair,1,
mdgo_v11_probe_000045,finance,dual_asof_reversal,1,
mdgo_v11_probe_000046,finance,triple_asof_interleaved,1,
mdgo_v11_probe_000047,software,dual_asof_reversal,1,
mdgo_v11_probe_000048,finance,dual_asof_reversal,1,
mdgo_v11_probe_000049,finance,surface_decoy_pair,1,
mdgo_v11_probe_000050,finance,provenance_weighted_triple,1,
mdgo_v11_probe_000051,finance,reference_case_reconstruction,1,
mdgo_v11_probe_000052,finance,triple_asof_interleaved,1,
mdgo_v11_probe_000053,finance,dual_asof_reversal,1,
mdgo_v11_probe_000054,finance,surface_decoy_pair,1,
mdgo_v11_probe_000055,finance,reference_case_reconstruction,1,
mdgo_v11_probe_000056,software,surface_decoy_pair,1,
mdgo_v11_probe_000057,finance,triple_asof_interleaved,1,
mdgo_v11_probe_000058,finance,triple_asof_interleaved,1,
mdgo_v11_probe_000059,finance,surface_decoy_pair,1,
mdgo_v11_probe_000060,finance,surface_decoy_pair,1,
mdgo_v11_probe_000061,software,dual_asof_reversal,1,
mdgo_v11_probe_000062,finance,surface_decoy_pair,1,
mdgo_v11_probe_000063,finance,triple_asof_interleaved,1,
mdgo_v11_probe_000064,software,surface_decoy_pair,1,
mdgo_v11_probe_000065,finance,suggestion_rejection_pair,1,
mdgo_v11_probe_000066,finance,suggestion_rejection_pair,1,
mdgo_v11_probe_000067,software,provenance_weighted_triple,1,
mdgo_v11_probe_000068,finance,triple_asof_interleaved,1,
mdgo_v11_probe_000069,software,suggestion_rejection_pair,1,
mdgo_v11_probe_000070,finance,reference_case_reconstruction,1,
mdgo_v11_probe_000071,software,dual_asof_reversal,1,
mdgo_v11_probe_000072,finance,triple_asof_interleaved,1,
mdgo_v11_probe_000073,software,reference_case_reconstruction,1,
mdgo_v11_probe_000074,finance,triple_asof_interleaved,1,
mdgo_v11_probe_000075,finance,reference_case_reconstruction,1,
mdgo_v11_probe_000076,software,provenance_weighted_triple,1,
mdgo_v11_probe_000077,finance,triple_asof_interleaved,1,
mdgo_v11_probe_000078,finance,surface_decoy_pair,1,
mdgo_v11_probe_000079,finance,dual_asof_reversal,1,
mdgo_v11_probe_000080,finance,dual_asof_reversal,1,
mdgo_v11_probe_000081,software,triple_asof_interleaved,1,
mdgo_v11_probe_000082,finance,suggestion_rejection_pair,1,
mdgo_v11_probe_000083,finance,dual_asof_reversal,1,
mdgo_v11_probe_000084,software,triple_asof_interleaved,1,
mdgo_v11_probe_000085,software,surface_decoy_pair,1,
mdgo_v11_probe_000086,finance,triple_asof_interleaved,1,
mdgo_v11_probe_000087,finance,surface_decoy_pair,1,
mdgo_v11_probe_000088,software,suggestion_rejection_pair,1,
mdgo_v11_probe_000089,finance,suggestion_rejection_pair,1,
mdgo_v11_probe_000090,finance,surface_decoy_pair,1,
mdgo_v11_probe_000091,finance,provenance_weighted_triple,1,
mdgo_v11_probe_000092,finance,dual_asof_reversal,1,
mdgo_v11_probe_000093,finance,reference_case_reconstruction,1,
mdgo_v11_probe_000094,finance,reference_case_reconstruction,1,
mdgo_v11_probe_000095,software,reference_case_reconstruction,1,
mdgo_v11_probe_000096,finance,surface_decoy_pair,1,
mdgo_v11_probe_000097,finance,surface_decoy_pair,1,
mdgo_v11_probe_000098,software,triple_asof_interleaved,1,
mdgo_v11_probe_000099,finance,suggestion_rejection_pair,1,
mdgo_v11_probe_000100,software,surface_decoy_pair,1,
mdgo_v11_probe_000101,finance,dual_asof_reversal,1,
mdgo_v11_probe_000102,finance,suggestion_rejection_pair,1,
mdgo_v11_probe_000103,software,surface_decoy_pair,1,
mdgo_v11_probe_000104,finance,surface_decoy_pair,1,
mdgo_v11_probe_000105,finance,suggestion_rejection_pair,1,
mdgo_v11_probe_000106,software,triple_asof_interleaved,1,
mdgo_v11_probe_000107,software,scope_temporal_pair,1,
mdgo_v11_probe_000108,finance,triple_asof_interleaved,1,
mdgo_v11_probe_000109,software,surface_decoy_pair,1,
mdgo_v11_probe_000110,software,suggestion_rejection_pair,1,
mdgo_v11_probe_000111,finance,triple_asof_interleaved,1,
mdgo_v11_probe_000112,finance,surface_decoy_pair,1,
mdgo_v11_probe_000113,software,dual_asof_reversal,1,
mdgo_v11_probe_000114,finance,triple_asof_interleaved,1,
mdgo_v11_probe_000115,finance,surface_decoy_pair,1,
mdgo_v11_probe_000116,software,surface_decoy_pair,1,
mdgo_v11_probe_000117,finance,triple_asof_interleaved,1,
mdgo_v11_probe_000118,finance,surface_decoy_pair,1,
mdgo_v11_probe_000119,finance,surface_decoy_pair,1,
mdgo_v11_probe_000120,finance,reference_case_reconstruction,1,
mdgo_v11_probe_000121,finance,triple_asof_interleaved,1,
mdgo_v11_probe_000122,software,suggestion_rejection_pair,1,
mdgo_v11_probe_000123,finance,triple_asof_interleaved,1,
mdgo_v11_probe_000124,finance,suggestion_rejection_pair,1,
mdgo_v11_probe_000125,software,reference_case_reconstruction,1,
mdgo_v11_probe_000126,finance,triple_asof_interleaved,1,
mdgo_v11_probe_000127,finance,suggestion_rejection_pair,1,
mdgo_v11_probe_000128,finance,reference_case_reconstruction,1,
mdgo_v11_probe_000129,finance,reference_case_reconstruction,1,
mdgo_v11_probe_000130,software,suggestion_rejection_pair,1,
mdgo_v11_probe_000131,finance,dual_asof_reversal,1,
mdgo_v11_probe_000132,finance,triple_asof_interleaved,1,
mdgo_v11_probe_000133,finance,scope_temporal_pair,1,
mdgo_v11_probe_000134,software,suggestion_rejection_pair,1,
mdgo_v11_probe_000135,software,surface_decoy_pair,1,
mdgo_v11_probe_000136,finance,provenance_weighted_triple,1,
mdgo_v11_probe_000137,finance,surface_decoy_pair,1,
mdgo_v11_probe_000138,finance,dual_asof_reversal,1,
mdgo_v11_probe_000139,software,suggestion_rejection_pair,1,
mdgo_v11_probe_000140,software,suggestion_rejection_pair,1,
mdgo_v11_probe_000141,finance,surface_decoy_pair,1,
mdgo_v11_probe_000142,software,dual_asof_reversal,1,
mdgo_v11_probe_000143,software,dual_asof_reversal,1,
mdgo_v11_probe_000144,finance,surface_decoy_pair,1,
mdgo_v11_probe_000145,finance,surface_decoy_pair,1,
mdgo_v11_probe_000146,finance,reference_case_reconstruction,1,
mdgo_v11_probe_000147,finance,reference_case_reconstruction,1,
mdgo_v11_probe_000148,finance,surface_decoy_pair,1,
mdgo_v11_probe_000149,software,surface_decoy_pair,1,
mdgo_v11_probe_000150,finance,surface_decoy_pair,1,
mdgo_v11_probe_000151,finance,surface_decoy_pair,1,
mdgo_v11_probe_000152,finance,suggestion_rejection_pair,1,
mdgo_v11_probe_000153,finance,surface_decoy_pair,1,
mdgo_v11_probe_000154,software,provenance_weighted_triple,1,
mdgo_v11_probe_000155,finance,reference_case_reconstruction,1,
mdgo_v11_probe_000156,finance,suggestion_rejection_pair,1,
mdgo_v11_probe_000157,finance,provenance_weighted_triple,1,
mdgo_v11_probe_000158,finance,scope_temporal_pair,1,
mdgo_v11_probe_000159,finance,provenance_weighted_triple,1,
mdgo_v11_probe_000160,finance,triple_asof_interleaved,1,
mdgo_v11_probe_000161,finance,dual_asof_reversal,1,
mdgo_v11_probe_000162,finance,dual_asof_reversal,1,
mdgo_v11_probe_000163,finance,surface_decoy_pair,1,
mdgo_v11_probe_000164,software,surface_decoy_pair,1,
mdgo_v11_probe_000165,software,surface_decoy_pair,1,
mdgo_v11_probe_000166,finance,triple_asof_interleaved,1,
mdgo_v11_probe_000167,finance,reference_case_reconstruction,1,
mdgo_v11_probe_000168,software,scope_temporal_pair,1,
mdgo_v11_probe_000169,finance,reference_case_reconstruction,1,
mdgo_v11_probe_000170,software,surface_decoy_pair,1,
mdgo_v11_probe_000171,software,scope_temporal_pair,1,
mdgo_v11_probe_000172,finance,suggestion_rejection_pair,1,
mdgo_v11_probe_000173,finance,surface_decoy_pair,1,
mdgo_v11_probe_000174,software,surface_decoy_pair,1,
mdgo_v11_probe_000175,finance,suggestion_rejection_pair,1,
mdgo_v11_probe_000176,finance,surface_decoy_pair,1,
mdgo_v11_probe_000177,finance,reference_case_reconstruction,1,
mdgo_v11_probe_000178,finance,reference_case_reconstruction,1,
mdgo_v11_probe_000179,software,surface_decoy_pair,1,
mdgo_v11_probe_000180,finance,dual_asof_reversal,1,
mdgo_v11_probe_000181,software,triple_asof_interleaved,1,
mdgo_v11_probe_000182,finance,dual_asof_reversal,1,
mdgo_v11_probe_000183,software,reference_case_reconstruction,1,
mdgo_v11_probe_000184,software,surface_decoy_pair,1,
mdgo_v11_probe_000185,finance,reference_case_reconstruction,1,
mdgo_v11_probe_000186,finance,suggestion_rejection_pair,1,
mdgo_v11_probe_000187,finance,dual_asof_reversal,1,
mdgo_v11_probe_000188,software,reference_case_reconstruction,1,
mdgo_v11_probe_000189,software,dual_asof_reversal,1,
mdgo_v11_probe_000190,finance,reference_case_reconstruction,1,
mdgo_v11_probe_000191,software,reference_case_reconstruction,1,
mdgo_v11_probe_000192,finance,reference_case_reconstruction,1,
mdgo_v11_probe_000193,software,dual_asof_reversal,1,
mdgo_v11_probe_000194,software,dual_asof_reversal,1,
mdgo_v11_probe_000195,software,reference_case_reconstruction,1,
mdgo_v11_probe_000196,finance,surface_decoy_pair,1,
mdgo_v11_probe_000197,software,surface_decoy_pair,1,
mdgo_v11_probe_000198,finance,suggestion_rejection_pair,1,
mdgo_v11_probe_000199,finance,triple_asof_interleaved,1,
mdgo_v11_probe_000200,software,suggestion_rejection_pair,1,
mdgo_v11_probe_000201,finance,dual_asof_reversal,1,
mdgo_v11_probe_000202,finance,surface_decoy_pair,1,
mdgo_v11_probe_000203,finance,surface_decoy_pair,1,
mdgo_v11_probe_000204,finance,scope_temporal_pair,1,
mdgo_v11_probe_000205,finance,surface_decoy_pair,1,
mdgo_v11_probe_000206,software,reference_case_reconstruction,1,
mdgo_v11_probe_000207,finance,dual_asof_reversal,1,
mdgo_v11_probe_000208,software,surface_decoy_pair,1,
mdgo_v11_probe_000209,software,scope_temporal_pair,1,
mdgo_v11_probe_000210,finance,reference_case_reconstruction,1,
mdgo_v11_probe_000211,finance,suggestion_rejection_pair,1,
mdgo_v11_probe_000212,finance,surface_decoy_pair,1,
mdgo_v11_probe_000213,finance,triple_asof_interleaved,1,
mdgo_v11_probe_000214,finance,surface_decoy_pair,1,
mdgo_v11_probe_000215,finance,provenance_weighted_triple,1,
mdgo_v11_probe_000216,finance,reference_case_reconstruction,1,
mdgo_v11_probe_000217,finance,triple_asof_interleaved,1,
mdgo_v11_probe_000218,finance,suggestion_rejection_pair,1,
mdgo_v11_probe_000219,finance,surface_decoy_pair,1,
mdgo_v11_probe_000220,software,dual_asof_reversal,1,
mdgo_v11_probe_000221,finance,surface_decoy_pair,1,
mdgo_v11_probe_000222,finance,reference_case_reconstruction,1,
mdgo_v11_probe_000223,software,dual_asof_reversal,1,
mdgo_v11_probe_000224,finance,triple_asof_interleaved,1,
mdgo_v11_probe_000225,finance,surface_decoy_pair,1,
mdgo_v11_probe_000226,finance,scope_temporal_pair,1,
mdgo_v11_probe_000227,finance,reference_case_reconstruction,1,
mdgo_v11_probe_000228,finance,triple_asof_interleaved,1,
mdgo_v11_probe_000229,finance,surface_decoy_pair,1,
mdgo_v11_probe_000230,software,suggestion_rejection_pair,1,
mdgo_v11_probe_000231,finance,triple_asof_interleaved,1,
mdgo_v11_probe_000232,finance,triple_asof_interleaved,1,
mdgo_v11_probe_000233,software,surface_decoy_pair,1,
mdgo_v11_probe_000234,finance,provenance_weighted_triple,1,
mdgo_v11_probe_000235,finance,reference_case_reconstruction,1,
mdgo_v11_probe_000236,software,scope_temporal_pair,1,
mdgo_v11_probe_000237,finance,triple_asof_interleaved,1,
mdgo_v11_probe_000238,finance,dual_asof_reversal,1,
mdgo_v11_probe_000239,finance,triple_asof_interleaved,1,
mdgo_v11_probe_000240,software,triple_asof_interleaved,1,
mdgo_v11_probe_000241,finance,scope_temporal_pair,1,
mdgo_v11_probe_000242,finance,suggestion_rejection_pair,1,
mdgo_v11_probe_000243,finance,suggestion_rejection_pair,1,
mdgo_v11_probe_000244,finance,triple_asof_interleaved,1,
mdgo_v11_probe_000245,software,surface_decoy_pair,1,
mdgo_v11_probe_000246,finance,suggestion_rejection_pair,1,
mdgo_v11_probe_000247,software,triple_asof_interleaved,1,
mdgo_v11_probe_000248,finance,surface_decoy_pair,1,
mdgo_v11_probe_000249,finance,surface_decoy_pair,1,
mdgo_v11_probe_000250,finance,dual_asof_reversal,1,
mdgo_v11_probe_000251,finance,dual_asof_reversal,1,
mdgo_v11_probe_000252,finance,surface_decoy_pair,1,
mdgo_v11_probe_000253,finance,surface_decoy_pair,1,
mdgo_v11_probe_000254,software,surface_decoy_pair,1,
mdgo_v11_probe_000255,finance,dual_asof_reversal,1,
mdgo_v11_probe_000256,finance,surface_decoy_pair,1,
mdgo_v11_probe_000257,finance,reference_case_reconstruction,1,
mdgo_v11_probe_000258,finance,surface_decoy_pair,1,
mdgo_v11_probe_000259,finance,triple_asof_interleaved,1,
mdgo_v11_probe_000260,finance,suggestion_rejection_pair,1,
mdgo_v11_probe_000261,finance,dual_asof_reversal,1,
mdgo_v11_probe_000262,finance,surface_decoy_pair,1,
mdgo_v11_probe_000263,software,dual_asof_reversal,1,
mdgo_v11_probe_000264,software,dual_asof_reversal,1,
mdgo_v11_probe_000265,software,reference_case_reconstruction,1,
mdgo_v11_probe_000266,finance,provenance_weighted_triple,1,
mdgo_v11_probe_000267,finance,reference_case_reconstruction,1,
mdgo_v11_probe_000268,software,reference_case_reconstruction,1,
mdgo_v11_probe_000269,finance,dual_asof_reversal,1,
mdgo_v11_probe_000270,finance,provenance_weighted_triple,1,
mdgo_v11_probe_000271,finance,provenance_weighted_triple,1,
mdgo_v11_probe_000272,finance,dual_asof_reversal,1,
mdgo_v11_probe_000273,finance,reference_case_reconstruction,1,
mdgo_v11_probe_000274,finance,surface_decoy_pair,1,
mdgo_v11_probe_000275,finance,surface_decoy_pair,1,
mdgo_v11_probe_000276,finance,surface_decoy_pair,1,
mdgo_v11_probe_000277,finance,suggestion_rejection_pair,1,
mdgo_v11_probe_000278,software,suggestion_rejection_pair,1,
mdgo_v11_probe_000279,software,dual_asof_reversal,1,
mdgo_v11_probe_000280,software,suggestion_rejection_pair,1,
mdgo_v11_probe_000281,finance,triple_asof_interleaved,1,
mdgo_v11_probe_000282,finance,dual_asof_reversal,1,
mdgo_v11_probe_000283,finance,dual_asof_reversal,1,
mdgo_v11_probe_000284,software,surface_decoy_pair,1,
mdgo_v11_probe_000285,finance,suggestion_rejection_pair,1,
mdgo_v11_probe_000286,finance,suggestion_rejection_pair,1,
mdgo_v11_probe_000287,software,triple_asof_interleaved,1,
mdgo_v11_probe_000288,finance,triple_asof_interleaved,1,
mdgo_v11_probe_000289,finance,triple_asof_interleaved,1,
mdgo_v11_probe_000290,software,triple_asof_interleaved,1,
mdgo_v11_probe_000291,finance,suggestion_rejection_pair,1,
mdgo_v11_probe_000292,finance,triple_asof_interleaved,1,
mdgo_v11_probe_000293,finance,dual_asof_reversal,1,
mdgo_v11_probe_000294,finance,provenance_weighted_triple,1,
mdgo_v11_probe_000295,software,dual_asof_reversal,1,
mdgo_v11_probe_000296,finance,provenance_weighted_triple,1,
mdgo_v11_probe_000297,software,dual_asof_reversal,1,
mdgo_v11_probe_000298,software,reference_case_reconstruction,1,
mdgo_v11_probe_000299,finance,surface_decoy_pair,1,
mdgo_v11_probe_000300,finance,dual_asof_reversal,1,
mdgo_v11_probe_000301,finance,dual_asof_reversal,1,
mdgo_v11_probe_000302,finance,triple_asof_interleaved,1,
mdgo_v11_probe_000303,finance,dual_asof_reversal,1,
mdgo_v11_probe_000304,finance,surface_decoy_pair,1,
mdgo_v11_probe_000305,software,dual_asof_reversal,1,
mdgo_v11_probe_000306,finance,dual_asof_reversal,1,
mdgo_v11_probe_000307,finance,surface_decoy_pair,1,
mdgo_v11_probe_000308,finance,reference_case_reconstruction,1,
mdgo_v11_probe_000309,finance,surface_decoy_pair,1,
mdgo_v11_probe_000310,software,provenance_weighted_triple,1,
mdgo_v11_probe_000311,software,triple_asof_interleaved,1,
mdgo_v11_probe_000312,finance,dual_asof_reversal,1,
mdgo_v11_probe_000313,finance,suggestion_rejection_pair,1,
mdgo_v11_probe_000314,software,suggestion_rejection_pair,1,
mdgo_v11_probe_000315,finance,suggestion_rejection_pair,1,
mdgo_v11_probe_000316,finance,triple_asof_interleaved,1,
mdgo_v11_probe_000317,software,dual_asof_reversal,1,
mdgo_v11_probe_000318,finance,dual_asof_reversal,1,
mdgo_v11_probe_000319,finance,surface_decoy_pair,1,
mdgo_v11_probe_000320,finance,dual_asof_reversal,1,
mdgo_v11_probe_000321,software,suggestion_rejection_pair,1,
mdgo_v11_probe_000322,software,reference_case_reconstruction,1,
mdgo_v11_probe_000323,finance,surface_decoy_pair,1,
mdgo_v11_probe_000324,finance,reference_case_reconstruction,1,
mdgo_v11_probe_000325,finance,suggestion_rejection_pair,1,
mdgo_v11_probe_000326,finance,triple_asof_interleaved,1,
mdgo_v11_probe_000327,software,surface_decoy_pair,1,
mdgo_v11_probe_000328,software,reference_case_reconstruction,1,
mdgo_v11_probe_000329,finance,triple_asof_interleaved,1,
mdgo_v11_probe_000330,finance,suggestion_rejection_pair,1,
mdgo_v11_probe_000331,finance,reference_case_reconstruction,1,
mdgo_v11_probe_000332,finance,reference_case_reconstruction,1,
mdgo_v11_probe_000333,software,reference_case_reconstruction,1,
mdgo_v11_probe_000334,finance,reference_case_reconstruction,1,
mdgo_v11_probe_000335,finance,suggestion_rejection_pair,1,
mdgo_v11_probe_000336,finance,scope_temporal_pair,1,
mdgo_v11_probe_000337,finance,surface_decoy_pair,1,
mdgo_v11_probe_000338,software,triple_asof_interleaved,1,
mdgo_v11_probe_000339,software,surface_decoy_pair,1,
mdgo_v11_probe_000340,finance,surface_decoy_pair,1,
mdgo_v11_probe_000341,finance,surface_decoy_pair,1,
mdgo_v11_probe_000342,finance,provenance_weighted_triple,1,
mdgo_v11_probe_000343,software,dual_asof_reversal,1,
mdgo_v11_probe_000344,finance,surface_decoy_pair,1,
mdgo_v11_probe_000345,finance,triple_asof_interleaved,1,
mdgo_v11_probe_000346,finance,triple_asof_interleaved,1,
mdgo_v11_probe_000347,finance,surface_decoy_pair,1,
mdgo_v11_probe_000348,finance,dual_asof_reversal,1,
mdgo_v11_probe_000349,software,provenance_weighted_triple,1,
mdgo_v11_probe_000350,software,triple_asof_interleaved,1,
mdgo_v11_probe_000351,finance,surface_decoy_pair,1,
mdgo_v11_probe_000352,finance,triple_asof_interleaved,1,
mdgo_v11_probe_000353,software,dual_asof_reversal,1,
mdgo_v11_probe_000354,finance,surface_decoy_pair,1,
mdgo_v11_probe_000355,finance,surface_decoy_pair,1,
mdgo_v11_probe_000356,finance,scope_temporal_pair,1,
mdgo_v11_probe_000357,finance,scope_temporal_pair,1,
mdgo_v11_probe_000358,finance,suggestion_rejection_pair,1,
mdgo_v11_probe_000359,finance,reference_case_reconstruction,1,
mdgo_v11_probe_000360,software,triple_asof_interleaved,1,
mdgo_v11_probe_000361,software,suggestion_rejection_pair,1,
mdgo_v11_probe_000362,finance,reference_case_reconstruction,1,
mdgo_v11_probe_000363,finance,reference_case_reconstruction,1,
mdgo_v11_probe_000364,finance,triple_asof_interleaved,1,
mdgo_v11_probe_000365,finance,surface_decoy_pair,1,
mdgo_v11_probe_000366,software,triple_asof_interleaved,1,
mdgo_v11_probe_000367,software,surface_decoy_pair,1,
mdgo_v11_probe_000368,finance,reference_case_reconstruction,1,
mdgo_v11_probe_000369,finance,dual_asof_reversal,1,
mdgo_v11_probe_000370,software,reference_case_reconstruction,1,
mdgo_v11_probe_000371,software,suggestion_rejection_pair,1,
mdgo_v11_probe_000372,software,provenance_weighted_triple,1,
mdgo_v11_probe_000373,finance,reference_case_reconstruction,1,
mdgo_v11_probe_000374,finance,dual_asof_reversal,1,
mdgo_v11_probe_000375,finance,reference_case_reconstruction,1,
mdgo_v11_probe_000376,finance,surface_decoy_pair,1,
mdgo_v11_probe_000377,software,triple_asof_interleaved,1,
mdgo_v11_probe_000378,finance,triple_asof_interleaved,1,
mdgo_v11_probe_000379,finance,provenance_weighted_triple,1,
mdgo_v11_probe_000380,finance,dual_asof_reversal,1,
mdgo_v11_probe_000381,finance,surface_decoy_pair,1,
mdgo_v11_probe_000382,finance,reference_case_reconstruction,1,
mdgo_v11_probe_000383,finance,surface_decoy_pair,1,
mdgo_v11_probe_000384,finance,triple_asof_interleaved,1,
mdgo_v11_probe_000385,software,suggestion_rejection_pair,1,
mdgo_v11_probe_000386,software,reference_case_reconstruction,1,
mdgo_v11_probe_000387,finance,reference_case_reconstruction,1,
mdgo_v11_probe_000388,finance,reference_case_reconstruction,1,
mdgo_v11_probe_000389,software,dual_asof_reversal,1,
mdgo_v11_probe_000390,finance,reference_case_reconstruction,1,
mdgo_v11_probe_000391,finance,dual_asof_reversal,1,
mdgo_v11_probe_000392,software,triple_asof_interleaved,1,
mdgo_v11_probe_000393,software,triple_asof_interleaved,1,
mdgo_v11_probe_000394,finance,provenance_weighted_triple,1,
mdgo_v11_probe_000395,finance,triple_asof_interleaved,1,
mdgo_v11_probe_000396,software,dual_asof_reversal,1,
mdgo_v11_probe_000397,finance,surface_decoy_pair,1,
mdgo_v11_probe_000398,finance,suggestion_rejection_pair,1,
mdgo_v11_probe_000399,software,dual_asof_reversal,1,
mdgo_v11_probe_000400,software,dual_asof_reversal,1,
mdgo_v11_probe_000401,finance,dual_asof_reversal,1,
mdgo_v11_probe_000402,finance,dual_asof_reversal,1,
mdgo_v11_probe_000403,software,suggestion_rejection_pair,1,
mdgo_v11_probe_000404,software,surface_decoy_pair,1,
mdgo_v11_probe_000405,software,dual_asof_reversal,1,
mdgo_v11_probe_000406,finance,provenance_weighted_triple,1,
mdgo_v11_probe_000407,finance,dual_asof_reversal,1,
mdgo_v11_probe_000408,finance,surface_decoy_pair,1,
mdgo_v11_probe_000409,finance,triple_asof_interleaved,1,
mdgo_v11_probe_000410,software,suggestion_rejection_pair,1,
mdgo_v11_probe_000411,finance,surface_decoy_pair,1,
mdgo_v11_probe_000412,finance,provenance_weighted_triple,1,
mdgo_v11_probe_000413,software,reference_case_reconstruction,1,
mdgo_v11_probe_000414,software,triple_asof_interleaved,1,
mdgo_v11_probe_000415,finance,suggestion_rejection_pair,1,
mdgo_v11_probe_000416,finance,triple_asof_interleaved,1,
mdgo_v11_probe_000417,finance,surface_decoy_pair,1,
mdgo_v11_probe_000418,finance,reference_case_reconstruction,1,
mdgo_v11_probe_000419,finance,reference_case_reconstruction,1,
mdgo_v11_probe_000420,finance,dual_asof_reversal,1,
mdgo_v11_probe_000421,finance,dual_asof_reversal,1,
mdgo_v11_probe_000422,software,provenance_weighted_triple,1,
mdgo_v11_probe_000423,finance,dual_asof_reversal,1,
mdgo_v11_probe_000424,finance,surface_decoy_pair,1,
mdgo_v11_probe_000425,software,dual_asof_reversal,1,
mdgo_v11_probe_000426,software,triple_asof_interleaved,1,
mdgo_v11_probe_000427,software,triple_asof_interleaved,1,
mdgo_v11_probe_000428,finance,suggestion_rejection_pair,1,
mdgo_v11_probe_000429,finance,surface_decoy_pair,1,
mdgo_v11_probe_000430,finance,scope_temporal_pair,1,
mdgo_v11_probe_000431,finance,surface_decoy_pair,1,
mdgo_v11_probe_000432,finance,surface_decoy_pair,1,
mdgo_v11_probe_000433,finance,suggestion_rejection_pair,1,
mdgo_v11_probe_000434,finance,triple_asof_interleaved,1,
mdgo_v11_probe_000435,finance,surface_decoy_pair,1,
mdgo_v11_probe_000436,finance,reference_case_reconstruction,1,
mdgo_v11_probe_000437,finance,reference_case_reconstruction,1,
mdgo_v11_probe_000438,finance,dual_asof_reversal,1,
mdgo_v11_probe_000439,finance,triple_asof_interleaved,1,
mdgo_v11_probe_000440,finance,triple_asof_interleaved,1,
mdgo_v11_probe_000441,finance,surface_decoy_pair,1,
mdgo_v11_probe_000442,finance,triple_asof_interleaved,1,
mdgo_v11_probe_000443,software,triple_asof_interleaved,1,
mdgo_v11_probe_000444,software,surface_decoy_pair,1,
mdgo_v11_probe_000445,finance,dual_asof_reversal,1,
mdgo_v11_probe_000446,software,surface_decoy_pair,1,
mdgo_v11_probe_000447,finance,provenance_weighted_triple,1,
mdgo_v11_probe_000448,software,surface_decoy_pair,1,
mdgo_v11_probe_000449,finance,dual_asof_reversal,1,
mdgo_v11_probe_000450,finance,reference_case_reconstruction,1,
mdgo_v11_probe_000451,software,dual_asof_reversal,1,
mdgo_v11_probe_000452,finance,provenance_weighted_triple,1,
mdgo_v11_probe_000453,software,surface_decoy_pair,1,
mdgo_v11_probe_000454,finance,surface_decoy_pair,1,
mdgo_v11_probe_000455,finance,triple_asof_interleaved,1,
mdgo_v11_probe_000456,software,dual_asof_reversal,1,
mdgo_v11_probe_000457,finance,reference_case_reconstruction,1,
mdgo_v11_probe_000458,finance,surface_decoy_pair,1,
mdgo_v11_probe_000459,finance,dual_asof_reversal,1,
mdgo_v11_probe_000460,finance,dual_asof_reversal,1,
mdgo_v11_probe_000461,finance,scope_temporal_pair,1,
mdgo_v11_probe_000462,finance,triple_asof_interleaved,1,
mdgo_v11_probe_000463,finance,reference_case_reconstruction,1,
mdgo_v11_probe_000464,software,suggestion_rejection_pair,1,
mdgo_v11_probe_000465,software,suggestion_rejection_pair,1,
mdgo_v11_probe_000466,finance,surface_decoy_pair,1,
mdgo_v11_probe_000467,finance,triple_asof_interleaved,1,
mdgo_v11_probe_000468,finance,surface_decoy_pair,1,
mdgo_v11_probe_000469,finance,triple_asof_interleaved,1,
mdgo_v11_probe_000470,software,reference_case_reconstruction,1,
mdgo_v11_probe_000471,finance,dual_asof_reversal,1,
mdgo_v11_probe_000472,software,reference_case_reconstruction,1,
mdgo_v11_probe_000473,finance,suggestion_rejection_pair,1,
mdgo_v11_probe_000474,finance,suggestion_rejection_pair,1,
mdgo_v11_probe_000475,software,dual_asof_reversal,1,
mdgo_v11_probe_000476,finance,surface_decoy_pair,1,
mdgo_v11_probe_000477,finance,reference_case_reconstruction,1,
mdgo_v11_probe_000478,finance,reference_case_reconstruction,1,
mdgo_v11_probe_000479,finance,dual_asof_reversal,1,
mdgo_v11_probe_000480,finance,reference_case_reconstruction,1,
mdgo_v11_probe_000481,finance,surface_decoy_pair,1,
mdgo_v11_probe_000482,finance,triple_asof_interleaved,1,
mdgo_v11_probe_000483,finance,scope_temporal_pair,1,
mdgo_v11_probe_000484,software,reference_case_reconstruction,1,
mdgo_v11_probe_000485,finance,surface_decoy_pair,1,
mdgo_v11_probe_000486,finance,surface_decoy_pair,1,
mdgo_v11_probe_000487,finance,triple_asof_interleaved,1,
mdgo_v11_probe_000488,software,triple_asof_interleaved,1,
mdgo_v11_probe_000489,finance,surface_decoy_pair,1,
mdgo_v11_probe_000490,finance,dual_asof_reversal,1,
mdgo_v11_probe_000491,finance,dual_asof_reversal,1,
mdgo_v11_probe_000492,finance,suggestion_rejection_pair,1,
mdgo_v11_probe_000493,finance,dual_asof_reversal,1,
mdgo_v11_probe_000494,finance,reference_case_reconstruction,1,
mdgo_v11_probe_000495,software,suggestion_rejection_pair,1,
mdgo_v11_probe_000496,finance,reference_case_reconstruction,1,
mdgo_v11_probe_000497,software,triple_asof_interleaved,1,
mdgo_v11_probe_000498,finance,surface_decoy_pair,1,
mdgo_v11_probe_000499,software,surface_decoy_pair,1,
mdgo_v11_probe_000500,finance,dual_asof_reversal,1,
mdgo_v11_probe_000501,software,suggestion_rejection_pair,1,
mdgo_v11_probe_000502,finance,dual_asof_reversal,1,
mdgo_v11_probe_000503,finance,surface_decoy_pair,1,
mdgo_v11_probe_000504,software,reference_case_reconstruction,1,
mdgo_v11_probe_000505,finance,triple_asof_interleaved,1,
mdgo_v11_probe_000506,finance,dual_asof_reversal,1,
mdgo_v11_probe_000507,finance,surface_decoy_pair,1,
mdgo_v11_probe_000508,software,provenance_weighted_triple,1,
mdgo_v11_probe_000509,software,reference_case_reconstruction,1,
mdgo_v11_probe_000510,finance,reference_case_reconstruction,1,
mdgo_v11_probe_000511,software,suggestion_rejection_pair,1,
mdgo_v11_probe_000512,finance,suggestion_rejection_pair,1,
mdgo_v11_probe_000513,finance,surface_decoy_pair,1,
mdgo_v11_probe_000514,finance,dual_asof_reversal,1,
mdgo_v11_probe_000515,finance,surface_decoy_pair,1,
mdgo_v11_probe_000516,software,triple_asof_interleaved,1,
mdgo_v11_probe_000517,software,triple_asof_interleaved,1,
mdgo_v11_probe_000518,software,surface_decoy_pair,1,
mdgo_v11_probe_000519,software,triple_asof_interleaved,1,
mdgo_v11_probe_000520,finance,provenance_weighted_triple,1,
mdgo_v11_probe_000521,software,reference_case_reconstruction,1,
mdgo_v11_probe_000522,finance,dual_asof_reversal,1,
mdgo_v11_probe_000523,software,reference_case_reconstruction,1,
mdgo_v11_probe_000524,software,scope_temporal_pair,1,
mdgo_v11_probe_000525,finance,triple_asof_interleaved,1,
mdgo_v11_probe_000526,finance,surface_decoy_pair,1,
mdgo_v11_probe_000527,finance,triple_asof_interleaved,1,
mdgo_v11_probe_000528,finance,dual_asof_reversal,1,
mdgo_v11_probe_000529,finance,triple_asof_interleaved,1,
mdgo_v11_probe_000530,software,surface_decoy_pair,1,
mdgo_v11_probe_000531,software,dual_asof_reversal,1,
mdgo_v11_probe_000532,finance,triple_asof_interleaved,1,
mdgo_v11_probe_000533,finance,triple_asof_interleaved,1,
mdgo_v11_probe_000534,software,reference_case_reconstruction,1,
mdgo_v11_probe_000535,finance,suggestion_rejection_pair,1,
mdgo_v11_probe_000536,software,triple_asof_interleaved,1,
mdgo_v11_probe_000537,software,reference_case_reconstruction,1,
mdgo_v11_probe_000538,finance,scope_temporal_pair,1,
mdgo_v11_probe_000539,finance,reference_case_reconstruction,1,
mdgo_v11_probe_000540,finance,reference_case_reconstruction,1,
mdgo_v11_probe_000541,finance,triple_asof_interleaved,1,
mdgo_v11_probe_000542,finance,reference_case_reconstruction,1,
mdgo_v11_probe_000543,finance,dual_asof_reversal,1,
mdgo_v11_probe_000544,finance,reference_case_reconstruction,1,
mdgo_v11_probe_000545,software,scope_temporal_pair,1,
mdgo_v11_probe_000546,finance,dual_asof_reversal,1,
mdgo_v11_probe_000547,finance,triple_asof_interleaved,1,
mdgo_v11_probe_000548,finance,dual_asof_reversal,1,
mdgo_v11_probe_000549,finance,triple_asof_interleaved,1,
mdgo_v11_probe_000550,software,dual_asof_reversal,1,
mdgo_v11_probe_000551,finance,surface_decoy_pair,1,
mdgo_v11_probe_000552,software,dual_asof_reversal,1,
mdgo_v11_probe_000553,finance,triple_asof_interleaved,1,
mdgo_v11_probe_000554,software,surface_decoy_pair,1,
mdgo_v11_probe_000555,finance,surface_decoy_pair,1,
mdgo_v11_probe_000556,finance,triple_asof_interleaved,1,
mdgo_v11_probe_000557,finance,surface_decoy_pair,1,
mdgo_v11_probe_000558,finance,triple_asof_interleaved,1,
mdgo_v11_probe_000559,finance,provenance_weighted_triple,1,
mdgo_v11_probe_000560,finance,triple_asof_interleaved,1,
mdgo_v11_probe_000561,finance,dual_asof_reversal,1,
mdgo_v11_probe_000562,finance,reference_case_reconstruction,1,
mdgo_v11_probe_000563,software,suggestion_rejection_pair,1,
mdgo_v11_probe_000564,finance,scope_temporal_pair,1,
mdgo_v11_probe_000565,finance,scope_temporal_pair,1,
mdgo_v11_probe_000566,finance,triple_asof_interleaved,1,
mdgo_v11_probe_000567,software,surface_decoy_pair,1,
mdgo_v11_probe_000568,finance,triple_asof_interleaved,1,
mdgo_v11_probe_000569,finance,triple_asof_interleaved,1,
mdgo_v11_probe_000570,software,provenance_weighted_triple,1,
mdgo_v11_probe_000571,finance,reference_case_reconstruction,1,
mdgo_v11_probe_000572,finance,triple_asof_interleaved,1,
mdgo_v11_probe_000573,software,dual_asof_reversal,1,
mdgo_v11_probe_000574,finance,surface_decoy_pair,1,
mdgo_v11_probe_000575,software,surface_decoy_pair,1,
mdgo_v11_probe_000576,software,provenance_weighted_triple,1,
mdgo_v11_probe_000577,finance,triple_asof_interleaved,1,
mdgo_v11_probe_000578,finance,surface_decoy_pair,1,
mdgo_v11_probe_000579,software,surface_decoy_pair,1,
mdgo_v11_probe_000580,finance,reference_case_reconstruction,1,
mdgo_v11_probe_000581,finance,surface_decoy_pair,1,
mdgo_v11_probe_000582,finance,triple_asof_interleaved,1,
mdgo_v11_probe_000583,software,triple_asof_interleaved,1,
mdgo_v11_probe_000584,finance,suggestion_rejection_pair,1,
mdgo_v11_probe_000585,finance,provenance_weighted_triple,1,
mdgo_v11_probe_000586,finance,triple_asof_interleaved,1,
mdgo_v11_probe_000587,software,dual_asof_reversal,1,
mdgo_v11_probe_000588,finance,surface_decoy_pair,1,
mdgo_v11_probe_000589,finance,surface_decoy_pair,1,
mdgo_v11_probe_000590,software,surface_decoy_pair,1,
mdgo_v11_probe_000591,finance,suggestion_rejection_pair,1,
mdgo_v11_probe_000592,finance,triple_asof_interleaved,1,
mdgo_v11_probe_000593,finance,surface_decoy_pair,1,
mdgo_v11_probe_000594,software,triple_asof_interleaved,1,
mdgo_v11_probe_000595,finance,suggestion_rejection_pair,1,
mdgo_v11_probe_000596,finance,triple_asof_interleaved,1,
mdgo_v11_probe_000597,finance,reference_case_reconstruction,1,
mdgo_v11_probe_000598,software,triple_asof_interleaved,1,
mdgo_v11_probe_000599,finance,suggestion_rejection_pair,1,
mdgo_v11_probe_000600,finance,reference_case_reconstruction,1,
mdgo_v11_probe_000601,software,triple_asof_interleaved,1,
mdgo_v11_probe_000602,finance,reference_case_reconstruction,1,
mdgo_v11_probe_000603,software,surface_decoy_pair,1,
mdgo_v11_probe_000604,finance,dual_asof_reversal,1,
mdgo_v11_probe_000605,finance,surface_decoy_pair,1,
mdgo_v11_probe_000606,finance,reference_case_reconstruction,1,
mdgo_v11_probe_000607,finance,surface_decoy_pair,1,
mdgo_v11_probe_000608,finance,reference_case_reconstruction,1,
mdgo_v11_probe_000609,software,surface_decoy_pair,1,
mdgo_v11_probe_000610,finance,surface_decoy_pair,1,
mdgo_v11_probe_000611,finance,surface_decoy_pair,1,
mdgo_v11_probe_000612,software,triple_asof_interleaved,1,
mdgo_v11_probe_000613,software,surface_decoy_pair,1,
mdgo_v11_probe_000614,finance,dual_asof_reversal,1,
mdgo_v11_probe_000615,software,triple_asof_interleaved,1,
mdgo_v11_probe_000616,finance,scope_temporal_pair,1,
mdgo_v11_probe_000617,software,dual_asof_reversal,1,
mdgo_v11_probe_000618,finance,surface_decoy_pair,1,
mdgo_v11_probe_000619,finance,triple_asof_interleaved,1,
mdgo_v11_probe_000620,finance,suggestion_rejection_pair,1,
mdgo_v11_probe_000621,finance,provenance_weighted_triple,1,
mdgo_v11_probe_000622,finance,surface_decoy_pair,1,
mdgo_v11_probe_000623,software,surface_decoy_pair,1,
mdgo_v11_probe_000624,software,provenance_weighted_triple,1,
mdgo_v11_probe_000625,finance,reference_case_reconstruction,1,
mdgo_v11_probe_000626,finance,triple_asof_interleaved,1,
mdgo_v11_probe_000627,software,suggestion_rejection_pair,1,
mdgo_v11_probe_000628,finance,dual_asof_reversal,1,
mdgo_v11_probe_000629,finance,surface_decoy_pair,1,
mdgo_v11_probe_000630,finance,surface_decoy_pair,1,
mdgo_v11_probe_000631,finance,triple_asof_interleaved,1,
mdgo_v11_probe_000632,finance,dual_asof_reversal,1,
mdgo_v11_probe_000633,finance,triple_asof_interleaved,1,
mdgo_v11_probe_000634,finance,triple_asof_interleaved,1,
mdgo_v11_probe_000635,finance,suggestion_rejection_pair,1,
mdgo_v11_probe_000636,software,dual_asof_reversal,1,
mdgo_v11_probe_000637,software,triple_asof_interleaved,1,
mdgo_v11_probe_000638,software,triple_asof_interleaved,1,
mdgo_v11_probe_000639,software,surface_decoy_pair,1,
mdgo_v11_probe_000640,finance,triple_asof_interleaved,1,
mdgo_v11_probe_000641,software,reference_case_reconstruction,1,
mdgo_v11_probe_000642,finance,reference_case_reconstruction,1,
mdgo_v11_probe_000643,software,triple_asof_interleaved,1,
mdgo_v11_probe_000644,software,dual_asof_reversal,1,
mdgo_v11_probe_000645,software,surface_decoy_pair,1,
mdgo_v11_probe_000646,finance,triple_asof_interleaved,1,
mdgo_v11_probe_000647,finance,triple_asof_interleaved,1,
mdgo_v11_probe_000648,software,reference_case_reconstruction,1,
mdgo_v11_probe_000649,finance,triple_asof_interleaved,1,
mdgo_v11_probe_000650,finance,triple_asof_interleaved,1,
mdgo_v11_probe_000651,finance,suggestion_rejection_pair,1,
mdgo_v11_probe_000652,finance,triple_asof_interleaved,1,
mdgo_v11_probe_000653,finance,reference_case_reconstruction,1,
mdgo_v11_probe_000654,finance,dual_asof_reversal,1,
mdgo_v11_probe_000655,software,suggestion_rejection_pair,1,
mdgo_v11_probe_000656,software,dual_asof_reversal,1,
mdgo_v11_probe_000657,finance,reference_case_reconstruction,1,
mdgo_v11_probe_000658,finance,triple_asof_interleaved,1,
mdgo_v11_probe_000659,software,scope_temporal_pair,1,
mdgo_v11_probe_000660,finance,dual_asof_reversal,1,
mdgo_v11_probe_000661,finance,surface_decoy_pair,1,
mdgo_v11_probe_000662,finance,dual_asof_reversal,1,
mdgo_v11_probe_000663,software,reference_case_reconstruction,1,
mdgo_v11_probe_000664,finance,dual_asof_reversal,1,
mdgo_v11_probe_000665,finance,triple_asof_interleaved,1,
mdgo_v11_probe_000666,finance,surface_decoy_pair,1,
mdgo_v11_probe_000667,finance,suggestion_rejection_pair,1,
mdgo_v11_probe_000668,software,triple_asof_interleaved,1,
mdgo_v11_probe_000669,finance,triple_asof_interleaved,1,
mdgo_v11_probe_000670,software,dual_asof_reversal,1,
mdgo_v11_probe_000671,software,provenance_weighted_triple,1,
mdgo_v11_probe_000672,finance,surface_decoy_pair,1,
mdgo_v11_probe_000673,software,suggestion_rejection_pair,1,
mdgo_v11_probe_000674,finance,reference_case_reconstruction,1,
mdgo_v11_probe_000675,finance,triple_asof_interleaved,1,
mdgo_v11_probe_000676,finance,provenance_weighted_triple,1,
mdgo_v11_probe_000677,software,reference_case_reconstruction,1,
mdgo_v11_probe_000678,software,triple_asof_interleaved,1,
mdgo_v11_probe_000679,software,suggestion_rejection_pair,1,
mdgo_v11_probe_000680,finance,surface_decoy_pair,1,
mdgo_v11_probe_000681,finance,dual_asof_reversal,1,
mdgo_v11_probe_000682,software,reference_case_reconstruction,1,
mdgo_v11_probe_000683,finance,suggestion_rejection_pair,1,
mdgo_v11_probe_000684,finance,suggestion_rejection_pair,1,
mdgo_v11_probe_000685,finance,surface_decoy_pair,1,
mdgo_v11_probe_000686,finance,suggestion_rejection_pair,1,
mdgo_v11_probe_000687,software,triple_asof_interleaved,1,
mdgo_v11_probe_000688,finance,triple_asof_interleaved,1,
mdgo_v11_probe_000689,software,dual_asof_reversal,1,
mdgo_v11_probe_000690,software,triple_asof_interleaved,1,
mdgo_v11_probe_000691,software,dual_asof_reversal,1,
mdgo_v11_probe_000692,software,surface_decoy_pair,1,
mdgo_v11_probe_000693,finance,scope_temporal_pair,1,
mdgo_v11_probe_000694,finance,triple_asof_interleaved,1,
mdgo_v11_probe_000695,software,scope_temporal_pair,1,
mdgo_v11_probe_000696,finance,dual_asof_reversal,1,
mdgo_v11_probe_000697,software,surface_decoy_pair,1,
mdgo_v11_probe_000698,finance,surface_decoy_pair,1,
mdgo_v11_probe_000699,finance,reference_case_reconstruction,1,
mdgo_v11_probe_000700,finance,suggestion_rejection_pair,1,
mdgo_v11_probe_000701,software,triple_asof_interleaved,1,
mdgo_v11_probe_000702,finance,surface_decoy_pair,1,
mdgo_v11_probe_000703,finance,dual_asof_reversal,1,
mdgo_v11_probe_000704,software,dual_asof_reversal,1,
mdgo_v11_probe_000705,finance,dual_asof_reversal,1,
mdgo_v11_probe_000706,finance,reference_case_reconstruction,1,
mdgo_v11_probe_000707,software,dual_asof_reversal,1,
mdgo_v11_probe_000708,software,suggestion_rejection_pair,1,
mdgo_v11_probe_000709,finance,reference_case_reconstruction,1,
mdgo_v11_probe_000710,finance,reference_case_reconstruction,1,
mdgo_v11_probe_000711,finance,reference_case_reconstruction,1,
mdgo_v11_probe_000712,finance,surface_decoy_pair,1,
mdgo_v11_probe_000713,finance,surface_decoy_pair,1,
mdgo_v11_probe_000714,finance,dual_asof_reversal,1,
mdgo_v11_probe_000715,finance,triple_asof_interleaved,1,
mdgo_v11_probe_000716,finance,dual_asof_reversal,1,
mdgo_v11_probe_000717,finance,surface_decoy_pair,1,
mdgo_v11_probe_000718,software,suggestion_rejection_pair,1,
mdgo_v11_probe_000719,finance,triple_asof_interleaved,1,
mdgo_v11_probe_000720,software,suggestion_rejection_pair,1,
mdgo_v11_probe_000721,software,triple_asof_interleaved,1,
mdgo_v11_probe_000722,software,reference_case_reconstruction,1,
mdgo_v11_probe_000723,finance,suggestion_rejection_pair,1,
mdgo_v11_probe_000724,finance,surface_decoy_pair,1,
mdgo_v11_probe_000725,finance,reference_case_reconstruction,1,
mdgo_v11_probe_000726,software,surface_decoy_pair,1,
mdgo_v11_probe_000727,finance,triple_asof_interleaved,1,
mdgo_v11_probe_000728,finance,dual_asof_reversal,1,
mdgo_v11_probe_000729,software,reference_case_reconstruction,1,
mdgo_v11_probe_000730,finance,reference_case_reconstruction,1,
mdgo_v11_probe_000731,finance,surface_decoy_pair,1,
mdgo_v11_probe_000732,finance,triple_asof_interleaved,1,
mdgo_v11_probe_000733,software,provenance_weighted_triple,1,
mdgo_v11_probe_000734,finance,triple_asof_interleaved,1,
mdgo_v11_probe_000735,finance,dual_asof_reversal,1,
mdgo_v11_probe_000736,finance,scope_temporal_pair,1,
mdgo_v11_probe_000737,finance,surface_decoy_pair,1,
mdgo_v11_probe_000738,finance,dual_asof_reversal,1,
mdgo_v11_probe_000739,finance,reference_case_reconstruction,1,
mdgo_v11_probe_000740,finance,surface_decoy_pair,1,
mdgo_v11_probe_000741,software,surface_decoy_pair,1,
mdgo_v11_probe_000742,software,triple_asof_interleaved,1,
mdgo_v11_probe_000743,software,suggestion_rejection_pair,1,
mdgo_v11_probe_000744,finance,scope_temporal_pair,1,
mdgo_v11_probe_000745,finance,dual_asof_reversal,1,
mdgo_v11_probe_000746,finance,scope_temporal_pair,1,
mdgo_v11_probe_000747,software,triple_asof_interleaved,1,
mdgo_v11_probe_000748,software,surface_decoy_pair,1,
mdgo_v11_probe_000749,finance,triple_asof_interleaved,1,
mdgo_v11_probe_000750,software,surface_decoy_pair,1,
mdgo_v11_probe_000751,finance,suggestion_rejection_pair,1,
mdgo_v11_probe_000752,finance,suggestion_rejection_pair,1,
mdgo_v11_probe_000753,software,suggestion_rejection_pair,1,
mdgo_v11_probe_000754,finance,surface_decoy_pair,1,
mdgo_v11_probe_000755,finance,triple_asof_interleaved,1,
mdgo_v11_probe_000756,software,reference_case_reconstruction,1,
mdgo_v11_probe_000757,finance,scope_temporal_pair,1,
mdgo_v11_probe_000758,software,reference_case_reconstruction,1,
mdgo_v11_probe_000759,finance,reference_case_reconstruction,1,
mdgo_v11_probe_000760,software,reference_case_reconstruction,1,
mdgo_v11_probe_000761,finance,provenance_weighted_triple,1,
mdgo_v11_probe_000762,finance,dual_asof_reversal,1,
mdgo_v11_probe_000763,software,dual_asof_reversal,1,
mdgo_v11_probe_000764,finance,surface_decoy_pair,1,
mdgo_v11_probe_000765,finance,suggestion_rejection_pair,1,
mdgo_v11_probe_000766,finance,reference_case_reconstruction,1,
mdgo_v11_probe_000767,software,reference_case_reconstruction,1,
mdgo_v11_probe_000768,finance,dual_asof_reversal,1,
mdgo_v11_probe_000769,finance,triple_asof_interleaved,1,
mdgo_v11_probe_000770,finance,surface_decoy_pair,1,
mdgo_v11_probe_000771,finance,surface_decoy_pair,1,
mdgo_v11_probe_000772,software,reference_case_reconstruction,1,
mdgo_v11_probe_000773,finance,triple_asof_interleaved,1,
mdgo_v11_probe_000774,finance,dual_asof_reversal,1,
mdgo_v11_probe_000775,finance,triple_asof_interleaved,1,
mdgo_v11_probe_000776,finance,suggestion_rejection_pair,1,
mdgo_v11_probe_000777,finance,provenance_weighted_triple,1,
mdgo_v11_probe_000778,finance,provenance_weighted_triple,1,
mdgo_v11_probe_000779,finance,reference_case_reconstruction,1,
mdgo_v11_probe_000780,software,dual_asof_reversal,1,
mdgo_v11_probe_000781,finance,provenance_weighted_triple,1,
mdgo_v11_probe_000782,software,reference_case_reconstruction,1,
mdgo_v11_probe_000783,software,suggestion_rejection_pair,1,
mdgo_v11_probe_000784,software,reference_case_reconstruction,1,
mdgo_v11_probe_000785,finance,surface_decoy_pair,1,
mdgo_v11_probe_000786,finance,surface_decoy_pair,1,
mdgo_v11_probe_000787,finance,dual_asof_reversal,1,
mdgo_v11_probe_000788,finance,triple_asof_interleaved,1,
mdgo_v11_probe_000789,software,scope_temporal_pair,1,
mdgo_v11_probe_000790,finance,provenance_weighted_triple,1,
mdgo_v11_probe_000791,finance,reference_case_reconstruction,1,
mdgo_v11_probe_000792,software,triple_asof_interleaved,1,
mdgo_v11_probe_000793,finance,triple_asof_interleaved,1,
mdgo_v11_probe_000794,finance,suggestion_rejection_pair,1,
mdgo_v11_probe_000795,finance,dual_asof_reversal,1,
mdgo_v11_probe_000796,finance,reference_case_reconstruction,1,
mdgo_v11_probe_000797,software,dual_asof_reversal,1,
mdgo_v11_probe_000798,software,surface_decoy_pair,1,
mdgo_v11_probe_000799,finance,reference_case_reconstruction,1,
mdgo_v11_probe_000800,finance,surface_decoy_pair,1,
mdgo_v11_probe_000801,software,reference_case_reconstruction,1,
mdgo_v11_probe_000802,software,reference_case_reconstruction,1,
mdgo_v11_probe_000803,finance,reference_case_reconstruction,1,
mdgo_v11_probe_000804,finance,reference_case_reconstruction,1,
mdgo_v11_probe_000805,finance,triple_asof_interleaved,1,
mdgo_v11_probe_000806,software,surface_decoy_pair,1,
mdgo_v11_probe_000807,software,triple_asof_interleaved,1,
mdgo_v11_probe_000808,software,triple_asof_interleaved,1,
mdgo_v11_probe_000809,finance,triple_asof_interleaved,1,
mdgo_v11_probe_000810,software,triple_asof_interleaved,1,
mdgo_v11_probe_000811,software,reference_case_reconstruction,1,
mdgo_v11_probe_000812,software,suggestion_rejection_pair,1,
mdgo_v11_probe_000813,finance,provenance_weighted_triple,1,
mdgo_v11_probe_000814,software,surface_decoy_pair,1,
mdgo_v11_probe_000815,finance,suggestion_rejection_pair,1,
mdgo_v11_probe_000816,finance,provenance_weighted_triple,1,
mdgo_v11_probe_000817,software,dual_asof_reversal,1,
mdgo_v11_probe_000818,software,suggestion_rejection_pair,1,
mdgo_v11_probe_000819,finance,suggestion_rejection_pair,1,
mdgo_v11_probe_000820,finance,triple_asof_interleaved,1,
mdgo_v11_probe_000821,software,reference_case_reconstruction,1,
mdgo_v11_probe_000822,software,reference_case_reconstruction,1,
mdgo_v11_probe_000823,software,reference_case_reconstruction,1,
mdgo_v11_probe_000824,finance,triple_asof_interleaved,1,
mdgo_v11_probe_000825,finance,dual_asof_reversal,1,
mdgo_v11_probe_000826,finance,dual_asof_reversal,1,
mdgo_v11_probe_000827,finance,surface_decoy_pair,1,
mdgo_v11_probe_000828,finance,reference_case_reconstruction,1,
mdgo_v11_probe_000829,finance,suggestion_rejection_pair,1,
mdgo_v11_probe_000830,finance,surface_decoy_pair,1,
mdgo_v11_probe_000831,finance,triple_asof_interleaved,1,
mdgo_v11_probe_000832,finance,dual_asof_reversal,1,
mdgo_v11_probe_000833,finance,surface_decoy_pair,1,
mdgo_v11_probe_000834,finance,triple_asof_interleaved,1,
mdgo_v11_probe_000835,software,surface_decoy_pair,1,
mdgo_v11_probe_000836,finance,scope_temporal_pair,1,
mdgo_v11_probe_000837,finance,dual_asof_reversal,1,
mdgo_v11_probe_000838,software,surface_decoy_pair,1,
mdgo_v11_probe_000839,finance,reference_case_reconstruction,1,
mdgo_v11_probe_000840,finance,triple_asof_interleaved,1,
mdgo_v11_probe_000841,finance,reference_case_reconstruction,1,
mdgo_v11_probe_000842,software,dual_asof_reversal,1,
mdgo_v11_probe_000843,software,triple_asof_interleaved,1,
mdgo_v11_probe_000844,software,provenance_weighted_triple,1,
mdgo_v11_probe_000845,finance,triple_asof_interleaved,1,
mdgo_v11_probe_000846,finance,reference_case_reconstruction,1,
mdgo_v11_probe_000847,finance,dual_asof_reversal,1,
mdgo_v11_probe_000848,software,reference_case_reconstruction,1,
mdgo_v11_probe_000849,finance,surface_decoy_pair,1,
mdgo_v11_probe_000850,finance,triple_asof_interleaved,1,
mdgo_v11_probe_000851,software,triple_asof_interleaved,1,
mdgo_v11_probe_000852,finance,suggestion_rejection_pair,1,
mdgo_v11_probe_000853,finance,surface_decoy_pair,1,
mdgo_v11_probe_000854,finance,surface_decoy_pair,1,
mdgo_v11_probe_000855,finance,triple_asof_interleaved,1,
mdgo_v11_probe_000856,finance,dual_asof_reversal,1,
mdgo_v11_probe_000857,finance,surface_decoy_pair,1,
mdgo_v11_probe_000858,finance,reference_case_reconstruction,1,
mdgo_v11_probe_000859,finance,triple_asof_interleaved,1,
mdgo_v11_probe_000860,software,triple_asof_interleaved,1,
mdgo_v11_probe_000861,software,reference_case_reconstruction,1,
mdgo_v11_probe_000862,finance,triple_asof_interleaved,1,
mdgo_v11_probe_000863,finance,provenance_weighted_triple,1,
mdgo_v11_probe_000864,software,triple_asof_interleaved,1,
mdgo_v11_probe_000865,finance,triple_asof_interleaved,1,
mdgo_v11_probe_000866,finance,triple_asof_interleaved,1,
mdgo_v11_probe_000867,finance,surface_decoy_pair,1,
mdgo_v11_probe_000868,software,triple_asof_interleaved,1,
mdgo_v11_probe_000869,finance,reference_case_reconstruction,1,
mdgo_v11_probe_000870,finance,triple_asof_interleaved,1,
mdgo_v11_probe_000871,finance,triple_asof_interleaved,1,
mdgo_v11_probe_000872,software,surface_decoy_pair,1,
mdgo_v11_probe_000873,software,triple_asof_interleaved,1,
mdgo_v11_probe_000874,finance,dual_asof_reversal,1,
mdgo_v11_probe_000875,finance,scope_temporal_pair,1,
mdgo_v11_probe_000876,finance,dual_asof_reversal,1,
mdgo_v11_probe_000877,finance,provenance_weighted_triple,1,
mdgo_v11_probe_000878,finance,surface_decoy_pair,1,
mdgo_v11_probe_000879,finance,surface_decoy_pair,1,
mdgo_v11_probe_000880,finance,triple_asof_interleaved,1,
mdgo_v11_probe_000881,finance,reference_case_reconstruction,1,
mdgo_v11_probe_000882,finance,triple_asof_interleaved,1,
mdgo_v11_probe_000883,software,triple_asof_interleaved,1,
mdgo_v11_probe_000884,software,reference_case_reconstruction,1,
mdgo_v11_probe_000885,software,triple_asof_interleaved,1,
mdgo_v11_probe_000886,finance,triple_asof_interleaved,1,
mdgo_v11_probe_000887,software,suggestion_rejection_pair,1,
mdgo_v11_probe_000888,software,triple_asof_interleaved,1,
mdgo_v11_probe_000889,software,triple_asof_interleaved,1,
mdgo_v11_probe_000890,finance,provenance_weighted_triple,1,
mdgo_v11_probe_000891,software,reference_case_reconstruction,1,
mdgo_v11_probe_000892,software,reference_case_reconstruction,1,
mdgo_v11_probe_000893,finance,provenance_weighted_triple,1,
mdgo_v11_probe_000894,finance,dual_asof_reversal,1,
mdgo_v11_probe_000895,finance,surface_decoy_pair,1,
mdgo_v11_probe_000896,finance,dual_asof_reversal,1,
mdgo_v11_probe_000897,software,dual_asof_reversal,1,
mdgo_v11_probe_000898,finance,reference_case_reconstruction,1,
mdgo_v11_probe_000899,software,triple_asof_interleaved,1,
mdgo_v11_probe_000900,finance,surface_decoy_pair,1,
mdgo_v11_probe_000901,finance,triple_asof_interleaved,1,
mdgo_v11_probe_000902,software,surface_decoy_pair,1,
mdgo_v11_probe_000903,finance,triple_asof_interleaved,1,
mdgo_v11_probe_000904,finance,suggestion_rejection_pair,1,
mdgo_v11_probe_000905,finance,surface_decoy_pair,1,
mdgo_v11_probe_000906,software,dual_asof_reversal,1,
mdgo_v11_probe_000907,software,triple_asof_interleaved,1,
mdgo_v11_probe_000908,software,triple_asof_interleaved,1,
mdgo_v11_probe_000909,finance,reference_case_reconstruction,1,
mdgo_v11_probe_000910,software,suggestion_rejection_pair,1,
mdgo_v11_probe_000911,finance,suggestion_rejection_pair,1,
mdgo_v11_probe_000912,software,dual_asof_reversal,1,
mdgo_v11_probe_000913,software,triple_asof_interleaved,1,
mdgo_v11_probe_000914,software,triple_asof_interleaved,1,
mdgo_v11_probe_000915,software,scope_temporal_pair,1,
mdgo_v11_probe_000916,software,dual_asof_reversal,1,
mdgo_v11_probe_000917,finance,suggestion_rejection_pair,1,
mdgo_v11_probe_000918,finance,suggestion_rejection_pair,1,
mdgo_v11_probe_000919,software,provenance_weighted_triple,1,
mdgo_v11_probe_000920,finance,triple_asof_interleaved,1,
mdgo_v11_probe_000921,finance,dual_asof_reversal,1,
mdgo_v11_probe_000922,finance,triple_asof_interleaved,1,
mdgo_v11_probe_000923,software,triple_asof_interleaved,1,
mdgo_v11_probe_000924,software,surface_decoy_pair,1,
mdgo_v11_probe_000925,finance,dual_asof_reversal,1,
mdgo_v11_probe_000926,finance,triple_asof_interleaved,1,
mdgo_v11_probe_000927,finance,dual_asof_reversal,1,
mdgo_v11_probe_000928,software,suggestion_rejection_pair,1,
mdgo_v11_probe_000929,finance,dual_asof_reversal,1,
mdgo_v11_probe_000930,finance,reference_case_reconstruction,1,
mdgo_v11_probe_000931,software,surface_decoy_pair,1,
mdgo_v11_probe_000932,finance,triple_asof_interleaved,1,
mdgo_v11_probe_000933,software,reference_case_reconstruction,1,
mdgo_v11_probe_000934,finance,suggestion_rejection_pair,1,
mdgo_v11_probe_000935,finance,provenance_weighted_triple,1,
mdgo_v11_probe_000936,software,triple_asof_interleaved,1,
mdgo_v11_probe_000937,finance,dual_asof_reversal,1,
mdgo_v11_probe_000938,software,surface_decoy_pair,1,
mdgo_v11_probe_000939,finance,dual_asof_reversal,1,
mdgo_v11_probe_000940,finance,provenance_weighted_triple,1,
mdgo_v11_probe_000941,finance,reference_case_reconstruction,1,
mdgo_v11_probe_000942,finance,dual_asof_reversal,1,
mdgo_v11_probe_000943,finance,surface_decoy_pair,1,
mdgo_v11_probe_000944,software,reference_case_reconstruction,1,
mdgo_v11_probe_000945,software,surface_decoy_pair,1,
mdgo_v11_probe_000946,software,surface_decoy_pair,1,
mdgo_v11_probe_000947,finance,surface_decoy_pair,1,
mdgo_v11_probe_000948,finance,suggestion_rejection_pair,1,
mdgo_v11_probe_000949,software,triple_asof_interleaved,1,
mdgo_v11_probe_000950,finance,reference_case_reconstruction,1,
mdgo_v11_probe_000951,finance,reference_case_reconstruction,1,
mdgo_v11_probe_000952,software,dual_asof_reversal,1,
mdgo_v11_probe_000953,finance,triple_asof_interleaved,1,
mdgo_v11_probe_000954,finance,triple_asof_interleaved,1,
mdgo_v11_probe_000955,finance,surface_decoy_pair,1,
mdgo_v11_probe_000956,finance,dual_asof_reversal,1,
mdgo_v11_probe_000957,finance,reference_case_reconstruction,1,
mdgo_v11_probe_000958,software,reference_case_reconstruction,1,
mdgo_v11_probe_000959,finance,reference_case_reconstruction,1,
mdgo_v11_probe_000960,finance,dual_asof_reversal,1,
mdgo_v11_probe_000961,software,suggestion_rejection_pair,1,
mdgo_v11_probe_000962,finance,dual_asof_reversal,1,
mdgo_v11_probe_000963,software,dual_asof_reversal,1,
mdgo_v11_probe_000964,finance,surface_decoy_pair,1,
mdgo_v11_probe_000965,finance,reference_case_reconstruction,1,
mdgo_v11_probe_000966,finance,dual_asof_reversal,1,
mdgo_v11_probe_000967,finance,surface_decoy_pair,1,
mdgo_v11_probe_000968,software,surface_decoy_pair,1,
mdgo_v11_probe_000969,finance,provenance_weighted_triple,1,
mdgo_v11_probe_000970,software,triple_asof_interleaved,1,
mdgo_v11_probe_000971,software,surface_decoy_pair,1,
mdgo_v11_probe_000972,finance,provenance_weighted_triple,1,
mdgo_v11_probe_000973,software,triple_asof_interleaved,1,
mdgo_v11_probe_000974,finance,triple_asof_interleaved,1,
mdgo_v11_probe_000975,finance,suggestion_rejection_pair,1,
mdgo_v11_probe_000976,finance,surface_decoy_pair,1,
mdgo_v11_probe_000977,finance,provenance_weighted_triple,1,
mdgo_v11_probe_000978,software,suggestion_rejection_pair,1,
mdgo_v11_probe_000979,finance,reference_case_reconstruction,1,
mdgo_v11_probe_000980,software,suggestion_rejection_pair,1,
mdgo_v11_probe_000981,finance,surface_decoy_pair,1,
mdgo_v11_probe_000982,finance,suggestion_rejection_pair,1,
mdgo_v11_probe_000983,finance,dual_asof_reversal,1,
mdgo_v11_probe_000984,finance,surface_decoy_pair,1,
mdgo_v11_probe_000985,finance,surface_decoy_pair,1,
mdgo_v11_probe_000986,software,dual_asof_reversal,1,
mdgo_v11_probe_000987,finance,dual_asof_reversal,1,
mdgo_v11_probe_000988,finance,suggestion_rejection_pair,1,
mdgo_v11_probe_000989,finance,dual_asof_reversal,1,
mdgo_v11_probe_000990,software,reference_case_reconstruction,1,
mdgo_v11_probe_000991,software,triple_asof_interleaved,1,
mdgo_v11_probe_000992,software,suggestion_rejection_pair,1,
mdgo_v11_probe_000993,finance,suggestion_rejection_pair,1,
mdgo_v11_probe_000994,software,surface_decoy_pair,1,
mdgo_v11_probe_000995,software,dual_asof_reversal,1,
mdgo_v11_probe_000996,finance,surface_decoy_pair,1,
mdgo_v11_probe_000997,finance,dual_asof_reversal,1,
mdgo_v11_probe_000998,finance,dual_asof_reversal,1,
mdgo_v11_probe_000999,finance,triple_asof_interleaved,1,
mdgo_v11_probe_001000,software,triple_asof_interleaved,1,
mdgo_v11_probe_001001,finance,suggestion_rejection_pair,1,
mdgo_v11_probe_001002,finance,triple_asof_interleaved,1,
mdgo_v11_probe_001003,software,dual_asof_reversal,1,
mdgo_v11_probe_001004,finance,triple_asof_interleaved,1,
mdgo_v11_probe_001005,finance,reference_case_reconstruction,1,
mdgo_v11_probe_001006,software,triple_asof_interleaved,1,
mdgo_v11_probe_001007,software,suggestion_rejection_pair,1,
mdgo_v11_probe_001008,finance,reference_case_reconstruction,1,
mdgo_v11_probe_001009,finance,dual_asof_reversal,1,
mdgo_v11_probe_001010,software,triple_asof_interleaved,1,
mdgo_v11_probe_001011,software,reference_case_reconstruction,1,
mdgo_v11_probe_001012,finance,suggestion_rejection_pair,1,
mdgo_v11_probe_001013,finance,triple_asof_interleaved,1,
mdgo_v11_probe_001014,software,triple_asof_interleaved,1,
mdgo_v11_probe_001015,finance,dual_asof_reversal,1,
mdgo_v11_probe_001016,finance,suggestion_rejection_pair,1,
mdgo_v11_probe_001017,software,dual_asof_reversal,1,
mdgo_v11_probe_001018,software,reference_case_reconstruction,1,
mdgo_v11_probe_001019,finance,reference_case_reconstruction,1,
mdgo_v11_probe_001020,finance,triple_asof_interleaved,1,
mdgo_v11_probe_001021,finance,provenance_weighted_triple,1,
mdgo_v11_probe_001022,software,suggestion_rejection_pair,1,
mdgo_v11_probe_001023,software,triple_asof_interleaved,1,
mdgo_v11_probe_001024,software,triple_asof_interleaved,1,
mdgo_v11_probe_001025,software,provenance_weighted_triple,1,
mdgo_v11_probe_001026,software,provenance_weighted_triple,1,
mdgo_v11_probe_001027,software,reference_case_reconstruction,1,
mdgo_v11_probe_001028,finance,reference_case_reconstruction,1,
mdgo_v11_probe_001029,finance,dual_asof_reversal,1,
mdgo_v11_probe_001030,software,suggestion_rejection_pair,1,
mdgo_v11_probe_001031,finance,suggestion_rejection_pair,1,
mdgo_v11_probe_001032,software,suggestion_rejection_pair,1,
mdgo_v11_probe_001033,finance,scope_temporal_pair,1,
mdgo_v11_probe_001034,finance,dual_asof_reversal,1,
mdgo_v11_probe_001035,finance,reference_case_reconstruction,1,
mdgo_v11_probe_001036,finance,reference_case_reconstruction,1,
mdgo_v11_probe_001037,finance,provenance_weighted_triple,1,
mdgo_v11_probe_001038,finance,reference_case_reconstruction,1,
mdgo_v11_probe_001039,software,triple_asof_interleaved,1,
mdgo_v11_probe_001040,finance,triple_asof_interleaved,1,
mdgo_v11_probe_001041,finance,dual_asof_reversal,1,
mdgo_v11_probe_001042,finance,dual_asof_reversal,1,
mdgo_v11_probe_001043,software,surface_decoy_pair,1,
mdgo_v11_probe_001044,finance,dual_asof_reversal,1,
mdgo_v11_probe_001045,finance,surface_decoy_pair,1,
mdgo_v11_probe_001046,finance,suggestion_rejection_pair,1,
mdgo_v11_probe_001047,finance,reference_case_reconstruction,1,
mdgo_v11_probe_001048,finance,reference_case_reconstruction,1,
mdgo_v11_probe_001049,finance,reference_case_reconstruction,1,
mdgo_v11_probe_001050,finance,reference_case_reconstruction,1,
mdgo_v11_probe_001051,finance,provenance_weighted_triple,1,
mdgo_v11_probe_001052,finance,suggestion_rejection_pair,1,
mdgo_v11_probe_001053,finance,triple_asof_interleaved,1,
mdgo_v11_probe_001054,finance,triple_asof_interleaved,1,
mdgo_v11_probe_001055,software,dual_asof_reversal,1,
mdgo_v11_probe_001056,finance,triple_asof_interleaved,1,
mdgo_v11_probe_001057,finance,triple_asof_interleaved,1,
mdgo_v11_probe_001058,finance,triple_asof_interleaved,1,
mdgo_v11_probe_001059,software,suggestion_rejection_pair,1,
mdgo_v11_probe_001060,finance,surface_decoy_pair,1,
mdgo_v11_probe_001061,finance,scope_temporal_pair,1,
mdgo_v11_probe_001062,software,reference_case_reconstruction,1,
mdgo_v11_probe_001063,finance,triple_asof_interleaved,1,
mdgo_v11_probe_001064,software,dual_asof_reversal,1,
mdgo_v11_probe_001065,finance,triple_asof_interleaved,1,
mdgo_v11_probe_001066,software,triple_asof_interleaved,1,
mdgo_v11_probe_001067,software,suggestion_rejection_pair,1,
mdgo_v11_probe_001068,finance,suggestion_rejection_pair,1,
mdgo_v11_probe_001069,finance,dual_asof_reversal,1,
mdgo_v11_probe_001070,finance,triple_asof_interleaved,1,
mdgo_v11_probe_001071,software,suggestion_rejection_pair,1,
mdgo_v11_probe_001072,finance,reference_case_reconstruction,1,
mdgo_v11_probe_001073,software,triple_asof_interleaved,1,
mdgo_v11_probe_001074,finance,triple_asof_interleaved,1,
mdgo_v11_probe_001075,finance,suggestion_rejection_pair,1,
mdgo_v11_probe_001076,finance,dual_asof_reversal,1,
mdgo_v11_probe_001077,finance,triple_asof_interleaved,1,
mdgo_v11_probe_001078,finance,dual_asof_reversal,1,
mdgo_v11_probe_001079,finance,provenance_weighted_triple,1,
mdgo_v11_probe_001080,finance,triple_asof_interleaved,1,
mdgo_v11_probe_001081,software,triple_asof_interleaved,1,
mdgo_v11_probe_001082,finance,suggestion_rejection_pair,1,
mdgo_v11_probe_001083,finance,suggestion_rejection_pair,1,
mdgo_v11_probe_001084,finance,reference_case_reconstruction,1,
mdgo_v11_probe_001085,finance,provenance_weighted_triple,1,
mdgo_v11_probe_001086,finance,dual_asof_reversal,1,
mdgo_v11_probe_001087,finance,scope_temporal_pair,1,
mdgo_v11_probe_001088,software,surface_decoy_pair,1,
mdgo_v11_probe_001089,finance,surface_decoy_pair,1,
mdgo_v11_probe_001090,finance,suggestion_rejection_pair,1,
mdgo_v11_probe_001091,finance,reference_case_reconstruction,1,
mdgo_v11_probe_001092,finance,suggestion_rejection_pair,1,
mdgo_v11_probe_001093,finance,suggestion_rejection_pair,1,
mdgo_v11_probe_001094,software,triple_asof_interleaved,1,
mdgo_v11_probe_001095,finance,suggestion_rejection_pair,1,
mdgo_v11_probe_001096,finance,triple_asof_interleaved,1,
mdgo_v11_probe_001097,finance,provenance_weighted_triple,1,
mdgo_v11_probe_001098,software,reference_case_reconstruction,1,
mdgo_v11_probe_001099,finance,dual_asof_reversal,1,
mdgo_v11_probe_001100,finance,suggestion_rejection_pair,1,
mdgo_v11_probe_001101,finance,dual_asof_reversal,1,
mdgo_v11_probe_001102,finance,surface_decoy_pair,1,
mdgo_v11_probe_001103,finance,suggestion_rejection_pair,1,
mdgo_v11_probe_001104,finance,suggestion_rejection_pair,1,
mdgo_v11_probe_001105,finance,provenance_weighted_triple,1,
mdgo_v11_probe_001106,finance,reference_case_reconstruction,1,
mdgo_v11_probe_001107,finance,dual_asof_reversal,1,
mdgo_v11_probe_001108,finance,reference_case_reconstruction,1,
mdgo_v11_probe_001109,finance,dual_asof_reversal,1,
mdgo_v11_probe_001110,finance,dual_asof_reversal,1,
mdgo_v11_probe_001111,software,surface_decoy_pair,1,
mdgo_v11_probe_001112,finance,provenance_weighted_triple,1,
mdgo_v11_probe_001113,software,provenance_weighted_triple,1,
mdgo_v11_probe_001114,finance,reference_case_reconstruction,1,
mdgo_v11_probe_001115,software,triple_asof_interleaved,1,
mdgo_v11_probe_001116,finance,reference_case_reconstruction,1,
mdgo_v11_probe_001117,finance,triple_asof_interleaved,1,
mdgo_v11_probe_001118,software,triple_asof_interleaved,1,
mdgo_v11_probe_001119,software,surface_decoy_pair,1,
mdgo_v11_probe_001120,finance,suggestion_rejection_pair,1,
mdgo_v11_probe_001121,software,suggestion_rejection_pair,1,
mdgo_v11_probe_001122,finance,reference_case_reconstruction,1,
mdgo_v11_probe_001123,software,suggestion_rejection_pair,1,
mdgo_v11_probe_001124,finance,reference_case_reconstruction,1,
mdgo_v11_probe_001125,finance,reference_case_reconstruction,1,
mdgo_v11_probe_001126,software,surface_decoy_pair,1,
mdgo_v11_probe_001127,finance,triple_asof_interleaved,1,
mdgo_v11_probe_001128,finance,triple_asof_interleaved,1,
mdgo_v11_probe_001129,finance,dual_asof_reversal,1,
mdgo_v11_probe_001130,software,triple_asof_interleaved,1,
mdgo_v11_probe_001131,finance,triple_asof_interleaved,1,
mdgo_v11_probe_001132,software,provenance_weighted_triple,1,
mdgo_v11_probe_001133,finance,dual_asof_reversal,1,
mdgo_v11_probe_001134,finance,triple_asof_interleaved,1,
mdgo_v11_probe_001135,finance,suggestion_rejection_pair,1,
mdgo_v11_probe_001136,finance,reference_case_reconstruction,1,
mdgo_v11_probe_001137,finance,triple_asof_interleaved,1,
mdgo_v11_probe_001138,finance,dual_asof_reversal,1,
mdgo_v11_probe_001139,finance,dual_asof_reversal,1,
mdgo_v11_probe_001140,finance,suggestion_rejection_pair,1,
mdgo_v11_probe_001141,software,suggestion_rejection_pair,1,
mdgo_v11_probe_001142,finance,dual_asof_reversal,1,
mdgo_v11_probe_001143,software,surface_decoy_pair,1,
mdgo_v11_probe_001144,finance,reference_case_reconstruction,1,
mdgo_v11_probe_001145,finance,surface_decoy_pair,1,
mdgo_v11_probe_001146,finance,dual_asof_reversal,1,
mdgo_v11_probe_001147,finance,triple_asof_interleaved,1,
mdgo_v11_probe_001148,finance,triple_asof_interleaved,1,
mdgo_v11_probe_001149,finance,dual_asof_reversal,1,
mdgo_v11_probe_001150,finance,surface_decoy_pair,1,
mdgo_v11_probe_001151,finance,surface_decoy_pair,1,
mdgo_v11_probe_001152,software,surface_decoy_pair,1,
mdgo_v11_probe_001153,software,surface_decoy_pair,1,
mdgo_v11_probe_001154,software,dual_asof_reversal,1,
mdgo_v11_probe_001155,software,dual_asof_reversal,1,
mdgo_v11_probe_001156,finance,surface_decoy_pair,1,
mdgo_v11_probe_001157,software,dual_asof_reversal,1,
mdgo_v11_probe_001158,finance,triple_asof_interleaved,1,
mdgo_v11_probe_001159,finance,triple_asof_interleaved,1,
mdgo_v11_probe_001160,software,reference_case_reconstruction,1,
mdgo_v11_probe_001161,software,triple_asof_interleaved,1,
mdgo_v11_probe_001162,finance,provenance_weighted_triple,1,
mdgo_v11_probe_001163,software,triple_asof_interleaved,1,
mdgo_v11_probe_001164,software,provenance_weighted_triple,1,
mdgo_v11_probe_001165,software,scope_temporal_pair,1,
mdgo_v11_probe_001166,software,scope_temporal_pair,1,
mdgo_v11_probe_001167,software,reference_case_reconstruction,1,
mdgo_v11_probe_001168,software,dual_asof_reversal,1,
mdgo_v11_probe_001169,finance,triple_asof_interleaved,1,
mdgo_v11_probe_001170,software,reference_case_reconstruction,1,
mdgo_v11_probe_001171,finance,dual_asof_reversal,1,
mdgo_v11_probe_001172,finance,dual_asof_reversal,1,
mdgo_v11_probe_001173,finance,surface_decoy_pair,1,
mdgo_v11_probe_001174,finance,reference_case_reconstruction,1,
mdgo_v11_probe_001175,finance,suggestion_rejection_pair,1,
mdgo_v11_probe_001176,finance,surface_decoy_pair,1,
mdgo_v11_probe_001177,finance,suggestion_rejection_pair,1,
mdgo_v11_probe_001178,finance,surface_decoy_pair,1,
mdgo_v11_probe_001179,finance,triple_asof_interleaved,1,
mdgo_v11_probe_001180,finance,surface_decoy_pair,1,
mdgo_v11_probe_001181,software,dual_asof_reversal,1,
mdgo_v11_probe_001182,software,suggestion_rejection_pair,1,
mdgo_v11_probe_001183,finance,surface_decoy_pair,1,
mdgo_v11_probe_001184,finance,triple_asof_interleaved,1,
mdgo_v11_probe_001185,software,suggestion_rejection_pair,1,
mdgo_v11_probe_001186,finance,scope_temporal_pair,1,
mdgo_v11_probe_001187,finance,triple_asof_interleaved,1,
mdgo_v11_probe_001188,finance,surface_decoy_pair,1,
mdgo_v11_probe_001189,finance,reference_case_reconstruction,1,
mdgo_v11_probe_001190,software,triple_asof_interleaved,1,
mdgo_v11_probe_001191,finance,dual_asof_reversal,1,
mdgo_v11_probe_001192,finance,triple_asof_interleaved,1,
mdgo_v11_probe_001193,finance,suggestion_rejection_pair,1,
mdgo_v11_probe_001194,software,scope_temporal_pair,1,
mdgo_v11_probe_001195,software,suggestion_rejection_pair,1,
mdgo_v11_probe_001196,finance,surface_decoy_pair,1,
mdgo_v11_probe_001197,finance,surface_decoy_pair,1,
mdgo_v11_probe_001198,finance,triple_asof_interleaved,1,
mdgo_v11_probe_001199,software,surface_decoy_pair,1,
mdgo_v11_probe_001200,software,triple_asof_interleaved,1,
mdgo_v11_probe_001201,software,triple_asof_interleaved,1,
mdgo_v11_probe_001202,software,reference_case_reconstruction,1,
mdgo_v11_probe_001203,finance,reference_case_reconstruction,1,
mdgo_v11_probe_001204,finance,triple_asof_interleaved,1,
mdgo_v11_probe_001205,finance,dual_asof_reversal,1,
mdgo_v11_probe_001206,software,triple_asof_interleaved,1,
mdgo_v11_probe_001207,finance,surface_decoy_pair,1,
mdgo_v11_probe_001208,finance,triple_asof_interleaved,1,
mdgo_v11_probe_001209,software,reference_case_reconstruction,1,
mdgo_v11_probe_001210,finance,scope_temporal_pair,1,
mdgo_v11_probe_001211,software,triple_asof_interleaved,1,
mdgo_v11_probe_001212,software,surface_decoy_pair,1,
mdgo_v11_probe_001213,finance,suggestion_rejection_pair,1,
mdgo_v11_probe_001214,finance,triple_asof_interleaved,1,
mdgo_v11_probe_001215,finance,provenance_weighted_triple,1,
mdgo_v11_probe_001216,finance,dual_asof_reversal,1,
mdgo_v11_probe_001217,finance,triple_asof_interleaved,1,
mdgo_v11_probe_001218,software,surface_decoy_pair,1,
mdgo_v11_probe_001219,finance,provenance_weighted_triple,1,
mdgo_v11_probe_001220,finance,surface_decoy_pair,1,
mdgo_v11_probe_001221,software,provenance_weighted_triple,1,
mdgo_v11_probe_001222,software,suggestion_rejection_pair,1,
mdgo_v11_probe_001223,finance,dual_asof_reversal,1,
mdgo_v11_probe_001224,finance,suggestion_rejection_pair,1,
mdgo_v11_probe_001225,finance,triple_asof_interleaved,1,
mdgo_v11_probe_001226,finance,surface_decoy_pair,1,
mdgo_v11_probe_001227,finance,triple_asof_interleaved,1,
mdgo_v11_probe_001228,finance,triple_asof_interleaved,1,
mdgo_v11_probe_001229,finance,triple_asof_interleaved,1,
mdgo_v11_probe_001230,finance,triple_asof_interleaved,1,
mdgo_v11_probe_001231,finance,dual_asof_reversal,1,
mdgo_v11_probe_001232,finance,dual_asof_reversal,1,
mdgo_v11_probe_001233,finance,triple_asof_interleaved,1,
mdgo_v11_probe_001234,software,triple_asof_interleaved,1,
mdgo_v11_probe_001235,finance,reference_case_reconstruction,1,
mdgo_v11_probe_001236,finance,reference_case_reconstruction,1,
mdgo_v11_probe_001237,finance,surface_decoy_pair,1,
mdgo_v11_probe_001238,finance,suggestion_rejection_pair,1,
mdgo_v11_probe_001239,software,triple_asof_interleaved,1,
mdgo_v11_probe_001240,finance,dual_asof_reversal,1,
mdgo_v11_probe_001241,finance,scope_temporal_pair,1,
mdgo_v11_probe_001242,finance,suggestion_rejection_pair,1,
mdgo_v11_probe_001243,finance,surface_decoy_pair,1,
mdgo_v11_probe_001244,software,surface_decoy_pair,1,
mdgo_v11_probe_001245,finance,triple_asof_interleaved,1,
mdgo_v11_probe_001246,software,reference_case_reconstruction,1,
mdgo_v11_probe_001247,finance,scope_temporal_pair,1,
mdgo_v11_probe_001248,finance,reference_case_reconstruction,1,
mdgo_v11_probe_001249,finance,triple_asof_interleaved,1,
mdgo_v11_probe_001250,finance,dual_asof_reversal,1,
mdgo_v11_probe_001251,finance,dual_asof_reversal,1,
mdgo_v11_probe_001252,finance,surface_decoy_pair,1,
mdgo_v11_probe_001253,finance,triple_asof_interleaved,1,
mdgo_v11_probe_001254,software,dual_asof_reversal,1,
mdgo_v11_probe_001255,software,dual_asof_reversal,1,
mdgo_v11_probe_001256,software,reference_case_reconstruction,1,
mdgo_v11_probe_001257,finance,surface_decoy_pair,1,
mdgo_v11_probe_001258,software,triple_asof_interleaved,1,
mdgo_v11_probe_001259,finance,triple_asof_interleaved,1,
mdgo_v11_probe_001260,software,dual_asof_reversal,1,
mdgo_v11_probe_001261,finance,triple_asof_interleaved,1,
mdgo_v11_probe_001262,software,triple_asof_interleaved,1,
mdgo_v11_probe_001263,finance,suggestion_rejection_pair,1,
mdgo_v11_probe_001264,finance,triple_asof_interleaved,1,
mdgo_v11_probe_001265,software,suggestion_rejection_pair,1,
mdgo_v11_probe_001266,finance,provenance_weighted_triple,1,
mdgo_v11_probe_001267,finance,triple_asof_interleaved,1,
mdgo_v11_probe_001268,finance,triple_asof_interleaved,1,
mdgo_v11_probe_001269,finance,suggestion_rejection_pair,1,
mdgo_v11_probe_001270,software,reference_case_reconstruction,1,
mdgo_v11_probe_001271,software,reference_case_reconstruction,1,
mdgo_v11_probe_001272,finance,surface_decoy_pair,1,
mdgo_v11_probe_001273,software,triple_asof_interleaved,1,
mdgo_v11_probe_001274,finance,dual_asof_reversal,1,
mdgo_v11_probe_001275,software,scope_temporal_pair,1,
mdgo_v11_probe_001276,software,suggestion_rejection_pair,1,
mdgo_v11_probe_001277,finance,provenance_weighted_triple,1,
mdgo_v11_probe_001278,finance,provenance_weighted_triple,1,
mdgo_v11_probe_001279,finance,reference_case_reconstruction,1,
mdgo_v11_probe_001280,finance,surface_decoy_pair,1,
mdgo_v11_probe_001281,finance,dual_asof_reversal,1,
mdgo_v11_probe_001282,finance,surface_decoy_pair,1,
mdgo_v11_probe_001283,software,reference_case_reconstruction,1,
mdgo_v11_probe_001284,software,dual_asof_reversal,1,
mdgo_v11_probe_001285,finance,dual_asof_reversal,1,
mdgo_v11_probe_001286,finance,suggestion_rejection_pair,1,
mdgo_v11_probe_001287,finance,surface_decoy_pair,1,
mdgo_v11_probe_001288,finance,surface_decoy_pair,1,
mdgo_v11_probe_001289,finance,scope_temporal_pair,1,
mdgo_v11_probe_001290,finance,reference_case_reconstruction,1,
mdgo_v11_probe_001291,software,triple_asof_interleaved,1,
mdgo_v11_probe_001292,finance,suggestion_rejection_pair,1,
mdgo_v11_probe_001293,finance,triple_asof_interleaved,1,
mdgo_v11_probe_001294,software,surface_decoy_pair,1,
mdgo_v11_probe_001295,software,dual_asof_reversal,1,
mdgo_v11_probe_001296,finance,surface_decoy_pair,1,
mdgo_v11_probe_001297,finance,provenance_weighted_triple,1,
mdgo_v11_probe_001298,finance,dual_asof_reversal,1,
mdgo_v11_probe_001299,finance,reference_case_reconstruction,1,
mdgo_v11_probe_001300,finance,triple_asof_interleaved,1,
mdgo_v11_probe_001301,software,surface_decoy_pair,1,
mdgo_v11_probe_001302,software,scope_temporal_pair,1,
mdgo_v11_probe_001303,software,provenance_weighted_triple,1,
mdgo_v11_probe_001304,finance,triple_asof_interleaved,1,
mdgo_v11_probe_001305,finance,suggestion_rejection_pair,1,
mdgo_v11_probe_001306,software,surface_decoy_pair,1,
mdgo_v11_probe_001307,finance,triple_asof_interleaved,1,
mdgo_v11_probe_001308,finance,reference_case_reconstruction,1,
mdgo_v11_probe_001309,finance,suggestion_rejection_pair,1,
mdgo_v11_probe_001310,finance,surface_decoy_pair,1,
mdgo_v11_probe_001311,finance,reference_case_reconstruction,1,
mdgo_v11_probe_001312,finance,reference_case_reconstruction,1,
mdgo_v11_probe_001313,finance,surface_decoy_pair,1,
mdgo_v11_probe_001314,software,dual_asof_reversal,1,
mdgo_v11_probe_001315,finance,reference_case_reconstruction,1,
mdgo_v11_probe_001316,finance,suggestion_rejection_pair,1,
mdgo_v11_probe_001317,finance,triple_asof_interleaved,1,
mdgo_v11_probe_001318,finance,triple_asof_interleaved,1,
mdgo_v11_probe_001319,finance,surface_decoy_pair,1,
mdgo_v11_probe_001320,software,dual_asof_reversal,1,
mdgo_v11_probe_001321,finance,reference_case_reconstruction,1,
mdgo_v11_probe_001322,finance,surface_decoy_pair,1,
mdgo_v11_probe_001323,finance,surface_decoy_pair,1,
mdgo_v11_probe_001324,finance,reference_case_reconstruction,1,
mdgo_v11_probe_001325,finance,reference_case_reconstruction,1,
mdgo_v11_probe_001326,finance,suggestion_rejection_pair,1,
mdgo_v11_probe_001327,software,triple_asof_interleaved,1,
mdgo_v11_probe_001328,software,surface_decoy_pair,1,
mdgo_v11_probe_001329,software,triple_asof_interleaved,1,
mdgo_v11_probe_001330,finance,triple_asof_interleaved,1,
mdgo_v11_probe_001331,finance,reference_case_reconstruction,1,
mdgo_v11_probe_001332,finance,triple_asof_interleaved,1,
mdgo_v11_probe_001333,software,dual_asof_reversal,1,
mdgo_v11_probe_001334,finance,suggestion_rejection_pair,1,
mdgo_v11_probe_001335,finance,reference_case_reconstruction,1,
mdgo_v11_probe_001336,finance,triple_asof_interleaved,1,
mdgo_v11_probe_001337,software,triple_asof_interleaved,1,
mdgo_v11_probe_001338,software,provenance_weighted_triple,1,
mdgo_v11_probe_001339,software,scope_temporal_pair,1,
mdgo_v11_probe_001340,software,suggestion_rejection_pair,1,
mdgo_v11_probe_001341,finance,provenance_weighted_triple,1,
mdgo_v11_probe_001342,finance,triple_asof_interleaved,1,
mdgo_v11_probe_001343,finance,surface_decoy_pair,1,
mdgo_v11_probe_001344,finance,reference_case_reconstruction,1,
mdgo_v11_probe_001345,finance,dual_asof_reversal,1,
mdgo_v11_probe_001346,software,triple_asof_interleaved,1,
mdgo_v11_probe_001347,finance,surface_decoy_pair,1,
mdgo_v11_probe_001348,finance,provenance_weighted_triple,1,
mdgo_v11_probe_001349,finance,suggestion_rejection_pair,1,
mdgo_v11_probe_001350,software,triple_asof_interleaved,1,
mdgo_v11_probe_001351,finance,triple_asof_interleaved,1,
mdgo_v11_probe_001352,software,surface_decoy_pair,1,
mdgo_v11_probe_001353,software,triple_asof_interleaved,1,
mdgo_v11_probe_001354,finance,provenance_weighted_triple,1,
mdgo_v11_probe_001355,finance,triple_asof_interleaved,1,
mdgo_v11_probe_001356,software,triple_asof_interleaved,1,
mdgo_v11_probe_001357,finance,triple_asof_interleaved,1,
mdgo_v11_probe_001358,software,surface_decoy_pair,1,
mdgo_v11_probe_001359,finance,surface_decoy_pair,1,
mdgo_v11_probe_001360,software,triple_asof_interleaved,1,
mdgo_v11_probe_001361,software,dual_asof_reversal,1,
mdgo_v11_probe_001362,finance,provenance_weighted_triple,1,
mdgo_v11_probe_001363,finance,surface_decoy_pair,1,
mdgo_v11_probe_001364,software,suggestion_rejection_pair,1,
mdgo_v11_probe_001365,software,suggestion_rejection_pair,1,
mdgo_v11_probe_001366,software,provenance_weighted_triple,1,
mdgo_v11_probe_001367,software,reference_case_reconstruction,1,
mdgo_v11_probe_001368,software,reference_case_reconstruction,1,
mdgo_v11_probe_001369,software,surface_decoy_pair,1,
mdgo_v11_probe_001370,finance,surface_decoy_pair,1,
mdgo_v11_probe_001371,software,dual_asof_reversal,1,
mdgo_v11_probe_001372,software,triple_asof_interleaved,1,
mdgo_v11_probe_001373,finance,triple_asof_interleaved,1,
mdgo_v11_probe_001374,finance,dual_asof_reversal,1,
mdgo_v11_probe_001375,finance,suggestion_rejection_pair,1,
mdgo_v11_probe_001376,finance,dual_asof_reversal,1,
mdgo_v11_probe_001377,finance,suggestion_rejection_pair,1,
mdgo_v11_probe_001378,software,suggestion_rejection_pair,1,
mdgo_v11_probe_001379,finance,triple_asof_interleaved,1,
mdgo_v11_probe_001380,finance,triple_asof_interleaved,1,
mdgo_v11_probe_001381,software,triple_asof_interleaved,1,
mdgo_v11_probe_001382,finance,dual_asof_reversal,1,
mdgo_v11_probe_001383,software,surface_decoy_pair,1,
mdgo_v11_probe_001384,finance,triple_asof_interleaved,1,
mdgo_v11_probe_001385,finance,reference_case_reconstruction,1,
mdgo_v11_probe_001386,finance,triple_asof_interleaved,1,
mdgo_v11_probe_001387,finance,provenance_weighted_triple,1,
mdgo_v11_probe_001388,finance,suggestion_rejection_pair,1,
mdgo_v11_probe_001389,finance,triple_asof_interleaved,1,
mdgo_v11_probe_001390,finance,triple_asof_interleaved,1,
mdgo_v11_probe_001391,finance,reference_case_reconstruction,1,
mdgo_v11_probe_001392,finance,surface_decoy_pair,1,
mdgo_v11_probe_001393,software,triple_asof_interleaved,1,
mdgo_v11_probe_001394,finance,reference_case_reconstruction,1,
mdgo_v11_probe_001395,software,triple_asof_interleaved,1,
mdgo_v11_probe_001396,finance,dual_asof_reversal,1,
mdgo_v11_probe_001397,software,triple_asof_interleaved,1,
mdgo_v11_probe_001398,finance,triple_asof_interleaved,1,
mdgo_v11_probe_001399,finance,triple_asof_interleaved,1,
mdgo_v11_probe_001400,finance,provenance_weighted_triple,1,
mdgo_v11_probe_001401,finance,dual_asof_reversal,1,
mdgo_v11_probe_001402,finance,surface_decoy_pair,1,
mdgo_v11_probe_001403,software,suggestion_rejection_pair,1,
mdgo_v11_probe_001404,finance,surface_decoy_pair,1,
mdgo_v11_probe_001405,finance,suggestion_rejection_pair,1,
mdgo_v11_probe_001406,software,surface_decoy_pair,1,
mdgo_v11_probe_001407,finance,dual_asof_reversal,1,
mdgo_v11_probe_001408,software,dual_asof_reversal,1,
mdgo_v11_probe_001409,finance,triple_asof_interleaved,1,
mdgo_v11_probe_001410,software,suggestion_rejection_pair,1,
mdgo_v11_probe_001411,software,triple_asof_interleaved,1,
mdgo_v11_probe_001412,finance,dual_asof_reversal,1,
mdgo_v11_probe_001413,finance,surface_decoy_pair,1,
mdgo_v11_probe_001414,software,triple_asof_interleaved,1,
mdgo_v11_probe_001415,finance,triple_asof_interleaved,1,
mdgo_v11_probe_001416,finance,provenance_weighted_triple,1,
mdgo_v11_probe_001417,software,triple_asof_interleaved,1,
mdgo_v11_probe_001418,finance,provenance_weighted_triple,1,
mdgo_v11_probe_001419,finance,dual_asof_reversal,1,
mdgo_v11_probe_001420,finance,surface_decoy_pair,1,
mdgo_v11_probe_001421,finance,suggestion_rejection_pair,1,
mdgo_v11_probe_001422,finance,dual_asof_reversal,1,
mdgo_v11_probe_001423,software,suggestion_rejection_pair,1,
mdgo_v11_probe_001424,finance,reference_case_reconstruction,1,
mdgo_v11_probe_001425,software,provenance_weighted_triple,1,
mdgo_v11_probe_001426,software,dual_asof_reversal,1,
mdgo_v11_probe_001427,finance,triple_asof_interleaved,1,
mdgo_v11_probe_001428,finance,suggestion_rejection_pair,1,
mdgo_v11_probe_001429,finance,surface_decoy_pair,1,
mdgo_v11_probe_001430,software,provenance_weighted_triple,1,
mdgo_v11_probe_001431,software,surface_decoy_pair,1,
mdgo_v11_probe_001432,finance,provenance_weighted_triple,1,
mdgo_v11_probe_001433,finance,dual_asof_reversal,1,
mdgo_v11_probe_001434,software,dual_asof_reversal,1,
mdgo_v11_probe_001435,software,dual_asof_reversal,1,
mdgo_v11_probe_001436,finance,provenance_weighted_triple,1,
mdgo_v11_probe_001437,software,dual_asof_reversal,1,
mdgo_v11_probe_001438,software,suggestion_rejection_pair,1,
mdgo_v11_probe_001439,finance,triple_asof_interleaved,1,
mdgo_v11_probe_001440,finance,suggestion_rejection_pair,1,
mdgo_v11_probe_001441,finance,triple_asof_interleaved,1,
mdgo_v11_probe_001442,software,triple_asof_interleaved,1,
mdgo_v11_probe_001443,finance,dual_asof_reversal,1,
mdgo_v11_probe_001444,software,triple_asof_interleaved,1,
mdgo_v11_probe_001445,finance,dual_asof_reversal,1,
mdgo_v11_probe_001446,finance,triple_asof_interleaved,1,
mdgo_v11_probe_001447,software,dual_asof_reversal,1,
mdgo_v11_probe_001448,finance,triple_asof_interleaved,1,
mdgo_v11_probe_001449,software,dual_asof_reversal,1,
mdgo_v11_probe_001450,finance,dual_asof_reversal,1,
mdgo_v11_probe_001451,finance,triple_asof_interleaved,1,
mdgo_v11_probe_001452,software,triple_asof_interleaved,1,
mdgo_v11_probe_001453,software,dual_asof_reversal,1,
mdgo_v11_probe_001454,finance,dual_asof_reversal,1,
mdgo_v11_probe_001455,software,dual_asof_reversal,1,
mdgo_v11_probe_001456,finance,dual_asof_reversal,1,
mdgo_v11_probe_001457,software,surface_decoy_pair,1,
mdgo_v11_probe_001458,finance,triple_asof_interleaved,1,
mdgo_v11_probe_001459,finance,triple_asof_interleaved,1,
mdgo_v11_probe_001460,finance,surface_decoy_pair,1,
mdgo_v11_probe_001461,software,surface_decoy_pair,1,
mdgo_v11_probe_001462,finance,surface_decoy_pair,1,
mdgo_v11_probe_001463,finance,triple_asof_interleaved,1,
mdgo_v11_probe_001464,finance,triple_asof_interleaved,1,
mdgo_v11_probe_001465,finance,reference_case_reconstruction,1,
mdgo_v11_probe_001466,software,surface_decoy_pair,1,
mdgo_v11_probe_001467,finance,dual_asof_reversal,1,
mdgo_v11_probe_001468,finance,dual_asof_reversal,1,
mdgo_v11_probe_001469,finance,reference_case_reconstruction,1,
mdgo_v11_probe_001470,software,triple_asof_interleaved,1,
mdgo_v11_probe_001471,finance,triple_asof_interleaved,1,
mdgo_v11_probe_001472,finance,dual_asof_reversal,1,
mdgo_v11_probe_001473,finance,reference_case_reconstruction,1,
mdgo_v11_probe_001474,finance,reference_case_reconstruction,1,
mdgo_v11_probe_001475,finance,dual_asof_reversal,1,
mdgo_v11_probe_001476,finance,surface_decoy_pair,1,
mdgo_v11_probe_001477,software,triple_asof_interleaved,1,
mdgo_v11_probe_001478,finance,dual_asof_reversal,1,
mdgo_v11_probe_001479,software,dual_asof_reversal,1,
mdgo_v11_probe_001480,software,provenance_weighted_triple,1,
mdgo_v11_probe_001481,finance,dual_asof_reversal,1,
mdgo_v11_probe_001482,software,surface_decoy_pair,1,
mdgo_v11_probe_001483,finance,surface_decoy_pair,1,
mdgo_v11_probe_001484,software,dual_asof_reversal,1,
mdgo_v11_probe_001485,finance,reference_case_reconstruction,1,
mdgo_v11_probe_001486,finance,reference_case_reconstruction,1,
mdgo_v11_probe_001487,finance,reference_case_reconstruction,1,
mdgo_v11_probe_001488,software,triple_asof_interleaved,1,
mdgo_v11_probe_001489,software,surface_decoy_pair,1,
mdgo_v11_probe_001490,finance,triple_asof_interleaved,1,
mdgo_v11_probe_001491,finance,triple_asof_interleaved,1,
mdgo_v11_probe_001492,software,surface_decoy_pair,1,
mdgo_v11_probe_001493,software,surface_decoy_pair,1,
mdgo_v11_probe_001494,software,surface_decoy_pair,1,
mdgo_v11_probe_001495,finance,dual_asof_reversal,1,
mdgo_v11_probe_001496,finance,provenance_weighted_triple,1,
mdgo_v11_probe_001497,finance,triple_asof_interleaved,1,
mdgo_v11_probe_001498,finance,reference_case_reconstruction,1,
mdgo_v11_probe_001499,finance,reference_case_reconstruction,1,
mdgo_v11_probe_001500,finance,dual_asof_reversal,1,
mdgo_v11_probe_001501,finance,reference_case_reconstruction,1,
mdgo_v11_probe_001502,software,triple_asof_interleaved,1,
mdgo_v11_probe_001503,finance,triple_asof_interleaved,1,
mdgo_v11_probe_001504,finance,suggestion_rejection_pair,1,
mdgo_v11_probe_001505,software,dual_asof_reversal,1,
mdgo_v11_probe_001506,software,triple_asof_interleaved,1,
mdgo_v11_probe_001507,finance,dual_asof_reversal,1,
mdgo_v11_probe_001508,software,surface_decoy_pair,1,
mdgo_v11_probe_001509,finance,surface_decoy_pair,1,
mdgo_v11_probe_001510,finance,surface_decoy_pair,1,
mdgo_v11_probe_001511,software,scope_temporal_pair,1,
mdgo_v11_probe_001512,finance,dual_asof_reversal,1,
mdgo_v11_probe_001513,finance,triple_asof_interleaved,1,
mdgo_v11_probe_001514,finance,suggestion_rejection_pair,1,
mdgo_v11_probe_001515,finance,reference_case_reconstruction,1,
mdgo_v11_probe_001516,finance,surface_decoy_pair,1,
mdgo_v11_probe_001517,finance,triple_asof_interleaved,1,
mdgo_v11_probe_001518,finance,surface_decoy_pair,1,
mdgo_v11_probe_001519,software,dual_asof_reversal,1,
mdgo_v11_probe_001520,finance,dual_asof_reversal,1,
mdgo_v11_probe_001521,finance,reference_case_reconstruction,1,
mdgo_v11_probe_001522,finance,suggestion_rejection_pair,1,
mdgo_v11_probe_001523,software,dual_asof_reversal,1,
mdgo_v11_probe_001524,finance,dual_asof_reversal,1,
mdgo_v11_probe_001525,finance,dual_asof_reversal,1,
mdgo_v11_probe_001526,software,suggestion_rejection_pair,1,
mdgo_v11_probe_001527,finance,reference_case_reconstruction,1,
mdgo_v11_probe_001528,software,triple_asof_interleaved,1,
mdgo_v11_probe_001529,finance,triple_asof_interleaved,1,
mdgo_v11_probe_001530,finance,triple_asof_interleaved,1,
mdgo_v11_probe_001531,finance,surface_decoy_pair,1,
mdgo_v11_probe_001532,finance,dual_asof_reversal,1,
mdgo_v11_probe_001533,finance,provenance_weighted_triple,1,
mdgo_v11_probe_001534,finance,triple_asof_interleaved,1,
mdgo_v11_probe_001535,finance,provenance_weighted_triple,1,
mdgo_v11_probe_001536,finance,suggestion_rejection_pair,1,
mdgo_v11_probe_001537,finance,dual_asof_reversal,1,
mdgo_v11_probe_001538,finance,dual_asof_reversal,1,
mdgo_v11_probe_001539,software,surface_decoy_pair,1,
mdgo_v11_probe_001540,finance,surface_decoy_pair,1,
mdgo_v11_probe_001541,finance,triple_asof_interleaved,1,
mdgo_v11_probe_001542,finance,suggestion_rejection_pair,1,
mdgo_v11_probe_001543,finance,suggestion_rejection_pair,1,
mdgo_v11_probe_001544,software,triple_asof_interleaved,1,
mdgo_v11_probe_001545,finance,surface_decoy_pair,1,
mdgo_v11_probe_001546,finance,triple_asof_interleaved,1,
mdgo_v11_probe_001547,finance,triple_asof_interleaved,1,
mdgo_v11_probe_001548,finance,triple_asof_interleaved,1,
mdgo_v11_probe_001549,finance,surface_decoy_pair,1,
mdgo_v11_probe_001550,finance,surface_decoy_pair,1,
mdgo_v11_probe_001551,finance,reference_case_reconstruction,1,
mdgo_v11_probe_001552,finance,dual_asof_reversal,1,
mdgo_v11_probe_001553,finance,triple_asof_interleaved,1,
mdgo_v11_probe_001554,software,surface_decoy_pair,1,
mdgo_v11_probe_001555,software,triple_asof_interleaved,1,
mdgo_v11_probe_001556,finance,dual_asof_reversal,1,
mdgo_v11_probe_001557,software,reference_case_reconstruction,1,
mdgo_v11_probe_001558,finance,reference_case_reconstruction,1,
mdgo_v11_probe_001559,software,provenance_weighted_triple,1,
mdgo_v11_probe_001560,finance,dual_asof_reversal,1,
mdgo_v11_probe_001561,finance,triple_asof_interleaved,1,
mdgo_v11_probe_001562,finance,dual_asof_reversal,1,
mdgo_v11_probe_001563,finance,dual_asof_reversal,1,
mdgo_v11_probe_001564,software,dual_asof_reversal,1,
mdgo_v11_probe_001565,finance,dual_asof_reversal,1,
mdgo_v11_probe_001566,finance,suggestion_rejection_pair,1,
mdgo_v11_probe_001567,software,dual_asof_reversal,1,
mdgo_v11_probe_001568,finance,dual_asof_reversal,1,
mdgo_v11_probe_001569,software,scope_temporal_pair,1,
mdgo_v11_probe_001570,finance,triple_asof_interleaved,1,
mdgo_v11_probe_001571,software,provenance_weighted_triple,1,
mdgo_v11_probe_001572,finance,reference_case_reconstruction,1,
mdgo_v11_probe_001573,finance,triple_asof_interleaved,1,
mdgo_v11_probe_001574,software,dual_asof_reversal,1,
mdgo_v11_probe_001575,finance,dual_asof_reversal,1,
mdgo_v11_probe_001576,finance,triple_asof_interleaved,1,
mdgo_v11_probe_001577,finance,dual_asof_reversal,1,
mdgo_v11_probe_001578,software,reference_case_reconstruction,1,
mdgo_v11_probe_001579,software,surface_decoy_pair,1,
mdgo_v11_probe_001580,software,triple_asof_interleaved,1,
mdgo_v11_probe_001581,finance,suggestion_rejection_pair,1,
mdgo_v11_probe_001582,software,provenance_weighted_triple,1,
mdgo_v11_probe_001583,software,dual_asof_reversal,1,
mdgo_v11_probe_001584,finance,triple_asof_interleaved,1,
mdgo_v11_probe_001585,finance,dual_asof_reversal,1,
mdgo_v11_probe_001586,finance,surface_decoy_pair,1,
mdgo_v11_probe_001587,software,dual_asof_reversal,1,
mdgo_v11_probe_001588,finance,reference_case_reconstruction,1,
mdgo_v11_probe_001589,finance,suggestion_rejection_pair,1,
mdgo_v11_probe_001590,software,dual_asof_reversal,1,
mdgo_v11_probe_001591,finance,provenance_weighted_triple,1,
mdgo_v11_probe_001592,software,dual_asof_reversal,1,
mdgo_v11_probe_001593,finance,dual_asof_reversal,1,
mdgo_v11_probe_001594,software,provenance_weighted_triple,1,
mdgo_v11_probe_001595,finance,reference_case_reconstruction,1,
mdgo_v11_probe_001596,software,reference_case_reconstruction,1,
mdgo_v11_probe_001597,finance,surface_decoy_pair,1,
mdgo_v11_probe_001598,finance,surface_decoy_pair,1,
mdgo_v11_probe_001599,finance,surface_decoy_pair,1,
mdgo_v11_probe_001600,finance,dual_asof_reversal,1,
mdgo_v11_probe_001601,finance,triple_asof_interleaved,1,
mdgo_v11_probe_001602,finance,triple_asof_interleaved,1,
mdgo_v11_probe_001603,finance,triple_asof_interleaved,1,
mdgo_v11_probe_001604,finance,triple_asof_interleaved,1,
mdgo_v11_probe_001605,finance,dual_asof_reversal,1,
mdgo_v11_probe_001606,software,dual_asof_reversal,1,
mdgo_v11_probe_001607,software,triple_asof_interleaved,1,
mdgo_v11_probe_001608,finance,provenance_weighted_triple,1,
mdgo_v11_probe_001609,software,provenance_weighted_triple,1,
mdgo_v11_probe_001610,finance,reference_case_reconstruction,1,
mdgo_v11_probe_001611,finance,suggestion_rejection_pair,1,
mdgo_v11_probe_001612,finance,surface_decoy_pair,1,
mdgo_v11_probe_001613,finance,dual_asof_reversal,1,
mdgo_v11_probe_001614,software,scope_temporal_pair,1,
mdgo_v11_probe_001615,finance,reference_case_reconstruction,1,
mdgo_v11_probe_001616,finance,scope_temporal_pair,1,
mdgo_v11_probe_001617,finance,triple_asof_interleaved,1,
mdgo_v11_probe_001618,finance,triple_asof_interleaved,1,
mdgo_v11_probe_001619,finance,surface_decoy_pair,1,
mdgo_v11_probe_001620,software,triple_asof_interleaved,1,
mdgo_v11_probe_001621,finance,reference_case_reconstruction,1,
mdgo_v11_probe_001622,finance,surface_decoy_pair,1,
mdgo_v11_probe_001623,finance,suggestion_rejection_pair,1,
mdgo_v11_probe_001624,software,triple_asof_interleaved,1,
mdgo_v11_probe_001625,software,reference_case_reconstruction,1,
mdgo_v11_probe_001626,software,triple_asof_interleaved,1,
mdgo_v11_probe_001627,software,reference_case_reconstruction,1,
mdgo_v11_probe_001628,finance,reference_case_reconstruction,1,
mdgo_v11_probe_001629,finance,dual_asof_reversal,1,
mdgo_v11_probe_001630,software,triple_asof_interleaved,1,
mdgo_v11_probe_001631,finance,triple_asof_interleaved,1,
mdgo_v11_probe_001632,software,reference_case_reconstruction,1,
mdgo_v11_probe_001633,finance,provenance_weighted_triple,1,
mdgo_v11_probe_001634,finance,triple_asof_interleaved,1,
mdgo_v11_probe_001635,finance,triple_asof_interleaved,1,
mdgo_v11_probe_001636,finance,triple_asof_interleaved,1,
mdgo_v11_probe_001637,finance,suggestion_rejection_pair,1,
mdgo_v11_probe_001638,finance,suggestion_rejection_pair,1,
mdgo_v11_probe_001639,finance,dual_asof_reversal,1,
mdgo_v11_probe_001640,software,reference_case_reconstruction,1,
mdgo_v11_probe_001641,finance,reference_case_reconstruction,1,
mdgo_v11_probe_001642,finance,suggestion_rejection_pair,1,
mdgo_v11_probe_001643,software,surface_decoy_pair,1,
mdgo_v11_probe_001644,software,dual_asof_reversal,1,
mdgo_v11_probe_001645,software,reference_case_reconstruction,1,
mdgo_v11_probe_001646,finance,triple_asof_interleaved,1,
mdgo_v11_probe_001647,software,triple_asof_interleaved,1,
mdgo_v11_probe_001648,finance,provenance_weighted_triple,1,
mdgo_v11_probe_001649,finance,surface_decoy_pair,1,
mdgo_v11_probe_001650,finance,reference_case_reconstruction,1,
mdgo_v11_probe_001651,finance,triple_asof_interleaved,1,
mdgo_v11_probe_001652,finance,surface_decoy_pair,1,
mdgo_v11_probe_001653,software,provenance_weighted_triple,1,
mdgo_v11_probe_001654,software,triple_asof_interleaved,1,
mdgo_v11_probe_001655,finance,surface_decoy_pair,1,
mdgo_v11_probe_001656,software,surface_decoy_pair,1,
mdgo_v11_probe_001657,software,reference_case_reconstruction,1,
mdgo_v11_probe_001658,software,suggestion_rejection_pair,1,
mdgo_v11_probe_001659,finance,suggestion_rejection_pair,1,
mdgo_v11_probe_001660,finance,reference_case_reconstruction,1,
mdgo_v11_probe_001661,finance,triple_asof_interleaved,1,
mdgo_v11_probe_001662,finance,provenance_weighted_triple,1,
mdgo_v11_probe_001663,finance,dual_asof_reversal,1,
mdgo_v11_probe_001664,finance,triple_asof_interleaved,1,
mdgo_v11_probe_001665,finance,triple_asof_interleaved,1,
mdgo_v11_probe_001666,software,dual_asof_reversal,1,
mdgo_v11_probe_001667,finance,provenance_weighted_triple,1,
mdgo_v11_probe_001668,finance,reference_case_reconstruction,1,
mdgo_v11_probe_001669,software,suggestion_rejection_pair,1,
mdgo_v11_probe_001670,finance,triple_asof_interleaved,1,
mdgo_v11_probe_001671,software,reference_case_reconstruction,1,
mdgo_v11_probe_001672,software,triple_asof_interleaved,1,
mdgo_v11_probe_001673,finance,provenance_weighted_triple,1,
mdgo_v11_probe_001674,finance,triple_asof_interleaved,1,
mdgo_v11_probe_001675,finance,dual_asof_reversal,1,
mdgo_v11_probe_001676,finance,surface_decoy_pair,1,
mdgo_v11_probe_001677,finance,reference_case_reconstruction,1,
mdgo_v11_probe_001678,finance,reference_case_reconstruction,1,
mdgo_v11_probe_001679,finance,reference_case_reconstruction,1,
mdgo_v11_probe_001680,finance,triple_asof_interleaved,1,
mdgo_v11_probe_001681,finance,reference_case_reconstruction,1,
mdgo_v11_probe_001682,finance,dual_asof_reversal,1,
mdgo_v11_probe_001683,finance,suggestion_rejection_pair,1,
mdgo_v11_probe_001684,finance,triple_asof_interleaved,1,
mdgo_v11_probe_001685,finance,reference_case_reconstruction,1,
mdgo_v11_probe_001686,software,triple_asof_interleaved,1,
mdgo_v11_probe_001687,finance,surface_decoy_pair,1,
mdgo_v11_probe_001688,finance,triple_asof_interleaved,1,
mdgo_v11_probe_001689,software,triple_asof_interleaved,1,
mdgo_v11_probe_001690,finance,suggestion_rejection_pair,1,
mdgo_v11_probe_001691,finance,surface_decoy_pair,1,
mdgo_v11_probe_001692,software,dual_asof_reversal,1,
mdgo_v11_probe_001693,finance,triple_asof_interleaved,1,
mdgo_v11_probe_001694,software,surface_decoy_pair,1,
mdgo_v11_probe_001695,software,provenance_weighted_triple,1,
mdgo_v11_probe_001696,finance,provenance_weighted_triple,1,
mdgo_v11_probe_001697,finance,reference_case_reconstruction,1,
mdgo_v11_probe_001698,finance,surface_decoy_pair,1,
mdgo_v11_probe_001699,software,dual_asof_reversal,1,
mdgo_v11_probe_001700,finance,triple_asof_interleaved,1,
mdgo_v11_probe_001701,software,reference_case_reconstruction,1,
mdgo_v11_probe_001702,finance,surface_decoy_pair,1,
mdgo_v11_probe_001703,finance,suggestion_rejection_pair,1,
mdgo_v11_probe_001704,finance,surface_decoy_pair,1,
mdgo_v11_probe_001705,finance,surface_decoy_pair,1,
mdgo_v11_probe_001706,finance,triple_asof_interleaved,1,
mdgo_v11_probe_001707,software,reference_case_reconstruction,1,
mdgo_v11_probe_001708,finance,provenance_weighted_triple,1,
mdgo_v11_probe_001709,software,dual_asof_reversal,1,
mdgo_v11_probe_001710,finance,triple_asof_interleaved,1,
mdgo_v11_probe_001711,finance,dual_asof_reversal,1,
mdgo_v11_probe_001712,finance,suggestion_rejection_pair,1,
mdgo_v11_probe_001713,finance,triple_asof_interleaved,1,
mdgo_v11_probe_001714,finance,suggestion_rejection_pair,1,
mdgo_v11_probe_001715,finance,triple_asof_interleaved,1,
mdgo_v11_probe_001716,finance,dual_asof_reversal,1,
mdgo_v11_probe_001717,finance,reference_case_reconstruction,1,
mdgo_v11_probe_001718,finance,reference_case_reconstruction,1,
mdgo_v11_probe_001719,finance,scope_temporal_pair,1,
mdgo_v11_probe_001720,finance,surface_decoy_pair,1,
mdgo_v11_probe_001721,software,triple_asof_interleaved,1,
mdgo_v11_probe_001722,finance,surface_decoy_pair,1,
mdgo_v11_probe_001723,finance,reference_case_reconstruction,1,
mdgo_v11_probe_001724,finance,dual_asof_reversal,1,
mdgo_v11_probe_001725,finance,provenance_weighted_triple,1,
mdgo_v11_probe_001726,finance,scope_temporal_pair,1,
mdgo_v11_probe_001727,finance,dual_asof_reversal,1,
mdgo_v11_probe_001728,software,dual_asof_reversal,1,
mdgo_v11_probe_001729,software,dual_asof_reversal,1,
mdgo_v11_probe_001730,finance,provenance_weighted_triple,1,
mdgo_v11_probe_001731,finance,surface_decoy_pair,1,
mdgo_v11_probe_001732,finance,dual_asof_reversal,1,
mdgo_v11_probe_001733,finance,reference_case_reconstruction,1,
mdgo_v11_probe_001734,finance,reference_case_reconstruction,1,
mdgo_v11_probe_001735,finance,surface_decoy_pair,1,
mdgo_v11_probe_001736,finance,dual_asof_reversal,1,
mdgo_v11_probe_001737,finance,suggestion_rejection_pair,1,
mdgo_v11_probe_001738,finance,reference_case_reconstruction,1,
mdgo_v11_probe_001739,software,reference_case_reconstruction,1,
mdgo_v11_probe_001740,software,surface_decoy_pair,1,
mdgo_v11_probe_001741,finance,triple_asof_interleaved,1,
mdgo_v11_probe_001742,finance,surface_decoy_pair,1,
mdgo_v11_probe_001743,finance,scope_temporal_pair,1,
mdgo_v11_probe_001744,finance,dual_asof_reversal,1,
mdgo_v11_probe_001745,finance,dual_asof_reversal,1,
mdgo_v11_probe_001746,software,surface_decoy_pair,1,
mdgo_v11_probe_001747,finance,surface_decoy_pair,1,
mdgo_v11_probe_001748,software,suggestion_rejection_pair,1,
mdgo_v11_probe_001749,finance,surface_decoy_pair,1,
mdgo_v11_probe_001750,finance,scope_temporal_pair,1,
mdgo_v11_probe_001751,software,reference_case_reconstruction,1,
mdgo_v11_probe_001752,finance,dual_asof_reversal,1,
mdgo_v11_probe_001753,software,triple_asof_interleaved,1,
mdgo_v11_probe_001754,software,suggestion_rejection_pair,1,
mdgo_v11_probe_001755,software,suggestion_rejection_pair,1,
mdgo_v11_probe_001756,finance,suggestion_rejection_pair,1,
mdgo_v11_probe_001757,finance,triple_asof_interleaved,1,
mdgo_v11_probe_001758,finance,dual_asof_reversal,1,
mdgo_v11_probe_001759,finance,provenance_weighted_triple,1,
mdgo_v11_probe_001760,finance,triple_asof_interleaved,1,
mdgo_v11_probe_001761,finance,triple_asof_interleaved,1,
mdgo_v11_probe_001762,software,surface_decoy_pair,1,
mdgo_v11_probe_001763,software,triple_asof_interleaved,1,
mdgo_v11_probe_001764,software,reference_case_reconstruction,1,
mdgo_v11_probe_001765,finance,triple_asof_interleaved,1,
mdgo_v11_probe_001766,finance,reference_case_reconstruction,1,
mdgo_v11_probe_001767,software,triple_asof_interleaved,1,
mdgo_v11_probe_001768,finance,scope_temporal_pair,1,
mdgo_v11_probe_001769,software,reference_case_reconstruction,1,
mdgo_v11_probe_001770,finance,suggestion_rejection_pair,1,
mdgo_v11_probe_001771,finance,provenance_weighted_triple,1,
mdgo_v11_probe_001772,finance,surface_decoy_pair,1,
mdgo_v11_probe_001773,software,reference_case_reconstruction,1,
mdgo_v11_probe_001774,finance,dual_asof_reversal,1,
mdgo_v11_probe_001775,finance,dual_asof_reversal,1,
mdgo_v11_probe_001776,software,surface_decoy_pair,1,
mdgo_v11_probe_001777,finance,provenance_weighted_triple,1,
mdgo_v11_probe_001778,software,triple_asof_interleaved,1,
mdgo_v11_probe_001779,finance,dual_asof_reversal,1,
mdgo_v11_probe_001780,finance,dual_asof_reversal,1,
mdgo_v11_probe_001781,finance,triple_asof_interleaved,1,
mdgo_v11_probe_001782,finance,dual_asof_reversal,1,
mdgo_v11_probe_001783,finance,provenance_weighted_triple,1,
mdgo_v11_probe_001784,finance,surface_decoy_pair,1,
mdgo_v11_probe_001785,finance,triple_asof_interleaved,1,
mdgo_v11_probe_001786,finance,dual_asof_reversal,1,
mdgo_v11_probe_001787,finance,suggestion_rejection_pair,1,
mdgo_v11_probe_001788,finance,surface_decoy_pair,1,
mdgo_v11_probe_001789,software,triple_asof_interleaved,1,
mdgo_v11_probe_001790,finance,suggestion_rejection_pair,1,
mdgo_v11_probe_001791,finance,reference_case_reconstruction,1,
mdgo_v11_probe_001792,finance,triple_asof_interleaved,1,
mdgo_v11_probe_001793,software,suggestion_rejection_pair,1,
mdgo_v11_probe_001794,finance,surface_decoy_pair,1,
mdgo_v11_probe_001795,finance,triple_asof_interleaved,1,
mdgo_v11_probe_001796,finance,provenance_weighted_triple,1,
mdgo_v11_probe_001797,finance,suggestion_rejection_pair,1,
mdgo_v11_probe_001798,finance,dual_asof_reversal,1,
mdgo_v11_probe_001799,finance,triple_asof_interleaved,1,
mdgo_v11_probe_001800,software,dual_asof_reversal,1,
mdgo_v11_probe_001801,software,triple_asof_interleaved,1,
mdgo_v11_probe_001802,finance,dual_asof_reversal,1,
mdgo_v11_probe_001803,software,surface_decoy_pair,1,
mdgo_v11_probe_001804,finance,triple_asof_interleaved,1,
mdgo_v11_probe_001805,finance,suggestion_rejection_pair,1,
mdgo_v11_probe_001806,software,triple_asof_interleaved,1,
mdgo_v11_probe_001807,finance,suggestion_rejection_pair,1,
mdgo_v11_probe_001808,software,triple_asof_interleaved,1,
mdgo_v11_probe_001809,software,dual_asof_reversal,1,
mdgo_v11_probe_001810,finance,triple_asof_interleaved,1,
mdgo_v11_probe_001811,finance,triple_asof_interleaved,1,
mdgo_v11_probe_001812,finance,reference_case_reconstruction,1,
mdgo_v11_probe_001813,finance,reference_case_reconstruction,1,
mdgo_v11_probe_001814,finance,triple_asof_interleaved,1,
mdgo_v11_probe_001815,finance,surface_decoy_pair,1,
mdgo_v11_probe_001816,finance,triple_asof_interleaved,1,
mdgo_v11_probe_001817,finance,dual_asof_reversal,1,
mdgo_v11_probe_001818,finance,dual_asof_reversal,1,
mdgo_v11_probe_001819,finance,suggestion_rejection_pair,1,
mdgo_v11_probe_001820,finance,dual_asof_reversal,1,
mdgo_v11_probe_001821,finance,suggestion_rejection_pair,1,
mdgo_v11_probe_001822,software,triple_asof_interleaved,1,
mdgo_v11_probe_001823,finance,triple_asof_interleaved,1,
mdgo_v11_probe_001824,finance,surface_decoy_pair,1,
mdgo_v11_probe_001825,finance,dual_asof_reversal,1,
mdgo_v11_probe_001826,finance,reference_case_reconstruction,1,
mdgo_v11_probe_001827,finance,surface_decoy_pair,1,
mdgo_v11_probe_001828,software,triple_asof_interleaved,1,
mdgo_v11_probe_001829,finance,scope_temporal_pair,1,
mdgo_v11_probe_001830,finance,suggestion_rejection_pair,1,
mdgo_v11_probe_001831,software,triple_asof_interleaved,1,
mdgo_v11_probe_001832,software,triple_asof_interleaved,1,
mdgo_v11_probe_001833,finance,reference_case_reconstruction,1,
mdgo_v11_probe_001834,finance,surface_decoy_pair,1,
mdgo_v11_probe_001835,finance,reference_case_reconstruction,1,
mdgo_v11_probe_001836,finance,dual_asof_reversal,1,
mdgo_v11_probe_001837,software,dual_asof_reversal,1,
mdgo_v11_probe_001838,software,dual_asof_reversal,1,
mdgo_v11_probe_001839,finance,surface_decoy_pair,1,
mdgo_v11_probe_001840,finance,provenance_weighted_triple,1,
mdgo_v11_probe_001841,finance,triple_asof_interleaved,1,
mdgo_v11_probe_001842,finance,triple_asof_interleaved,1,
mdgo_v11_probe_001843,software,reference_case_reconstruction,1,
mdgo_v11_probe_001844,software,surface_decoy_pair,1,
mdgo_v11_probe_001845,finance,triple_asof_interleaved,1,
mdgo_v11_probe_001846,software,surface_decoy_pair,1,
mdgo_v11_probe_001847,finance,surface_decoy_pair,1,
mdgo_v11_probe_001848,finance,dual_asof_reversal,1,
mdgo_v11_probe_001849,software,suggestion_rejection_pair,1,
mdgo_v11_probe_001850,software,dual_asof_reversal,1,
mdgo_v11_probe_001851,finance,dual_asof_reversal,1,
mdgo_v11_probe_001852,software,surface_decoy_pair,1,
mdgo_v11_probe_001853,finance,triple_asof_interleaved,1,
mdgo_v11_probe_001854,finance,suggestion_rejection_pair,1,
mdgo_v11_probe_001855,software,dual_asof_reversal,1,
mdgo_v11_probe_001856,finance,surface_decoy_pair,1,
mdgo_v11_probe_001857,software,surface_decoy_pair,1,
mdgo_v11_probe_001858,software,provenance_weighted_triple,1,
mdgo_v11_probe_001859,finance,surface_decoy_pair,1,
mdgo_v11_probe_001860,finance,provenance_weighted_triple,1,
mdgo_v11_probe_001861,finance,dual_asof_reversal,1,
mdgo_v11_probe_001862,software,triple_asof_interleaved,1,
mdgo_v11_probe_001863,finance,dual_asof_reversal,1,
mdgo_v11_probe_001864,finance,dual_asof_reversal,1,
mdgo_v11_probe_001865,software,reference_case_reconstruction,1,
mdgo_v11_probe_001866,finance,dual_asof_reversal,1,
mdgo_v11_probe_001867,software,triple_asof_interleaved,1,
mdgo_v11_probe_001868,finance,dual_asof_reversal,1,
mdgo_v11_probe_001869,finance,surface_decoy_pair,1,
mdgo_v11_probe_001870,software,reference_case_reconstruction,1,
mdgo_v11_probe_001871,finance,triple_asof_interleaved,1,
mdgo_v11_probe_001872,finance,reference_case_reconstruction,1,
mdgo_v11_probe_001873,finance,surface_decoy_pair,1,
mdgo_v11_probe_001874,finance,reference_case_reconstruction,1,
mdgo_v11_probe_001875,finance,dual_asof_reversal,1,
mdgo_v11_probe_001876,finance,triple_asof_interleaved,1,
mdgo_v11_probe_001877,software,triple_asof_interleaved,1,
mdgo_v11_probe_001878,finance,suggestion_rejection_pair,1,
mdgo_v11_probe_001879,finance,triple_asof_interleaved,1,
mdgo_v11_probe_001880,software,dual_asof_reversal,1,
mdgo_v11_probe_001881,finance,triple_asof_interleaved,1,
mdgo_v11_probe_001882,finance,surface_decoy_pair,1,
mdgo_v11_probe_001883,finance,dual_asof_reversal,1,
mdgo_v11_probe_001884,software,triple_asof_interleaved,1,
mdgo_v11_probe_001885,software,suggestion_rejection_pair,1,
mdgo_v11_probe_001886,finance,triple_asof_interleaved,1,
mdgo_v11_probe_001887,finance,triple_asof_interleaved,1,
mdgo_v11_probe_001888,finance,provenance_weighted_triple,1,
mdgo_v11_probe_001889,finance,triple_asof_interleaved,1,
mdgo_v11_probe_001890,finance,triple_asof_interleaved,1,
mdgo_v11_probe_001891,finance,triple_asof_interleaved,1,
mdgo_v11_probe_001892,finance,suggestion_rejection_pair,1,
mdgo_v11_probe_001893,finance,surface_decoy_pair,1,
mdgo_v11_probe_001894,software,triple_asof_interleaved,1,
mdgo_v11_probe_001895,finance,dual_asof_reversal,1,
mdgo_v11_probe_001896,software,surface_decoy_pair,1,
mdgo_v11_probe_001897,finance,triple_asof_interleaved,1,
mdgo_v11_probe_001898,finance,reference_case_reconstruction,1,
mdgo_v11_probe_001899,software,triple_asof_interleaved,1,
mdgo_v11_probe_001900,software,dual_asof_reversal,1,
mdgo_v11_probe_001901,finance,reference_case_reconstruction,1,
mdgo_v11_probe_001902,software,dual_asof_reversal,1,
mdgo_v11_probe_001903,finance,reference_case_reconstruction,1,
mdgo_v11_probe_001904,software,surface_decoy_pair,1,
mdgo_v11_probe_001905,finance,dual_asof_reversal,1,
mdgo_v11_probe_001906,finance,dual_asof_reversal,1,
mdgo_v11_probe_001907,software,triple_asof_interleaved,1,
mdgo_v11_probe_001908,finance,triple_asof_interleaved,1,
mdgo_v11_probe_001909,finance,suggestion_rejection_pair,1,
mdgo_v11_probe_001910,finance,surface_decoy_pair,1,
mdgo_v11_probe_001911,finance,dual_asof_reversal,1,
mdgo_v11_probe_001912,finance,triple_asof_interleaved,1,
mdgo_v11_probe_001913,finance,triple_asof_interleaved,1,
mdgo_v11_probe_001914,software,suggestion_rejection_pair,1,
mdgo_v11_probe_001915,software,dual_asof_reversal,1,
mdgo_v11_probe_001916,software,suggestion_rejection_pair,1,
mdgo_v11_probe_001917,finance,surface_decoy_pair,1,
mdgo_v11_probe_001918,software,suggestion_rejection_pair,1,
mdgo_v11_probe_001919,software,triple_asof_interleaved,1,
mdgo_v11_probe_001920,software,suggestion_rejection_pair,1,
mdgo_v11_probe_001921,software,triple_asof_interleaved,1,
mdgo_v11_probe_001922,finance,surface_decoy_pair,1,
mdgo_v11_probe_001923,software,triple_asof_interleaved,1,
mdgo_v11_probe_001924,finance,surface_decoy_pair,1,
mdgo_v11_probe_001925,software,surface_decoy_pair,1,
mdgo_v11_probe_001926,software,surface_decoy_pair,1,
mdgo_v11_probe_001927,software,dual_asof_reversal,1,
mdgo_v11_probe_001928,finance,surface_decoy_pair,1,
mdgo_v11_probe_001929,software,triple_asof_interleaved,1,
mdgo_v11_probe_001930,finance,triple_asof_interleaved,1,
mdgo_v11_probe_001931,finance,reference_case_reconstruction,1,
mdgo_v11_probe_001932,finance,dual_asof_reversal,1,
mdgo_v11_probe_001933,software,triple_asof_interleaved,1,
mdgo_v11_probe_001934,software,triple_asof_interleaved,1,
mdgo_v11_probe_001935,finance,reference_case_reconstruction,1,
mdgo_v11_probe_001936,software,suggestion_rejection_pair,1,
mdgo_v11_probe_001937,finance,reference_case_reconstruction,1,
mdgo_v11_probe_001938,software,scope_temporal_pair,1,
mdgo_v11_probe_001939,finance,triple_asof_interleaved,1,
mdgo_v11_probe_001940,finance,reference_case_reconstruction,1,
mdgo_v11_probe_001941,finance,dual_asof_reversal,1,
mdgo_v11_probe_001942,finance,dual_asof_reversal,1,
mdgo_v11_probe_001943,finance,suggestion_rejection_pair,1,
mdgo_v11_probe_001944,finance,triple_asof_interleaved,1,
mdgo_v11_probe_001945,software,reference_case_reconstruction,1,
mdgo_v11_probe_001946,finance,triple_asof_interleaved,1,
mdgo_v11_probe_001947,software,triple_asof_interleaved,1,
mdgo_v11_probe_001948,finance,reference_case_reconstruction,1,
mdgo_v11_probe_001949,software,suggestion_rejection_pair,1,
mdgo_v11_probe_001950,finance,surface_decoy_pair,1,
mdgo_v11_probe_001951,software,suggestion_rejection_pair,1,
mdgo_v11_probe_001952,finance,triple_asof_interleaved,1,
mdgo_v11_probe_001953,finance,reference_case_reconstruction,1,
mdgo_v11_probe_001954,finance,triple_asof_interleaved,1,
mdgo_v11_probe_001955,software,triple_asof_interleaved,1,
mdgo_v11_probe_001956,finance,surface_decoy_pair,1,
mdgo_v11_probe_001957,finance,dual_asof_reversal,1,
mdgo_v11_probe_001958,finance,triple_asof_interleaved,1,
mdgo_v11_probe_001959,software,triple_asof_interleaved,1,
mdgo_v11_probe_001960,finance,dual_asof_reversal,1,
mdgo_v11_probe_001961,finance,triple_asof_interleaved,1,
mdgo_v11_probe_001962,finance,dual_asof_reversal,1,
mdgo_v11_probe_001963,finance,triple_asof_interleaved,1,
mdgo_v11_probe_001964,finance,surface_decoy_pair,1,
mdgo_v11_probe_001965,software,provenance_weighted_triple,1,
mdgo_v11_probe_001966,software,scope_temporal_pair,1,
mdgo_v11_probe_001967,finance,provenance_weighted_triple,1,
mdgo_v11_probe_001968,finance,dual_asof_reversal,1,
mdgo_v11_probe_001969,software,suggestion_rejection_pair,1,
mdgo_v11_probe_001970,software,suggestion_rejection_pair,1,
mdgo_v11_probe_001971,finance,surface_decoy_pair,1,
mdgo_v11_probe_001972,software,reference_case_reconstruction,1,
mdgo_v11_probe_001973,finance,triple_asof_interleaved,1,
mdgo_v11_probe_001974,software,surface_decoy_pair,1,
mdgo_v11_probe_001975,finance,triple_asof_interleaved,1,
mdgo_v11_probe_001976,finance,triple_asof_interleaved,1,
mdgo_v11_probe_001977,software,dual_asof_reversal,1,
mdgo_v11_probe_001978,finance,scope_temporal_pair,1,
mdgo_v11_probe_001979,finance,dual_asof_reversal,1,
mdgo_v11_probe_001980,software,scope_temporal_pair,1,
mdgo_v11_probe_001981,finance,suggestion_rejection_pair,1,
mdgo_v11_probe_001982,software,triple_asof_interleaved,1,
mdgo_v11_probe_001983,finance,suggestion_rejection_pair,1,
mdgo_v11_probe_001984,finance,triple_asof_interleaved,1,
mdgo_v11_probe_001985,finance,triple_asof_interleaved,1,
mdgo_v11_probe_001986,finance,surface_decoy_pair,1,
mdgo_v11_probe_001987,finance,dual_asof_reversal,1,
mdgo_v11_probe_001988,software,triple_asof_interleaved,1,
mdgo_v11_probe_001989,software,reference_case_reconstruction,1,
mdgo_v11_probe_001990,software,triple_asof_interleaved,1,
mdgo_v11_probe_001991,software,suggestion_rejection_pair,1,
mdgo_v11_probe_001992,finance,reference_case_reconstruction,1,
mdgo_v11_probe_001993,software,triple_asof_interleaved,1,
mdgo_v11_probe_001994,software,triple_asof_interleaved,1,
mdgo_v11_probe_001995,finance,reference_case_reconstruction,1,
mdgo_v11_probe_001996,finance,reference_case_reconstruction,1,
mdgo_v11_probe_001997,finance,reference_case_reconstruction,1,
mdgo_v11_probe_001998,software,dual_asof_reversal,1,
mdgo_v11_probe_001999,software,suggestion_rejection_pair,1,
mdgo_v11_probe_002000,software,dual_asof_reversal,1,
mdgo_v11_probe_002001,software,reference_case_reconstruction,1,
mdgo_v11_probe_002002,software,dual_asof_reversal,1,
mdgo_v11_probe_002003,software,triple_asof_interleaved,1,
mdgo_v11_probe_002004,software,dual_asof_reversal,1,
mdgo_v11_probe_002005,software,dual_asof_reversal,1,
mdgo_v11_probe_002006,finance,surface_decoy_pair,1,
mdgo_v11_probe_002007,software,dual_asof_reversal,1,
mdgo_v11_probe_002008,software,triple_asof_interleaved,1,
mdgo_v11_probe_002009,finance,triple_asof_interleaved,1,
mdgo_v11_probe_002010,finance,reference_case_reconstruction,1,
mdgo_v11_probe_002011,software,reference_case_reconstruction,1,
mdgo_v11_probe_002012,software,reference_case_reconstruction,1,
mdgo_v11_probe_002013,finance,reference_case_reconstruction,1,
mdgo_v11_probe_002014,software,dual_asof_reversal,1,
mdgo_v11_probe_002015,finance,reference_case_reconstruction,1,
mdgo_v11_probe_002016,finance,triple_asof_interleaved,1,
mdgo_v11_probe_002017,finance,dual_asof_reversal,1,
mdgo_v11_probe_002018,software,suggestion_rejection_pair,1,
mdgo_v11_probe_002019,software,triple_asof_interleaved,1,
mdgo_v11_probe_002020,software,triple_asof_interleaved,1,
mdgo_v11_probe_002021,finance,scope_temporal_pair,1,
mdgo_v11_probe_002022,software,suggestion_rejection_pair,1,
mdgo_v11_probe_002023,finance,provenance_weighted_triple,1,
mdgo_v11_probe_002024,finance,reference_case_reconstruction,1,
mdgo_v11_probe_002025,finance,triple_asof_interleaved,1,
mdgo_v11_probe_002026,finance,provenance_weighted_triple,1,
mdgo_v11_probe_002027,software,dual_asof_reversal,1,
mdgo_v11_probe_002028,finance,triple_asof_interleaved,1,
mdgo_v11_probe_002029,finance,reference_case_reconstruction,1,
mdgo_v11_probe_002030,software,dual_asof_reversal,1,
mdgo_v11_probe_002031,finance,dual_asof_reversal,1,
mdgo_v11_probe_002032,finance,scope_temporal_pair,1,
mdgo_v11_probe_002033,software,suggestion_rejection_pair,1,
mdgo_v11_probe_002034,finance,suggestion_rejection_pair,1,
mdgo_v11_probe_002035,finance,triple_asof_interleaved,1,
mdgo_v11_probe_002036,finance,suggestion_rejection_pair,1,
mdgo_v11_probe_002037,finance,triple_asof_interleaved,1,
mdgo_v11_probe_002038,software,provenance_weighted_triple,1,
mdgo_v11_probe_002039,software,suggestion_rejection_pair,1,
mdgo_v11_probe_002040,finance,triple_asof_interleaved,1,
mdgo_v11_probe_002041,finance,dual_asof_reversal,1,
mdgo_v11_probe_002042,finance,triple_asof_interleaved,1,
mdgo_v11_probe_002043,finance,surface_decoy_pair,1,
mdgo_v11_probe_002044,finance,surface_decoy_pair,1,
mdgo_v11_probe_002045,finance,surface_decoy_pair,1,
mdgo_v11_probe_002046,finance,suggestion_rejection_pair,1,
mdgo_v11_probe_002047,finance,provenance_weighted_triple,1,
