probe_id,probe_type,required_component_groups,best_resolved_groups_in_any_205_session_window,best_window_start,best_window_end,all_required_components_in_one_205_session_window,unresolved_groups_in_best_window,naive_exact_upper_bound_from_missing_binary_links
mdgo_v11_probe_000000,suggestion_rejection_pair,2,0,0,204,0,2,0.25
mdgo_v11_probe_000001,reference_case_reconstruction,3,1,208,412,0,2,0.25
mdgo_v11_probe_000002,triple_asof_interleaved,3,0,0,204,0,3,0.125
mdgo_v11_probe_000003,dual_asof_reversal,2,0,0,204,0,2,0.25
mdgo_v11_probe_000004,triple_asof_interleaved,3,0,0,204,0,3,0.125
mdgo_v11_probe_000005,triple_asof_interleaved,3,0,0,204,0,3,0.125
mdgo_v11_probe_000006,triple_asof_interleaved,3,0,0,204,0,3,0.125
mdgo_v11_probe_000007,suggestion_rejection_pair,2,0,0,204,0,2,0.25
mdgo_v11_probe_000008,surface_decoy_pair,2,0,0,204,0,2,0.25
mdgo_v11_probe_000009,suggestion_rejection_pair,2,0,0,204,0,2,0.25
mdgo_v11_probe_000010,surface_decoy_pair,2,0,0,204,0,2,0.25
mdgo_v11_probe_000011,triple_asof_interleaved,3,0,0,204,0,3,0.125
mdgo_v11_probe_000012,suggestion_rejection_pair,2,0,0,204,0,2,0.25
mdgo_v11_probe_000013,triple_asof_interleaved,3,0,0,204,0,3,0.125
mdgo_v11_probe_000014,dual_asof_reversal,2,0,0,204,0,2,0.25
mdgo_v11_probe_000015,triple_asof_interleaved,3,0,0,204,0,3,0.125
mdgo_v11_probe_000016,suggestion_rejection_pair,2,0,0,204,0,2,0.25
mdgo_v11_probe_000017,dual_asof_reversal,2,0,0,204,0,2,0.25
mdgo_v11_probe_000018,surface_decoy_pair,2,0,0,204,0,2,0.25
mdgo_v11_probe_000019,suggestion_rejection_pair,2,0,0,204,0,2,0.25
mdgo_v11_probe_000020,dual_asof_reversal,2,0,0,204,0,2,0.25
mdgo_v11_probe_000021,reference_case_reconstruction,3,1,208,412,0,2,0.25
mdgo_v11_probe_000022,dual_asof_reversal,2,0,0,204,0,2,0.25
mdgo_v11_probe_000023,triple_asof_interleaved,3,0,0,204,0,3,0.125
mdgo_v11_probe_000024,suggestion_rejection_pair,2,0,0,204,0,2,0.25
mdgo_v11_probe_000025,triple_asof_interleaved,3,0,0,204,0,3,0.125
mdgo_v11_probe_000026,surface_decoy_pair,2,0,0,204,0,2,0.25
mdgo_v11_probe_000027,triple_asof_interleaved,3,0,0,204,0,3,0.125
mdgo_v11_probe_000028,triple_asof_interleaved,3,0,0,204,0,3,0.125
mdgo_v11_probe_000029,reference_case_reconstruction,3,1,208,412,0,2,0.25
mdgo_v11_probe_000030,reference_case_reconstruction,3,1,140,344,0,2,0.25
mdgo_v11_probe_000031,triple_asof_interleaved,3,0,0,204,0,3,0.125
mdgo_v11_probe_000032,reference_case_reconstruction,3,1,140,344,0,2,0.25
mdgo_v11_probe_000033,surface_decoy_pair,2,0,0,204,0,2,0.25
mdgo_v11_probe_000034,dual_asof_reversal,2,0,0,204,0,2,0.25
mdgo_v11_probe_000035,dual_asof_reversal,2,0,0,204,0,2,0.25
mdgo_v11_probe_000036,surface_decoy_pair,2,0,0,204,0,2,0.25
mdgo_v11_probe_000037,scope_temporal_pair,2,0,0,204,0,2,0.25
mdgo_v11_probe_000038,reference_case_reconstruction,3,1,140,344,0,2,0.25
mdgo_v11_probe_000039,triple_asof_interleaved,3,0,0,204,0,3,0.125
mdgo_v11_probe_000040,triple_asof_interleaved,3,0,0,204,0,3,0.125
mdgo_v11_probe_000041,dual_asof_reversal,2,0,0,204,0,2,0.25
mdgo_v11_probe_000042,triple_asof_interleaved,3,0,0,204,0,3,0.125
mdgo_v11_probe_000043,triple_asof_interleaved,3,0,0,204,0,3,0.125
mdgo_v11_probe_000044,surface_decoy_pair,2,0,0,204,0,2,0.25
mdgo_v11_probe_000045,dual_asof_reversal,2,0,0,204,0,2,0.25
mdgo_v11_probe_000046,triple_asof_interleaved,3,0,0,204,0,3,0.125
mdgo_v11_probe_000047,dual_asof_reversal,2,0,0,204,0,2,0.25
mdgo_v11_probe_000048,dual_asof_reversal,2,0,0,204,0,2,0.25
mdgo_v11_probe_000049,surface_decoy_pair,2,0,0,204,0,2,0.25
mdgo_v11_probe_000050,provenance_weighted_triple,3,0,0,204,0,3,0.125
mdgo_v11_probe_000051,reference_case_reconstruction,3,1,208,412,0,2,0.25
mdgo_v11_probe_000052,triple_asof_interleaved,3,0,0,204,0,3,0.125
mdgo_v11_probe_000053,dual_asof_reversal,2,0,0,204,0,2,0.25
mdgo_v11_probe_000054,surface_decoy_pair,2,0,0,204,0,2,0.25
mdgo_v11_probe_000055,reference_case_reconstruction,3,1,208,412,0,2,0.25
mdgo_v11_probe_000056,surface_decoy_pair,2,0,0,204,0,2,0.25
mdgo_v11_probe_000057,triple_asof_interleaved,3,0,0,204,0,3,0.125
mdgo_v11_probe_000058,triple_asof_interleaved,3,0,0,204,0,3,0.125
mdgo_v11_probe_000059,surface_decoy_pair,2,0,0,204,0,2,0.25
mdgo_v11_probe_000060,surface_decoy_pair,2,0,0,204,0,2,0.25
mdgo_v11_probe_000061,dual_asof_reversal,2,0,0,204,0,2,0.25
mdgo_v11_probe_000062,surface_decoy_pair,2,0,0,204,0,2,0.25
mdgo_v11_probe_000063,triple_asof_interleaved,3,0,0,204,0,3,0.125
mdgo_v11_probe_000064,surface_decoy_pair,2,0,0,204,0,2,0.25
mdgo_v11_probe_000065,suggestion_rejection_pair,2,0,0,204,0,2,0.25
mdgo_v11_probe_000066,suggestion_rejection_pair,2,0,0,204,0,2,0.25
mdgo_v11_probe_000067,provenance_weighted_triple,3,0,0,204,0,3,0.125
mdgo_v11_probe_000068,triple_asof_interleaved,3,0,0,204,0,3,0.125
mdgo_v11_probe_000069,suggestion_rejection_pair,2,0,0,204,0,2,0.25
mdgo_v11_probe_000070,reference_case_reconstruction,3,1,140,344,0,2,0.25
mdgo_v11_probe_000071,dual_asof_reversal,2,0,0,204,0,2,0.25
mdgo_v11_probe_000072,triple_asof_interleaved,3,0,0,204,0,3,0.125
mdgo_v11_probe_000073,reference_case_reconstruction,3,1,208,412,0,2,0.25
mdgo_v11_probe_000074,triple_asof_interleaved,3,0,0,204,0,3,0.125
mdgo_v11_probe_000075,reference_case_reconstruction,3,1,208,412,0,2,0.25
mdgo_v11_probe_000076,provenance_weighted_triple,3,0,0,204,0,3,0.125
mdgo_v11_probe_000077,triple_asof_interleaved,3,0,0,204,0,3,0.125
mdgo_v11_probe_000078,surface_decoy_pair,2,0,0,204,0,2,0.25
mdgo_v11_probe_000079,dual_asof_reversal,2,0,0,204,0,2,0.25
mdgo_v11_probe_000080,dual_asof_reversal,2,0,0,204,0,2,0.25
mdgo_v11_probe_000081,triple_asof_interleaved,3,0,0,204,0,3,0.125
mdgo_v11_probe_000082,suggestion_rejection_pair,2,0,0,204,0,2,0.25
mdgo_v11_probe_000083,dual_asof_reversal,2,0,0,204,0,2,0.25
mdgo_v11_probe_000084,triple_asof_interleaved,3,0,0,204,0,3,0.125
mdgo_v11_probe_000085,surface_decoy_pair,2,0,0,204,0,2,0.25
mdgo_v11_probe_000086,triple_asof_interleaved,3,0,0,204,0,3,0.125
mdgo_v11_probe_000087,surface_decoy_pair,2,0,0,204,0,2,0.25
mdgo_v11_probe_000088,suggestion_rejection_pair,2,0,0,204,0,2,0.25
mdgo_v11_probe_000089,suggestion_rejection_pair,2,0,0,204,0,2,0.25
mdgo_v11_probe_000090,surface_decoy_pair,2,0,0,204,0,2,0.25
mdgo_v11_probe_000091,provenance_weighted_triple,3,0,0,204,0,3,0.125
mdgo_v11_probe_000092,dual_asof_reversal,2,0,0,204,0,2,0.25
mdgo_v11_probe_000093,reference_case_reconstruction,3,1,208,412,0,2,0.25
mdgo_v11_probe_000094,reference_case_reconstruction,3,1,140,344,0,2,0.25
mdgo_v11_probe_000095,reference_case_reconstruction,3,1,208,412,0,2,0.25
mdgo_v11_probe_000096,surface_decoy_pair,2,0,0,204,0,2,0.25
mdgo_v11_probe_000097,surface_decoy_pair,2,0,0,204,0,2,0.25
mdgo_v11_probe_000098,triple_asof_interleaved,3,0,0,204,0,3,0.125
mdgo_v11_probe_000099,suggestion_rejection_pair,2,0,0,204,0,2,0.25
mdgo_v11_probe_000100,surface_decoy_pair,2,0,0,204,0,2,0.25
mdgo_v11_probe_000101,dual_asof_reversal,2,0,0,204,0,2,0.25
mdgo_v11_probe_000102,suggestion_rejection_pair,2,0,0,204,0,2,0.25
mdgo_v11_probe_000103,surface_decoy_pair,2,0,0,204,0,2,0.25
mdgo_v11_probe_000104,surface_decoy_pair,2,0,0,204,0,2,0.25
mdgo_v11_probe_000105,suggestion_rejection_pair,2,0,0,204,0,2,0.25
mdgo_v11_probe_000106,triple_asof_interleaved,3,0,0,204,0,3,0.125
mdgo_v11_probe_000107,scope_temporal_pair,2,0,0,204,0,2,0.25
mdgo_v11_probe_000108,triple_asof_interleaved,3,0,0,204,0,3,0.125
mdgo_v11_probe_000109,surface_decoy_pair,2,0,0,204,0,2,0.25
mdgo_v11_probe_000110,suggestion_rejection_pair,2,0,0,204,0,2,0.25
mdgo_v11_probe_000111,triple_asof_interleaved,3,0,0,204,0,3,0.125
mdgo_v11_probe_000112,surface_decoy_pair,2,0,0,204,0,2,0.25
mdgo_v11_probe_000113,dual_asof_reversal,2,0,0,204,0,2,0.25
mdgo_v11_probe_000114,triple_asof_interleaved,3,0,0,204,0,3,0.125
mdgo_v11_probe_000115,surface_decoy_pair,2,0,0,204,0,2,0.25
mdgo_v11_probe_000116,surface_decoy_pair,2,0,0,204,0,2,0.25
mdgo_v11_probe_000117,triple_asof_interleaved,3,0,0,204,0,3,0.125
mdgo_v11_probe_000118,surface_decoy_pair,2,0,0,204,0,2,0.25
mdgo_v11_probe_000119,surface_decoy_pair,2,0,0,204,0,2,0.25
mdgo_v11_probe_000120,reference_case_reconstruction,3,1,140,344,0,2,0.25
mdgo_v11_probe_000121,triple_asof_interleaved,3,0,0,204,0,3,0.125
mdgo_v11_probe_000122,suggestion_rejection_pair,2,0,0,204,0,2,0.25
mdgo_v11_probe_000123,triple_asof_interleaved,3,0,0,204,0,3,0.125
mdgo_v11_probe_000124,suggestion_rejection_pair,2,0,0,204,0,2,0.25
mdgo_v11_probe_000125,reference_case_reconstruction,3,1,208,412,0,2,0.25
mdgo_v11_probe_000126,triple_asof_interleaved,3,0,0,204,0,3,0.125
mdgo_v11_probe_000127,suggestion_rejection_pair,2,0,0,204,0,2,0.25
mdgo_v11_probe_000128,reference_case_reconstruction,3,1,140,344,0,2,0.25
mdgo_v11_probe_000129,reference_case_reconstruction,3,1,208,412,0,2,0.25
mdgo_v11_probe_000130,suggestion_rejection_pair,2,0,0,204,0,2,0.25
mdgo_v11_probe_000131,dual_asof_reversal,2,0,0,204,0,2,0.25
mdgo_v11_probe_000132,triple_asof_interleaved,3,0,0,204,0,3,0.125
mdgo_v11_probe_000133,scope_temporal_pair,2,0,0,204,0,2,0.25
mdgo_v11_probe_000134,suggestion_rejection_pair,2,0,0,204,0,2,0.25
mdgo_v11_probe_000135,surface_decoy_pair,2,0,0,204,0,2,0.25
mdgo_v11_probe_000136,provenance_weighted_triple,3,0,0,204,0,3,0.125
mdgo_v11_probe_000137,surface_decoy_pair,2,0,0,204,0,2,0.25
mdgo_v11_probe_000138,dual_asof_reversal,2,0,0,204,0,2,0.25
mdgo_v11_probe_000139,suggestion_rejection_pair,2,0,0,204,0,2,0.25
mdgo_v11_probe_000140,suggestion_rejection_pair,2,0,0,204,0,2,0.25
mdgo_v11_probe_000141,surface_decoy_pair,2,0,0,204,0,2,0.25
mdgo_v11_probe_000142,dual_asof_reversal,2,0,0,204,0,2,0.25
mdgo_v11_probe_000143,dual_asof_reversal,2,0,0,204,0,2,0.25
mdgo_v11_probe_000144,surface_decoy_pair,2,0,0,204,0,2,0.25
mdgo_v11_probe_000145,surface_decoy_pair,2,0,0,204,0,2,0.25
mdgo_v11_probe_000146,reference_case_reconstruction,3,1,140,344,0,2,0.25
mdgo_v11_probe_000147,reference_case_reconstruction,3,1,208,412,0,2,0.25
mdgo_v11_probe_000148,surface_decoy_pair,2,0,0,204,0,2,0.25
mdgo_v11_probe_000149,surface_decoy_pair,2,0,0,204,0,2,0.25
mdgo_v11_probe_000150,surface_decoy_pair,2,0,0,204,0,2,0.25
mdgo_v11_probe_000151,surface_decoy_pair,2,0,0,204,0,2,0.25
mdgo_v11_probe_000152,suggestion_rejection_pair,2,0,0,204,0,2,0.25
mdgo_v11_probe_000153,surface_decoy_pair,2,0,0,204,0,2,0.25
mdgo_v11_probe_000154,provenance_weighted_triple,3,0,0,204,0,3,0.125
mdgo_v11_probe_000155,reference_case_reconstruction,3,1,208,412,0,2,0.25
mdgo_v11_probe_000156,suggestion_rejection_pair,2,0,0,204,0,2,0.25
mdgo_v11_probe_000157,provenance_weighted_triple,3,0,0,204,0,3,0.125
mdgo_v11_probe_000158,scope_temporal_pair,2,0,0,204,0,2,0.25
mdgo_v11_probe_000159,provenance_weighted_triple,3,0,0,204,0,3,0.125
mdgo_v11_probe_000160,triple_asof_interleaved,3,0,0,204,0,3,0.125
mdgo_v11_probe_000161,dual_asof_reversal,2,0,0,204,0,2,0.25
mdgo_v11_probe_000162,dual_asof_reversal,2,0,0,204,0,2,0.25
mdgo_v11_probe_000163,surface_decoy_pair,2,0,0,204,0,2,0.25
mdgo_v11_probe_000164,surface_decoy_pair,2,0,0,204,0,2,0.25
mdgo_v11_probe_000165,surface_decoy_pair,2,0,0,204,0,2,0.25
mdgo_v11_probe_000166,triple_asof_interleaved,3,0,0,204,0,3,0.125
mdgo_v11_probe_000167,reference_case_reconstruction,3,1,208,412,0,2,0.25
mdgo_v11_probe_000168,scope_temporal_pair,2,0,0,204,0,2,0.25
mdgo_v11_probe_000169,reference_case_reconstruction,3,1,208,412,0,2,0.25
mdgo_v11_probe_000170,surface_decoy_pair,2,0,0,204,0,2,0.25
mdgo_v11_probe_000171,scope_temporal_pair,2,0,0,204,0,2,0.25
mdgo_v11_probe_000172,suggestion_rejection_pair,2,0,0,204,0,2,0.25
mdgo_v11_probe_000173,surface_decoy_pair,2,0,0,204,0,2,0.25
mdgo_v11_probe_000174,surface_decoy_pair,2,0,0,204,0,2,0.25
mdgo_v11_probe_000175,suggestion_rejection_pair,2,0,0,204,0,2,0.25
mdgo_v11_probe_000176,surface_decoy_pair,2,0,0,204,0,2,0.25
mdgo_v11_probe_000177,reference_case_reconstruction,3,1,208,412,0,2,0.25
mdgo_v11_probe_000178,reference_case_reconstruction,3,1,140,344,0,2,0.25
mdgo_v11_probe_000179,surface_decoy_pair,2,0,0,204,0,2,0.25
mdgo_v11_probe_000180,dual_asof_reversal,2,0,0,204,0,2,0.25
mdgo_v11_probe_000181,triple_asof_interleaved,3,0,0,204,0,3,0.125
mdgo_v11_probe_000182,dual_asof_reversal,2,0,0,204,0,2,0.25
mdgo_v11_probe_000183,reference_case_reconstruction,3,1,208,412,0,2,0.25
mdgo_v11_probe_000184,surface_decoy_pair,2,0,0,204,0,2,0.25
mdgo_v11_probe_000185,reference_case_reconstruction,3,1,208,412,0,2,0.25
mdgo_v11_probe_000186,suggestion_rejection_pair,2,0,0,204,0,2,0.25
mdgo_v11_probe_000187,dual_asof_reversal,2,0,0,204,0,2,0.25
mdgo_v11_probe_000188,reference_case_reconstruction,3,1,140,344,0,2,0.25
mdgo_v11_probe_000189,dual_asof_reversal,2,0,0,204,0,2,0.25
mdgo_v11_probe_000190,reference_case_reconstruction,3,1,140,344,0,2,0.25
mdgo_v11_probe_000191,reference_case_reconstruction,3,1,208,412,0,2,0.25
mdgo_v11_probe_000192,reference_case_reconstruction,3,1,140,344,0,2,0.25
mdgo_v11_probe_000193,dual_asof_reversal,2,0,0,204,0,2,0.25
mdgo_v11_probe_000194,dual_asof_reversal,2,0,0,204,0,2,0.25
mdgo_v11_probe_000195,reference_case_reconstruction,3,1,208,412,0,2,0.25
mdgo_v11_probe_000196,surface_decoy_pair,2,0,0,204,0,2,0.25
mdgo_v11_probe_000197,surface_decoy_pair,2,0,0,204,0,2,0.25
mdgo_v11_probe_000198,suggestion_rejection_pair,2,0,0,204,0,2,0.25
mdgo_v11_probe_000199,triple_asof_interleaved,3,0,0,204,0,3,0.125
mdgo_v11_probe_000200,suggestion_rejection_pair,2,0,0,204,0,2,0.25
mdgo_v11_probe_000201,dual_asof_reversal,2,0,0,204,0,2,0.25
mdgo_v11_probe_000202,surface_decoy_pair,2,0,0,204,0,2,0.25
mdgo_v11_probe_000203,surface_decoy_pair,2,0,0,204,0,2,0.25
mdgo_v11_probe_000204,scope_temporal_pair,2,0,0,204,0,2,0.25
mdgo_v11_probe_000205,surface_decoy_pair,2,0,0,204,0,2,0.25
mdgo_v11_probe_000206,reference_case_reconstruction,3,1,140,344,0,2,0.25
mdgo_v11_probe_000207,dual_asof_reversal,2,0,0,204,0,2,0.25
mdgo_v11_probe_000208,surface_decoy_pair,2,0,0,204,0,2,0.25
mdgo_v11_probe_000209,scope_temporal_pair,2,0,0,204,0,2,0.25
mdgo_v11_probe_000210,reference_case_reconstruction,3,1,140,344,0,2,0.25
mdgo_v11_probe_000211,suggestion_rejection_pair,2,0,0,204,0,2,0.25
mdgo_v11_probe_000212,surface_decoy_pair,2,0,0,204,0,2,0.25
mdgo_v11_probe_000213,triple_asof_interleaved,3,0,0,204,0,3,0.125
mdgo_v11_probe_000214,surface_decoy_pair,2,0,0,204,0,2,0.25
mdgo_v11_probe_000215,provenance_weighted_triple,3,0,0,204,0,3,0.125
mdgo_v11_probe_000216,reference_case_reconstruction,3,1,140,344,0,2,0.25
mdgo_v11_probe_000217,triple_asof_interleaved,3,0,0,204,0,3,0.125
mdgo_v11_probe_000218,suggestion_rejection_pair,2,0,0,204,0,2,0.25
mdgo_v11_probe_000219,surface_decoy_pair,2,0,0,204,0,2,0.25
mdgo_v11_probe_000220,dual_asof_reversal,2,0,0,204,0,2,0.25
mdgo_v11_probe_000221,surface_decoy_pair,2,0,0,204,0,2,0.25
mdgo_v11_probe_000222,reference_case_reconstruction,3,1,140,344,0,2,0.25
mdgo_v11_probe_000223,dual_asof_reversal,2,0,0,204,0,2,0.25
mdgo_v11_probe_000224,triple_asof_interleaved,3,0,0,204,0,3,0.125
mdgo_v11_probe_000225,surface_decoy_pair,2,0,0,204,0,2,0.25
mdgo_v11_probe_000226,scope_temporal_pair,2,0,0,204,0,2,0.25
mdgo_v11_probe_000227,reference_case_reconstruction,3,1,208,412,0,2,0.25
mdgo_v11_probe_000228,triple_asof_interleaved,3,0,0,204,0,3,0.125
mdgo_v11_probe_000229,surface_decoy_pair,2,0,0,204,0,2,0.25
mdgo_v11_probe_000230,suggestion_rejection_pair,2,0,0,204,0,2,0.25
mdgo_v11_probe_000231,triple_asof_interleaved,3,0,0,204,0,3,0.125
mdgo_v11_probe_000232,triple_asof_interleaved,3,0,0,204,0,3,0.125
mdgo_v11_probe_000233,surface_decoy_pair,2,0,0,204,0,2,0.25
mdgo_v11_probe_000234,provenance_weighted_triple,3,0,0,204,0,3,0.125
mdgo_v11_probe_000235,reference_case_reconstruction,3,1,208,412,0,2,0.25
mdgo_v11_probe_000236,scope_temporal_pair,2,0,0,204,0,2,0.25
mdgo_v11_probe_000237,triple_asof_interleaved,3,0,0,204,0,3,0.125
mdgo_v11_probe_000238,dual_asof_reversal,2,0,0,204,0,2,0.25
mdgo_v11_probe_000239,triple_asof_interleaved,3,0,0,204,0,3,0.125
mdgo_v11_probe_000240,triple_asof_interleaved,3,0,0,204,0,3,0.125
mdgo_v11_probe_000241,scope_temporal_pair,2,0,0,204,0,2,0.25
mdgo_v11_probe_000242,suggestion_rejection_pair,2,0,0,204,0,2,0.25
mdgo_v11_probe_000243,suggestion_rejection_pair,2,0,0,204,0,2,0.25
mdgo_v11_probe_000244,triple_asof_interleaved,3,0,0,204,0,3,0.125
mdgo_v11_probe_000245,surface_decoy_pair,2,0,0,204,0,2,0.25
mdgo_v11_probe_000246,suggestion_rejection_pair,2,0,0,204,0,2,0.25
mdgo_v11_probe_000247,triple_asof_interleaved,3,0,0,204,0,3,0.125
mdgo_v11_probe_000248,surface_decoy_pair,2,0,0,204,0,2,0.25
mdgo_v11_probe_000249,surface_decoy_pair,2,0,0,204,0,2,0.25
mdgo_v11_probe_000250,dual_asof_reversal,2,0,0,204,0,2,0.25
mdgo_v11_probe_000251,dual_asof_reversal,2,0,0,204,0,2,0.25
mdgo_v11_probe_000252,surface_decoy_pair,2,0,0,204,0,2,0.25
mdgo_v11_probe_000253,surface_decoy_pair,2,0,0,204,0,2,0.25
mdgo_v11_probe_000254,surface_decoy_pair,2,0,0,204,0,2,0.25
mdgo_v11_probe_000255,dual_asof_reversal,2,0,0,204,0,2,0.25
mdgo_v11_probe_000256,surface_decoy_pair,2,0,0,204,0,2,0.25
mdgo_v11_probe_000257,reference_case_reconstruction,3,1,208,412,0,2,0.25
mdgo_v11_probe_000258,surface_decoy_pair,2,0,0,204,0,2,0.25
mdgo_v11_probe_000259,triple_asof_interleaved,3,0,0,204,0,3,0.125
mdgo_v11_probe_000260,suggestion_rejection_pair,2,0,0,204,0,2,0.25
mdgo_v11_probe_000261,dual_asof_reversal,2,0,0,204,0,2,0.25
mdgo_v11_probe_000262,surface_decoy_pair,2,0,0,204,0,2,0.25
mdgo_v11_probe_000263,dual_asof_reversal,2,0,0,204,0,2,0.25
mdgo_v11_probe_000264,dual_asof_reversal,2,0,0,204,0,2,0.25
mdgo_v11_probe_000265,reference_case_reconstruction,3,1,208,412,0,2,0.25
mdgo_v11_probe_000266,provenance_weighted_triple,3,0,0,204,0,3,0.125
mdgo_v11_probe_000267,reference_case_reconstruction,3,1,208,412,0,2,0.25
mdgo_v11_probe_000268,reference_case_reconstruction,3,1,140,344,0,2,0.25
mdgo_v11_probe_000269,dual_asof_reversal,2,0,0,204,0,2,0.25
mdgo_v11_probe_000270,provenance_weighted_triple,3,0,0,204,0,3,0.125
mdgo_v11_probe_000271,provenance_weighted_triple,3,0,0,204,0,3,0.125
mdgo_v11_probe_000272,dual_asof_reversal,2,0,0,204,0,2,0.25
mdgo_v11_probe_000273,reference_case_reconstruction,3,1,208,412,0,2,0.25
mdgo_v11_probe_000274,surface_decoy_pair,2,0,0,204,0,2,0.25
mdgo_v11_probe_000275,surface_decoy_pair,2,0,0,204,0,2,0.25
mdgo_v11_probe_000276,surface_decoy_pair,2,0,0,204,0,2,0.25
mdgo_v11_probe_000277,suggestion_rejection_pair,2,0,0,204,0,2,0.25
mdgo_v11_probe_000278,suggestion_rejection_pair,2,0,0,204,0,2,0.25
mdgo_v11_probe_000279,dual_asof_reversal,2,0,0,204,0,2,0.25
mdgo_v11_probe_000280,suggestion_rejection_pair,2,0,0,204,0,2,0.25
mdgo_v11_probe_000281,triple_asof_interleaved,3,0,0,204,0,3,0.125
mdgo_v11_probe_000282,dual_asof_reversal,2,0,0,204,0,2,0.25
mdgo_v11_probe_000283,dual_asof_reversal,2,0,0,204,0,2,0.25
mdgo_v11_probe_000284,surface_decoy_pair,2,0,0,204,0,2,0.25
mdgo_v11_probe_000285,suggestion_rejection_pair,2,0,0,204,0,2,0.25
mdgo_v11_probe_000286,suggestion_rejection_pair,2,0,0,204,0,2,0.25
mdgo_v11_probe_000287,triple_asof_interleaved,3,0,0,204,0,3,0.125
mdgo_v11_probe_000288,triple_asof_interleaved,3,0,0,204,0,3,0.125
mdgo_v11_probe_000289,triple_asof_interleaved,3,0,0,204,0,3,0.125
mdgo_v11_probe_000290,triple_asof_interleaved,3,0,0,204,0,3,0.125
mdgo_v11_probe_000291,suggestion_rejection_pair,2,0,0,204,0,2,0.25
mdgo_v11_probe_000292,triple_asof_interleaved,3,0,0,204,0,3,0.125
mdgo_v11_probe_000293,dual_asof_reversal,2,0,0,204,0,2,0.25
mdgo_v11_probe_000294,provenance_weighted_triple,3,0,0,204,0,3,0.125
mdgo_v11_probe_000295,dual_asof_reversal,2,0,0,204,0,2,0.25
mdgo_v11_probe_000296,provenance_weighted_triple,3,0,0,204,0,3,0.125
mdgo_v11_probe_000297,dual_asof_reversal,2,0,0,204,0,2,0.25
mdgo_v11_probe_000298,reference_case_reconstruction,3,1,140,344,0,2,0.25
mdgo_v11_probe_000299,surface_decoy_pair,2,0,0,204,0,2,0.25
mdgo_v11_probe_000300,dual_asof_reversal,2,0,0,204,0,2,0.25
mdgo_v11_probe_000301,dual_asof_reversal,2,0,0,204,0,2,0.25
mdgo_v11_probe_000302,triple_asof_interleaved,3,0,0,204,0,3,0.125
mdgo_v11_probe_000303,dual_asof_reversal,2,0,0,204,0,2,0.25
mdgo_v11_probe_000304,surface_decoy_pair,2,0,0,204,0,2,0.25
mdgo_v11_probe_000305,dual_asof_reversal,2,0,0,204,0,2,0.25
mdgo_v11_probe_000306,dual_asof_reversal,2,0,0,204,0,2,0.25
mdgo_v11_probe_000307,surface_decoy_pair,2,0,0,204,0,2,0.25
mdgo_v11_probe_000308,reference_case_reconstruction,3,1,140,344,0,2,0.25
mdgo_v11_probe_000309,surface_decoy_pair,2,0,0,204,0,2,0.25
mdgo_v11_probe_000310,provenance_weighted_triple,3,0,0,204,0,3,0.125
mdgo_v11_probe_000311,triple_asof_interleaved,3,0,0,204,0,3,0.125
mdgo_v11_probe_000312,dual_asof_reversal,2,0,0,204,0,2,0.25
mdgo_v11_probe_000313,suggestion_rejection_pair,2,0,0,204,0,2,0.25
mdgo_v11_probe_000314,suggestion_rejection_pair,2,0,0,204,0,2,0.25
mdgo_v11_probe_000315,suggestion_rejection_pair,2,0,0,204,0,2,0.25
mdgo_v11_probe_000316,triple_asof_interleaved,3,0,0,204,0,3,0.125
mdgo_v11_probe_000317,dual_asof_reversal,2,0,0,204,0,2,0.25
mdgo_v11_probe_000318,dual_asof_reversal,2,0,0,204,0,2,0.25
mdgo_v11_probe_000319,surface_decoy_pair,2,0,0,204,0,2,0.25
mdgo_v11_probe_000320,dual_asof_reversal,2,0,0,204,0,2,0.25
mdgo_v11_probe_000321,suggestion_rejection_pair,2,0,0,204,0,2,0.25
mdgo_v11_probe_000322,reference_case_reconstruction,3,1,140,344,0,2,0.25
mdgo_v11_probe_000323,surface_decoy_pair,2,0,0,204,0,2,0.25
mdgo_v11_probe_000324,reference_case_reconstruction,3,1,140,344,0,2,0.25
mdgo_v11_probe_000325,suggestion_rejection_pair,2,0,0,204,0,2,0.25
mdgo_v11_probe_000326,triple_asof_interleaved,3,0,0,204,0,3,0.125
mdgo_v11_probe_000327,surface_decoy_pair,2,0,0,204,0,2,0.25
mdgo_v11_probe_000328,reference_case_reconstruction,3,1,140,344,0,2,0.25
mdgo_v11_probe_000329,triple_asof_interleaved,3,0,0,204,0,3,0.125
mdgo_v11_probe_000330,suggestion_rejection_pair,2,0,0,204,0,2,0.25
mdgo_v11_probe_000331,reference_case_reconstruction,3,1,208,412,0,2,0.25
mdgo_v11_probe_000332,reference_case_reconstruction,3,1,140,344,0,2,0.25
mdgo_v11_probe_000333,reference_case_reconstruction,3,1,208,412,0,2,0.25
mdgo_v11_probe_000334,reference_case_reconstruction,3,1,140,344,0,2,0.25
mdgo_v11_probe_000335,suggestion_rejection_pair,2,0,0,204,0,2,0.25
mdgo_v11_probe_000336,scope_temporal_pair,2,0,0,204,0,2,0.25
mdgo_v11_probe_000337,surface_decoy_pair,2,0,0,204,0,2,0.25
mdgo_v11_probe_000338,triple_asof_interleaved,3,0,0,204,0,3,0.125
mdgo_v11_probe_000339,surface_decoy_pair,2,0,0,204,0,2,0.25
mdgo_v11_probe_000340,surface_decoy_pair,2,0,0,204,0,2,0.25
mdgo_v11_probe_000341,surface_decoy_pair,2,0,0,204,0,2,0.25
mdgo_v11_probe_000342,provenance_weighted_triple,3,0,0,204,0,3,0.125
mdgo_v11_probe_000343,dual_asof_reversal,2,0,0,204,0,2,0.25
mdgo_v11_probe_000344,surface_decoy_pair,2,0,0,204,0,2,0.25
mdgo_v11_probe_000345,triple_asof_interleaved,3,0,0,204,0,3,0.125
mdgo_v11_probe_000346,triple_asof_interleaved,3,0,0,204,0,3,0.125
mdgo_v11_probe_000347,surface_decoy_pair,2,0,0,204,0,2,0.25
mdgo_v11_probe_000348,dual_asof_reversal,2,0,0,204,0,2,0.25
mdgo_v11_probe_000349,provenance_weighted_triple,3,0,0,204,0,3,0.125
mdgo_v11_probe_000350,triple_asof_interleaved,3,0,0,204,0,3,0.125
mdgo_v11_probe_000351,surface_decoy_pair,2,0,0,204,0,2,0.25
mdgo_v11_probe_000352,triple_asof_interleaved,3,0,0,204,0,3,0.125
mdgo_v11_probe_000353,dual_asof_reversal,2,0,0,204,0,2,0.25
mdgo_v11_probe_000354,surface_decoy_pair,2,0,0,204,0,2,0.25
mdgo_v11_probe_000355,surface_decoy_pair,2,0,0,204,0,2,0.25
mdgo_v11_probe_000356,scope_temporal_pair,2,0,0,204,0,2,0.25
mdgo_v11_probe_000357,scope_temporal_pair,2,0,0,204,0,2,0.25
mdgo_v11_probe_000358,suggestion_rejection_pair,2,0,0,204,0,2,0.25
mdgo_v11_probe_000359,reference_case_reconstruction,3,1,208,412,0,2,0.25
mdgo_v11_probe_000360,triple_asof_interleaved,3,0,0,204,0,3,0.125
mdgo_v11_probe_000361,suggestion_rejection_pair,2,0,0,204,0,2,0.25
mdgo_v11_probe_000362,reference_case_reconstruction,3,1,140,344,0,2,0.25
mdgo_v11_probe_000363,reference_case_reconstruction,3,1,208,412,0,2,0.25
mdgo_v11_probe_000364,triple_asof_interleaved,3,0,0,204,0,3,0.125
mdgo_v11_probe_000365,surface_decoy_pair,2,0,0,204,0,2,0.25
mdgo_v11_probe_000366,triple_asof_interleaved,3,0,0,204,0,3,0.125
mdgo_v11_probe_000367,surface_decoy_pair,2,0,0,204,0,2,0.25
mdgo_v11_probe_000368,reference_case_reconstruction,3,1,140,344,0,2,0.25
mdgo_v11_probe_000369,dual_asof_reversal,2,0,0,204,0,2,0.25
mdgo_v11_probe_000370,reference_case_reconstruction,3,1,140,344,0,2,0.25
mdgo_v11_probe_000371,suggestion_rejection_pair,2,0,0,204,0,2,0.25
mdgo_v11_probe_000372,provenance_weighted_triple,3,0,0,204,0,3,0.125
mdgo_v11_probe_000373,reference_case_reconstruction,3,1,208,412,0,2,0.25
mdgo_v11_probe_000374,dual_asof_reversal,2,0,0,204,0,2,0.25
mdgo_v11_probe_000375,reference_case_reconstruction,3,1,208,412,0,2,0.25
mdgo_v11_probe_000376,surface_decoy_pair,2,0,0,204,0,2,0.25
mdgo_v11_probe_000377,triple_asof_interleaved,3,0,0,204,0,3,0.125
mdgo_v11_probe_000378,triple_asof_interleaved,3,0,0,204,0,3,0.125
mdgo_v11_probe_000379,provenance_weighted_triple,3,0,0,204,0,3,0.125
mdgo_v11_probe_000380,dual_asof_reversal,2,0,0,204,0,2,0.25
mdgo_v11_probe_000381,surface_decoy_pair,2,0,0,204,0,2,0.25
mdgo_v11_probe_000382,reference_case_reconstruction,3,1,140,344,0,2,0.25
mdgo_v11_probe_000383,surface_decoy_pair,2,0,0,204,0,2,0.25
mdgo_v11_probe_000384,triple_asof_interleaved,3,0,0,204,0,3,0.125
mdgo_v11_probe_000385,suggestion_rejection_pair,2,0,0,204,0,2,0.25
mdgo_v11_probe_000386,reference_case_reconstruction,3,1,140,344,0,2,0.25
mdgo_v11_probe_000387,reference_case_reconstruction,3,1,208,412,0,2,0.25
mdgo_v11_probe_000388,reference_case_reconstruction,3,1,140,344,0,2,0.25
mdgo_v11_probe_000389,dual_asof_reversal,2,0,0,204,0,2,0.25
mdgo_v11_probe_000390,reference_case_reconstruction,3,1,140,344,0,2,0.25
mdgo_v11_probe_000391,dual_asof_reversal,2,0,0,204,0,2,0.25
mdgo_v11_probe_000392,triple_asof_interleaved,3,0,0,204,0,3,0.125
mdgo_v11_probe_000393,triple_asof_interleaved,3,0,0,204,0,3,0.125
mdgo_v11_probe_000394,provenance_weighted_triple,3,0,0,204,0,3,0.125
mdgo_v11_probe_000395,triple_asof_interleaved,3,0,0,204,0,3,0.125
mdgo_v11_probe_000396,dual_asof_reversal,2,0,0,204,0,2,0.25
mdgo_v11_probe_000397,surface_decoy_pair,2,0,0,204,0,2,0.25
mdgo_v11_probe_000398,suggestion_rejection_pair,2,0,0,204,0,2,0.25
mdgo_v11_probe_000399,dual_asof_reversal,2,0,0,204,0,2,0.25
mdgo_v11_probe_000400,dual_asof_reversal,2,0,0,204,0,2,0.25
mdgo_v11_probe_000401,dual_asof_reversal,2,0,0,204,0,2,0.25
mdgo_v11_probe_000402,dual_asof_reversal,2,0,0,204,0,2,0.25
mdgo_v11_probe_000403,suggestion_rejection_pair,2,0,0,204,0,2,0.25
mdgo_v11_probe_000404,surface_decoy_pair,2,0,0,204,0,2,0.25
mdgo_v11_probe_000405,dual_asof_reversal,2,0,0,204,0,2,0.25
mdgo_v11_probe_000406,provenance_weighted_triple,3,0,0,204,0,3,0.125
mdgo_v11_probe_000407,dual_asof_reversal,2,0,0,204,0,2,0.25
mdgo_v11_probe_000408,surface_decoy_pair,2,0,0,204,0,2,0.25
mdgo_v11_probe_000409,triple_asof_interleaved,3,0,0,204,0,3,0.125
mdgo_v11_probe_000410,suggestion_rejection_pair,2,0,0,204,0,2,0.25
mdgo_v11_probe_000411,surface_decoy_pair,2,0,0,204,0,2,0.25
mdgo_v11_probe_000412,provenance_weighted_triple,3,0,0,204,0,3,0.125
mdgo_v11_probe_000413,reference_case_reconstruction,3,1,208,412,0,2,0.25
mdgo_v11_probe_000414,triple_asof_interleaved,3,0,0,204,0,3,0.125
mdgo_v11_probe_000415,suggestion_rejection_pair,2,0,0,204,0,2,0.25
mdgo_v11_probe_000416,triple_asof_interleaved,3,0,0,204,0,3,0.125
mdgo_v11_probe_000417,surface_decoy_pair,2,0,0,204,0,2,0.25
mdgo_v11_probe_000418,reference_case_reconstruction,3,1,140,344,0,2,0.25
mdgo_v11_probe_000419,reference_case_reconstruction,3,1,208,412,0,2,0.25
mdgo_v11_probe_000420,dual_asof_reversal,2,0,0,204,0,2,0.25
mdgo_v11_probe_000421,dual_asof_reversal,2,0,0,204,0,2,0.25
mdgo_v11_probe_000422,provenance_weighted_triple,3,0,0,204,0,3,0.125
mdgo_v11_probe_000423,dual_asof_reversal,2,0,0,204,0,2,0.25
mdgo_v11_probe_000424,surface_decoy_pair,2,0,0,204,0,2,0.25
mdgo_v11_probe_000425,dual_asof_reversal,2,0,0,204,0,2,0.25
mdgo_v11_probe_000426,triple_asof_interleaved,3,0,0,204,0,3,0.125
mdgo_v11_probe_000427,triple_asof_interleaved,3,0,0,204,0,3,0.125
mdgo_v11_probe_000428,suggestion_rejection_pair,2,0,0,204,0,2,0.25
mdgo_v11_probe_000429,surface_decoy_pair,2,0,0,204,0,2,0.25
mdgo_v11_probe_000430,scope_temporal_pair,2,0,0,204,0,2,0.25
mdgo_v11_probe_000431,surface_decoy_pair,2,0,0,204,0,2,0.25
mdgo_v11_probe_000432,surface_decoy_pair,2,0,0,204,0,2,0.25
mdgo_v11_probe_000433,suggestion_rejection_pair,2,0,0,204,0,2,0.25
mdgo_v11_probe_000434,triple_asof_interleaved,3,0,0,204,0,3,0.125
mdgo_v11_probe_000435,surface_decoy_pair,2,0,0,204,0,2,0.25
mdgo_v11_probe_000436,reference_case_reconstruction,3,1,140,344,0,2,0.25
mdgo_v11_probe_000437,reference_case_reconstruction,3,1,208,412,0,2,0.25
mdgo_v11_probe_000438,dual_asof_reversal,2,0,0,204,0,2,0.25
mdgo_v11_probe_000439,triple_asof_interleaved,3,0,0,204,0,3,0.125
mdgo_v11_probe_000440,triple_asof_interleaved,3,0,0,204,0,3,0.125
mdgo_v11_probe_000441,surface_decoy_pair,2,0,0,204,0,2,0.25
mdgo_v11_probe_000442,triple_asof_interleaved,3,0,0,204,0,3,0.125
mdgo_v11_probe_000443,triple_asof_interleaved,3,0,0,204,0,3,0.125
mdgo_v11_probe_000444,surface_decoy_pair,2,0,0,204,0,2,0.25
mdgo_v11_probe_000445,dual_asof_reversal,2,0,0,204,0,2,0.25
mdgo_v11_probe_000446,surface_decoy_pair,2,0,0,204,0,2,0.25
mdgo_v11_probe_000447,provenance_weighted_triple,3,0,0,204,0,3,0.125
mdgo_v11_probe_000448,surface_decoy_pair,2,0,0,204,0,2,0.25
mdgo_v11_probe_000449,dual_asof_reversal,2,0,0,204,0,2,0.25
mdgo_v11_probe_000450,reference_case_reconstruction,3,1,140,344,0,2,0.25
mdgo_v11_probe_000451,dual_asof_reversal,2,0,0,204,0,2,0.25
mdgo_v11_probe_000452,provenance_weighted_triple,3,0,0,204,0,3,0.125
mdgo_v11_probe_000453,surface_decoy_pair,2,0,0,204,0,2,0.25
mdgo_v11_probe_000454,surface_decoy_pair,2,0,0,204,0,2,0.25
mdgo_v11_probe_000455,triple_asof_interleaved,3,0,0,204,0,3,0.125
mdgo_v11_probe_000456,dual_asof_reversal,2,0,0,204,0,2,0.25
mdgo_v11_probe_000457,reference_case_reconstruction,3,1,208,412,0,2,0.25
mdgo_v11_probe_000458,surface_decoy_pair,2,0,0,204,0,2,0.25
mdgo_v11_probe_000459,dual_asof_reversal,2,0,0,204,0,2,0.25
mdgo_v11_probe_000460,dual_asof_reversal,2,0,0,204,0,2,0.25
mdgo_v11_probe_000461,scope_temporal_pair,2,0,0,204,0,2,0.25
mdgo_v11_probe_000462,triple_asof_interleaved,3,0,0,204,0,3,0.125
mdgo_v11_probe_000463,reference_case_reconstruction,3,1,208,412,0,2,0.25
mdgo_v11_probe_000464,suggestion_rejection_pair,2,0,0,204,0,2,0.25
mdgo_v11_probe_000465,suggestion_rejection_pair,2,0,0,204,0,2,0.25
mdgo_v11_probe_000466,surface_decoy_pair,2,0,0,204,0,2,0.25
mdgo_v11_probe_000467,triple_asof_interleaved,3,0,0,204,0,3,0.125
mdgo_v11_probe_000468,surface_decoy_pair,2,0,0,204,0,2,0.25
mdgo_v11_probe_000469,triple_asof_interleaved,3,0,0,204,0,3,0.125
mdgo_v11_probe_000470,reference_case_reconstruction,3,1,140,344,0,2,0.25
mdgo_v11_probe_000471,dual_asof_reversal,2,0,0,204,0,2,0.25
mdgo_v11_probe_000472,reference_case_reconstruction,3,1,140,344,0,2,0.25
mdgo_v11_probe_000473,suggestion_rejection_pair,2,0,0,204,0,2,0.25
mdgo_v11_probe_000474,suggestion_rejection_pair,2,0,0,204,0,2,0.25
mdgo_v11_probe_000475,dual_asof_reversal,2,0,0,204,0,2,0.25
mdgo_v11_probe_000476,surface_decoy_pair,2,0,0,204,0,2,0.25
mdgo_v11_probe_000477,reference_case_reconstruction,3,1,208,412,0,2,0.25
mdgo_v11_probe_000478,reference_case_reconstruction,3,1,140,344,0,2,0.25
mdgo_v11_probe_000479,dual_asof_reversal,2,0,0,204,0,2,0.25
mdgo_v11_probe_000480,reference_case_reconstruction,3,1,140,344,0,2,0.25
mdgo_v11_probe_000481,surface_decoy_pair,2,0,0,204,0,2,0.25
mdgo_v11_probe_000482,triple_asof_interleaved,3,0,0,204,0,3,0.125
mdgo_v11_probe_000483,scope_temporal_pair,2,0,0,204,0,2,0.25
mdgo_v11_probe_000484,reference_case_reconstruction,3,1,140,344,0,2,0.25
mdgo_v11_probe_000485,surface_decoy_pair,2,0,0,204,0,2,0.25
mdgo_v11_probe_000486,surface_decoy_pair,2,0,0,204,0,2,0.25
mdgo_v11_probe_000487,triple_asof_interleaved,3,0,0,204,0,3,0.125
mdgo_v11_probe_000488,triple_asof_interleaved,3,0,0,204,0,3,0.125
mdgo_v11_probe_000489,surface_decoy_pair,2,0,0,204,0,2,0.25
mdgo_v11_probe_000490,dual_asof_reversal,2,0,0,204,0,2,0.25
mdgo_v11_probe_000491,dual_asof_reversal,2,0,0,204,0,2,0.25
mdgo_v11_probe_000492,suggestion_rejection_pair,2,0,0,204,0,2,0.25
mdgo_v11_probe_000493,dual_asof_reversal,2,0,0,204,0,2,0.25
mdgo_v11_probe_000494,reference_case_reconstruction,3,1,140,344,0,2,0.25
mdgo_v11_probe_000495,suggestion_rejection_pair,2,0,0,204,0,2,0.25
mdgo_v11_probe_000496,reference_case_reconstruction,3,1,140,344,0,2,0.25
mdgo_v11_probe_000497,triple_asof_interleaved,3,0,0,204,0,3,0.125
mdgo_v11_probe_000498,surface_decoy_pair,2,0,0,204,0,2,0.25
mdgo_v11_probe_000499,surface_decoy_pair,2,0,0,204,0,2,0.25
mdgo_v11_probe_000500,dual_asof_reversal,2,0,0,204,0,2,0.25
mdgo_v11_probe_000501,suggestion_rejection_pair,2,0,0,204,0,2,0.25
mdgo_v11_probe_000502,dual_asof_reversal,2,0,0,204,0,2,0.25
mdgo_v11_probe_000503,surface_decoy_pair,2,0,0,204,0,2,0.25
mdgo_v11_probe_000504,reference_case_reconstruction,3,1,140,344,0,2,0.25
mdgo_v11_probe_000505,triple_asof_interleaved,3,0,0,204,0,3,0.125
mdgo_v11_probe_000506,dual_asof_reversal,2,0,0,204,0,2,0.25
mdgo_v11_probe_000507,surface_decoy_pair,2,0,0,204,0,2,0.25
mdgo_v11_probe_000508,provenance_weighted_triple,3,0,0,204,0,3,0.125
mdgo_v11_probe_000509,reference_case_reconstruction,3,1,208,412,0,2,0.25
mdgo_v11_probe_000510,reference_case_reconstruction,3,1,140,344,0,2,0.25
mdgo_v11_probe_000511,suggestion_rejection_pair,2,0,0,204,0,2,0.25
mdgo_v11_probe_000512,suggestion_rejection_pair,2,0,0,204,0,2,0.25
mdgo_v11_probe_000513,surface_decoy_pair,2,0,0,204,0,2,0.25
mdgo_v11_probe_000514,dual_asof_reversal,2,0,0,204,0,2,0.25
mdgo_v11_probe_000515,surface_decoy_pair,2,0,0,204,0,2,0.25
mdgo_v11_probe_000516,triple_asof_interleaved,3,0,0,204,0,3,0.125
mdgo_v11_probe_000517,triple_asof_interleaved,3,0,0,204,0,3,0.125
mdgo_v11_probe_000518,surface_decoy_pair,2,0,0,204,0,2,0.25
mdgo_v11_probe_000519,triple_asof_interleaved,3,0,0,204,0,3,0.125
mdgo_v11_probe_000520,provenance_weighted_triple,3,0,0,204,0,3,0.125
mdgo_v11_probe_000521,reference_case_reconstruction,3,1,208,412,0,2,0.25
mdgo_v11_probe_000522,dual_asof_reversal,2,0,0,204,0,2,0.25
mdgo_v11_probe_000523,reference_case_reconstruction,3,1,208,412,0,2,0.25
mdgo_v11_probe_000524,scope_temporal_pair,2,0,0,204,0,2,0.25
mdgo_v11_probe_000525,triple_asof_interleaved,3,0,0,204,0,3,0.125
mdgo_v11_probe_000526,surface_decoy_pair,2,0,0,204,0,2,0.25
mdgo_v11_probe_000527,triple_asof_interleaved,3,0,0,204,0,3,0.125
mdgo_v11_probe_000528,dual_asof_reversal,2,0,0,204,0,2,0.25
mdgo_v11_probe_000529,triple_asof_interleaved,3,0,0,204,0,3,0.125
mdgo_v11_probe_000530,surface_decoy_pair,2,0,0,204,0,2,0.25
mdgo_v11_probe_000531,dual_asof_reversal,2,0,0,204,0,2,0.25
mdgo_v11_probe_000532,triple_asof_interleaved,3,0,0,204,0,3,0.125
mdgo_v11_probe_000533,triple_asof_interleaved,3,0,0,204,0,3,0.125
mdgo_v11_probe_000534,reference_case_reconstruction,3,1,140,344,0,2,0.25
mdgo_v11_probe_000535,suggestion_rejection_pair,2,0,0,204,0,2,0.25
mdgo_v11_probe_000536,triple_asof_interleaved,3,0,0,204,0,3,0.125
mdgo_v11_probe_000537,reference_case_reconstruction,3,1,208,412,0,2,0.25
mdgo_v11_probe_000538,scope_temporal_pair,2,0,0,204,0,2,0.25
mdgo_v11_probe_000539,reference_case_reconstruction,3,1,208,412,0,2,0.25
mdgo_v11_probe_000540,reference_case_reconstruction,3,1,140,344,0,2,0.25
mdgo_v11_probe_000541,triple_asof_interleaved,3,0,0,204,0,3,0.125
mdgo_v11_probe_000542,reference_case_reconstruction,3,1,140,344,0,2,0.25
mdgo_v11_probe_000543,dual_asof_reversal,2,0,0,204,0,2,0.25
mdgo_v11_probe_000544,reference_case_reconstruction,3,1,140,344,0,2,0.25
mdgo_v11_probe_000545,scope_temporal_pair,2,0,0,204,0,2,0.25
mdgo_v11_probe_000546,dual_asof_reversal,2,0,0,204,0,2,0.25
mdgo_v11_probe_000547,triple_asof_interleaved,3,0,0,204,0,3,0.125
mdgo_v11_probe_000548,dual_asof_reversal,2,0,0,204,0,2,0.25
mdgo_v11_probe_000549,triple_asof_interleaved,3,0,0,204,0,3,0.125
mdgo_v11_probe_000550,dual_asof_reversal,2,0,0,204,0,2,0.25
mdgo_v11_probe_000551,surface_decoy_pair,2,0,0,204,0,2,0.25
mdgo_v11_probe_000552,dual_asof_reversal,2,0,0,204,0,2,0.25
mdgo_v11_probe_000553,triple_asof_interleaved,3,0,0,204,0,3,0.125
mdgo_v11_probe_000554,surface_decoy_pair,2,0,0,204,0,2,0.25
mdgo_v11_probe_000555,surface_decoy_pair,2,0,0,204,0,2,0.25
mdgo_v11_probe_000556,triple_asof_interleaved,3,0,0,204,0,3,0.125
mdgo_v11_probe_000557,surface_decoy_pair,2,0,0,204,0,2,0.25
mdgo_v11_probe_000558,triple_asof_interleaved,3,0,0,204,0,3,0.125
mdgo_v11_probe_000559,provenance_weighted_triple,3,0,0,204,0,3,0.125
mdgo_v11_probe_000560,triple_asof_interleaved,3,0,0,204,0,3,0.125
mdgo_v11_probe_000561,dual_asof_reversal,2,0,0,204,0,2,0.25
mdgo_v11_probe_000562,reference_case_reconstruction,3,1,140,344,0,2,0.25
mdgo_v11_probe_000563,suggestion_rejection_pair,2,0,0,204,0,2,0.25
mdgo_v11_probe_000564,scope_temporal_pair,2,0,0,204,0,2,0.25
mdgo_v11_probe_000565,scope_temporal_pair,2,0,0,204,0,2,0.25
mdgo_v11_probe_000566,triple_asof_interleaved,3,0,0,204,0,3,0.125
mdgo_v11_probe_000567,surface_decoy_pair,2,0,0,204,0,2,0.25
mdgo_v11_probe_000568,triple_asof_interleaved,3,0,0,204,0,3,0.125
mdgo_v11_probe_000569,triple_asof_interleaved,3,0,0,204,0,3,0.125
mdgo_v11_probe_000570,provenance_weighted_triple,3,0,0,204,0,3,0.125
mdgo_v11_probe_000571,reference_case_reconstruction,3,1,208,412,0,2,0.25
mdgo_v11_probe_000572,triple_asof_interleaved,3,0,0,204,0,3,0.125
mdgo_v11_probe_000573,dual_asof_reversal,2,0,0,204,0,2,0.25
mdgo_v11_probe_000574,surface_decoy_pair,2,0,0,204,0,2,0.25
mdgo_v11_probe_000575,surface_decoy_pair,2,0,0,204,0,2,0.25
mdgo_v11_probe_000576,provenance_weighted_triple,3,0,0,204,0,3,0.125
mdgo_v11_probe_000577,triple_asof_interleaved,3,0,0,204,0,3,0.125
mdgo_v11_probe_000578,surface_decoy_pair,2,0,0,204,0,2,0.25
mdgo_v11_probe_000579,surface_decoy_pair,2,0,0,204,0,2,0.25
mdgo_v11_probe_000580,reference_case_reconstruction,3,1,140,344,0,2,0.25
mdgo_v11_probe_000581,surface_decoy_pair,2,0,0,204,0,2,0.25
mdgo_v11_probe_000582,triple_asof_interleaved,3,0,0,204,0,3,0.125
mdgo_v11_probe_000583,triple_asof_interleaved,3,0,0,204,0,3,0.125
mdgo_v11_probe_000584,suggestion_rejection_pair,2,0,0,204,0,2,0.25
mdgo_v11_probe_000585,provenance_weighted_triple,3,0,0,204,0,3,0.125
mdgo_v11_probe_000586,triple_asof_interleaved,3,0,0,204,0,3,0.125
mdgo_v11_probe_000587,dual_asof_reversal,2,0,0,204,0,2,0.25
mdgo_v11_probe_000588,surface_decoy_pair,2,0,0,204,0,2,0.25
mdgo_v11_probe_000589,surface_decoy_pair,2,0,0,204,0,2,0.25
mdgo_v11_probe_000590,surface_decoy_pair,2,0,0,204,0,2,0.25
mdgo_v11_probe_000591,suggestion_rejection_pair,2,0,0,204,0,2,0.25
mdgo_v11_probe_000592,triple_asof_interleaved,3,0,0,204,0,3,0.125
mdgo_v11_probe_000593,surface_decoy_pair,2,0,0,204,0,2,0.25
mdgo_v11_probe_000594,triple_asof_interleaved,3,0,0,204,0,3,0.125
mdgo_v11_probe_000595,suggestion_rejection_pair,2,0,0,204,0,2,0.25
mdgo_v11_probe_000596,triple_asof_interleaved,3,0,0,204,0,3,0.125
mdgo_v11_probe_000597,reference_case_reconstruction,3,1,208,412,0,2,0.25
mdgo_v11_probe_000598,triple_asof_interleaved,3,0,0,204,0,3,0.125
mdgo_v11_probe_000599,suggestion_rejection_pair,2,0,0,204,0,2,0.25
mdgo_v11_probe_000600,reference_case_reconstruction,3,1,140,344,0,2,0.25
mdgo_v11_probe_000601,triple_asof_interleaved,3,0,0,204,0,3,0.125
mdgo_v11_probe_000602,reference_case_reconstruction,3,1,140,344,0,2,0.25
mdgo_v11_probe_000603,surface_decoy_pair,2,0,0,204,0,2,0.25
mdgo_v11_probe_000604,dual_asof_reversal,2,0,0,204,0,2,0.25
mdgo_v11_probe_000605,surface_decoy_pair,2,0,0,204,0,2,0.25
mdgo_v11_probe_000606,reference_case_reconstruction,3,1,140,344,0,2,0.25
mdgo_v11_probe_000607,surface_decoy_pair,2,0,0,204,0,2,0.25
mdgo_v11_probe_000608,reference_case_reconstruction,3,1,140,344,0,2,0.25
mdgo_v11_probe_000609,surface_decoy_pair,2,0,0,204,0,2,0.25
mdgo_v11_probe_000610,surface_decoy_pair,2,0,0,204,0,2,0.25
mdgo_v11_probe_000611,surface_decoy_pair,2,0,0,204,0,2,0.25
mdgo_v11_probe_000612,triple_asof_interleaved,3,0,0,204,0,3,0.125
mdgo_v11_probe_000613,surface_decoy_pair,2,0,0,204,0,2,0.25
mdgo_v11_probe_000614,dual_asof_reversal,2,0,0,204,0,2,0.25
mdgo_v11_probe_000615,triple_asof_interleaved,3,0,0,204,0,3,0.125
mdgo_v11_probe_000616,scope_temporal_pair,2,0,0,204,0,2,0.25
mdgo_v11_probe_000617,dual_asof_reversal,2,0,0,204,0,2,0.25
mdgo_v11_probe_000618,surface_decoy_pair,2,0,0,204,0,2,0.25
mdgo_v11_probe_000619,triple_asof_interleaved,3,0,0,204,0,3,0.125
mdgo_v11_probe_000620,suggestion_rejection_pair,2,0,0,204,0,2,0.25
mdgo_v11_probe_000621,provenance_weighted_triple,3,0,0,204,0,3,0.125
mdgo_v11_probe_000622,surface_decoy_pair,2,0,0,204,0,2,0.25
mdgo_v11_probe_000623,surface_decoy_pair,2,0,0,204,0,2,0.25
mdgo_v11_probe_000624,provenance_weighted_triple,3,0,0,204,0,3,0.125
mdgo_v11_probe_000625,reference_case_reconstruction,3,1,208,412,0,2,0.25
mdgo_v11_probe_000626,triple_asof_interleaved,3,0,0,204,0,3,0.125
mdgo_v11_probe_000627,suggestion_rejection_pair,2,0,0,204,0,2,0.25
mdgo_v11_probe_000628,dual_asof_reversal,2,0,0,204,0,2,0.25
mdgo_v11_probe_000629,surface_decoy_pair,2,0,0,204,0,2,0.25
mdgo_v11_probe_000630,surface_decoy_pair,2,0,0,204,0,2,0.25
mdgo_v11_probe_000631,triple_asof_interleaved,3,0,0,204,0,3,0.125
mdgo_v11_probe_000632,dual_asof_reversal,2,0,0,204,0,2,0.25
mdgo_v11_probe_000633,triple_asof_interleaved,3,0,0,204,0,3,0.125
mdgo_v11_probe_000634,triple_asof_interleaved,3,0,0,204,0,3,0.125
mdgo_v11_probe_000635,suggestion_rejection_pair,2,0,0,204,0,2,0.25
mdgo_v11_probe_000636,dual_asof_reversal,2,0,0,204,0,2,0.25
mdgo_v11_probe_000637,triple_asof_interleaved,3,0,0,204,0,3,0.125
mdgo_v11_probe_000638,triple_asof_interleaved,3,0,0,204,0,3,0.125
mdgo_v11_probe_000639,surface_decoy_pair,2,0,0,204,0,2,0.25
mdgo_v11_probe_000640,triple_asof_interleaved,3,0,0,204,0,3,0.125
mdgo_v11_probe_000641,reference_case_reconstruction,3,1,208,412,0,2,0.25
mdgo_v11_probe_000642,reference_case_reconstruction,3,1,140,344,0,2,0.25
mdgo_v11_probe_000643,triple_asof_interleaved,3,0,0,204,0,3,0.125
mdgo_v11_probe_000644,dual_asof_reversal,2,0,0,204,0,2,0.25
mdgo_v11_probe_000645,surface_decoy_pair,2,0,0,204,0,2,0.25
mdgo_v11_probe_000646,triple_asof_interleaved,3,0,0,204,0,3,0.125
mdgo_v11_probe_000647,triple_asof_interleaved,3,0,0,204,0,3,0.125
mdgo_v11_probe_000648,reference_case_reconstruction,3,1,140,344,0,2,0.25
mdgo_v11_probe_000649,triple_asof_interleaved,3,0,0,204,0,3,0.125
mdgo_v11_probe_000650,triple_asof_interleaved,3,0,0,204,0,3,0.125
mdgo_v11_probe_000651,suggestion_rejection_pair,2,0,0,204,0,2,0.25
mdgo_v11_probe_000652,triple_asof_interleaved,3,0,0,204,0,3,0.125
mdgo_v11_probe_000653,reference_case_reconstruction,3,1,208,412,0,2,0.25
mdgo_v11_probe_000654,dual_asof_reversal,2,0,0,204,0,2,0.25
mdgo_v11_probe_000655,suggestion_rejection_pair,2,0,0,204,0,2,0.25
mdgo_v11_probe_000656,dual_asof_reversal,2,0,0,204,0,2,0.25
mdgo_v11_probe_000657,reference_case_reconstruction,3,1,208,412,0,2,0.25
mdgo_v11_probe_000658,triple_asof_interleaved,3,0,0,204,0,3,0.125
mdgo_v11_probe_000659,scope_temporal_pair,2,0,0,204,0,2,0.25
mdgo_v11_probe_000660,dual_asof_reversal,2,0,0,204,0,2,0.25
mdgo_v11_probe_000661,surface_decoy_pair,2,0,0,204,0,2,0.25
mdgo_v11_probe_000662,dual_asof_reversal,2,0,0,204,0,2,0.25
mdgo_v11_probe_000663,reference_case_reconstruction,3,1,208,412,0,2,0.25
mdgo_v11_probe_000664,dual_asof_reversal,2,0,0,204,0,2,0.25
mdgo_v11_probe_000665,triple_asof_interleaved,3,0,0,204,0,3,0.125
mdgo_v11_probe_000666,surface_decoy_pair,2,0,0,204,0,2,0.25
mdgo_v11_probe_000667,suggestion_rejection_pair,2,0,0,204,0,2,0.25
mdgo_v11_probe_000668,triple_asof_interleaved,3,0,0,204,0,3,0.125
mdgo_v11_probe_000669,triple_asof_interleaved,3,0,0,204,0,3,0.125
mdgo_v11_probe_000670,dual_asof_reversal,2,0,0,204,0,2,0.25
mdgo_v11_probe_000671,provenance_weighted_triple,3,0,0,204,0,3,0.125
mdgo_v11_probe_000672,surface_decoy_pair,2,0,0,204,0,2,0.25
mdgo_v11_probe_000673,suggestion_rejection_pair,2,0,0,204,0,2,0.25
mdgo_v11_probe_000674,reference_case_reconstruction,3,1,140,344,0,2,0.25
mdgo_v11_probe_000675,triple_asof_interleaved,3,0,0,204,0,3,0.125
mdgo_v11_probe_000676,provenance_weighted_triple,3,0,0,204,0,3,0.125
mdgo_v11_probe_000677,reference_case_reconstruction,3,1,208,412,0,2,0.25
mdgo_v11_probe_000678,triple_asof_interleaved,3,0,0,204,0,3,0.125
mdgo_v11_probe_000679,suggestion_rejection_pair,2,0,0,204,0,2,0.25
mdgo_v11_probe_000680,surface_decoy_pair,2,0,0,204,0,2,0.25
mdgo_v11_probe_000681,dual_asof_reversal,2,0,0,204,0,2,0.25
mdgo_v11_probe_000682,reference_case_reconstruction,3,1,140,344,0,2,0.25
mdgo_v11_probe_000683,suggestion_rejection_pair,2,0,0,204,0,2,0.25
mdgo_v11_probe_000684,suggestion_rejection_pair,2,0,0,204,0,2,0.25
mdgo_v11_probe_000685,surface_decoy_pair,2,0,0,204,0,2,0.25
mdgo_v11_probe_000686,suggestion_rejection_pair,2,0,0,204,0,2,0.25
mdgo_v11_probe_000687,triple_asof_interleaved,3,0,0,204,0,3,0.125
mdgo_v11_probe_000688,triple_asof_interleaved,3,0,0,204,0,3,0.125
mdgo_v11_probe_000689,dual_asof_reversal,2,0,0,204,0,2,0.25
mdgo_v11_probe_000690,triple_asof_interleaved,3,0,0,204,0,3,0.125
mdgo_v11_probe_000691,dual_asof_reversal,2,0,0,204,0,2,0.25
mdgo_v11_probe_000692,surface_decoy_pair,2,0,0,204,0,2,0.25
mdgo_v11_probe_000693,scope_temporal_pair,2,0,0,204,0,2,0.25
mdgo_v11_probe_000694,triple_asof_interleaved,3,0,0,204,0,3,0.125
mdgo_v11_probe_000695,scope_temporal_pair,2,0,0,204,0,2,0.25
mdgo_v11_probe_000696,dual_asof_reversal,2,0,0,204,0,2,0.25
mdgo_v11_probe_000697,surface_decoy_pair,2,0,0,204,0,2,0.25
mdgo_v11_probe_000698,surface_decoy_pair,2,0,0,204,0,2,0.25
mdgo_v11_probe_000699,reference_case_reconstruction,3,1,208,412,0,2,0.25
mdgo_v11_probe_000700,suggestion_rejection_pair,2,0,0,204,0,2,0.25
mdgo_v11_probe_000701,triple_asof_interleaved,3,0,0,204,0,3,0.125
mdgo_v11_probe_000702,surface_decoy_pair,2,0,0,204,0,2,0.25
mdgo_v11_probe_000703,dual_asof_reversal,2,0,0,204,0,2,0.25
mdgo_v11_probe_000704,dual_asof_reversal,2,0,0,204,0,2,0.25
mdgo_v11_probe_000705,dual_asof_reversal,2,0,0,204,0,2,0.25
mdgo_v11_probe_000706,reference_case_reconstruction,3,1,140,344,0,2,0.25
mdgo_v11_probe_000707,dual_asof_reversal,2,0,0,204,0,2,0.25
mdgo_v11_probe_000708,suggestion_rejection_pair,2,0,0,204,0,2,0.25
mdgo_v11_probe_000709,reference_case_reconstruction,3,1,208,412,0,2,0.25
mdgo_v11_probe_000710,reference_case_reconstruction,3,1,140,344,0,2,0.25
mdgo_v11_probe_000711,reference_case_reconstruction,3,1,208,412,0,2,0.25
mdgo_v11_probe_000712,surface_decoy_pair,2,0,0,204,0,2,0.25
mdgo_v11_probe_000713,surface_decoy_pair,2,0,0,204,0,2,0.25
mdgo_v11_probe_000714,dual_asof_reversal,2,0,0,204,0,2,0.25
mdgo_v11_probe_000715,triple_asof_interleaved,3,0,0,204,0,3,0.125
mdgo_v11_probe_000716,dual_asof_reversal,2,0,0,204,0,2,0.25
mdgo_v11_probe_000717,surface_decoy_pair,2,0,0,204,0,2,0.25
mdgo_v11_probe_000718,suggestion_rejection_pair,2,0,0,204,0,2,0.25
mdgo_v11_probe_000719,triple_asof_interleaved,3,0,0,204,0,3,0.125
mdgo_v11_probe_000720,suggestion_rejection_pair,2,0,0,204,0,2,0.25
mdgo_v11_probe_000721,triple_asof_interleaved,3,0,0,204,0,3,0.125
mdgo_v11_probe_000722,reference_case_reconstruction,3,1,140,344,0,2,0.25
mdgo_v11_probe_000723,suggestion_rejection_pair,2,0,0,204,0,2,0.25
mdgo_v11_probe_000724,surface_decoy_pair,2,0,0,204,0,2,0.25
mdgo_v11_probe_000725,reference_case_reconstruction,3,1,208,412,0,2,0.25
mdgo_v11_probe_000726,surface_decoy_pair,2,0,0,204,0,2,0.25
mdgo_v11_probe_000727,triple_asof_interleaved,3,0,0,204,0,3,0.125
mdgo_v11_probe_000728,dual_asof_reversal,2,0,0,204,0,2,0.25
mdgo_v11_probe_000729,reference_case_reconstruction,3,1,208,412,0,2,0.25
mdgo_v11_probe_000730,reference_case_reconstruction,3,1,140,344,0,2,0.25
mdgo_v11_probe_000731,surface_decoy_pair,2,0,0,204,0,2,0.25
mdgo_v11_probe_000732,triple_asof_interleaved,3,0,0,204,0,3,0.125
mdgo_v11_probe_000733,provenance_weighted_triple,3,0,0,204,0,3,0.125
mdgo_v11_probe_000734,triple_asof_interleaved,3,0,0,204,0,3,0.125
mdgo_v11_probe_000735,dual_asof_reversal,2,0,0,204,0,2,0.25
mdgo_v11_probe_000736,scope_temporal_pair,2,0,0,204,0,2,0.25
mdgo_v11_probe_000737,surface_decoy_pair,2,0,0,204,0,2,0.25
mdgo_v11_probe_000738,dual_asof_reversal,2,0,0,204,0,2,0.25
mdgo_v11_probe_000739,reference_case_reconstruction,3,1,208,412,0,2,0.25
mdgo_v11_probe_000740,surface_decoy_pair,2,0,0,204,0,2,0.25
mdgo_v11_probe_000741,surface_decoy_pair,2,0,0,204,0,2,0.25
mdgo_v11_probe_000742,triple_asof_interleaved,3,0,0,204,0,3,0.125
mdgo_v11_probe_000743,suggestion_rejection_pair,2,0,0,204,0,2,0.25
mdgo_v11_probe_000744,scope_temporal_pair,2,0,0,204,0,2,0.25
mdgo_v11_probe_000745,dual_asof_reversal,2,0,0,204,0,2,0.25
mdgo_v11_probe_000746,scope_temporal_pair,2,0,0,204,0,2,0.25
mdgo_v11_probe_000747,triple_asof_interleaved,3,0,0,204,0,3,0.125
mdgo_v11_probe_000748,surface_decoy_pair,2,0,0,204,0,2,0.25
mdgo_v11_probe_000749,triple_asof_interleaved,3,0,0,204,0,3,0.125
mdgo_v11_probe_000750,surface_decoy_pair,2,0,0,204,0,2,0.25
mdgo_v11_probe_000751,suggestion_rejection_pair,2,0,0,204,0,2,0.25
mdgo_v11_probe_000752,suggestion_rejection_pair,2,0,0,204,0,2,0.25
mdgo_v11_probe_000753,suggestion_rejection_pair,2,0,0,204,0,2,0.25
mdgo_v11_probe_000754,surface_decoy_pair,2,0,0,204,0,2,0.25
mdgo_v11_probe_000755,triple_asof_interleaved,3,0,0,204,0,3,0.125
mdgo_v11_probe_000756,reference_case_reconstruction,3,1,140,344,0,2,0.25
mdgo_v11_probe_000757,scope_temporal_pair,2,0,0,204,0,2,0.25
mdgo_v11_probe_000758,reference_case_reconstruction,3,1,140,344,0,2,0.25
mdgo_v11_probe_000759,reference_case_reconstruction,3,1,208,412,0,2,0.25
mdgo_v11_probe_000760,reference_case_reconstruction,3,1,140,344,0,2,0.25
mdgo_v11_probe_000761,provenance_weighted_triple,3,0,0,204,0,3,0.125
mdgo_v11_probe_000762,dual_asof_reversal,2,0,0,204,0,2,0.25
mdgo_v11_probe_000763,dual_asof_reversal,2,0,0,204,0,2,0.25
mdgo_v11_probe_000764,surface_decoy_pair,2,0,0,204,0,2,0.25
mdgo_v11_probe_000765,suggestion_rejection_pair,2,0,0,204,0,2,0.25
mdgo_v11_probe_000766,reference_case_reconstruction,3,1,140,344,0,2,0.25
mdgo_v11_probe_000767,reference_case_reconstruction,3,1,208,412,0,2,0.25
mdgo_v11_probe_000768,dual_asof_reversal,2,0,0,204,0,2,0.25
mdgo_v11_probe_000769,triple_asof_interleaved,3,0,0,204,0,3,0.125
mdgo_v11_probe_000770,surface_decoy_pair,2,0,0,204,0,2,0.25
mdgo_v11_probe_000771,surface_decoy_pair,2,0,0,204,0,2,0.25
mdgo_v11_probe_000772,reference_case_reconstruction,3,1,140,344,0,2,0.25
mdgo_v11_probe_000773,triple_asof_interleaved,3,0,0,204,0,3,0.125
mdgo_v11_probe_000774,dual_asof_reversal,2,0,0,204,0,2,0.25
mdgo_v11_probe_000775,triple_asof_interleaved,3,0,0,204,0,3,0.125
mdgo_v11_probe_000776,suggestion_rejection_pair,2,0,0,204,0,2,0.25
mdgo_v11_probe_000777,provenance_weighted_triple,3,0,0,204,0,3,0.125
mdgo_v11_probe_000778,provenance_weighted_triple,3,0,0,204,0,3,0.125
mdgo_v11_probe_000779,reference_case_reconstruction,3,1,208,412,0,2,0.25
mdgo_v11_probe_000780,dual_asof_reversal,2,0,0,204,0,2,0.25
mdgo_v11_probe_000781,provenance_weighted_triple,3,0,0,204,0,3,0.125
mdgo_v11_probe_000782,reference_case_reconstruction,3,1,140,344,0,2,0.25
mdgo_v11_probe_000783,suggestion_rejection_pair,2,0,0,204,0,2,0.25
mdgo_v11_probe_000784,reference_case_reconstruction,3,1,140,344,0,2,0.25
mdgo_v11_probe_000785,surface_decoy_pair,2,0,0,204,0,2,0.25
mdgo_v11_probe_000786,surface_decoy_pair,2,0,0,204,0,2,0.25
mdgo_v11_probe_000787,dual_asof_reversal,2,0,0,204,0,2,0.25
mdgo_v11_probe_000788,triple_asof_interleaved,3,0,0,204,0,3,0.125
mdgo_v11_probe_000789,scope_temporal_pair,2,0,0,204,0,2,0.25
mdgo_v11_probe_000790,provenance_weighted_triple,3,0,0,204,0,3,0.125
mdgo_v11_probe_000791,reference_case_reconstruction,3,1,208,412,0,2,0.25
mdgo_v11_probe_000792,triple_asof_interleaved,3,0,0,204,0,3,0.125
mdgo_v11_probe_000793,triple_asof_interleaved,3,0,0,204,0,3,0.125
mdgo_v11_probe_000794,suggestion_rejection_pair,2,0,0,204,0,2,0.25
mdgo_v11_probe_000795,dual_asof_reversal,2,0,0,204,0,2,0.25
mdgo_v11_probe_000796,reference_case_reconstruction,3,1,140,344,0,2,0.25
mdgo_v11_probe_000797,dual_asof_reversal,2,0,0,204,0,2,0.25
mdgo_v11_probe_000798,surface_decoy_pair,2,0,0,204,0,2,0.25
mdgo_v11_probe_000799,reference_case_reconstruction,3,1,208,412,0,2,0.25
mdgo_v11_probe_000800,surface_decoy_pair,2,0,0,204,0,2,0.25
mdgo_v11_probe_000801,reference_case_reconstruction,3,1,208,412,0,2,0.25
mdgo_v11_probe_000802,reference_case_reconstruction,3,1,140,344,0,2,0.25
mdgo_v11_probe_000803,reference_case_reconstruction,3,1,208,412,0,2,0.25
mdgo_v11_probe_000804,reference_case_reconstruction,3,1,140,344,0,2,0.25
mdgo_v11_probe_000805,triple_asof_interleaved,3,0,0,204,0,3,0.125
mdgo_v11_probe_000806,surface_decoy_pair,2,0,0,204,0,2,0.25
mdgo_v11_probe_000807,triple_asof_interleaved,3,0,0,204,0,3,0.125
mdgo_v11_probe_000808,triple_asof_interleaved,3,0,0,204,0,3,0.125
mdgo_v11_probe_000809,triple_asof_interleaved,3,0,0,204,0,3,0.125
mdgo_v11_probe_000810,triple_asof_interleaved,3,0,0,204,0,3,0.125
mdgo_v11_probe_000811,reference_case_reconstruction,3,1,208,412,0,2,0.25
mdgo_v11_probe_000812,suggestion_rejection_pair,2,0,0,204,0,2,0.25
mdgo_v11_probe_000813,provenance_weighted_triple,3,0,0,204,0,3,0.125
mdgo_v11_probe_000814,surface_decoy_pair,2,0,0,204,0,2,0.25
mdgo_v11_probe_000815,suggestion_rejection_pair,2,0,0,204,0,2,0.25
mdgo_v11_probe_000816,provenance_weighted_triple,3,0,0,204,0,3,0.125
mdgo_v11_probe_000817,dual_asof_reversal,2,0,0,204,0,2,0.25
mdgo_v11_probe_000818,suggestion_rejection_pair,2,0,0,204,0,2,0.25
mdgo_v11_probe_000819,suggestion_rejection_pair,2,0,0,204,0,2,0.25
mdgo_v11_probe_000820,triple_asof_interleaved,3,0,0,204,0,3,0.125
mdgo_v11_probe_000821,reference_case_reconstruction,3,1,208,412,0,2,0.25
mdgo_v11_probe_000822,reference_case_reconstruction,3,1,140,344,0,2,0.25
mdgo_v11_probe_000823,reference_case_reconstruction,3,1,208,412,0,2,0.25
mdgo_v11_probe_000824,triple_asof_interleaved,3,0,0,204,0,3,0.125
mdgo_v11_probe_000825,dual_asof_reversal,2,0,0,204,0,2,0.25
mdgo_v11_probe_000826,dual_asof_reversal,2,0,0,204,0,2,0.25
mdgo_v11_probe_000827,surface_decoy_pair,2,0,0,204,0,2,0.25
mdgo_v11_probe_000828,reference_case_reconstruction,3,1,140,344,0,2,0.25
mdgo_v11_probe_000829,suggestion_rejection_pair,2,0,0,204,0,2,0.25
mdgo_v11_probe_000830,surface_decoy_pair,2,0,0,204,0,2,0.25
mdgo_v11_probe_000831,triple_asof_interleaved,3,0,0,204,0,3,0.125
mdgo_v11_probe_000832,dual_asof_reversal,2,0,0,204,0,2,0.25
mdgo_v11_probe_000833,surface_decoy_pair,2,0,0,204,0,2,0.25
mdgo_v11_probe_000834,triple_asof_interleaved,3,0,0,204,0,3,0.125
mdgo_v11_probe_000835,surface_decoy_pair,2,0,0,204,0,2,0.25
mdgo_v11_probe_000836,scope_temporal_pair,2,0,0,204,0,2,0.25
mdgo_v11_probe_000837,dual_asof_reversal,2,0,0,204,0,2,0.25
mdgo_v11_probe_000838,surface_decoy_pair,2,0,0,204,0,2,0.25
mdgo_v11_probe_000839,reference_case_reconstruction,3,1,208,412,0,2,0.25
mdgo_v11_probe_000840,triple_asof_interleaved,3,0,0,204,0,3,0.125
mdgo_v11_probe_000841,reference_case_reconstruction,3,1,208,412,0,2,0.25
mdgo_v11_probe_000842,dual_asof_reversal,2,0,0,204,0,2,0.25
mdgo_v11_probe_000843,triple_asof_interleaved,3,0,0,204,0,3,0.125
mdgo_v11_probe_000844,provenance_weighted_triple,3,0,0,204,0,3,0.125
mdgo_v11_probe_000845,triple_asof_interleaved,3,0,0,204,0,3,0.125
mdgo_v11_probe_000846,reference_case_reconstruction,3,1,140,344,0,2,0.25
mdgo_v11_probe_000847,dual_asof_reversal,2,0,0,204,0,2,0.25
mdgo_v11_probe_000848,reference_case_reconstruction,3,1,140,344,0,2,0.25
mdgo_v11_probe_000849,surface_decoy_pair,2,0,0,204,0,2,0.25
mdgo_v11_probe_000850,triple_asof_interleaved,3,0,0,204,0,3,0.125
mdgo_v11_probe_000851,triple_asof_interleaved,3,0,0,204,0,3,0.125
mdgo_v11_probe_000852,suggestion_rejection_pair,2,0,0,204,0,2,0.25
mdgo_v11_probe_000853,surface_decoy_pair,2,0,0,204,0,2,0.25
mdgo_v11_probe_000854,surface_decoy_pair,2,0,0,204,0,2,0.25
mdgo_v11_probe_000855,triple_asof_interleaved,3,0,0,204,0,3,0.125
mdgo_v11_probe_000856,dual_asof_reversal,2,0,0,204,0,2,0.25
mdgo_v11_probe_000857,surface_decoy_pair,2,0,0,204,0,2,0.25
mdgo_v11_probe_000858,reference_case_reconstruction,3,1,140,344,0,2,0.25
mdgo_v11_probe_000859,triple_asof_interleaved,3,0,0,204,0,3,0.125
mdgo_v11_probe_000860,triple_asof_interleaved,3,0,0,204,0,3,0.125
mdgo_v11_probe_000861,reference_case_reconstruction,3,1,208,412,0,2,0.25
mdgo_v11_probe_000862,triple_asof_interleaved,3,0,0,204,0,3,0.125
mdgo_v11_probe_000863,provenance_weighted_triple,3,0,0,204,0,3,0.125
mdgo_v11_probe_000864,triple_asof_interleaved,3,0,0,204,0,3,0.125
mdgo_v11_probe_000865,triple_asof_interleaved,3,0,0,204,0,3,0.125
mdgo_v11_probe_000866,triple_asof_interleaved,3,0,0,204,0,3,0.125
mdgo_v11_probe_000867,surface_decoy_pair,2,0,0,204,0,2,0.25
mdgo_v11_probe_000868,triple_asof_interleaved,3,0,0,204,0,3,0.125
mdgo_v11_probe_000869,reference_case_reconstruction,3,1,208,412,0,2,0.25
mdgo_v11_probe_000870,triple_asof_interleaved,3,0,0,204,0,3,0.125
mdgo_v11_probe_000871,triple_asof_interleaved,3,0,0,204,0,3,0.125
mdgo_v11_probe_000872,surface_decoy_pair,2,0,0,204,0,2,0.25
mdgo_v11_probe_000873,triple_asof_interleaved,3,0,0,204,0,3,0.125
mdgo_v11_probe_000874,dual_asof_reversal,2,0,0,204,0,2,0.25
mdgo_v11_probe_000875,scope_temporal_pair,2,0,0,204,0,2,0.25
mdgo_v11_probe_000876,dual_asof_reversal,2,0,0,204,0,2,0.25
mdgo_v11_probe_000877,provenance_weighted_triple,3,0,0,204,0,3,0.125
mdgo_v11_probe_000878,surface_decoy_pair,2,0,0,204,0,2,0.25
mdgo_v11_probe_000879,surface_decoy_pair,2,0,0,204,0,2,0.25
mdgo_v11_probe_000880,triple_asof_interleaved,3,0,0,204,0,3,0.125
mdgo_v11_probe_000881,reference_case_reconstruction,3,1,208,412,0,2,0.25
mdgo_v11_probe_000882,triple_asof_interleaved,3,0,0,204,0,3,0.125
mdgo_v11_probe_000883,triple_asof_interleaved,3,0,0,204,0,3,0.125
mdgo_v11_probe_000884,reference_case_reconstruction,3,1,140,344,0,2,0.25
mdgo_v11_probe_000885,triple_asof_interleaved,3,0,0,204,0,3,0.125
mdgo_v11_probe_000886,triple_asof_interleaved,3,0,0,204,0,3,0.125
mdgo_v11_probe_000887,suggestion_rejection_pair,2,0,0,204,0,2,0.25
mdgo_v11_probe_000888,triple_asof_interleaved,3,0,0,204,0,3,0.125
mdgo_v11_probe_000889,triple_asof_interleaved,3,0,0,204,0,3,0.125
mdgo_v11_probe_000890,provenance_weighted_triple,3,0,0,204,0,3,0.125
mdgo_v11_probe_000891,reference_case_reconstruction,3,1,208,412,0,2,0.25
mdgo_v11_probe_000892,reference_case_reconstruction,3,1,140,344,0,2,0.25
mdgo_v11_probe_000893,provenance_weighted_triple,3,0,0,204,0,3,0.125
mdgo_v11_probe_000894,dual_asof_reversal,2,0,0,204,0,2,0.25
mdgo_v11_probe_000895,surface_decoy_pair,2,0,0,204,0,2,0.25
mdgo_v11_probe_000896,dual_asof_reversal,2,0,0,204,0,2,0.25
mdgo_v11_probe_000897,dual_asof_reversal,2,0,0,204,0,2,0.25
mdgo_v11_probe_000898,reference_case_reconstruction,3,1,140,344,0,2,0.25
mdgo_v11_probe_000899,triple_asof_interleaved,3,0,0,204,0,3,0.125
mdgo_v11_probe_000900,surface_decoy_pair,2,0,0,204,0,2,0.25
mdgo_v11_probe_000901,triple_asof_interleaved,3,0,0,204,0,3,0.125
mdgo_v11_probe_000902,surface_decoy_pair,2,0,0,204,0,2,0.25
mdgo_v11_probe_000903,triple_asof_interleaved,3,0,0,204,0,3,0.125
mdgo_v11_probe_000904,suggestion_rejection_pair,2,0,0,204,0,2,0.25
mdgo_v11_probe_000905,surface_decoy_pair,2,0,0,204,0,2,0.25
mdgo_v11_probe_000906,dual_asof_reversal,2,0,0,204,0,2,0.25
mdgo_v11_probe_000907,triple_asof_interleaved,3,0,0,204,0,3,0.125
mdgo_v11_probe_000908,triple_asof_interleaved,3,0,0,204,0,3,0.125
mdgo_v11_probe_000909,reference_case_reconstruction,3,1,208,412,0,2,0.25
mdgo_v11_probe_000910,suggestion_rejection_pair,2,0,0,204,0,2,0.25
mdgo_v11_probe_000911,suggestion_rejection_pair,2,0,0,204,0,2,0.25
mdgo_v11_probe_000912,dual_asof_reversal,2,0,0,204,0,2,0.25
mdgo_v11_probe_000913,triple_asof_interleaved,3,0,0,204,0,3,0.125
mdgo_v11_probe_000914,triple_asof_interleaved,3,0,0,204,0,3,0.125
mdgo_v11_probe_000915,scope_temporal_pair,2,0,0,204,0,2,0.25
mdgo_v11_probe_000916,dual_asof_reversal,2,0,0,204,0,2,0.25
mdgo_v11_probe_000917,suggestion_rejection_pair,2,0,0,204,0,2,0.25
mdgo_v11_probe_000918,suggestion_rejection_pair,2,0,0,204,0,2,0.25
mdgo_v11_probe_000919,provenance_weighted_triple,3,0,0,204,0,3,0.125
mdgo_v11_probe_000920,triple_asof_interleaved,3,0,0,204,0,3,0.125
mdgo_v11_probe_000921,dual_asof_reversal,2,0,0,204,0,2,0.25
mdgo_v11_probe_000922,triple_asof_interleaved,3,0,0,204,0,3,0.125
mdgo_v11_probe_000923,triple_asof_interleaved,3,0,0,204,0,3,0.125
mdgo_v11_probe_000924,surface_decoy_pair,2,0,0,204,0,2,0.25
mdgo_v11_probe_000925,dual_asof_reversal,2,0,0,204,0,2,0.25
mdgo_v11_probe_000926,triple_asof_interleaved,3,0,0,204,0,3,0.125
mdgo_v11_probe_000927,dual_asof_reversal,2,0,0,204,0,2,0.25
mdgo_v11_probe_000928,suggestion_rejection_pair,2,0,0,204,0,2,0.25
mdgo_v11_probe_000929,dual_asof_reversal,2,0,0,204,0,2,0.25
mdgo_v11_probe_000930,reference_case_reconstruction,3,1,140,344,0,2,0.25
mdgo_v11_probe_000931,surface_decoy_pair,2,0,0,204,0,2,0.25
mdgo_v11_probe_000932,triple_asof_interleaved,3,0,0,204,0,3,0.125
mdgo_v11_probe_000933,reference_case_reconstruction,3,1,208,412,0,2,0.25
mdgo_v11_probe_000934,suggestion_rejection_pair,2,0,0,204,0,2,0.25
mdgo_v11_probe_000935,provenance_weighted_triple,3,0,0,204,0,3,0.125
mdgo_v11_probe_000936,triple_asof_interleaved,3,0,0,204,0,3,0.125
mdgo_v11_probe_000937,dual_asof_reversal,2,0,0,204,0,2,0.25
mdgo_v11_probe_000938,surface_decoy_pair,2,0,0,204,0,2,0.25
mdgo_v11_probe_000939,dual_asof_reversal,2,0,0,204,0,2,0.25
mdgo_v11_probe_000940,provenance_weighted_triple,3,0,0,204,0,3,0.125
mdgo_v11_probe_000941,reference_case_reconstruction,3,1,208,412,0,2,0.25
mdgo_v11_probe_000942,dual_asof_reversal,2,0,0,204,0,2,0.25
mdgo_v11_probe_000943,surface_decoy_pair,2,0,0,204,0,2,0.25
mdgo_v11_probe_000944,reference_case_reconstruction,3,1,140,344,0,2,0.25
mdgo_v11_probe_000945,surface_decoy_pair,2,0,0,204,0,2,0.25
mdgo_v11_probe_000946,surface_decoy_pair,2,0,0,204,0,2,0.25
mdgo_v11_probe_000947,surface_decoy_pair,2,0,0,204,0,2,0.25
mdgo_v11_probe_000948,suggestion_rejection_pair,2,0,0,204,0,2,0.25
mdgo_v11_probe_000949,triple_asof_interleaved,3,0,0,204,0,3,0.125
mdgo_v11_probe_000950,reference_case_reconstruction,3,1,140,344,0,2,0.25
mdgo_v11_probe_000951,reference_case_reconstruction,3,1,208,412,0,2,0.25
mdgo_v11_probe_000952,dual_asof_reversal,2,0,0,204,0,2,0.25
mdgo_v11_probe_000953,triple_asof_interleaved,3,0,0,204,0,3,0.125
mdgo_v11_probe_000954,triple_asof_interleaved,3,0,0,204,0,3,0.125
mdgo_v11_probe_000955,surface_decoy_pair,2,0,0,204,0,2,0.25
mdgo_v11_probe_000956,dual_asof_reversal,2,0,0,204,0,2,0.25
mdgo_v11_probe_000957,reference_case_reconstruction,3,1,208,412,0,2,0.25
mdgo_v11_probe_000958,reference_case_reconstruction,3,1,140,344,0,2,0.25
mdgo_v11_probe_000959,reference_case_reconstruction,3,1,208,412,0,2,0.25
mdgo_v11_probe_000960,dual_asof_reversal,2,0,0,204,0,2,0.25
mdgo_v11_probe_000961,suggestion_rejection_pair,2,0,0,204,0,2,0.25
mdgo_v11_probe_000962,dual_asof_reversal,2,0,0,204,0,2,0.25
mdgo_v11_probe_000963,dual_asof_reversal,2,0,0,204,0,2,0.25
mdgo_v11_probe_000964,surface_decoy_pair,2,0,0,204,0,2,0.25
mdgo_v11_probe_000965,reference_case_reconstruction,3,1,208,412,0,2,0.25
mdgo_v11_probe_000966,dual_asof_reversal,2,0,0,204,0,2,0.25
mdgo_v11_probe_000967,surface_decoy_pair,2,0,0,204,0,2,0.25
mdgo_v11_probe_000968,surface_decoy_pair,2,0,0,204,0,2,0.25
mdgo_v11_probe_000969,provenance_weighted_triple,3,0,0,204,0,3,0.125
mdgo_v11_probe_000970,triple_asof_interleaved,3,0,0,204,0,3,0.125
mdgo_v11_probe_000971,surface_decoy_pair,2,0,0,204,0,2,0.25
mdgo_v11_probe_000972,provenance_weighted_triple,3,0,0,204,0,3,0.125
mdgo_v11_probe_000973,triple_asof_interleaved,3,0,0,204,0,3,0.125
mdgo_v11_probe_000974,triple_asof_interleaved,3,0,0,204,0,3,0.125
mdgo_v11_probe_000975,suggestion_rejection_pair,2,0,0,204,0,2,0.25
mdgo_v11_probe_000976,surface_decoy_pair,2,0,0,204,0,2,0.25
mdgo_v11_probe_000977,provenance_weighted_triple,3,0,0,204,0,3,0.125
mdgo_v11_probe_000978,suggestion_rejection_pair,2,0,0,204,0,2,0.25
mdgo_v11_probe_000979,reference_case_reconstruction,3,1,208,412,0,2,0.25
mdgo_v11_probe_000980,suggestion_rejection_pair,2,0,0,204,0,2,0.25
mdgo_v11_probe_000981,surface_decoy_pair,2,0,0,204,0,2,0.25
mdgo_v11_probe_000982,suggestion_rejection_pair,2,0,0,204,0,2,0.25
mdgo_v11_probe_000983,dual_asof_reversal,2,0,0,204,0,2,0.25
mdgo_v11_probe_000984,surface_decoy_pair,2,0,0,204,0,2,0.25
mdgo_v11_probe_000985,surface_decoy_pair,2,0,0,204,0,2,0.25
mdgo_v11_probe_000986,dual_asof_reversal,2,0,0,204,0,2,0.25
mdgo_v11_probe_000987,dual_asof_reversal,2,0,0,204,0,2,0.25
mdgo_v11_probe_000988,suggestion_rejection_pair,2,0,0,204,0,2,0.25
mdgo_v11_probe_000989,dual_asof_reversal,2,0,0,204,0,2,0.25
mdgo_v11_probe_000990,reference_case_reconstruction,3,1,140,344,0,2,0.25
mdgo_v11_probe_000991,triple_asof_interleaved,3,0,0,204,0,3,0.125
mdgo_v11_probe_000992,suggestion_rejection_pair,2,0,0,204,0,2,0.25
mdgo_v11_probe_000993,suggestion_rejection_pair,2,0,0,204,0,2,0.25
mdgo_v11_probe_000994,surface_decoy_pair,2,0,0,204,0,2,0.25
mdgo_v11_probe_000995,dual_asof_reversal,2,0,0,204,0,2,0.25
mdgo_v11_probe_000996,surface_decoy_pair,2,0,0,204,0,2,0.25
mdgo_v11_probe_000997,dual_asof_reversal,2,0,0,204,0,2,0.25
mdgo_v11_probe_000998,dual_asof_reversal,2,0,0,204,0,2,0.25
mdgo_v11_probe_000999,triple_asof_interleaved,3,0,0,204,0,3,0.125
mdgo_v11_probe_001000,triple_asof_interleaved,3,0,0,204,0,3,0.125
mdgo_v11_probe_001001,suggestion_rejection_pair,2,0,0,204,0,2,0.25
mdgo_v11_probe_001002,triple_asof_interleaved,3,0,0,204,0,3,0.125
mdgo_v11_probe_001003,dual_asof_reversal,2,0,0,204,0,2,0.25
mdgo_v11_probe_001004,triple_asof_interleaved,3,0,0,204,0,3,0.125
mdgo_v11_probe_001005,reference_case_reconstruction,3,1,208,412,0,2,0.25
mdgo_v11_probe_001006,triple_asof_interleaved,3,0,0,204,0,3,0.125
mdgo_v11_probe_001007,suggestion_rejection_pair,2,0,0,204,0,2,0.25
mdgo_v11_probe_001008,reference_case_reconstruction,3,1,140,344,0,2,0.25
mdgo_v11_probe_001009,dual_asof_reversal,2,0,0,204,0,2,0.25
mdgo_v11_probe_001010,triple_asof_interleaved,3,0,0,204,0,3,0.125
mdgo_v11_probe_001011,reference_case_reconstruction,3,1,208,412,0,2,0.25
mdgo_v11_probe_001012,suggestion_rejection_pair,2,0,0,204,0,2,0.25
mdgo_v11_probe_001013,triple_asof_interleaved,3,0,0,204,0,3,0.125
mdgo_v11_probe_001014,triple_asof_interleaved,3,0,0,204,0,3,0.125
mdgo_v11_probe_001015,dual_asof_reversal,2,0,0,204,0,2,0.25
mdgo_v11_probe_001016,suggestion_rejection_pair,2,0,0,204,0,2,0.25
mdgo_v11_probe_001017,dual_asof_reversal,2,0,0,204,0,2,0.25
mdgo_v11_probe_001018,reference_case_reconstruction,3,1,140,344,0,2,0.25
mdgo_v11_probe_001019,reference_case_reconstruction,3,1,208,412,0,2,0.25
mdgo_v11_probe_001020,triple_asof_interleaved,3,0,0,204,0,3,0.125
mdgo_v11_probe_001021,provenance_weighted_triple,3,0,0,204,0,3,0.125
mdgo_v11_probe_001022,suggestion_rejection_pair,2,0,0,204,0,2,0.25
mdgo_v11_probe_001023,triple_asof_interleaved,3,0,0,204,0,3,0.125
mdgo_v11_probe_001024,triple_asof_interleaved,3,0,0,204,0,3,0.125
mdgo_v11_probe_001025,provenance_weighted_triple,3,0,0,204,0,3,0.125
mdgo_v11_probe_001026,provenance_weighted_triple,3,0,0,204,0,3,0.125
mdgo_v11_probe_001027,reference_case_reconstruction,3,1,208,412,0,2,0.25
mdgo_v11_probe_001028,reference_case_reconstruction,3,1,140,344,0,2,0.25
mdgo_v11_probe_001029,dual_asof_reversal,2,0,0,204,0,2,0.25
mdgo_v11_probe_001030,suggestion_rejection_pair,2,0,0,204,0,2,0.25
mdgo_v11_probe_001031,suggestion_rejection_pair,2,0,0,204,0,2,0.25
mdgo_v11_probe_001032,suggestion_rejection_pair,2,0,0,204,0,2,0.25
mdgo_v11_probe_001033,scope_temporal_pair,2,0,0,204,0,2,0.25
mdgo_v11_probe_001034,dual_asof_reversal,2,0,0,204,0,2,0.25
mdgo_v11_probe_001035,reference_case_reconstruction,3,1,208,412,0,2,0.25
mdgo_v11_probe_001036,reference_case_reconstruction,3,1,140,344,0,2,0.25
mdgo_v11_probe_001037,provenance_weighted_triple,3,0,0,204,0,3,0.125
mdgo_v11_probe_001038,reference_case_reconstruction,3,1,140,344,0,2,0.25
mdgo_v11_probe_001039,triple_asof_interleaved,3,0,0,204,0,3,0.125
mdgo_v11_probe_001040,triple_asof_interleaved,3,0,0,204,0,3,0.125
mdgo_v11_probe_001041,dual_asof_reversal,2,0,0,204,0,2,0.25
mdgo_v11_probe_001042,dual_asof_reversal,2,0,0,204,0,2,0.25
mdgo_v11_probe_001043,surface_decoy_pair,2,0,0,204,0,2,0.25
mdgo_v11_probe_001044,dual_asof_reversal,2,0,0,204,0,2,0.25
mdgo_v11_probe_001045,surface_decoy_pair,2,0,0,204,0,2,0.25
mdgo_v11_probe_001046,suggestion_rejection_pair,2,0,0,204,0,2,0.25
mdgo_v11_probe_001047,reference_case_reconstruction,3,1,208,412,0,2,0.25
mdgo_v11_probe_001048,reference_case_reconstruction,3,1,140,344,0,2,0.25
mdgo_v11_probe_001049,reference_case_reconstruction,3,1,208,412,0,2,0.25
mdgo_v11_probe_001050,reference_case_reconstruction,3,1,140,344,0,2,0.25
mdgo_v11_probe_001051,provenance_weighted_triple,3,0,0,204,0,3,0.125
mdgo_v11_probe_001052,suggestion_rejection_pair,2,0,0,204,0,2,0.25
mdgo_v11_probe_001053,triple_asof_interleaved,3,0,0,204,0,3,0.125
mdgo_v11_probe_001054,triple_asof_interleaved,3,0,0,204,0,3,0.125
mdgo_v11_probe_001055,dual_asof_reversal,2,0,0,204,0,2,0.25
mdgo_v11_probe_001056,triple_asof_interleaved,3,0,0,204,0,3,0.125
mdgo_v11_probe_001057,triple_asof_interleaved,3,0,0,204,0,3,0.125
mdgo_v11_probe_001058,triple_asof_interleaved,3,0,0,204,0,3,0.125
mdgo_v11_probe_001059,suggestion_rejection_pair,2,0,0,204,0,2,0.25
mdgo_v11_probe_001060,surface_decoy_pair,2,0,0,204,0,2,0.25
mdgo_v11_probe_001061,scope_temporal_pair,2,0,0,204,0,2,0.25
mdgo_v11_probe_001062,reference_case_reconstruction,3,1,140,344,0,2,0.25
mdgo_v11_probe_001063,triple_asof_interleaved,3,0,0,204,0,3,0.125
mdgo_v11_probe_001064,dual_asof_reversal,2,0,0,204,0,2,0.25
mdgo_v11_probe_001065,triple_asof_interleaved,3,0,0,204,0,3,0.125
mdgo_v11_probe_001066,triple_asof_interleaved,3,0,0,204,0,3,0.125
mdgo_v11_probe_001067,suggestion_rejection_pair,2,0,0,204,0,2,0.25
mdgo_v11_probe_001068,suggestion_rejection_pair,2,0,0,204,0,2,0.25
mdgo_v11_probe_001069,dual_asof_reversal,2,0,0,204,0,2,0.25
mdgo_v11_probe_001070,triple_asof_interleaved,3,0,0,204,0,3,0.125
mdgo_v11_probe_001071,suggestion_rejection_pair,2,0,0,204,0,2,0.25
mdgo_v11_probe_001072,reference_case_reconstruction,3,1,140,344,0,2,0.25
mdgo_v11_probe_001073,triple_asof_interleaved,3,0,0,204,0,3,0.125
mdgo_v11_probe_001074,triple_asof_interleaved,3,0,0,204,0,3,0.125
mdgo_v11_probe_001075,suggestion_rejection_pair,2,0,0,204,0,2,0.25
mdgo_v11_probe_001076,dual_asof_reversal,2,0,0,204,0,2,0.25
mdgo_v11_probe_001077,triple_asof_interleaved,3,0,0,204,0,3,0.125
mdgo_v11_probe_001078,dual_asof_reversal,2,0,0,204,0,2,0.25
mdgo_v11_probe_001079,provenance_weighted_triple,3,0,0,204,0,3,0.125
mdgo_v11_probe_001080,triple_asof_interleaved,3,0,0,204,0,3,0.125
mdgo_v11_probe_001081,triple_asof_interleaved,3,0,0,204,0,3,0.125
mdgo_v11_probe_001082,suggestion_rejection_pair,2,0,0,204,0,2,0.25
mdgo_v11_probe_001083,suggestion_rejection_pair,2,0,0,204,0,2,0.25
mdgo_v11_probe_001084,reference_case_reconstruction,3,1,140,344,0,2,0.25
mdgo_v11_probe_001085,provenance_weighted_triple,3,0,0,204,0,3,0.125
mdgo_v11_probe_001086,dual_asof_reversal,2,0,0,204,0,2,0.25
mdgo_v11_probe_001087,scope_temporal_pair,2,0,0,204,0,2,0.25
mdgo_v11_probe_001088,surface_decoy_pair,2,0,0,204,0,2,0.25
mdgo_v11_probe_001089,surface_decoy_pair,2,0,0,204,0,2,0.25
mdgo_v11_probe_001090,suggestion_rejection_pair,2,0,0,204,0,2,0.25
mdgo_v11_probe_001091,reference_case_reconstruction,3,1,208,412,0,2,0.25
mdgo_v11_probe_001092,suggestion_rejection_pair,2,0,0,204,0,2,0.25
mdgo_v11_probe_001093,suggestion_rejection_pair,2,0,0,204,0,2,0.25
mdgo_v11_probe_001094,triple_asof_interleaved,3,0,0,204,0,3,0.125
mdgo_v11_probe_001095,suggestion_rejection_pair,2,0,0,204,0,2,0.25
mdgo_v11_probe_001096,triple_asof_interleaved,3,0,0,204,0,3,0.125
mdgo_v11_probe_001097,provenance_weighted_triple,3,0,0,204,0,3,0.125
mdgo_v11_probe_001098,reference_case_reconstruction,3,1,140,344,0,2,0.25
mdgo_v11_probe_001099,dual_asof_reversal,2,0,0,204,0,2,0.25
mdgo_v11_probe_001100,suggestion_rejection_pair,2,0,0,204,0,2,0.25
mdgo_v11_probe_001101,dual_asof_reversal,2,0,0,204,0,2,0.25
mdgo_v11_probe_001102,surface_decoy_pair,2,0,0,204,0,2,0.25
mdgo_v11_probe_001103,suggestion_rejection_pair,2,0,0,204,0,2,0.25
mdgo_v11_probe_001104,suggestion_rejection_pair,2,0,0,204,0,2,0.25
mdgo_v11_probe_001105,provenance_weighted_triple,3,0,0,204,0,3,0.125
mdgo_v11_probe_001106,reference_case_reconstruction,3,1,140,344,0,2,0.25
mdgo_v11_probe_001107,dual_asof_reversal,2,0,0,204,0,2,0.25
mdgo_v11_probe_001108,reference_case_reconstruction,3,1,140,344,0,2,0.25
mdgo_v11_probe_001109,dual_asof_reversal,2,0,0,204,0,2,0.25
mdgo_v11_probe_001110,dual_asof_reversal,2,0,0,204,0,2,0.25
mdgo_v11_probe_001111,surface_decoy_pair,2,0,0,204,0,2,0.25
mdgo_v11_probe_001112,provenance_weighted_triple,3,0,0,204,0,3,0.125
mdgo_v11_probe_001113,provenance_weighted_triple,3,0,0,204,0,3,0.125
mdgo_v11_probe_001114,reference_case_reconstruction,3,1,140,344,0,2,0.25
mdgo_v11_probe_001115,triple_asof_interleaved,3,0,0,204,0,3,0.125
mdgo_v11_probe_001116,reference_case_reconstruction,3,1,140,344,0,2,0.25
mdgo_v11_probe_001117,triple_asof_interleaved,3,0,0,204,0,3,0.125
mdgo_v11_probe_001118,triple_asof_interleaved,3,0,0,204,0,3,0.125
mdgo_v11_probe_001119,surface_decoy_pair,2,0,0,204,0,2,0.25
mdgo_v11_probe_001120,suggestion_rejection_pair,2,0,0,204,0,2,0.25
mdgo_v11_probe_001121,suggestion_rejection_pair,2,0,0,204,0,2,0.25
mdgo_v11_probe_001122,reference_case_reconstruction,3,1,140,344,0,2,0.25
mdgo_v11_probe_001123,suggestion_rejection_pair,2,0,0,204,0,2,0.25
mdgo_v11_probe_001124,reference_case_reconstruction,3,1,140,344,0,2,0.25
mdgo_v11_probe_001125,reference_case_reconstruction,3,1,208,412,0,2,0.25
mdgo_v11_probe_001126,surface_decoy_pair,2,0,0,204,0,2,0.25
mdgo_v11_probe_001127,triple_asof_interleaved,3,0,0,204,0,3,0.125
mdgo_v11_probe_001128,triple_asof_interleaved,3,0,0,204,0,3,0.125
mdgo_v11_probe_001129,dual_asof_reversal,2,0,0,204,0,2,0.25
mdgo_v11_probe_001130,triple_asof_interleaved,3,0,0,204,0,3,0.125
mdgo_v11_probe_001131,triple_asof_interleaved,3,0,0,204,0,3,0.125
mdgo_v11_probe_001132,provenance_weighted_triple,3,0,0,204,0,3,0.125
mdgo_v11_probe_001133,dual_asof_reversal,2,0,0,204,0,2,0.25
mdgo_v11_probe_001134,triple_asof_interleaved,3,0,0,204,0,3,0.125
mdgo_v11_probe_001135,suggestion_rejection_pair,2,0,0,204,0,2,0.25
mdgo_v11_probe_001136,reference_case_reconstruction,3,1,140,344,0,2,0.25
mdgo_v11_probe_001137,triple_asof_interleaved,3,0,0,204,0,3,0.125
mdgo_v11_probe_001138,dual_asof_reversal,2,0,0,204,0,2,0.25
mdgo_v11_probe_001139,dual_asof_reversal,2,0,0,204,0,2,0.25
mdgo_v11_probe_001140,suggestion_rejection_pair,2,0,0,204,0,2,0.25
mdgo_v11_probe_001141,suggestion_rejection_pair,2,0,0,204,0,2,0.25
mdgo_v11_probe_001142,dual_asof_reversal,2,0,0,204,0,2,0.25
mdgo_v11_probe_001143,surface_decoy_pair,2,0,0,204,0,2,0.25
mdgo_v11_probe_001144,reference_case_reconstruction,3,1,140,344,0,2,0.25
mdgo_v11_probe_001145,surface_decoy_pair,2,0,0,204,0,2,0.25
mdgo_v11_probe_001146,dual_asof_reversal,2,0,0,204,0,2,0.25
mdgo_v11_probe_001147,triple_asof_interleaved,3,0,0,204,0,3,0.125
mdgo_v11_probe_001148,triple_asof_interleaved,3,0,0,204,0,3,0.125
mdgo_v11_probe_001149,dual_asof_reversal,2,0,0,204,0,2,0.25
mdgo_v11_probe_001150,surface_decoy_pair,2,0,0,204,0,2,0.25
mdgo_v11_probe_001151,surface_decoy_pair,2,0,0,204,0,2,0.25
mdgo_v11_probe_001152,surface_decoy_pair,2,0,0,204,0,2,0.25
mdgo_v11_probe_001153,surface_decoy_pair,2,0,0,204,0,2,0.25
mdgo_v11_probe_001154,dual_asof_reversal,2,0,0,204,0,2,0.25
mdgo_v11_probe_001155,dual_asof_reversal,2,0,0,204,0,2,0.25
mdgo_v11_probe_001156,surface_decoy_pair,2,0,0,204,0,2,0.25
mdgo_v11_probe_001157,dual_asof_reversal,2,0,0,204,0,2,0.25
mdgo_v11_probe_001158,triple_asof_interleaved,3,0,0,204,0,3,0.125
mdgo_v11_probe_001159,triple_asof_interleaved,3,0,0,204,0,3,0.125
mdgo_v11_probe_001160,reference_case_reconstruction,3,1,140,344,0,2,0.25
mdgo_v11_probe_001161,triple_asof_interleaved,3,0,0,204,0,3,0.125
mdgo_v11_probe_001162,provenance_weighted_triple,3,0,0,204,0,3,0.125
mdgo_v11_probe_001163,triple_asof_interleaved,3,0,0,204,0,3,0.125
mdgo_v11_probe_001164,provenance_weighted_triple,3,0,0,204,0,3,0.125
mdgo_v11_probe_001165,scope_temporal_pair,2,0,0,204,0,2,0.25
mdgo_v11_probe_001166,scope_temporal_pair,2,0,0,204,0,2,0.25
mdgo_v11_probe_001167,reference_case_reconstruction,3,1,208,412,0,2,0.25
mdgo_v11_probe_001168,dual_asof_reversal,2,0,0,204,0,2,0.25
mdgo_v11_probe_001169,triple_asof_interleaved,3,0,0,204,0,3,0.125
mdgo_v11_probe_001170,reference_case_reconstruction,3,1,140,344,0,2,0.25
mdgo_v11_probe_001171,dual_asof_reversal,2,0,0,204,0,2,0.25
mdgo_v11_probe_001172,dual_asof_reversal,2,0,0,204,0,2,0.25
mdgo_v11_probe_001173,surface_decoy_pair,2,0,0,204,0,2,0.25
mdgo_v11_probe_001174,reference_case_reconstruction,3,1,140,344,0,2,0.25
mdgo_v11_probe_001175,suggestion_rejection_pair,2,0,0,204,0,2,0.25
mdgo_v11_probe_001176,surface_decoy_pair,2,0,0,204,0,2,0.25
mdgo_v11_probe_001177,suggestion_rejection_pair,2,0,0,204,0,2,0.25
mdgo_v11_probe_001178,surface_decoy_pair,2,0,0,204,0,2,0.25
mdgo_v11_probe_001179,triple_asof_interleaved,3,0,0,204,0,3,0.125
mdgo_v11_probe_001180,surface_decoy_pair,2,0,0,204,0,2,0.25
mdgo_v11_probe_001181,dual_asof_reversal,2,0,0,204,0,2,0.25
mdgo_v11_probe_001182,suggestion_rejection_pair,2,0,0,204,0,2,0.25
mdgo_v11_probe_001183,surface_decoy_pair,2,0,0,204,0,2,0.25
mdgo_v11_probe_001184,triple_asof_interleaved,3,0,0,204,0,3,0.125
mdgo_v11_probe_001185,suggestion_rejection_pair,2,0,0,204,0,2,0.25
mdgo_v11_probe_001186,scope_temporal_pair,2,0,0,204,0,2,0.25
mdgo_v11_probe_001187,triple_asof_interleaved,3,0,0,204,0,3,0.125
mdgo_v11_probe_001188,surface_decoy_pair,2,0,0,204,0,2,0.25
mdgo_v11_probe_001189,reference_case_reconstruction,3,1,208,412,0,2,0.25
mdgo_v11_probe_001190,triple_asof_interleaved,3,0,0,204,0,3,0.125
mdgo_v11_probe_001191,dual_asof_reversal,2,0,0,204,0,2,0.25
mdgo_v11_probe_001192,triple_asof_interleaved,3,0,0,204,0,3,0.125
mdgo_v11_probe_001193,suggestion_rejection_pair,2,0,0,204,0,2,0.25
mdgo_v11_probe_001194,scope_temporal_pair,2,0,0,204,0,2,0.25
mdgo_v11_probe_001195,suggestion_rejection_pair,2,0,0,204,0,2,0.25
mdgo_v11_probe_001196,surface_decoy_pair,2,0,0,204,0,2,0.25
mdgo_v11_probe_001197,surface_decoy_pair,2,0,0,204,0,2,0.25
mdgo_v11_probe_001198,triple_asof_interleaved,3,0,0,204,0,3,0.125
mdgo_v11_probe_001199,surface_decoy_pair,2,0,0,204,0,2,0.25
mdgo_v11_probe_001200,triple_asof_interleaved,3,0,0,204,0,3,0.125
mdgo_v11_probe_001201,triple_asof_interleaved,3,0,0,204,0,3,0.125
mdgo_v11_probe_001202,reference_case_reconstruction,3,1,140,344,0,2,0.25
mdgo_v11_probe_001203,reference_case_reconstruction,3,1,208,412,0,2,0.25
mdgo_v11_probe_001204,triple_asof_interleaved,3,0,0,204,0,3,0.125
mdgo_v11_probe_001205,dual_asof_reversal,2,0,0,204,0,2,0.25
mdgo_v11_probe_001206,triple_asof_interleaved,3,0,0,204,0,3,0.125
mdgo_v11_probe_001207,surface_decoy_pair,2,0,0,204,0,2,0.25
mdgo_v11_probe_001208,triple_asof_interleaved,3,0,0,204,0,3,0.125
mdgo_v11_probe_001209,reference_case_reconstruction,3,1,208,412,0,2,0.25
mdgo_v11_probe_001210,scope_temporal_pair,2,0,0,204,0,2,0.25
mdgo_v11_probe_001211,triple_asof_interleaved,3,0,0,204,0,3,0.125
mdgo_v11_probe_001212,surface_decoy_pair,2,0,0,204,0,2,0.25
mdgo_v11_probe_001213,suggestion_rejection_pair,2,0,0,204,0,2,0.25
mdgo_v11_probe_001214,triple_asof_interleaved,3,0,0,204,0,3,0.125
mdgo_v11_probe_001215,provenance_weighted_triple,3,0,0,204,0,3,0.125
mdgo_v11_probe_001216,dual_asof_reversal,2,0,0,204,0,2,0.25
mdgo_v11_probe_001217,triple_asof_interleaved,3,0,0,204,0,3,0.125
mdgo_v11_probe_001218,surface_decoy_pair,2,0,0,204,0,2,0.25
mdgo_v11_probe_001219,provenance_weighted_triple,3,0,0,204,0,3,0.125
mdgo_v11_probe_001220,surface_decoy_pair,2,0,0,204,0,2,0.25
mdgo_v11_probe_001221,provenance_weighted_triple,3,0,0,204,0,3,0.125
mdgo_v11_probe_001222,suggestion_rejection_pair,2,0,0,204,0,2,0.25
mdgo_v11_probe_001223,dual_asof_reversal,2,0,0,204,0,2,0.25
mdgo_v11_probe_001224,suggestion_rejection_pair,2,0,0,204,0,2,0.25
mdgo_v11_probe_001225,triple_asof_interleaved,3,0,0,204,0,3,0.125
mdgo_v11_probe_001226,surface_decoy_pair,2,0,0,204,0,2,0.25
mdgo_v11_probe_001227,triple_asof_interleaved,3,0,0,204,0,3,0.125
mdgo_v11_probe_001228,triple_asof_interleaved,3,0,0,204,0,3,0.125
mdgo_v11_probe_001229,triple_asof_interleaved,3,0,0,204,0,3,0.125
mdgo_v11_probe_001230,triple_asof_interleaved,3,0,0,204,0,3,0.125
mdgo_v11_probe_001231,dual_asof_reversal,2,0,0,204,0,2,0.25
mdgo_v11_probe_001232,dual_asof_reversal,2,0,0,204,0,2,0.25
mdgo_v11_probe_001233,triple_asof_interleaved,3,0,0,204,0,3,0.125
mdgo_v11_probe_001234,triple_asof_interleaved,3,0,0,204,0,3,0.125
mdgo_v11_probe_001235,reference_case_reconstruction,3,1,208,412,0,2,0.25
mdgo_v11_probe_001236,reference_case_reconstruction,3,1,140,344,0,2,0.25
mdgo_v11_probe_001237,surface_decoy_pair,2,0,0,204,0,2,0.25
mdgo_v11_probe_001238,suggestion_rejection_pair,2,0,0,204,0,2,0.25
mdgo_v11_probe_001239,triple_asof_interleaved,3,0,0,204,0,3,0.125
mdgo_v11_probe_001240,dual_asof_reversal,2,0,0,204,0,2,0.25
mdgo_v11_probe_001241,scope_temporal_pair,2,0,0,204,0,2,0.25
mdgo_v11_probe_001242,suggestion_rejection_pair,2,0,0,204,0,2,0.25
mdgo_v11_probe_001243,surface_decoy_pair,2,0,0,204,0,2,0.25
mdgo_v11_probe_001244,surface_decoy_pair,2,0,0,204,0,2,0.25
mdgo_v11_probe_001245,triple_asof_interleaved,3,0,0,204,0,3,0.125
mdgo_v11_probe_001246,reference_case_reconstruction,3,1,140,344,0,2,0.25
mdgo_v11_probe_001247,scope_temporal_pair,2,0,0,204,0,2,0.25
mdgo_v11_probe_001248,reference_case_reconstruction,3,1,140,344,0,2,0.25
mdgo_v11_probe_001249,triple_asof_interleaved,3,0,0,204,0,3,0.125
mdgo_v11_probe_001250,dual_asof_reversal,2,0,0,204,0,2,0.25
mdgo_v11_probe_001251,dual_asof_reversal,2,0,0,204,0,2,0.25
mdgo_v11_probe_001252,surface_decoy_pair,2,0,0,204,0,2,0.25
mdgo_v11_probe_001253,triple_asof_interleaved,3,0,0,204,0,3,0.125
mdgo_v11_probe_001254,dual_asof_reversal,2,0,0,204,0,2,0.25
mdgo_v11_probe_001255,dual_asof_reversal,2,0,0,204,0,2,0.25
mdgo_v11_probe_001256,reference_case_reconstruction,3,1,140,344,0,2,0.25
mdgo_v11_probe_001257,surface_decoy_pair,2,0,0,204,0,2,0.25
mdgo_v11_probe_001258,triple_asof_interleaved,3,0,0,204,0,3,0.125
mdgo_v11_probe_001259,triple_asof_interleaved,3,0,0,204,0,3,0.125
mdgo_v11_probe_001260,dual_asof_reversal,2,0,0,204,0,2,0.25
mdgo_v11_probe_001261,triple_asof_interleaved,3,0,0,204,0,3,0.125
mdgo_v11_probe_001262,triple_asof_interleaved,3,0,0,204,0,3,0.125
mdgo_v11_probe_001263,suggestion_rejection_pair,2,0,0,204,0,2,0.25
mdgo_v11_probe_001264,triple_asof_interleaved,3,0,0,204,0,3,0.125
mdgo_v11_probe_001265,suggestion_rejection_pair,2,0,0,204,0,2,0.25
mdgo_v11_probe_001266,provenance_weighted_triple,3,0,0,204,0,3,0.125
mdgo_v11_probe_001267,triple_asof_interleaved,3,0,0,204,0,3,0.125
mdgo_v11_probe_001268,triple_asof_interleaved,3,0,0,204,0,3,0.125
mdgo_v11_probe_001269,suggestion_rejection_pair,2,0,0,204,0,2,0.25
mdgo_v11_probe_001270,reference_case_reconstruction,3,1,140,344,0,2,0.25
mdgo_v11_probe_001271,reference_case_reconstruction,3,1,208,412,0,2,0.25
mdgo_v11_probe_001272,surface_decoy_pair,2,0,0,204,0,2,0.25
mdgo_v11_probe_001273,triple_asof_interleaved,3,0,0,204,0,3,0.125
mdgo_v11_probe_001274,dual_asof_reversal,2,0,0,204,0,2,0.25
mdgo_v11_probe_001275,scope_temporal_pair,2,0,0,204,0,2,0.25
mdgo_v11_probe_001276,suggestion_rejection_pair,2,0,0,204,0,2,0.25
mdgo_v11_probe_001277,provenance_weighted_triple,3,0,0,204,0,3,0.125
mdgo_v11_probe_001278,provenance_weighted_triple,3,0,0,204,0,3,0.125
mdgo_v11_probe_001279,reference_case_reconstruction,3,1,208,412,0,2,0.25
mdgo_v11_probe_001280,surface_decoy_pair,2,0,0,204,0,2,0.25
mdgo_v11_probe_001281,dual_asof_reversal,2,0,0,204,0,2,0.25
mdgo_v11_probe_001282,surface_decoy_pair,2,0,0,204,0,2,0.25
mdgo_v11_probe_001283,reference_case_reconstruction,3,1,208,412,0,2,0.25
mdgo_v11_probe_001284,dual_asof_reversal,2,0,0,204,0,2,0.25
mdgo_v11_probe_001285,dual_asof_reversal,2,0,0,204,0,2,0.25
mdgo_v11_probe_001286,suggestion_rejection_pair,2,0,0,204,0,2,0.25
mdgo_v11_probe_001287,surface_decoy_pair,2,0,0,204,0,2,0.25
mdgo_v11_probe_001288,surface_decoy_pair,2,0,0,204,0,2,0.25
mdgo_v11_probe_001289,scope_temporal_pair,2,0,0,204,0,2,0.25
mdgo_v11_probe_001290,reference_case_reconstruction,3,1,140,344,0,2,0.25
mdgo_v11_probe_001291,triple_asof_interleaved,3,0,0,204,0,3,0.125
mdgo_v11_probe_001292,suggestion_rejection_pair,2,0,0,204,0,2,0.25
mdgo_v11_probe_001293,triple_asof_interleaved,3,0,0,204,0,3,0.125
mdgo_v11_probe_001294,surface_decoy_pair,2,0,0,204,0,2,0.25
mdgo_v11_probe_001295,dual_asof_reversal,2,0,0,204,0,2,0.25
mdgo_v11_probe_001296,surface_decoy_pair,2,0,0,204,0,2,0.25
mdgo_v11_probe_001297,provenance_weighted_triple,3,0,0,204,0,3,0.125
mdgo_v11_probe_001298,dual_asof_reversal,2,0,0,204,0,2,0.25
mdgo_v11_probe_001299,reference_case_reconstruction,3,1,208,412,0,2,0.25
mdgo_v11_probe_001300,triple_asof_interleaved,3,0,0,204,0,3,0.125
mdgo_v11_probe_001301,surface_decoy_pair,2,0,0,204,0,2,0.25
mdgo_v11_probe_001302,scope_temporal_pair,2,0,0,204,0,2,0.25
mdgo_v11_probe_001303,provenance_weighted_triple,3,0,0,204,0,3,0.125
mdgo_v11_probe_001304,triple_asof_interleaved,3,0,0,204,0,3,0.125
mdgo_v11_probe_001305,suggestion_rejection_pair,2,0,0,204,0,2,0.25
mdgo_v11_probe_001306,surface_decoy_pair,2,0,0,204,0,2,0.25
mdgo_v11_probe_001307,triple_asof_interleaved,3,0,0,204,0,3,0.125
mdgo_v11_probe_001308,reference_case_reconstruction,3,1,140,344,0,2,0.25
mdgo_v11_probe_001309,suggestion_rejection_pair,2,0,0,204,0,2,0.25
mdgo_v11_probe_001310,surface_decoy_pair,2,0,0,204,0,2,0.25
mdgo_v11_probe_001311,reference_case_reconstruction,3,1,208,412,0,2,0.25
mdgo_v11_probe_001312,reference_case_reconstruction,3,1,140,344,0,2,0.25
mdgo_v11_probe_001313,surface_decoy_pair,2,0,0,204,0,2,0.25
mdgo_v11_probe_001314,dual_asof_reversal,2,0,0,204,0,2,0.25
mdgo_v11_probe_001315,reference_case_reconstruction,3,1,208,412,0,2,0.25
mdgo_v11_probe_001316,suggestion_rejection_pair,2,0,0,204,0,2,0.25
mdgo_v11_probe_001317,triple_asof_interleaved,3,0,0,204,0,3,0.125
mdgo_v11_probe_001318,triple_asof_interleaved,3,0,0,204,0,3,0.125
mdgo_v11_probe_001319,surface_decoy_pair,2,0,0,204,0,2,0.25
mdgo_v11_probe_001320,dual_asof_reversal,2,0,0,204,0,2,0.25
mdgo_v11_probe_001321,reference_case_reconstruction,3,1,208,412,0,2,0.25
mdgo_v11_probe_001322,surface_decoy_pair,2,0,0,204,0,2,0.25
mdgo_v11_probe_001323,surface_decoy_pair,2,0,0,204,0,2,0.25
mdgo_v11_probe_001324,reference_case_reconstruction,3,1,140,344,0,2,0.25
mdgo_v11_probe_001325,reference_case_reconstruction,3,1,208,412,0,2,0.25
mdgo_v11_probe_001326,suggestion_rejection_pair,2,0,0,204,0,2,0.25
mdgo_v11_probe_001327,triple_asof_interleaved,3,0,0,204,0,3,0.125
mdgo_v11_probe_001328,surface_decoy_pair,2,0,0,204,0,2,0.25
mdgo_v11_probe_001329,triple_asof_interleaved,3,0,0,204,0,3,0.125
mdgo_v11_probe_001330,triple_asof_interleaved,3,0,0,204,0,3,0.125
mdgo_v11_probe_001331,reference_case_reconstruction,3,1,208,412,0,2,0.25
mdgo_v11_probe_001332,triple_asof_interleaved,3,0,0,204,0,3,0.125
mdgo_v11_probe_001333,dual_asof_reversal,2,0,0,204,0,2,0.25
mdgo_v11_probe_001334,suggestion_rejection_pair,2,0,0,204,0,2,0.25
mdgo_v11_probe_001335,reference_case_reconstruction,3,1,208,412,0,2,0.25
mdgo_v11_probe_001336,triple_asof_interleaved,3,0,0,204,0,3,0.125
mdgo_v11_probe_001337,triple_asof_interleaved,3,0,0,204,0,3,0.125
mdgo_v11_probe_001338,provenance_weighted_triple,3,0,0,204,0,3,0.125
mdgo_v11_probe_001339,scope_temporal_pair,2,0,0,204,0,2,0.25
mdgo_v11_probe_001340,suggestion_rejection_pair,2,0,0,204,0,2,0.25
mdgo_v11_probe_001341,provenance_weighted_triple,3,0,0,204,0,3,0.125
mdgo_v11_probe_001342,triple_asof_interleaved,3,0,0,204,0,3,0.125
mdgo_v11_probe_001343,surface_decoy_pair,2,0,0,204,0,2,0.25
mdgo_v11_probe_001344,reference_case_reconstruction,3,1,140,344,0,2,0.25
mdgo_v11_probe_001345,dual_asof_reversal,2,0,0,204,0,2,0.25
mdgo_v11_probe_001346,triple_asof_interleaved,3,0,0,204,0,3,0.125
mdgo_v11_probe_001347,surface_decoy_pair,2,0,0,204,0,2,0.25
mdgo_v11_probe_001348,provenance_weighted_triple,3,0,0,204,0,3,0.125
mdgo_v11_probe_001349,suggestion_rejection_pair,2,0,0,204,0,2,0.25
mdgo_v11_probe_001350,triple_asof_interleaved,3,0,0,204,0,3,0.125
mdgo_v11_probe_001351,triple_asof_interleaved,3,0,0,204,0,3,0.125
mdgo_v11_probe_001352,surface_decoy_pair,2,0,0,204,0,2,0.25
mdgo_v11_probe_001353,triple_asof_interleaved,3,0,0,204,0,3,0.125
mdgo_v11_probe_001354,provenance_weighted_triple,3,0,0,204,0,3,0.125
mdgo_v11_probe_001355,triple_asof_interleaved,3,0,0,204,0,3,0.125
mdgo_v11_probe_001356,triple_asof_interleaved,3,0,0,204,0,3,0.125
mdgo_v11_probe_001357,triple_asof_interleaved,3,0,0,204,0,3,0.125
mdgo_v11_probe_001358,surface_decoy_pair,2,0,0,204,0,2,0.25
mdgo_v11_probe_001359,surface_decoy_pair,2,0,0,204,0,2,0.25
mdgo_v11_probe_001360,triple_asof_interleaved,3,0,0,204,0,3,0.125
mdgo_v11_probe_001361,dual_asof_reversal,2,0,0,204,0,2,0.25
mdgo_v11_probe_001362,provenance_weighted_triple,3,0,0,204,0,3,0.125
mdgo_v11_probe_001363,surface_decoy_pair,2,0,0,204,0,2,0.25
mdgo_v11_probe_001364,suggestion_rejection_pair,2,0,0,204,0,2,0.25
mdgo_v11_probe_001365,suggestion_rejection_pair,2,0,0,204,0,2,0.25
mdgo_v11_probe_001366,provenance_weighted_triple,3,0,0,204,0,3,0.125
mdgo_v11_probe_001367,reference_case_reconstruction,3,1,208,412,0,2,0.25
mdgo_v11_probe_001368,reference_case_reconstruction,3,1,140,344,0,2,0.25
mdgo_v11_probe_001369,surface_decoy_pair,2,0,0,204,0,2,0.25
mdgo_v11_probe_001370,surface_decoy_pair,2,0,0,204,0,2,0.25
mdgo_v11_probe_001371,dual_asof_reversal,2,0,0,204,0,2,0.25
mdgo_v11_probe_001372,triple_asof_interleaved,3,0,0,204,0,3,0.125
mdgo_v11_probe_001373,triple_asof_interleaved,3,0,0,204,0,3,0.125
mdgo_v11_probe_001374,dual_asof_reversal,2,0,0,204,0,2,0.25
mdgo_v11_probe_001375,suggestion_rejection_pair,2,0,0,204,0,2,0.25
mdgo_v11_probe_001376,dual_asof_reversal,2,0,0,204,0,2,0.25
mdgo_v11_probe_001377,suggestion_rejection_pair,2,0,0,204,0,2,0.25
mdgo_v11_probe_001378,suggestion_rejection_pair,2,0,0,204,0,2,0.25
mdgo_v11_probe_001379,triple_asof_interleaved,3,0,0,204,0,3,0.125
mdgo_v11_probe_001380,triple_asof_interleaved,3,0,0,204,0,3,0.125
mdgo_v11_probe_001381,triple_asof_interleaved,3,0,0,204,0,3,0.125
mdgo_v11_probe_001382,dual_asof_reversal,2,0,0,204,0,2,0.25
mdgo_v11_probe_001383,surface_decoy_pair,2,0,0,204,0,2,0.25
mdgo_v11_probe_001384,triple_asof_interleaved,3,0,0,204,0,3,0.125
mdgo_v11_probe_001385,reference_case_reconstruction,3,1,208,412,0,2,0.25
mdgo_v11_probe_001386,triple_asof_interleaved,3,0,0,204,0,3,0.125
mdgo_v11_probe_001387,provenance_weighted_triple,3,0,0,204,0,3,0.125
mdgo_v11_probe_001388,suggestion_rejection_pair,2,0,0,204,0,2,0.25
mdgo_v11_probe_001389,triple_asof_interleaved,3,0,0,204,0,3,0.125
mdgo_v11_probe_001390,triple_asof_interleaved,3,0,0,204,0,3,0.125
mdgo_v11_probe_001391,reference_case_reconstruction,3,1,208,412,0,2,0.25
mdgo_v11_probe_001392,surface_decoy_pair,2,0,0,204,0,2,0.25
mdgo_v11_probe_001393,triple_asof_interleaved,3,0,0,204,0,3,0.125
mdgo_v11_probe_001394,reference_case_reconstruction,3,1,140,344,0,2,0.25
mdgo_v11_probe_001395,triple_asof_interleaved,3,0,0,204,0,3,0.125
mdgo_v11_probe_001396,dual_asof_reversal,2,0,0,204,0,2,0.25
mdgo_v11_probe_001397,triple_asof_interleaved,3,0,0,204,0,3,0.125
mdgo_v11_probe_001398,triple_asof_interleaved,3,0,0,204,0,3,0.125
mdgo_v11_probe_001399,triple_asof_interleaved,3,0,0,204,0,3,0.125
mdgo_v11_probe_001400,provenance_weighted_triple,3,0,0,204,0,3,0.125
mdgo_v11_probe_001401,dual_asof_reversal,2,0,0,204,0,2,0.25
mdgo_v11_probe_001402,surface_decoy_pair,2,0,0,204,0,2,0.25
mdgo_v11_probe_001403,suggestion_rejection_pair,2,0,0,204,0,2,0.25
mdgo_v11_probe_001404,surface_decoy_pair,2,0,0,204,0,2,0.25
mdgo_v11_probe_001405,suggestion_rejection_pair,2,0,0,204,0,2,0.25
mdgo_v11_probe_001406,surface_decoy_pair,2,0,0,204,0,2,0.25
mdgo_v11_probe_001407,dual_asof_reversal,2,0,0,204,0,2,0.25
mdgo_v11_probe_001408,dual_asof_reversal,2,0,0,204,0,2,0.25
mdgo_v11_probe_001409,triple_asof_interleaved,3,0,0,204,0,3,0.125
mdgo_v11_probe_001410,suggestion_rejection_pair,2,0,0,204,0,2,0.25
mdgo_v11_probe_001411,triple_asof_interleaved,3,0,0,204,0,3,0.125
mdgo_v11_probe_001412,dual_asof_reversal,2,0,0,204,0,2,0.25
mdgo_v11_probe_001413,surface_decoy_pair,2,0,0,204,0,2,0.25
mdgo_v11_probe_001414,triple_asof_interleaved,3,0,0,204,0,3,0.125
mdgo_v11_probe_001415,triple_asof_interleaved,3,0,0,204,0,3,0.125
mdgo_v11_probe_001416,provenance_weighted_triple,3,0,0,204,0,3,0.125
mdgo_v11_probe_001417,triple_asof_interleaved,3,0,0,204,0,3,0.125
mdgo_v11_probe_001418,provenance_weighted_triple,3,0,0,204,0,3,0.125
mdgo_v11_probe_001419,dual_asof_reversal,2,0,0,204,0,2,0.25
mdgo_v11_probe_001420,surface_decoy_pair,2,0,0,204,0,2,0.25
mdgo_v11_probe_001421,suggestion_rejection_pair,2,0,0,204,0,2,0.25
mdgo_v11_probe_001422,dual_asof_reversal,2,0,0,204,0,2,0.25
mdgo_v11_probe_001423,suggestion_rejection_pair,2,0,0,204,0,2,0.25
mdgo_v11_probe_001424,reference_case_reconstruction,3,1,140,344,0,2,0.25
mdgo_v11_probe_001425,provenance_weighted_triple,3,0,0,204,0,3,0.125
mdgo_v11_probe_001426,dual_asof_reversal,2,0,0,204,0,2,0.25
mdgo_v11_probe_001427,triple_asof_interleaved,3,0,0,204,0,3,0.125
mdgo_v11_probe_001428,suggestion_rejection_pair,2,0,0,204,0,2,0.25
mdgo_v11_probe_001429,surface_decoy_pair,2,0,0,204,0,2,0.25
mdgo_v11_probe_001430,provenance_weighted_triple,3,0,0,204,0,3,0.125
mdgo_v11_probe_001431,surface_decoy_pair,2,0,0,204,0,2,0.25
mdgo_v11_probe_001432,provenance_weighted_triple,3,0,0,204,0,3,0.125
mdgo_v11_probe_001433,dual_asof_reversal,2,0,0,204,0,2,0.25
mdgo_v11_probe_001434,dual_asof_reversal,2,0,0,204,0,2,0.25
mdgo_v11_probe_001435,dual_asof_reversal,2,0,0,204,0,2,0.25
mdgo_v11_probe_001436,provenance_weighted_triple,3,0,0,204,0,3,0.125
mdgo_v11_probe_001437,dual_asof_reversal,2,0,0,204,0,2,0.25
mdgo_v11_probe_001438,suggestion_rejection_pair,2,0,0,204,0,2,0.25
mdgo_v11_probe_001439,triple_asof_interleaved,3,0,0,204,0,3,0.125
mdgo_v11_probe_001440,suggestion_rejection_pair,2,0,0,204,0,2,0.25
mdgo_v11_probe_001441,triple_asof_interleaved,3,0,0,204,0,3,0.125
mdgo_v11_probe_001442,triple_asof_interleaved,3,0,0,204,0,3,0.125
mdgo_v11_probe_001443,dual_asof_reversal,2,0,0,204,0,2,0.25
mdgo_v11_probe_001444,triple_asof_interleaved,3,0,0,204,0,3,0.125
mdgo_v11_probe_001445,dual_asof_reversal,2,0,0,204,0,2,0.25
mdgo_v11_probe_001446,triple_asof_interleaved,3,0,0,204,0,3,0.125
mdgo_v11_probe_001447,dual_asof_reversal,2,0,0,204,0,2,0.25
mdgo_v11_probe_001448,triple_asof_interleaved,3,0,0,204,0,3,0.125
mdgo_v11_probe_001449,dual_asof_reversal,2,0,0,204,0,2,0.25
mdgo_v11_probe_001450,dual_asof_reversal,2,0,0,204,0,2,0.25
mdgo_v11_probe_001451,triple_asof_interleaved,3,0,0,204,0,3,0.125
mdgo_v11_probe_001452,triple_asof_interleaved,3,0,0,204,0,3,0.125
mdgo_v11_probe_001453,dual_asof_reversal,2,0,0,204,0,2,0.25
mdgo_v11_probe_001454,dual_asof_reversal,2,0,0,204,0,2,0.25
mdgo_v11_probe_001455,dual_asof_reversal,2,0,0,204,0,2,0.25
mdgo_v11_probe_001456,dual_asof_reversal,2,0,0,204,0,2,0.25
mdgo_v11_probe_001457,surface_decoy_pair,2,0,0,204,0,2,0.25
mdgo_v11_probe_001458,triple_asof_interleaved,3,0,0,204,0,3,0.125
mdgo_v11_probe_001459,triple_asof_interleaved,3,0,0,204,0,3,0.125
mdgo_v11_probe_001460,surface_decoy_pair,2,0,0,204,0,2,0.25
mdgo_v11_probe_001461,surface_decoy_pair,2,0,0,204,0,2,0.25
mdgo_v11_probe_001462,surface_decoy_pair,2,0,0,204,0,2,0.25
mdgo_v11_probe_001463,triple_asof_interleaved,3,0,0,204,0,3,0.125
mdgo_v11_probe_001464,triple_asof_interleaved,3,0,0,204,0,3,0.125
mdgo_v11_probe_001465,reference_case_reconstruction,3,1,208,412,0,2,0.25
mdgo_v11_probe_001466,surface_decoy_pair,2,0,0,204,0,2,0.25
mdgo_v11_probe_001467,dual_asof_reversal,2,0,0,204,0,2,0.25
mdgo_v11_probe_001468,dual_asof_reversal,2,0,0,204,0,2,0.25
mdgo_v11_probe_001469,reference_case_reconstruction,3,1,208,412,0,2,0.25
mdgo_v11_probe_001470,triple_asof_interleaved,3,0,0,204,0,3,0.125
mdgo_v11_probe_001471,triple_asof_interleaved,3,0,0,204,0,3,0.125
mdgo_v11_probe_001472,dual_asof_reversal,2,0,0,204,0,2,0.25
mdgo_v11_probe_001473,reference_case_reconstruction,3,1,208,412,0,2,0.25
mdgo_v11_probe_001474,reference_case_reconstruction,3,1,140,344,0,2,0.25
mdgo_v11_probe_001475,dual_asof_reversal,2,0,0,204,0,2,0.25
mdgo_v11_probe_001476,surface_decoy_pair,2,0,0,204,0,2,0.25
mdgo_v11_probe_001477,triple_asof_interleaved,3,0,0,204,0,3,0.125
mdgo_v11_probe_001478,dual_asof_reversal,2,0,0,204,0,2,0.25
mdgo_v11_probe_001479,dual_asof_reversal,2,0,0,204,0,2,0.25
mdgo_v11_probe_001480,provenance_weighted_triple,3,0,0,204,0,3,0.125
mdgo_v11_probe_001481,dual_asof_reversal,2,0,0,204,0,2,0.25
mdgo_v11_probe_001482,surface_decoy_pair,2,0,0,204,0,2,0.25
mdgo_v11_probe_001483,surface_decoy_pair,2,0,0,204,0,2,0.25
mdgo_v11_probe_001484,dual_asof_reversal,2,0,0,204,0,2,0.25
mdgo_v11_probe_001485,reference_case_reconstruction,3,1,208,412,0,2,0.25
mdgo_v11_probe_001486,reference_case_reconstruction,3,1,140,344,0,2,0.25
mdgo_v11_probe_001487,reference_case_reconstruction,3,1,208,412,0,2,0.25
mdgo_v11_probe_001488,triple_asof_interleaved,3,0,0,204,0,3,0.125
mdgo_v11_probe_001489,surface_decoy_pair,2,0,0,204,0,2,0.25
mdgo_v11_probe_001490,triple_asof_interleaved,3,0,0,204,0,3,0.125
mdgo_v11_probe_001491,triple_asof_interleaved,3,0,0,204,0,3,0.125
mdgo_v11_probe_001492,surface_decoy_pair,2,0,0,204,0,2,0.25
mdgo_v11_probe_001493,surface_decoy_pair,2,0,0,204,0,2,0.25
mdgo_v11_probe_001494,surface_decoy_pair,2,0,0,204,0,2,0.25
mdgo_v11_probe_001495,dual_asof_reversal,2,0,0,204,0,2,0.25
mdgo_v11_probe_001496,provenance_weighted_triple,3,0,0,204,0,3,0.125
mdgo_v11_probe_001497,triple_asof_interleaved,3,0,0,204,0,3,0.125
mdgo_v11_probe_001498,reference_case_reconstruction,3,1,140,344,0,2,0.25
mdgo_v11_probe_001499,reference_case_reconstruction,3,1,208,412,0,2,0.25
mdgo_v11_probe_001500,dual_asof_reversal,2,0,0,204,0,2,0.25
mdgo_v11_probe_001501,reference_case_reconstruction,3,1,208,412,0,2,0.25
mdgo_v11_probe_001502,triple_asof_interleaved,3,0,0,204,0,3,0.125
mdgo_v11_probe_001503,triple_asof_interleaved,3,0,0,204,0,3,0.125
mdgo_v11_probe_001504,suggestion_rejection_pair,2,0,0,204,0,2,0.25
mdgo_v11_probe_001505,dual_asof_reversal,2,0,0,204,0,2,0.25
mdgo_v11_probe_001506,triple_asof_interleaved,3,0,0,204,0,3,0.125
mdgo_v11_probe_001507,dual_asof_reversal,2,0,0,204,0,2,0.25
mdgo_v11_probe_001508,surface_decoy_pair,2,0,0,204,0,2,0.25
mdgo_v11_probe_001509,surface_decoy_pair,2,0,0,204,0,2,0.25
mdgo_v11_probe_001510,surface_decoy_pair,2,0,0,204,0,2,0.25
mdgo_v11_probe_001511,scope_temporal_pair,2,0,0,204,0,2,0.25
mdgo_v11_probe_001512,dual_asof_reversal,2,0,0,204,0,2,0.25
mdgo_v11_probe_001513,triple_asof_interleaved,3,0,0,204,0,3,0.125
mdgo_v11_probe_001514,suggestion_rejection_pair,2,0,0,204,0,2,0.25
mdgo_v11_probe_001515,reference_case_reconstruction,3,1,208,412,0,2,0.25
mdgo_v11_probe_001516,surface_decoy_pair,2,0,0,204,0,2,0.25
mdgo_v11_probe_001517,triple_asof_interleaved,3,0,0,204,0,3,0.125
mdgo_v11_probe_001518,surface_decoy_pair,2,0,0,204,0,2,0.25
mdgo_v11_probe_001519,dual_asof_reversal,2,0,0,204,0,2,0.25
mdgo_v11_probe_001520,dual_asof_reversal,2,0,0,204,0,2,0.25
mdgo_v11_probe_001521,reference_case_reconstruction,3,1,208,412,0,2,0.25
mdgo_v11_probe_001522,suggestion_rejection_pair,2,0,0,204,0,2,0.25
mdgo_v11_probe_001523,dual_asof_reversal,2,0,0,204,0,2,0.25
mdgo_v11_probe_001524,dual_asof_reversal,2,0,0,204,0,2,0.25
mdgo_v11_probe_001525,dual_asof_reversal,2,0,0,204,0,2,0.25
mdgo_v11_probe_001526,suggestion_rejection_pair,2,0,0,204,0,2,0.25
mdgo_v11_probe_001527,reference_case_reconstruction,3,1,208,412,0,2,0.25
mdgo_v11_probe_001528,triple_asof_interleaved,3,0,0,204,0,3,0.125
mdgo_v11_probe_001529,triple_asof_interleaved,3,0,0,204,0,3,0.125
mdgo_v11_probe_001530,triple_asof_interleaved,3,0,0,204,0,3,0.125
mdgo_v11_probe_001531,surface_decoy_pair,2,0,0,204,0,2,0.25
mdgo_v11_probe_001532,dual_asof_reversal,2,0,0,204,0,2,0.25
mdgo_v11_probe_001533,provenance_weighted_triple,3,0,0,204,0,3,0.125
mdgo_v11_probe_001534,triple_asof_interleaved,3,0,0,204,0,3,0.125
mdgo_v11_probe_001535,provenance_weighted_triple,3,0,0,204,0,3,0.125
mdgo_v11_probe_001536,suggestion_rejection_pair,2,0,0,204,0,2,0.25
mdgo_v11_probe_001537,dual_asof_reversal,2,0,0,204,0,2,0.25
mdgo_v11_probe_001538,dual_asof_reversal,2,0,0,204,0,2,0.25
mdgo_v11_probe_001539,surface_decoy_pair,2,0,0,204,0,2,0.25
mdgo_v11_probe_001540,surface_decoy_pair,2,0,0,204,0,2,0.25
mdgo_v11_probe_001541,triple_asof_interleaved,3,0,0,204,0,3,0.125
mdgo_v11_probe_001542,suggestion_rejection_pair,2,0,0,204,0,2,0.25
mdgo_v11_probe_001543,suggestion_rejection_pair,2,0,0,204,0,2,0.25
mdgo_v11_probe_001544,triple_asof_interleaved,3,0,0,204,0,3,0.125
mdgo_v11_probe_001545,surface_decoy_pair,2,0,0,204,0,2,0.25
mdgo_v11_probe_001546,triple_asof_interleaved,3,0,0,204,0,3,0.125
mdgo_v11_probe_001547,triple_asof_interleaved,3,0,0,204,0,3,0.125
mdgo_v11_probe_001548,triple_asof_interleaved,3,0,0,204,0,3,0.125
mdgo_v11_probe_001549,surface_decoy_pair,2,0,0,204,0,2,0.25
mdgo_v11_probe_001550,surface_decoy_pair,2,0,0,204,0,2,0.25
mdgo_v11_probe_001551,reference_case_reconstruction,3,1,208,412,0,2,0.25
mdgo_v11_probe_001552,dual_asof_reversal,2,0,0,204,0,2,0.25
mdgo_v11_probe_001553,triple_asof_interleaved,3,0,0,204,0,3,0.125
mdgo_v11_probe_001554,surface_decoy_pair,2,0,0,204,0,2,0.25
mdgo_v11_probe_001555,triple_asof_interleaved,3,0,0,204,0,3,0.125
mdgo_v11_probe_001556,dual_asof_reversal,2,0,0,204,0,2,0.25
mdgo_v11_probe_001557,reference_case_reconstruction,3,1,208,412,0,2,0.25
mdgo_v11_probe_001558,reference_case_reconstruction,3,1,140,344,0,2,0.25
mdgo_v11_probe_001559,provenance_weighted_triple,3,0,0,204,0,3,0.125
mdgo_v11_probe_001560,dual_asof_reversal,2,0,0,204,0,2,0.25
mdgo_v11_probe_001561,triple_asof_interleaved,3,0,0,204,0,3,0.125
mdgo_v11_probe_001562,dual_asof_reversal,2,0,0,204,0,2,0.25
mdgo_v11_probe_001563,dual_asof_reversal,2,0,0,204,0,2,0.25
mdgo_v11_probe_001564,dual_asof_reversal,2,0,0,204,0,2,0.25
mdgo_v11_probe_001565,dual_asof_reversal,2,0,0,204,0,2,0.25
mdgo_v11_probe_001566,suggestion_rejection_pair,2,0,0,204,0,2,0.25
mdgo_v11_probe_001567,dual_asof_reversal,2,0,0,204,0,2,0.25
mdgo_v11_probe_001568,dual_asof_reversal,2,0,0,204,0,2,0.25
mdgo_v11_probe_001569,scope_temporal_pair,2,0,0,204,0,2,0.25
mdgo_v11_probe_001570,triple_asof_interleaved,3,0,0,204,0,3,0.125
mdgo_v11_probe_001571,provenance_weighted_triple,3,0,0,204,0,3,0.125
mdgo_v11_probe_001572,reference_case_reconstruction,3,1,140,344,0,2,0.25
mdgo_v11_probe_001573,triple_asof_interleaved,3,0,0,204,0,3,0.125
mdgo_v11_probe_001574,dual_asof_reversal,2,0,0,204,0,2,0.25
mdgo_v11_probe_001575,dual_asof_reversal,2,0,0,204,0,2,0.25
mdgo_v11_probe_001576,triple_asof_interleaved,3,0,0,204,0,3,0.125
mdgo_v11_probe_001577,dual_asof_reversal,2,0,0,204,0,2,0.25
mdgo_v11_probe_001578,reference_case_reconstruction,3,1,140,344,0,2,0.25
mdgo_v11_probe_001579,surface_decoy_pair,2,0,0,204,0,2,0.25
mdgo_v11_probe_001580,triple_asof_interleaved,3,0,0,204,0,3,0.125
mdgo_v11_probe_001581,suggestion_rejection_pair,2,0,0,204,0,2,0.25
mdgo_v11_probe_001582,provenance_weighted_triple,3,0,0,204,0,3,0.125
mdgo_v11_probe_001583,dual_asof_reversal,2,0,0,204,0,2,0.25
mdgo_v11_probe_001584,triple_asof_interleaved,3,0,0,204,0,3,0.125
mdgo_v11_probe_001585,dual_asof_reversal,2,0,0,204,0,2,0.25
mdgo_v11_probe_001586,surface_decoy_pair,2,0,0,204,0,2,0.25
mdgo_v11_probe_001587,dual_asof_reversal,2,0,0,204,0,2,0.25
mdgo_v11_probe_001588,reference_case_reconstruction,3,1,140,344,0,2,0.25
mdgo_v11_probe_001589,suggestion_rejection_pair,2,0,0,204,0,2,0.25
mdgo_v11_probe_001590,dual_asof_reversal,2,0,0,204,0,2,0.25
mdgo_v11_probe_001591,provenance_weighted_triple,3,0,0,204,0,3,0.125
mdgo_v11_probe_001592,dual_asof_reversal,2,0,0,204,0,2,0.25
mdgo_v11_probe_001593,dual_asof_reversal,2,0,0,204,0,2,0.25
mdgo_v11_probe_001594,provenance_weighted_triple,3,0,0,204,0,3,0.125
mdgo_v11_probe_001595,reference_case_reconstruction,3,1,208,412,0,2,0.25
mdgo_v11_probe_001596,reference_case_reconstruction,3,1,140,344,0,2,0.25
mdgo_v11_probe_001597,surface_decoy_pair,2,0,0,204,0,2,0.25
mdgo_v11_probe_001598,surface_decoy_pair,2,0,0,204,0,2,0.25
mdgo_v11_probe_001599,surface_decoy_pair,2,0,0,204,0,2,0.25
mdgo_v11_probe_001600,dual_asof_reversal,2,0,0,204,0,2,0.25
mdgo_v11_probe_001601,triple_asof_interleaved,3,0,0,204,0,3,0.125
mdgo_v11_probe_001602,triple_asof_interleaved,3,0,0,204,0,3,0.125
mdgo_v11_probe_001603,triple_asof_interleaved,3,0,0,204,0,3,0.125
mdgo_v11_probe_001604,triple_asof_interleaved,3,0,0,204,0,3,0.125
mdgo_v11_probe_001605,dual_asof_reversal,2,0,0,204,0,2,0.25
mdgo_v11_probe_001606,dual_asof_reversal,2,0,0,204,0,2,0.25
mdgo_v11_probe_001607,triple_asof_interleaved,3,0,0,204,0,3,0.125
mdgo_v11_probe_001608,provenance_weighted_triple,3,0,0,204,0,3,0.125
mdgo_v11_probe_001609,provenance_weighted_triple,3,0,0,204,0,3,0.125
mdgo_v11_probe_001610,reference_case_reconstruction,3,1,140,344,0,2,0.25
mdgo_v11_probe_001611,suggestion_rejection_pair,2,0,0,204,0,2,0.25
mdgo_v11_probe_001612,surface_decoy_pair,2,0,0,204,0,2,0.25
mdgo_v11_probe_001613,dual_asof_reversal,2,0,0,204,0,2,0.25
mdgo_v11_probe_001614,scope_temporal_pair,2,0,0,204,0,2,0.25
mdgo_v11_probe_001615,reference_case_reconstruction,3,1,208,412,0,2,0.25
mdgo_v11_probe_001616,scope_temporal_pair,2,0,0,204,0,2,0.25
mdgo_v11_probe_001617,triple_asof_interleaved,3,0,0,204,0,3,0.125
mdgo_v11_probe_001618,triple_asof_interleaved,3,0,0,204,0,3,0.125
mdgo_v11_probe_001619,surface_decoy_pair,2,0,0,204,0,2,0.25
mdgo_v11_probe_001620,triple_asof_interleaved,3,0,0,204,0,3,0.125
mdgo_v11_probe_001621,reference_case_reconstruction,3,1,208,412,0,2,0.25
mdgo_v11_probe_001622,surface_decoy_pair,2,0,0,204,0,2,0.25
mdgo_v11_probe_001623,suggestion_rejection_pair,2,0,0,204,0,2,0.25
mdgo_v11_probe_001624,triple_asof_interleaved,3,0,0,204,0,3,0.125
mdgo_v11_probe_001625,reference_case_reconstruction,3,1,208,412,0,2,0.25
mdgo_v11_probe_001626,triple_asof_interleaved,3,0,0,204,0,3,0.125
mdgo_v11_probe_001627,reference_case_reconstruction,3,1,208,412,0,2,0.25
mdgo_v11_probe_001628,reference_case_reconstruction,3,1,140,344,0,2,0.25
mdgo_v11_probe_001629,dual_asof_reversal,2,0,0,204,0,2,0.25
mdgo_v11_probe_001630,triple_asof_interleaved,3,0,0,204,0,3,0.125
mdgo_v11_probe_001631,triple_asof_interleaved,3,0,0,204,0,3,0.125
mdgo_v11_probe_001632,reference_case_reconstruction,3,1,140,344,0,2,0.25
mdgo_v11_probe_001633,provenance_weighted_triple,3,0,0,204,0,3,0.125
mdgo_v11_probe_001634,triple_asof_interleaved,3,0,0,204,0,3,0.125
mdgo_v11_probe_001635,triple_asof_interleaved,3,0,0,204,0,3,0.125
mdgo_v11_probe_001636,triple_asof_interleaved,3,0,0,204,0,3,0.125
mdgo_v11_probe_001637,suggestion_rejection_pair,2,0,0,204,0,2,0.25
mdgo_v11_probe_001638,suggestion_rejection_pair,2,0,0,204,0,2,0.25
mdgo_v11_probe_001639,dual_asof_reversal,2,0,0,204,0,2,0.25
mdgo_v11_probe_001640,reference_case_reconstruction,3,1,140,344,0,2,0.25
mdgo_v11_probe_001641,reference_case_reconstruction,3,1,208,412,0,2,0.25
mdgo_v11_probe_001642,suggestion_rejection_pair,2,0,0,204,0,2,0.25
mdgo_v11_probe_001643,surface_decoy_pair,2,0,0,204,0,2,0.25
mdgo_v11_probe_001644,dual_asof_reversal,2,0,0,204,0,2,0.25
mdgo_v11_probe_001645,reference_case_reconstruction,3,1,208,412,0,2,0.25
mdgo_v11_probe_001646,triple_asof_interleaved,3,0,0,204,0,3,0.125
mdgo_v11_probe_001647,triple_asof_interleaved,3,0,0,204,0,3,0.125
mdgo_v11_probe_001648,provenance_weighted_triple,3,0,0,204,0,3,0.125
mdgo_v11_probe_001649,surface_decoy_pair,2,0,0,204,0,2,0.25
mdgo_v11_probe_001650,reference_case_reconstruction,3,1,140,344,0,2,0.25
mdgo_v11_probe_001651,triple_asof_interleaved,3,0,0,204,0,3,0.125
mdgo_v11_probe_001652,surface_decoy_pair,2,0,0,204,0,2,0.25
mdgo_v11_probe_001653,provenance_weighted_triple,3,0,0,204,0,3,0.125
mdgo_v11_probe_001654,triple_asof_interleaved,3,0,0,204,0,3,0.125
mdgo_v11_probe_001655,surface_decoy_pair,2,0,0,204,0,2,0.25
mdgo_v11_probe_001656,surface_decoy_pair,2,0,0,204,0,2,0.25
mdgo_v11_probe_001657,reference_case_reconstruction,3,1,208,412,0,2,0.25
mdgo_v11_probe_001658,suggestion_rejection_pair,2,0,0,204,0,2,0.25
mdgo_v11_probe_001659,suggestion_rejection_pair,2,0,0,204,0,2,0.25
mdgo_v11_probe_001660,reference_case_reconstruction,3,1,140,344,0,2,0.25
mdgo_v11_probe_001661,triple_asof_interleaved,3,0,0,204,0,3,0.125
mdgo_v11_probe_001662,provenance_weighted_triple,3,0,0,204,0,3,0.125
mdgo_v11_probe_001663,dual_asof_reversal,2,0,0,204,0,2,0.25
mdgo_v11_probe_001664,triple_asof_interleaved,3,0,0,204,0,3,0.125
mdgo_v11_probe_001665,triple_asof_interleaved,3,0,0,204,0,3,0.125
mdgo_v11_probe_001666,dual_asof_reversal,2,0,0,204,0,2,0.25
mdgo_v11_probe_001667,provenance_weighted_triple,3,0,0,204,0,3,0.125
mdgo_v11_probe_001668,reference_case_reconstruction,3,1,140,344,0,2,0.25
mdgo_v11_probe_001669,suggestion_rejection_pair,2,0,0,204,0,2,0.25
mdgo_v11_probe_001670,triple_asof_interleaved,3,0,0,204,0,3,0.125
mdgo_v11_probe_001671,reference_case_reconstruction,3,1,208,412,0,2,0.25
mdgo_v11_probe_001672,triple_asof_interleaved,3,0,0,204,0,3,0.125
mdgo_v11_probe_001673,provenance_weighted_triple,3,0,0,204,0,3,0.125
mdgo_v11_probe_001674,triple_asof_interleaved,3,0,0,204,0,3,0.125
mdgo_v11_probe_001675,dual_asof_reversal,2,0,0,204,0,2,0.25
mdgo_v11_probe_001676,surface_decoy_pair,2,0,0,204,0,2,0.25
mdgo_v11_probe_001677,reference_case_reconstruction,3,1,208,412,0,2,0.25
mdgo_v11_probe_001678,reference_case_reconstruction,3,1,140,344,0,2,0.25
mdgo_v11_probe_001679,reference_case_reconstruction,3,1,208,412,0,2,0.25
mdgo_v11_probe_001680,triple_asof_interleaved,3,0,0,204,0,3,0.125
mdgo_v11_probe_001681,reference_case_reconstruction,3,1,208,412,0,2,0.25
mdgo_v11_probe_001682,dual_asof_reversal,2,0,0,204,0,2,0.25
mdgo_v11_probe_001683,suggestion_rejection_pair,2,0,0,204,0,2,0.25
mdgo_v11_probe_001684,triple_asof_interleaved,3,0,0,204,0,3,0.125
mdgo_v11_probe_001685,reference_case_reconstruction,3,1,208,412,0,2,0.25
mdgo_v11_probe_001686,triple_asof_interleaved,3,0,0,204,0,3,0.125
mdgo_v11_probe_001687,surface_decoy_pair,2,0,0,204,0,2,0.25
mdgo_v11_probe_001688,triple_asof_interleaved,3,0,0,204,0,3,0.125
mdgo_v11_probe_001689,triple_asof_interleaved,3,0,0,204,0,3,0.125
mdgo_v11_probe_001690,suggestion_rejection_pair,2,0,0,204,0,2,0.25
mdgo_v11_probe_001691,surface_decoy_pair,2,0,0,204,0,2,0.25
mdgo_v11_probe_001692,dual_asof_reversal,2,0,0,204,0,2,0.25
mdgo_v11_probe_001693,triple_asof_interleaved,3,0,0,204,0,3,0.125
mdgo_v11_probe_001694,surface_decoy_pair,2,0,0,204,0,2,0.25
mdgo_v11_probe_001695,provenance_weighted_triple,3,0,0,204,0,3,0.125
mdgo_v11_probe_001696,provenance_weighted_triple,3,0,0,204,0,3,0.125
mdgo_v11_probe_001697,reference_case_reconstruction,3,1,208,412,0,2,0.25
mdgo_v11_probe_001698,surface_decoy_pair,2,0,0,204,0,2,0.25
mdgo_v11_probe_001699,dual_asof_reversal,2,0,0,204,0,2,0.25
mdgo_v11_probe_001700,triple_asof_interleaved,3,0,0,204,0,3,0.125
mdgo_v11_probe_001701,reference_case_reconstruction,3,1,208,412,0,2,0.25
mdgo_v11_probe_001702,surface_decoy_pair,2,0,0,204,0,2,0.25
mdgo_v11_probe_001703,suggestion_rejection_pair,2,0,0,204,0,2,0.25
mdgo_v11_probe_001704,surface_decoy_pair,2,0,0,204,0,2,0.25
mdgo_v11_probe_001705,surface_decoy_pair,2,0,0,204,0,2,0.25
mdgo_v11_probe_001706,triple_asof_interleaved,3,0,0,204,0,3,0.125
mdgo_v11_probe_001707,reference_case_reconstruction,3,1,208,412,0,2,0.25
mdgo_v11_probe_001708,provenance_weighted_triple,3,0,0,204,0,3,0.125
mdgo_v11_probe_001709,dual_asof_reversal,2,0,0,204,0,2,0.25
mdgo_v11_probe_001710,triple_asof_interleaved,3,0,0,204,0,3,0.125
mdgo_v11_probe_001711,dual_asof_reversal,2,0,0,204,0,2,0.25
mdgo_v11_probe_001712,suggestion_rejection_pair,2,0,0,204,0,2,0.25
mdgo_v11_probe_001713,triple_asof_interleaved,3,0,0,204,0,3,0.125
mdgo_v11_probe_001714,suggestion_rejection_pair,2,0,0,204,0,2,0.25
mdgo_v11_probe_001715,triple_asof_interleaved,3,0,0,204,0,3,0.125
mdgo_v11_probe_001716,dual_asof_reversal,2,0,0,204,0,2,0.25
mdgo_v11_probe_001717,reference_case_reconstruction,3,1,208,412,0,2,0.25
mdgo_v11_probe_001718,reference_case_reconstruction,3,1,140,344,0,2,0.25
mdgo_v11_probe_001719,scope_temporal_pair,2,0,0,204,0,2,0.25
mdgo_v11_probe_001720,surface_decoy_pair,2,0,0,204,0,2,0.25
mdgo_v11_probe_001721,triple_asof_interleaved,3,0,0,204,0,3,0.125
mdgo_v11_probe_001722,surface_decoy_pair,2,0,0,204,0,2,0.25
mdgo_v11_probe_001723,reference_case_reconstruction,3,1,208,412,0,2,0.25
mdgo_v11_probe_001724,dual_asof_reversal,2,0,0,204,0,2,0.25
mdgo_v11_probe_001725,provenance_weighted_triple,3,0,0,204,0,3,0.125
mdgo_v11_probe_001726,scope_temporal_pair,2,0,0,204,0,2,0.25
mdgo_v11_probe_001727,dual_asof_reversal,2,0,0,204,0,2,0.25
mdgo_v11_probe_001728,dual_asof_reversal,2,0,0,204,0,2,0.25
mdgo_v11_probe_001729,dual_asof_reversal,2,0,0,204,0,2,0.25
mdgo_v11_probe_001730,provenance_weighted_triple,3,0,0,204,0,3,0.125
mdgo_v11_probe_001731,surface_decoy_pair,2,0,0,204,0,2,0.25
mdgo_v11_probe_001732,dual_asof_reversal,2,0,0,204,0,2,0.25
mdgo_v11_probe_001733,reference_case_reconstruction,3,1,208,412,0,2,0.25
mdgo_v11_probe_001734,reference_case_reconstruction,3,1,140,344,0,2,0.25
mdgo_v11_probe_001735,surface_decoy_pair,2,0,0,204,0,2,0.25
mdgo_v11_probe_001736,dual_asof_reversal,2,0,0,204,0,2,0.25
mdgo_v11_probe_001737,suggestion_rejection_pair,2,0,0,204,0,2,0.25
mdgo_v11_probe_001738,reference_case_reconstruction,3,1,140,344,0,2,0.25
mdgo_v11_probe_001739,reference_case_reconstruction,3,1,208,412,0,2,0.25
mdgo_v11_probe_001740,surface_decoy_pair,2,0,0,204,0,2,0.25
mdgo_v11_probe_001741,triple_asof_interleaved,3,0,0,204,0,3,0.125
mdgo_v11_probe_001742,surface_decoy_pair,2,0,0,204,0,2,0.25
mdgo_v11_probe_001743,scope_temporal_pair,2,0,0,204,0,2,0.25
mdgo_v11_probe_001744,dual_asof_reversal,2,0,0,204,0,2,0.25
mdgo_v11_probe_001745,dual_asof_reversal,2,0,0,204,0,2,0.25
mdgo_v11_probe_001746,surface_decoy_pair,2,0,0,204,0,2,0.25
mdgo_v11_probe_001747,surface_decoy_pair,2,0,0,204,0,2,0.25
mdgo_v11_probe_001748,suggestion_rejection_pair,2,0,0,204,0,2,0.25
mdgo_v11_probe_001749,surface_decoy_pair,2,0,0,204,0,2,0.25
mdgo_v11_probe_001750,scope_temporal_pair,2,0,0,204,0,2,0.25
mdgo_v11_probe_001751,reference_case_reconstruction,3,1,208,412,0,2,0.25
mdgo_v11_probe_001752,dual_asof_reversal,2,0,0,204,0,2,0.25
mdgo_v11_probe_001753,triple_asof_interleaved,3,0,0,204,0,3,0.125
mdgo_v11_probe_001754,suggestion_rejection_pair,2,0,0,204,0,2,0.25
mdgo_v11_probe_001755,suggestion_rejection_pair,2,0,0,204,0,2,0.25
mdgo_v11_probe_001756,suggestion_rejection_pair,2,0,0,204,0,2,0.25
mdgo_v11_probe_001757,triple_asof_interleaved,3,0,0,204,0,3,0.125
mdgo_v11_probe_001758,dual_asof_reversal,2,0,0,204,0,2,0.25
mdgo_v11_probe_001759,provenance_weighted_triple,3,0,0,204,0,3,0.125
mdgo_v11_probe_001760,triple_asof_interleaved,3,0,0,204,0,3,0.125
mdgo_v11_probe_001761,triple_asof_interleaved,3,0,0,204,0,3,0.125
mdgo_v11_probe_001762,surface_decoy_pair,2,0,0,204,0,2,0.25
mdgo_v11_probe_001763,triple_asof_interleaved,3,0,0,204,0,3,0.125
mdgo_v11_probe_001764,reference_case_reconstruction,3,1,140,344,0,2,0.25
mdgo_v11_probe_001765,triple_asof_interleaved,3,0,0,204,0,3,0.125
mdgo_v11_probe_001766,reference_case_reconstruction,3,1,140,344,0,2,0.25
mdgo_v11_probe_001767,triple_asof_interleaved,3,0,0,204,0,3,0.125
mdgo_v11_probe_001768,scope_temporal_pair,2,0,0,204,0,2,0.25
mdgo_v11_probe_001769,reference_case_reconstruction,3,1,208,412,0,2,0.25
mdgo_v11_probe_001770,suggestion_rejection_pair,2,0,0,204,0,2,0.25
mdgo_v11_probe_001771,provenance_weighted_triple,3,0,0,204,0,3,0.125
mdgo_v11_probe_001772,surface_decoy_pair,2,0,0,204,0,2,0.25
mdgo_v11_probe_001773,reference_case_reconstruction,3,1,208,412,0,2,0.25
mdgo_v11_probe_001774,dual_asof_reversal,2,0,0,204,0,2,0.25
mdgo_v11_probe_001775,dual_asof_reversal,2,0,0,204,0,2,0.25
mdgo_v11_probe_001776,surface_decoy_pair,2,0,0,204,0,2,0.25
mdgo_v11_probe_001777,provenance_weighted_triple,3,0,0,204,0,3,0.125
mdgo_v11_probe_001778,triple_asof_interleaved,3,0,0,204,0,3,0.125
mdgo_v11_probe_001779,dual_asof_reversal,2,0,0,204,0,2,0.25
mdgo_v11_probe_001780,dual_asof_reversal,2,0,0,204,0,2,0.25
mdgo_v11_probe_001781,triple_asof_interleaved,3,0,0,204,0,3,0.125
mdgo_v11_probe_001782,dual_asof_reversal,2,0,0,204,0,2,0.25
mdgo_v11_probe_001783,provenance_weighted_triple,3,0,0,204,0,3,0.125
mdgo_v11_probe_001784,surface_decoy_pair,2,0,0,204,0,2,0.25
mdgo_v11_probe_001785,triple_asof_interleaved,3,0,0,204,0,3,0.125
mdgo_v11_probe_001786,dual_asof_reversal,2,0,0,204,0,2,0.25
mdgo_v11_probe_001787,suggestion_rejection_pair,2,0,0,204,0,2,0.25
mdgo_v11_probe_001788,surface_decoy_pair,2,0,0,204,0,2,0.25
mdgo_v11_probe_001789,triple_asof_interleaved,3,0,0,204,0,3,0.125
mdgo_v11_probe_001790,suggestion_rejection_pair,2,0,0,204,0,2,0.25
mdgo_v11_probe_001791,reference_case_reconstruction,3,1,208,412,0,2,0.25
mdgo_v11_probe_001792,triple_asof_interleaved,3,0,0,204,0,3,0.125
mdgo_v11_probe_001793,suggestion_rejection_pair,2,0,0,204,0,2,0.25
mdgo_v11_probe_001794,surface_decoy_pair,2,0,0,204,0,2,0.25
mdgo_v11_probe_001795,triple_asof_interleaved,3,0,0,204,0,3,0.125
mdgo_v11_probe_001796,provenance_weighted_triple,3,0,0,204,0,3,0.125
mdgo_v11_probe_001797,suggestion_rejection_pair,2,0,0,204,0,2,0.25
mdgo_v11_probe_001798,dual_asof_reversal,2,0,0,204,0,2,0.25
mdgo_v11_probe_001799,triple_asof_interleaved,3,0,0,204,0,3,0.125
mdgo_v11_probe_001800,dual_asof_reversal,2,0,0,204,0,2,0.25
mdgo_v11_probe_001801,triple_asof_interleaved,3,0,0,204,0,3,0.125
mdgo_v11_probe_001802,dual_asof_reversal,2,0,0,204,0,2,0.25
mdgo_v11_probe_001803,surface_decoy_pair,2,0,0,204,0,2,0.25
mdgo_v11_probe_001804,triple_asof_interleaved,3,0,0,204,0,3,0.125
mdgo_v11_probe_001805,suggestion_rejection_pair,2,0,0,204,0,2,0.25
mdgo_v11_probe_001806,triple_asof_interleaved,3,0,0,204,0,3,0.125
mdgo_v11_probe_001807,suggestion_rejection_pair,2,0,0,204,0,2,0.25
mdgo_v11_probe_001808,triple_asof_interleaved,3,0,0,204,0,3,0.125
mdgo_v11_probe_001809,dual_asof_reversal,2,0,0,204,0,2,0.25
mdgo_v11_probe_001810,triple_asof_interleaved,3,0,0,204,0,3,0.125
mdgo_v11_probe_001811,triple_asof_interleaved,3,0,0,204,0,3,0.125
mdgo_v11_probe_001812,reference_case_reconstruction,3,1,140,344,0,2,0.25
mdgo_v11_probe_001813,reference_case_reconstruction,3,1,208,412,0,2,0.25
mdgo_v11_probe_001814,triple_asof_interleaved,3,0,0,204,0,3,0.125
mdgo_v11_probe_001815,surface_decoy_pair,2,0,0,204,0,2,0.25
mdgo_v11_probe_001816,triple_asof_interleaved,3,0,0,204,0,3,0.125
mdgo_v11_probe_001817,dual_asof_reversal,2,0,0,204,0,2,0.25
mdgo_v11_probe_001818,dual_asof_reversal,2,0,0,204,0,2,0.25
mdgo_v11_probe_001819,suggestion_rejection_pair,2,0,0,204,0,2,0.25
mdgo_v11_probe_001820,dual_asof_reversal,2,0,0,204,0,2,0.25
mdgo_v11_probe_001821,suggestion_rejection_pair,2,0,0,204,0,2,0.25
mdgo_v11_probe_001822,triple_asof_interleaved,3,0,0,204,0,3,0.125
mdgo_v11_probe_001823,triple_asof_interleaved,3,0,0,204,0,3,0.125
mdgo_v11_probe_001824,surface_decoy_pair,2,0,0,204,0,2,0.25
mdgo_v11_probe_001825,dual_asof_reversal,2,0,0,204,0,2,0.25
mdgo_v11_probe_001826,reference_case_reconstruction,3,1,140,344,0,2,0.25
mdgo_v11_probe_001827,surface_decoy_pair,2,0,0,204,0,2,0.25
mdgo_v11_probe_001828,triple_asof_interleaved,3,0,0,204,0,3,0.125
mdgo_v11_probe_001829,scope_temporal_pair,2,0,0,204,0,2,0.25
mdgo_v11_probe_001830,suggestion_rejection_pair,2,0,0,204,0,2,0.25
mdgo_v11_probe_001831,triple_asof_interleaved,3,0,0,204,0,3,0.125
mdgo_v11_probe_001832,triple_asof_interleaved,3,0,0,204,0,3,0.125
mdgo_v11_probe_001833,reference_case_reconstruction,3,1,208,412,0,2,0.25
mdgo_v11_probe_001834,surface_decoy_pair,2,0,0,204,0,2,0.25
mdgo_v11_probe_001835,reference_case_reconstruction,3,1,208,412,0,2,0.25
mdgo_v11_probe_001836,dual_asof_reversal,2,0,0,204,0,2,0.25
mdgo_v11_probe_001837,dual_asof_reversal,2,0,0,204,0,2,0.25
mdgo_v11_probe_001838,dual_asof_reversal,2,0,0,204,0,2,0.25
mdgo_v11_probe_001839,surface_decoy_pair,2,0,0,204,0,2,0.25
mdgo_v11_probe_001840,provenance_weighted_triple,3,0,0,204,0,3,0.125
mdgo_v11_probe_001841,triple_asof_interleaved,3,0,0,204,0,3,0.125
mdgo_v11_probe_001842,triple_asof_interleaved,3,0,0,204,0,3,0.125
mdgo_v11_probe_001843,reference_case_reconstruction,3,1,208,412,0,2,0.25
mdgo_v11_probe_001844,surface_decoy_pair,2,0,0,204,0,2,0.25
mdgo_v11_probe_001845,triple_asof_interleaved,3,0,0,204,0,3,0.125
mdgo_v11_probe_001846,surface_decoy_pair,2,0,0,204,0,2,0.25
mdgo_v11_probe_001847,surface_decoy_pair,2,0,0,204,0,2,0.25
mdgo_v11_probe_001848,dual_asof_reversal,2,0,0,204,0,2,0.25
mdgo_v11_probe_001849,suggestion_rejection_pair,2,0,0,204,0,2,0.25
mdgo_v11_probe_001850,dual_asof_reversal,2,0,0,204,0,2,0.25
mdgo_v11_probe_001851,dual_asof_reversal,2,0,0,204,0,2,0.25
mdgo_v11_probe_001852,surface_decoy_pair,2,0,0,204,0,2,0.25
mdgo_v11_probe_001853,triple_asof_interleaved,3,0,0,204,0,3,0.125
mdgo_v11_probe_001854,suggestion_rejection_pair,2,0,0,204,0,2,0.25
mdgo_v11_probe_001855,dual_asof_reversal,2,0,0,204,0,2,0.25
mdgo_v11_probe_001856,surface_decoy_pair,2,0,0,204,0,2,0.25
mdgo_v11_probe_001857,surface_decoy_pair,2,0,0,204,0,2,0.25
mdgo_v11_probe_001858,provenance_weighted_triple,3,0,0,204,0,3,0.125
mdgo_v11_probe_001859,surface_decoy_pair,2,0,0,204,0,2,0.25
mdgo_v11_probe_001860,provenance_weighted_triple,3,0,0,204,0,3,0.125
mdgo_v11_probe_001861,dual_asof_reversal,2,0,0,204,0,2,0.25
mdgo_v11_probe_001862,triple_asof_interleaved,3,0,0,204,0,3,0.125
mdgo_v11_probe_001863,dual_asof_reversal,2,0,0,204,0,2,0.25
mdgo_v11_probe_001864,dual_asof_reversal,2,0,0,204,0,2,0.25
mdgo_v11_probe_001865,reference_case_reconstruction,3,1,208,412,0,2,0.25
mdgo_v11_probe_001866,dual_asof_reversal,2,0,0,204,0,2,0.25
mdgo_v11_probe_001867,triple_asof_interleaved,3,0,0,204,0,3,0.125
mdgo_v11_probe_001868,dual_asof_reversal,2,0,0,204,0,2,0.25
mdgo_v11_probe_001869,surface_decoy_pair,2,0,0,204,0,2,0.25
mdgo_v11_probe_001870,reference_case_reconstruction,3,1,140,344,0,2,0.25
mdgo_v11_probe_001871,triple_asof_interleaved,3,0,0,204,0,3,0.125
mdgo_v11_probe_001872,reference_case_reconstruction,3,1,140,344,0,2,0.25
mdgo_v11_probe_001873,surface_decoy_pair,2,0,0,204,0,2,0.25
mdgo_v11_probe_001874,reference_case_reconstruction,3,1,140,344,0,2,0.25
mdgo_v11_probe_001875,dual_asof_reversal,2,0,0,204,0,2,0.25
mdgo_v11_probe_001876,triple_asof_interleaved,3,0,0,204,0,3,0.125
mdgo_v11_probe_001877,triple_asof_interleaved,3,0,0,204,0,3,0.125
mdgo_v11_probe_001878,suggestion_rejection_pair,2,0,0,204,0,2,0.25
mdgo_v11_probe_001879,triple_asof_interleaved,3,0,0,204,0,3,0.125
mdgo_v11_probe_001880,dual_asof_reversal,2,0,0,204,0,2,0.25
mdgo_v11_probe_001881,triple_asof_interleaved,3,0,0,204,0,3,0.125
mdgo_v11_probe_001882,surface_decoy_pair,2,0,0,204,0,2,0.25
mdgo_v11_probe_001883,dual_asof_reversal,2,0,0,204,0,2,0.25
mdgo_v11_probe_001884,triple_asof_interleaved,3,0,0,204,0,3,0.125
mdgo_v11_probe_001885,suggestion_rejection_pair,2,0,0,204,0,2,0.25
mdgo_v11_probe_001886,triple_asof_interleaved,3,0,0,204,0,3,0.125
mdgo_v11_probe_001887,triple_asof_interleaved,3,0,0,204,0,3,0.125
mdgo_v11_probe_001888,provenance_weighted_triple,3,0,0,204,0,3,0.125
mdgo_v11_probe_001889,triple_asof_interleaved,3,0,0,204,0,3,0.125
mdgo_v11_probe_001890,triple_asof_interleaved,3,0,0,204,0,3,0.125
mdgo_v11_probe_001891,triple_asof_interleaved,3,0,0,204,0,3,0.125
mdgo_v11_probe_001892,suggestion_rejection_pair,2,0,0,204,0,2,0.25
mdgo_v11_probe_001893,surface_decoy_pair,2,0,0,204,0,2,0.25
mdgo_v11_probe_001894,triple_asof_interleaved,3,0,0,204,0,3,0.125
mdgo_v11_probe_001895,dual_asof_reversal,2,0,0,204,0,2,0.25
mdgo_v11_probe_001896,surface_decoy_pair,2,0,0,204,0,2,0.25
mdgo_v11_probe_001897,triple_asof_interleaved,3,0,0,204,0,3,0.125
mdgo_v11_probe_001898,reference_case_reconstruction,3,1,140,344,0,2,0.25
mdgo_v11_probe_001899,triple_asof_interleaved,3,0,0,204,0,3,0.125
mdgo_v11_probe_001900,dual_asof_reversal,2,0,0,204,0,2,0.25
mdgo_v11_probe_001901,reference_case_reconstruction,3,1,208,412,0,2,0.25
mdgo_v11_probe_001902,dual_asof_reversal,2,0,0,204,0,2,0.25
mdgo_v11_probe_001903,reference_case_reconstruction,3,1,208,412,0,2,0.25
mdgo_v11_probe_001904,surface_decoy_pair,2,0,0,204,0,2,0.25
mdgo_v11_probe_001905,dual_asof_reversal,2,0,0,204,0,2,0.25
mdgo_v11_probe_001906,dual_asof_reversal,2,0,0,204,0,2,0.25
mdgo_v11_probe_001907,triple_asof_interleaved,3,0,0,204,0,3,0.125
mdgo_v11_probe_001908,triple_asof_interleaved,3,0,0,204,0,3,0.125
mdgo_v11_probe_001909,suggestion_rejection_pair,2,0,0,204,0,2,0.25
mdgo_v11_probe_001910,surface_decoy_pair,2,0,0,204,0,2,0.25
mdgo_v11_probe_001911,dual_asof_reversal,2,0,0,204,0,2,0.25
mdgo_v11_probe_001912,triple_asof_interleaved,3,0,0,204,0,3,0.125
mdgo_v11_probe_001913,triple_asof_interleaved,3,0,0,204,0,3,0.125
mdgo_v11_probe_001914,suggestion_rejection_pair,2,0,0,204,0,2,0.25
mdgo_v11_probe_001915,dual_asof_reversal,2,0,0,204,0,2,0.25
mdgo_v11_probe_001916,suggestion_rejection_pair,2,0,0,204,0,2,0.25
mdgo_v11_probe_001917,surface_decoy_pair,2,0,0,204,0,2,0.25
mdgo_v11_probe_001918,suggestion_rejection_pair,2,0,0,204,0,2,0.25
mdgo_v11_probe_001919,triple_asof_interleaved,3,0,0,204,0,3,0.125
mdgo_v11_probe_001920,suggestion_rejection_pair,2,0,0,204,0,2,0.25
mdgo_v11_probe_001921,triple_asof_interleaved,3,0,0,204,0,3,0.125
mdgo_v11_probe_001922,surface_decoy_pair,2,0,0,204,0,2,0.25
mdgo_v11_probe_001923,triple_asof_interleaved,3,0,0,204,0,3,0.125
mdgo_v11_probe_001924,surface_decoy_pair,2,0,0,204,0,2,0.25
mdgo_v11_probe_001925,surface_decoy_pair,2,0,0,204,0,2,0.25
mdgo_v11_probe_001926,surface_decoy_pair,2,0,0,204,0,2,0.25
mdgo_v11_probe_001927,dual_asof_reversal,2,0,0,204,0,2,0.25
mdgo_v11_probe_001928,surface_decoy_pair,2,0,0,204,0,2,0.25
mdgo_v11_probe_001929,triple_asof_interleaved,3,0,0,204,0,3,0.125
mdgo_v11_probe_001930,triple_asof_interleaved,3,0,0,204,0,3,0.125
mdgo_v11_probe_001931,reference_case_reconstruction,3,1,208,412,0,2,0.25
mdgo_v11_probe_001932,dual_asof_reversal,2,0,0,204,0,2,0.25
mdgo_v11_probe_001933,triple_asof_interleaved,3,0,0,204,0,3,0.125
mdgo_v11_probe_001934,triple_asof_interleaved,3,0,0,204,0,3,0.125
mdgo_v11_probe_001935,reference_case_reconstruction,3,1,208,412,0,2,0.25
mdgo_v11_probe_001936,suggestion_rejection_pair,2,0,0,204,0,2,0.25
mdgo_v11_probe_001937,reference_case_reconstruction,3,1,208,412,0,2,0.25
mdgo_v11_probe_001938,scope_temporal_pair,2,0,0,204,0,2,0.25
mdgo_v11_probe_001939,triple_asof_interleaved,3,0,0,204,0,3,0.125
mdgo_v11_probe_001940,reference_case_reconstruction,3,1,140,344,0,2,0.25
mdgo_v11_probe_001941,dual_asof_reversal,2,0,0,204,0,2,0.25
mdgo_v11_probe_001942,dual_asof_reversal,2,0,0,204,0,2,0.25
mdgo_v11_probe_001943,suggestion_rejection_pair,2,0,0,204,0,2,0.25
mdgo_v11_probe_001944,triple_asof_interleaved,3,0,0,204,0,3,0.125
mdgo_v11_probe_001945,reference_case_reconstruction,3,1,208,412,0,2,0.25
mdgo_v11_probe_001946,triple_asof_interleaved,3,0,0,204,0,3,0.125
mdgo_v11_probe_001947,triple_asof_interleaved,3,0,0,204,0,3,0.125
mdgo_v11_probe_001948,reference_case_reconstruction,3,1,140,344,0,2,0.25
mdgo_v11_probe_001949,suggestion_rejection_pair,2,0,0,204,0,2,0.25
mdgo_v11_probe_001950,surface_decoy_pair,2,0,0,204,0,2,0.25
mdgo_v11_probe_001951,suggestion_rejection_pair,2,0,0,204,0,2,0.25
mdgo_v11_probe_001952,triple_asof_interleaved,3,0,0,204,0,3,0.125
mdgo_v11_probe_001953,reference_case_reconstruction,3,1,208,412,0,2,0.25
mdgo_v11_probe_001954,triple_asof_interleaved,3,0,0,204,0,3,0.125
mdgo_v11_probe_001955,triple_asof_interleaved,3,0,0,204,0,3,0.125
mdgo_v11_probe_001956,surface_decoy_pair,2,0,0,204,0,2,0.25
mdgo_v11_probe_001957,dual_asof_reversal,2,0,0,204,0,2,0.25
mdgo_v11_probe_001958,triple_asof_interleaved,3,0,0,204,0,3,0.125
mdgo_v11_probe_001959,triple_asof_interleaved,3,0,0,204,0,3,0.125
mdgo_v11_probe_001960,dual_asof_reversal,2,0,0,204,0,2,0.25
mdgo_v11_probe_001961,triple_asof_interleaved,3,0,0,204,0,3,0.125
mdgo_v11_probe_001962,dual_asof_reversal,2,0,0,204,0,2,0.25
mdgo_v11_probe_001963,triple_asof_interleaved,3,0,0,204,0,3,0.125
mdgo_v11_probe_001964,surface_decoy_pair,2,0,0,204,0,2,0.25
mdgo_v11_probe_001965,provenance_weighted_triple,3,0,0,204,0,3,0.125
mdgo_v11_probe_001966,scope_temporal_pair,2,0,0,204,0,2,0.25
mdgo_v11_probe_001967,provenance_weighted_triple,3,0,0,204,0,3,0.125
mdgo_v11_probe_001968,dual_asof_reversal,2,0,0,204,0,2,0.25
mdgo_v11_probe_001969,suggestion_rejection_pair,2,0,0,204,0,2,0.25
mdgo_v11_probe_001970,suggestion_rejection_pair,2,0,0,204,0,2,0.25
mdgo_v11_probe_001971,surface_decoy_pair,2,0,0,204,0,2,0.25
mdgo_v11_probe_001972,reference_case_reconstruction,3,1,140,344,0,2,0.25
mdgo_v11_probe_001973,triple_asof_interleaved,3,0,0,204,0,3,0.125
mdgo_v11_probe_001974,surface_decoy_pair,2,0,0,204,0,2,0.25
mdgo_v11_probe_001975,triple_asof_interleaved,3,0,0,204,0,3,0.125
mdgo_v11_probe_001976,triple_asof_interleaved,3,0,0,204,0,3,0.125
mdgo_v11_probe_001977,dual_asof_reversal,2,0,0,204,0,2,0.25
mdgo_v11_probe_001978,scope_temporal_pair,2,0,0,204,0,2,0.25
mdgo_v11_probe_001979,dual_asof_reversal,2,0,0,204,0,2,0.25
mdgo_v11_probe_001980,scope_temporal_pair,2,0,0,204,0,2,0.25
mdgo_v11_probe_001981,suggestion_rejection_pair,2,0,0,204,0,2,0.25
mdgo_v11_probe_001982,triple_asof_interleaved,3,0,0,204,0,3,0.125
mdgo_v11_probe_001983,suggestion_rejection_pair,2,0,0,204,0,2,0.25
mdgo_v11_probe_001984,triple_asof_interleaved,3,0,0,204,0,3,0.125
mdgo_v11_probe_001985,triple_asof_interleaved,3,0,0,204,0,3,0.125
mdgo_v11_probe_001986,surface_decoy_pair,2,0,0,204,0,2,0.25
mdgo_v11_probe_001987,dual_asof_reversal,2,0,0,204,0,2,0.25
mdgo_v11_probe_001988,triple_asof_interleaved,3,0,0,204,0,3,0.125
mdgo_v11_probe_001989,reference_case_reconstruction,3,1,208,412,0,2,0.25
mdgo_v11_probe_001990,triple_asof_interleaved,3,0,0,204,0,3,0.125
mdgo_v11_probe_001991,suggestion_rejection_pair,2,0,0,204,0,2,0.25
mdgo_v11_probe_001992,reference_case_reconstruction,3,1,140,344,0,2,0.25
mdgo_v11_probe_001993,triple_asof_interleaved,3,0,0,204,0,3,0.125
mdgo_v11_probe_001994,triple_asof_interleaved,3,0,0,204,0,3,0.125
mdgo_v11_probe_001995,reference_case_reconstruction,3,1,208,412,0,2,0.25
mdgo_v11_probe_001996,reference_case_reconstruction,3,1,140,344,0,2,0.25
mdgo_v11_probe_001997,reference_case_reconstruction,3,1,208,412,0,2,0.25
mdgo_v11_probe_001998,dual_asof_reversal,2,0,0,204,0,2,0.25
mdgo_v11_probe_001999,suggestion_rejection_pair,2,0,0,204,0,2,0.25
mdgo_v11_probe_002000,dual_asof_reversal,2,0,0,204,0,2,0.25
mdgo_v11_probe_002001,reference_case_reconstruction,3,1,208,412,0,2,0.25
mdgo_v11_probe_002002,dual_asof_reversal,2,0,0,204,0,2,0.25
mdgo_v11_probe_002003,triple_asof_interleaved,3,0,0,204,0,3,0.125
mdgo_v11_probe_002004,dual_asof_reversal,2,0,0,204,0,2,0.25
mdgo_v11_probe_002005,dual_asof_reversal,2,0,0,204,0,2,0.25
mdgo_v11_probe_002006,surface_decoy_pair,2,0,0,204,0,2,0.25
mdgo_v11_probe_002007,dual_asof_reversal,2,0,0,204,0,2,0.25
mdgo_v11_probe_002008,triple_asof_interleaved,3,0,0,204,0,3,0.125
mdgo_v11_probe_002009,triple_asof_interleaved,3,0,0,204,0,3,0.125
mdgo_v11_probe_002010,reference_case_reconstruction,3,1,140,344,0,2,0.25
mdgo_v11_probe_002011,reference_case_reconstruction,3,1,208,412,0,2,0.25
mdgo_v11_probe_002012,reference_case_reconstruction,3,1,140,344,0,2,0.25
mdgo_v11_probe_002013,reference_case_reconstruction,3,1,208,412,0,2,0.25
mdgo_v11_probe_002014,dual_asof_reversal,2,0,0,204,0,2,0.25
mdgo_v11_probe_002015,reference_case_reconstruction,3,1,208,412,0,2,0.25
mdgo_v11_probe_002016,triple_asof_interleaved,3,0,0,204,0,3,0.125
mdgo_v11_probe_002017,dual_asof_reversal,2,0,0,204,0,2,0.25
mdgo_v11_probe_002018,suggestion_rejection_pair,2,0,0,204,0,2,0.25
mdgo_v11_probe_002019,triple_asof_interleaved,3,0,0,204,0,3,0.125
mdgo_v11_probe_002020,triple_asof_interleaved,3,0,0,204,0,3,0.125
mdgo_v11_probe_002021,scope_temporal_pair,2,0,0,204,0,2,0.25
mdgo_v11_probe_002022,suggestion_rejection_pair,2,0,0,204,0,2,0.25
mdgo_v11_probe_002023,provenance_weighted_triple,3,0,0,204,0,3,0.125
mdgo_v11_probe_002024,reference_case_reconstruction,3,1,140,344,0,2,0.25
mdgo_v11_probe_002025,triple_asof_interleaved,3,0,0,204,0,3,0.125
mdgo_v11_probe_002026,provenance_weighted_triple,3,0,0,204,0,3,0.125
mdgo_v11_probe_002027,dual_asof_reversal,2,0,0,204,0,2,0.25
mdgo_v11_probe_002028,triple_asof_interleaved,3,0,0,204,0,3,0.125
mdgo_v11_probe_002029,reference_case_reconstruction,3,1,208,412,0,2,0.25
mdgo_v11_probe_002030,dual_asof_reversal,2,0,0,204,0,2,0.25
mdgo_v11_probe_002031,dual_asof_reversal,2,0,0,204,0,2,0.25
mdgo_v11_probe_002032,scope_temporal_pair,2,0,0,204,0,2,0.25
mdgo_v11_probe_002033,suggestion_rejection_pair,2,0,0,204,0,2,0.25
mdgo_v11_probe_002034,suggestion_rejection_pair,2,0,0,204,0,2,0.25
mdgo_v11_probe_002035,triple_asof_interleaved,3,0,0,204,0,3,0.125
mdgo_v11_probe_002036,suggestion_rejection_pair,2,0,0,204,0,2,0.25
mdgo_v11_probe_002037,triple_asof_interleaved,3,0,0,204,0,3,0.125
mdgo_v11_probe_002038,provenance_weighted_triple,3,0,0,204,0,3,0.125
mdgo_v11_probe_002039,suggestion_rejection_pair,2,0,0,204,0,2,0.25
mdgo_v11_probe_002040,triple_asof_interleaved,3,0,0,204,0,3,0.125
mdgo_v11_probe_002041,dual_asof_reversal,2,0,0,204,0,2,0.25
mdgo_v11_probe_002042,triple_asof_interleaved,3,0,0,204,0,3,0.125
mdgo_v11_probe_002043,surface_decoy_pair,2,0,0,204,0,2,0.25
mdgo_v11_probe_002044,surface_decoy_pair,2,0,0,204,0,2,0.25
mdgo_v11_probe_002045,surface_decoy_pair,2,0,0,204,0,2,0.25
mdgo_v11_probe_002046,suggestion_rejection_pair,2,0,0,204,0,2,0.25
mdgo_v11_probe_002047,provenance_weighted_triple,3,0,0,204,0,3,0.125
