review_id,public_probe_id,probe_id,user_id,split,probe_type,habit_family,stress_variant,query,choices_json,proposed_gold_choice_id,proposed_gold_action,evidence_preview_json,auto_validation_status,reviewer_decision,reviewer_notes
review_tm2_planning_v02_user_0000_habit_business_travel_arrival_buffer_p00_direct_use,taskmaster_planning_v02_probe_8fdb8626a7948b3c,tm2_planning_v02_user_0000_habit_business_travel_arrival_buffer_p00_direct_use,tm2_planning_v02_user_0000,dev,direct_use,planning_defaults,taskmaster_seeded_gpt55_xhigh_sessionwise_multihabit_v02,"I’m flying to Chicago for a client onsite kickoff. The first session is Monday at 2:00 p.m. downtown, and the airport-to-office transfer is usually 35–50 minutes. Which itinerary is the best recommendation?","[{""choice_id"": ""A"", ""text"": ""Book the 8:15 a.m. one-stop arriving at 11:20 a.m. with a 38-minute connection, then stay at a midrange hotel near the airport.""}, {""choice_id"": ""B"", ""text"": ""Book the 7:30 a.m. nonstop arriving at 9:10 a.m., then stay at the hotel a 10-minute walk from the client office; it costs $160 more than the cheapest option.""}, {""choice_id"": ""C"", ""text"": ""Book the 10:45 a.m. nonstop arriving at 12:25 p.m., then stay at a less expensive hotel 30 minutes from the office; it saves about $160.""}, {""choice_id"": ""D"", ""text"": ""Book the 6:05 a.m. flight with a long connection arriving at 10:55 a.m., then stay at the cheapest suburban hotel; it saves $90 but adds a longer commute.""}]",B,apply_scoped_habit,"[{""session_id"": ""tm2_planning_v02_user_0000_s0004"", ""session_index"": 4, ""signal_type"": ""support"", ""source_domain"": ""flights"", ""messages_preview"": ""user: I need help sorting out flights from Sacramento to Houston for a client visit. I have to go today and return five days from now. For both directions I’d like... | assistant: Sure. Which Houston airport works best for you, IAH or Hobby? And do you have any fixed commitments after you land today? | user: IAH is better because the client’s office is north of downtown. I have an onsite prep with their operations lead at 3:30 this afternoon, then a larger kickof... | assistant: Got it. Since there’s a same-day client commitment, I’ll look for options that arrive with enough time before 3:30, not just the lowest fare. Do you have a b... | user: No hard airline preference. I can justify a higher fare if it keeps the landing time from being too close. I’d rather not be in a cab from the airport while...""}, {""session_id"": ""tm2_planning_v02_user_0000_s0005"", ""session_index"": 5, ""signal_type"": ""support"", ""source_domain"": ""hotels"", ""messages_preview"": ""user: Can you help me set up a hotel in San Francisco for a client visit next month? | assistant: Sure. What dates, neighborhood, and any budget or amenities you care about? | user: I’ll be there May 13 to May 15. The client is near Embarcadero Center, and I have to be onsite by 9:00 AM on the 14th for a kickoff. | assistant: Got it. Do you need parking, breakfast, a gym, or a specific star level? | user: No parking. Breakfast is nice but not required. I mostly want something reliable, quiet, and close enough that I’m not worrying about traffic or a long ride...""}, {""session_id"": ""tm2_planning_v02_user_0000_s0020"", ""session_index"": 20, ""signal_type"": ""support"", ""source_domain"": ""flights"", ""messages_preview"": ""user: I need help comparing round-trip flights to Athens for a client onsite. I’ll be leaving from New York, preferably JFK, and I need to be at the client’s offic... | assistant: Absolutely. What are the travel dates, and what time is the Wednesday commitment? | user: The first client session starts at 10:00 a.m. Wednesday, May 14. There’s also a meet-and-greet dinner Tuesday at 7:00 p.m., which I should really attend. I c... | assistant: Got it. Do you want economy, premium economy, or business class? Also, are Newark or LaGuardia acceptable if the schedule is better? | user: Premium economy is fine if the price isn’t ridiculous. JFK is easiest, but Newark is okay for a nonstop. I care more about the arrival timing than saving a c...""}]",pass,accept,"accept: The in-scope business onsite request clearly calls for the protected arrival-buffer default, and choice B is the uniquely safest itinerary despite higher cost."
review_tm2_planning_v02_user_0000_habit_business_travel_arrival_buffer_p01_boundary,taskmaster_planning_v02_probe_d8585b8d8e2532ab,tm2_planning_v02_user_0000_habit_business_travel_arrival_buffer_p01_boundary,tm2_planning_v02_user_0000,dev,boundary,planning_defaults,taskmaster_seeded_gpt55_xhigh_sessionwise_multihabit_v02,"You are helping plan a relaxed personal vacation to Lisbon. The traveler has no work meetings, tours, dinner reservations, or other commitments on arrival day, and the hotel allows late check-in. The first planned activity is brunch the next morning. Which flight plan is the best fit?","[{""choice_id"": ""A"", ""text"": ""Book the cheaper nonstop evening flight that lands at 8:30 PM, since arrival day is flexible and there are no same-day commitments.""}, {""choice_id"": ""B"", ""text"": ""Book the morning flight that lands at 11:00 AM for $185 more, mainly to preserve a large arrival cushion that is not needed for any scheduled plan.""}, {""choice_id"": ""C"", ""text"": ""Book the cheapest two-connection itinerary landing at 12:40 AM, even though it saves only $25 and adds a higher risk of delays.""}, {""choice_id"": ""D"", ""text"": ""Fly in one full day earlier and add an extra hotel night to create a prep buffer before the vacation activities begin.""}]",A,do_not_apply_out_of_scope,"[{""session_id"": ""tm2_planning_v02_user_0000_s0006"", ""session_index"": 6, ""signal_type"": ""boundary_counterexample"", ""source_domain"": ""flights"", ""messages_preview"": ""user: Can you help me find a round trip from San Francisco to Miami? I want to leave tonight if possible and come back four days from now. | assistant: Sure. Is this for work or personal travel, and do you have any fixed plans right after landing that I should plan around? | user: Personal trip. My cousin is already there and I’m just joining for a few beach days. No dinner reservation or anything tonight, so arriving late is fine. | assistant: Got it. Do you prefer nonstop flights, lower fare, or certain departure times? | user: Evening departures both ways would be ideal. I’d rather not pay a lot extra for nonstop unless the timing is much better.""}, {""session_id"": ""tm2_planning_v02_user_0000_s0024"", ""session_index"": 24, ""signal_type"": ""boundary_counterexample"", ""source_domain"": ""flights"", ""messages_preview"": ""user: I'm planning a relaxed trip from Los Angeles to Amsterdam, round trip. It's just me, probably in late May, and I'm trying not to spend a fortune. | assistant: Sure, I can help narrow it down. Do you have exact dates yet, and are you looking for economy only? Also, do you prefer nonstop flights, or are one-stop opti... | user: Economy is fine. I was thinking leaving LAX on May 21 and coming back May 29. One stop is okay. This is vacation, no work meetings or anything. | assistant: Got it: LAX to Amsterdam, May 21 to May 29, economy, leisure trip, one stop acceptable. Any limits on layover length or arrival time? Some cheaper fares arri... | user: I'm not picky. I booked the first night already but the hotel has late check-in, and I don't have plans that day besides maybe walking around if I'm awake.""}]",pass,accept,"accept: Boundary query is clearly out of scope for the business-arrival-buffer default, with coherent evidence and a unique plausible gold choice choosing the flexible cheaper evening nonstop."
review_tm2_planning_v02_user_0000_habit_business_travel_arrival_buffer_p02_exception,taskmaster_planning_v02_probe_d2f4ac6e4cc4a2e0,tm2_planning_v02_user_0000_habit_business_travel_arrival_buffer_p02_exception,tm2_planning_v02_user_0000,dev,exception,planning_defaults,taskmaster_seeded_gpt55_xhigh_sessionwise_multihabit_v02,"I'm booking travel to Salem for a client onsite. I often pay more to arrive well ahead of client commitments, but this time the client moved the kickoff from Monday afternoon to Tuesday at 1:00 p.m., and Monday is only a travel day. I said I'd prefer not to spend extra just to sit in town another half day. Which itinerary should the assistant recommend?","[{""choice_id"": ""A"", ""text"": ""Take the $280 Monday late-night flight to a farther airport and book the cheapest hotel 50 minutes away to reduce airfare and lodging costs.""}, {""choice_id"": ""B"", ""text"": ""Take the $295 Monday afternoon flight that lands at 6:30 p.m. and stay at the nearby hotel, leaving a normal overnight cushion before Tuesday's 1:00 p.m. kickoff.""}, {""choice_id"": ""C"", ""text"": ""Take the $255 Tuesday morning flight that lands at 11:20 a.m. and go straight to the 1:00 p.m. kickoff to minimize hotel nights.""}, {""choice_id"": ""D"", ""text"": ""Take the $410 Sunday evening flight and a hotel near the client so Monday morning is fully protected for prep.""}]",B,apply_current_trip_constraint,"[{""session_id"": ""tm2_planning_v02_user_0000_s0035"", ""session_index"": 35, ""signal_type"": ""exception"", ""source_domain"": ""hotels"", ""messages_preview"": ""user: Hi. I need help finding a hotel in Salem, Oregon for a work trip. | assistant: Sure. What dates are you traveling, and do you need to be near a specific office or neighborhood? | user: Check in Monday, May 13, and check out Thursday. It’s for an onsite client workshop near the state offices on Capitol Street. On similar client trips to Sacr... | assistant: Understood. Since there is no Monday client commitment, we can compare options without forcing an early arrival. Are you flying into Portland, and do you car... | user: Yes, PDX. Flights are either landing at 12:25 for $352 or landing at 5:05 for $229. I’d normally take the first for a client visit, but with the Tuesday star...""}]",pass,accept,accept: The exception is coherent and B uniquely follows the current-trip relaxation by keeping a normal overnight buffer without overpaying for an unnecessary early arrival.
review_tm2_planning_v02_user_0000_habit_business_travel_arrival_buffer_p03_explicit_retrieval,taskmaster_planning_v02_probe_d038b662fb4cac6f,tm2_planning_v02_user_0000_habit_business_travel_arrival_buffer_p03_explicit_retrieval,tm2_planning_v02_user_0000,dev,explicit_retrieval,planning_defaults,taskmaster_seeded_gpt55_xhigh_sessionwise_multihabit_v02,"When arranging business or client onsite travel with meeting-dependent commitments, which repeated planning preference best matches this user’s past choices?","[{""choice_id"": ""A"", ""text"": ""Prioritize the lowest airfare whenever the destination and arrival date are correct, even if arrival is close to the meeting time.""}, {""choice_id"": ""B"", ""text"": ""Choose an earlier arrival with meaningful buffer before client commitments, even if a cheaper itinerary arrives tighter.""}, {""choice_id"": ""C"", ""text"": ""Favor longer layovers to earn more airline miles, even when they reduce prep time before onsite meetings.""}, {""choice_id"": ""D"", ""text"": ""Book later flights for personal comfort and rely on an airport hotel to reduce ground-transfer uncertainty.""}]",B,retrieve_supported_preference,"[{""session_id"": ""tm2_planning_v02_user_0000_s0004"", ""session_index"": 4, ""signal_type"": ""support"", ""source_domain"": ""flights"", ""messages_preview"": ""user: I need help sorting out flights from Sacramento to Houston for a client visit. I have to go today and return five days from now. For both directions I’d like... | assistant: Sure. Which Houston airport works best for you, IAH or Hobby? And do you have any fixed commitments after you land today? | user: IAH is better because the client’s office is north of downtown. I have an onsite prep with their operations lead at 3:30 this afternoon, then a larger kickof... | assistant: Got it. Since there’s a same-day client commitment, I’ll look for options that arrive with enough time before 3:30, not just the lowest fare. Do you have a b... | user: No hard airline preference. I can justify a higher fare if it keeps the landing time from being too close. I’d rather not be in a cab from the airport while...""}, {""session_id"": ""tm2_planning_v02_user_0000_s0005"", ""session_index"": 5, ""signal_type"": ""support"", ""source_domain"": ""hotels"", ""messages_preview"": ""user: Can you help me set up a hotel in San Francisco for a client visit next month? | assistant: Sure. What dates, neighborhood, and any budget or amenities you care about? | user: I’ll be there May 13 to May 15. The client is near Embarcadero Center, and I have to be onsite by 9:00 AM on the 14th for a kickoff. | assistant: Got it. Do you need parking, breakfast, a gym, or a specific star level? | user: No parking. Breakfast is nice but not required. I mostly want something reliable, quiet, and close enough that I’m not worrying about traffic or a long ride...""}, {""session_id"": ""tm2_planning_v02_user_0000_s0020"", ""session_index"": 20, ""signal_type"": ""support"", ""source_domain"": ""flights"", ""messages_preview"": ""user: I need help comparing round-trip flights to Athens for a client onsite. I’ll be leaving from New York, preferably JFK, and I need to be at the client’s offic... | assistant: Absolutely. What are the travel dates, and what time is the Wednesday commitment? | user: The first client session starts at 10:00 a.m. Wednesday, May 14. There’s also a meet-and-greet dinner Tuesday at 7:00 p.m., which I should really attend. I c... | assistant: Got it. Do you want economy, premium economy, or business class? Also, are Newark or LaGuardia acceptable if the schedule is better? | user: Premium economy is fine if the price isn’t ridiculous. JFK is easiest, but Newark is okay for a nonstop. I care more about the arrival timing than saving a c...""}]",pass,accept,"accept: The query is a supported explicit retrieval of the scoped business-travel arrival-buffer preference, with a unique correct choice and plausible distractors."
review_tm2_planning_v02_user_0001_habit_tight_schedule_nonstop_priority_p00_direct_use,taskmaster_planning_v02_probe_364982e55081df5a,tm2_planning_v02_user_0001_habit_tight_schedule_nonstop_priority_p00_direct_use,tm2_planning_v02_user_0001,dev,direct_use,planning_defaults,taskmaster_seeded_gpt55_xhigh_sessionwise_multihabit_v02,I need to fly from Seattle to Denver next Thursday for a client kickoff that starts at 1:00 p.m. the same day. Which itinerary should I choose?,"[{""choice_id"": ""A"", ""text"": ""7:10 a.m. nonstop, arriving at 10:45 a.m., for $365""}, {""choice_id"": ""B"", ""text"": ""9:15 a.m. nonstop, arriving at 12:50 p.m., for $330""}, {""choice_id"": ""C"", ""text"": ""6:25 a.m. flight with a 45-minute connection in Salt Lake City, arriving at 11:05 a.m., for $295""}, {""choice_id"": ""D"", ""text"": ""8:30 a.m. flight with a 2-hour connection in Phoenix, arriving at 1:10 p.m., for $245""}]",A,apply_scoped_habit,"[{""session_id"": ""tm2_planning_v02_user_0001_s0000"", ""session_index"": 0, ""signal_type"": ""support"", ""source_domain"": ""flights"", ""messages_preview"": ""user: I need help booking flights to Rome for a work trip next month. I'm leaving from Boston and I have to be in Rome for a client session the morning after I arr... | assistant: Sure. What dates are you looking at, and do you have a preferred arrival time or airline? | user: Leave Boston on Monday, April 14, and return Friday, April 18. The client session starts Tuesday at 10:30 AM near Termini, so I really don't want anything th... | assistant: Understood. For Boston to Rome, I see a nonstop overnight flight arriving Tuesday at 7:15 AM for about $1,180 in economy. There are also one-stop options thr... | user: The cheaper ones are tempting, but landing at 9:30 with a connection before a 10:30 meeting is too tight. What is the nonstop schedule?""}, {""session_id"": ""tm2_planning_v02_user_0001_s0010"", ""session_index"": 10, ""signal_type"": ""support"", ""source_domain"": ""flights"", ""messages_preview"": ""user: I need to get to Paris next month for a client presentation. Can you help me compare flights? | assistant: Absolutely. What city are you departing from, what dates, and do you have a latest acceptable arrival time in Paris? | user: New York, either JFK or Newark. I need to be in Paris on Tuesday, June 18. The presentation is at 11:00 a.m. in La Défense, so I need enough cushion after la... | assistant: Got it. One traveler. Do you want economy, premium economy, or business? And are you checking a bag? | user: Just me, one checked bag. Economy is fine, premium economy if the price difference is reasonable. I care more about arriving reliably than having extra space.""}, {""session_id"": ""tm2_planning_v02_user_0001_s0014"", ""session_index"": 14, ""signal_type"": ""support"", ""source_domain"": ""flights"", ""messages_preview"": ""user: I need a round trip from Los Angeles to Chicago, leaving this morning and coming back four days from now. I have to be downtown for a client check-in right a... | assistant: Got it. Are you starting from LAX, and do you prefer O'Hare or Midway? Also, what cabin and how many bags? | user: LAX is fine, O'Hare is better because the office is near River North. Economy is fine, carry-on only. I care more about getting there reliably than shaving a... | assistant: I see a few same-day options. The earliest practical nonstop is a United flight from LAX to ORD leaving around 6:05 AM and arriving about 12:10 PM. There's a... | user: Let's not do Denver. That connection makes me nervous, and I don't have much slack if there is a delay. Please focus on nonstop or the fewest stops possible.""}]",pass,accept,accept: In-scope same-day client meeting makes the nonstop with adequate cushion uniquely consistent with the supported preference for reliable low-transfer itineraries.
review_tm2_planning_v02_user_0001_habit_tight_schedule_nonstop_priority_p01_boundary,taskmaster_planning_v02_probe_2e6dc620bf417b5b,tm2_planning_v02_user_0001_habit_tight_schedule_nonstop_priority_p01_boundary,tm2_planning_v02_user_0001,dev,boundary,planning_defaults,taskmaster_seeded_gpt55_xhigh_sessionwise_multihabit_v02,"You’re planning a relaxed weeklong vacation to Denver. There are no plans on arrival day, your schedule is flexible, and you said you’d rather keep airfare low if a layover is reasonable. Which itinerary should the assistant recommend?","[{""choice_id"": ""A"", ""text"": ""Book the $455 nonstop flight arriving midafternoon to minimize any chance of connection delays.""}, {""choice_id"": ""B"", ""text"": ""Book the $240 two-stop flight with a 38-minute connection because it is the absolute lowest fare.""}, {""choice_id"": ""C"", ""text"": ""Book the $285 one-stop flight with a 2-hour layover, arriving in the evening, because it saves $170 and the timing is flexible.""}, {""choice_id"": ""D"", ""text"": ""Book the $520 refundable nonstop flight in case the vacation dates change later.""}]",C,do_not_apply_out_of_scope,"[{""session_id"": ""tm2_planning_v02_user_0001_s0008"", ""session_index"": 8, ""signal_type"": ""boundary_counterexample"", ""source_domain"": ""flights"", ""messages_preview"": ""user: I want to get from San Francisco to Los Angeles tomorrow and come back three days later. It is just a casual visit with my cousin, so I don't need the fastes... | assistant: Sure. Are you set on SFO to LAX, or can you use Oakland, San Jose, Burbank, or Long Beach? Also, any time of day you want to avoid? | user: SFO to LAX is easiest for rides on both ends. I can leave any time after 9 in the morning tomorrow. Coming back, I just need to be home before bedtime. No ch... | assistant: Got it: SFO to LAX, tomorrow departure after 9 a.m., return three days later, carry-on only. Do you want me to focus on the lowest fare, shortest travel time... | user: Lowest fare within reason. For work I usually avoid connections because delays can ruin the day, but this is not that kind of trip. If a stop saves real mone...""}, {""session_id"": ""tm2_planning_v02_user_0001_s0012"", ""session_index"": 12, ""signal_type"": ""boundary_counterexample"", ""source_domain"": ""flights"", ""messages_preview"": ""user: Hi, can you help me look for flights to Paris for a vacation? | assistant: Of course. What city will you be leaving from, and do you have dates in mind? | user: Leaving from San Francisco. I’m thinking May 6 to May 16, but I can shift by a day or two if it saves money. | assistant: Got it. Is this a tight trip with anything scheduled right after you land, or is the arrival time flexible? | user: Totally flexible. No meetings this time, just a vacation. If I arrive in the afternoon instead of the morning, that’s fine.""}]",pass,accept,"accept: Boundary query clearly falls outside the tight-schedule reliability condition, evidence supports choosing a reasonable cheaper layover option, and gold C is unique among plausible travel tradeoffs."
review_tm2_planning_v02_user_0001_habit_tight_schedule_nonstop_priority_p02_exception,taskmaster_planning_v02_probe_29ec1155aff64789,tm2_planning_v02_user_0001_habit_tight_schedule_nonstop_priority_p02_exception,tm2_planning_v02_user_0001,dev,exception,planning_defaults,taskmaster_seeded_gpt55_xhigh_sessionwise_multihabit_v02,"For an upcoming same-day client trip, you note that the meeting time is flexible if delays occur, but this booking must stay under $300 out of pocket and should use your saved airline miles if possible. Which flight should be chosen?","[{""choice_id"": ""A"", ""text"": ""Book the $520 nonstop that arrives earliest and gives the largest schedule cushion.""}, {""choice_id"": ""B"", ""text"": ""Book the $240 two-stop itinerary that arrives much later, even though it cannot use your miles.""}, {""choice_id"": ""C"", ""text"": ""Book the $270 one-stop itinerary on another airline with a 35-minute connection, since it is the cheapest cash fare.""}, {""choice_id"": ""D"", ""text"": ""Book the $285 one-stop itinerary on the airline where you can apply miles, with a reasonable 75-minute connection.""}]",D,apply_current_trip_constraint,"[{""session_id"": ""tm2_planning_v02_user_0001_s0001"", ""session_index"": 1, ""signal_type"": ""exception"", ""source_domain"": ""hotels"", ""messages_preview"": ""user: I'd like help finding a hotel in San Diego, and I may need flights too. | assistant: Sure. What dates are you traveling, where in San Diego do you need to be, and do you have any hotel or flight constraints? | user: Arrive Thursday, May 16, leave Sunday, May 19. I need to be near the convention center, but this is not like my usual work trips where I land and go straight... | assistant: Got it. For hotels near the convention center, are you aiming for walking distance, a specific star level, or a budget range? | user: Walking distance would be great, but keep it under about $260 a night if possible. I don't need luxury, just clean, safe, and not too far from the Gaslamp area.""}]",pass,revise,"revise: The exception query and gold are coherent, but the supplied evidence preview is hotel-focused and does not substantiate the flight/nonstop default."
review_tm2_planning_v02_user_0001_habit_tight_schedule_nonstop_priority_p03_explicit_retrieval,taskmaster_planning_v02_probe_08b241e7a2c20107,tm2_planning_v02_user_0001_habit_tight_schedule_nonstop_priority_p03_explicit_retrieval,tm2_planning_v02_user_0001,dev,explicit_retrieval,planning_defaults,taskmaster_seeded_gpt55_xhigh_sessionwise_multihabit_v02,"When a trip includes a same-day meeting or tight arrival window, which flight-planning preference best matches the user's past choices?","[{""choice_id"": ""A"", ""text"": ""Choose the cheapest fare available, even if it requires multiple connections and a tighter arrival.""}, {""choice_id"": ""B"", ""text"": ""Choose flights mainly to maximize airline miles or loyalty status, even when timing becomes less reliable.""}, {""choice_id"": ""C"", ""text"": ""Choose a longer layover on a connecting itinerary to save a modest amount, unless the trip is a vacation.""}, {""choice_id"": ""D"", ""text"": ""Choose a nonstop or lowest-transfer itinerary, even if it costs somewhat more, to reduce delay risk.""}]",D,retrieve_supported_preference,"[{""session_id"": ""tm2_planning_v02_user_0001_s0000"", ""session_index"": 0, ""signal_type"": ""support"", ""source_domain"": ""flights"", ""messages_preview"": ""user: I need help booking flights to Rome for a work trip next month. I'm leaving from Boston and I have to be in Rome for a client session the morning after I arr... | assistant: Sure. What dates are you looking at, and do you have a preferred arrival time or airline? | user: Leave Boston on Monday, April 14, and return Friday, April 18. The client session starts Tuesday at 10:30 AM near Termini, so I really don't want anything th... | assistant: Understood. For Boston to Rome, I see a nonstop overnight flight arriving Tuesday at 7:15 AM for about $1,180 in economy. There are also one-stop options thr... | user: The cheaper ones are tempting, but landing at 9:30 with a connection before a 10:30 meeting is too tight. What is the nonstop schedule?""}, {""session_id"": ""tm2_planning_v02_user_0001_s0010"", ""session_index"": 10, ""signal_type"": ""support"", ""source_domain"": ""flights"", ""messages_preview"": ""user: I need to get to Paris next month for a client presentation. Can you help me compare flights? | assistant: Absolutely. What city are you departing from, what dates, and do you have a latest acceptable arrival time in Paris? | user: New York, either JFK or Newark. I need to be in Paris on Tuesday, June 18. The presentation is at 11:00 a.m. in La Défense, so I need enough cushion after la... | assistant: Got it. One traveler. Do you want economy, premium economy, or business? And are you checking a bag? | user: Just me, one checked bag. Economy is fine, premium economy if the price difference is reasonable. I care more about arriving reliably than having extra space.""}, {""session_id"": ""tm2_planning_v02_user_0001_s0014"", ""session_index"": 14, ""signal_type"": ""support"", ""source_domain"": ""flights"", ""messages_preview"": ""user: I need a round trip from Los Angeles to Chicago, leaving this morning and coming back four days from now. I have to be downtown for a client check-in right a... | assistant: Got it. Are you starting from LAX, and do you prefer O'Hare or Midway? Also, what cabin and how many bags? | user: LAX is fine, O'Hare is better because the office is near River North. Economy is fine, carry-on only. I care more about getting there reliably than shaving a... | assistant: I see a few same-day options. The earliest practical nonstop is a United flight from LAX to ORD leaving around 6:05 AM and arriving about 12:10 PM. There's a... | user: Let's not do Denver. That connection makes me nervous, and I don't have much slack if there is a delay. Please focus on nonstop or the fewest stops possible.""}]",pass,accept,"accept: The explicit retrieval query is supported by multiple history examples, matches the scoped tight-schedule condition, and has a unique plausible gold choice of preferring nonstop or lowest-transfer flights."
review_tm2_planning_v02_user_0002_habit_uncertain_trip_refundable_fare_p00_direct_use,taskmaster_planning_v02_probe_6259b7cb92ac2f85,tm2_planning_v02_user_0002_habit_uncertain_trip_refundable_fare_p00_direct_use,tm2_planning_v02_user_0002,test,direct_use,planning_defaults,taskmaster_seeded_gpt55_xhigh_sessionwise_multihabit_v02,"I’m booking flights for an upcoming work trip to Denver for a client planning session. The client has not finalized the agenda yet, and my manager said approval should come through soon but the exact travel days may still shift by a day or two. I found these options. Which should I choose?","[{""choice_id"": ""A"", ""text"": ""Book the cheapest nonrefundable fare and add a hotel with free cancellation to reduce only the lodging risk.""}, {""choice_id"": ""B"", ""text"": ""Book the cheapest nonrefundable basic fare now, since it saves about $140 and the trip is likely to happen.""}, {""choice_id"": ""C"", ""text"": ""Book the refundable or flexible fare, even though it costs more, so the reservation can be changed or canceled if the plans move.""}, {""choice_id"": ""D"", ""text"": ""Wait until the agenda and approval are fully finalized before booking anything, even if the fares rise.""}]",C,apply_scoped_habit,"[{""session_id"": ""tm2_planning_v02_user_0002_s0002"", ""session_index"": 2, ""signal_type"": ""support"", ""source_domain"": ""flights"", ""messages_preview"": ""user: I need help looking at round-trip flights from Los Angeles to Salt Lake City for a work meeting next month. | assistant: Absolutely. Which Los Angeles-area airport do you prefer, and what dates are you considering? | user: LAX is easiest. The meeting is supposed to be Tuesday the 14th, but the client has already moved it once. I’d probably fly in Monday the 13th and come back W... | assistant: Got it: LAX to Salt Lake City, leaving Monday the 13th and returning Wednesday the 15th, with some chance the timing changes. Do you have preferred travel ti... | user: For the outbound, late morning or early afternoon would be ideal. I don’t want a 6 a.m. flight if I can avoid it. Return can be after lunch on Wednesday.""}, {""session_id"": ""tm2_planning_v02_user_0002_s0007"", ""session_index"": 7, ""signal_type"": ""support"", ""source_domain"": ""hotels"", ""messages_preview"": ""user: Hi, can you help me sort out a hotel for a possible work trip to Chicago? | assistant: Sure. What dates are you looking at, and do you have a preferred neighborhood or budget range? | user: The meeting is supposed to be April 15 through 17, but it is not fully approved yet. I would arrive on the 14th and leave the 17th if it happens. The office... | assistant: Got it: three nights, April 14 to 17, near the Loop or River North. Since the trip is still awaiting approval, should I focus on rooms with free cancellation... | user: Please focus on free cancellation. You can show me a prepaid option if it is useful for comparison, but I do not want to book something rigid for a work trip...""}, {""session_id"": ""tm2_planning_v02_user_0002_s0010"", ""session_index"": 10, ""signal_type"": ""support"", ""source_domain"": ""flights"", ""messages_preview"": ""user: I need help finding a flight from Seattle to Chicago for a work visit. It would be outbound today if possible, and I would come back three mornings from now. | assistant: Sure. Are you leaving from SEA, and do you prefer O'Hare or Midway? Also, how early can you realistically get to the airport today? | user: SEA is right. O'Hare is better for the office. I can get to the airport by about 10:30 this morning, but the meeting schedule is still being sorted out. | assistant: I can look at options after 12:00 PM today into ORD and returning in the morning three days from now. Is this one traveler, economy? | user: Yes, one traveler, economy. Please pay attention to fare rules too. The client has not confirmed whether the Thursday workshop will stay on the calendar.""}]",pass,accept,accept: The current request is clearly an in-scope tentative work trip and choice C uniquely applies the supported flexible/refundable fare default without leakage.
review_tm2_planning_v02_user_0002_habit_uncertain_trip_refundable_fare_p01_boundary,taskmaster_planning_v02_probe_9e59fed95619d968,tm2_planning_v02_user_0002_habit_uncertain_trip_refundable_fare_p01_boundary,tm2_planning_v02_user_0002,test,boundary,planning_defaults,taskmaster_seeded_gpt55_xhigh_sessionwise_multihabit_v02,"A user is booking a personal trip to Madison for a family reunion. The reunion dates are fixed, their time off is already approved, and they say their top priority is keeping the airfare as low as possible. Which fare should you recommend?","[{""choice_id"": ""A"", ""text"": ""Book the lowest-priced nonrefundable economy fare that matches the fixed dates.""}, {""choice_id"": ""B"", ""text"": ""Choose a more expensive flexible fare with no change fees, even though the dates are confirmed.""}, {""choice_id"": ""C"", ""text"": ""Pay extra for a fully refundable fare in case the reunion schedule changes.""}, {""choice_id"": ""D"", ""text"": ""Select a mid-priced fare with a travel credit option, despite the user prioritizing the lowest upfront cost.""}]",A,do_not_apply_out_of_scope,"[{""session_id"": ""tm2_planning_v02_user_0002_s0001"", ""session_index"": 1, ""signal_type"": ""boundary_counterexample"", ""source_domain"": ""hotels"", ""messages_preview"": ""user: Hi, can you help me find a hotel in Madison, Wisconsin? | assistant: Sure. What dates, how many guests, and do you want to be near downtown, the university, or somewhere with easier parking? | user: It's a personal trip for my niece's graduation weekend. The dates are confirmed: check in Friday May 16 and check out Monday May 19. Two adults, one room, ki... | assistant: Got it. For graduation weekend, rooms near campus can fill quickly. Will you have a car, and is walking distance to campus important? | user: We'll drive from Chicago, so parking matters. We'd like to be close enough to walk to State Street or campus if the weather is decent. Budget target is under...""}, {""session_id"": ""tm2_planning_v02_user_0002_s0021"", ""session_index"": 21, ""signal_type"": ""boundary_counterexample"", ""source_domain"": ""hotels"", ""messages_preview"": ""user: Hi, I need help picking a hotel in Palm Springs, California. | assistant: Sure, I can help with that. What dates are you staying, and how many guests will there be? | user: Two adults, May 16 to May 19. It’s for our anniversary. Flights into PSP are already booked and we have tickets for a show Saturday night, so the dates are set. | assistant: Got it: three nights, two adults, fixed anniversary weekend. What matters most for the hotel: price, pool, walkability, parking, resort feel, or something qu... | user: A pool is important, and I’d like to be close enough to downtown that we can Uber cheaply or walk to dinner. I don’t want a huge party hotel. King bed if pos...""}]",pass,revise,"revise: The boundary gold is correct, but the query and distractor wording make the lowest-fare answer too obvious rather than testing scoped non-application of the flexible-fare default."
review_tm2_planning_v02_user_0002_habit_uncertain_trip_refundable_fare_p02_exception,taskmaster_planning_v02_probe_7dabf8f9ec1efc0f,tm2_planning_v02_user_0002_habit_uncertain_trip_refundable_fare_p02_exception,tm2_planning_v02_user_0002,test,exception,planning_defaults,taskmaster_seeded_gpt55_xhigh_sessionwise_multihabit_v02,"I'm booking airfare for a San Francisco work trip. The meetings are fully approved, the dates are locked, and I have been told to prioritize the lowest total fare. All options arrive on time and meet the baggage needs. Which fare should I choose?","[{""choice_id"": ""A"", ""text"": ""Book the $289 fare on a later flight because it includes priority boarding.""}, {""choice_id"": ""B"", ""text"": ""Book the $315 fare with free date changes in case the schedule shifts later.""}, {""choice_id"": ""C"", ""text"": ""Book the $238 nonrefundable economy fare because it is the lowest total price and the dates are fixed.""}, {""choice_id"": ""D"", ""text"": ""Book the $372 fully refundable fare to preserve maximum flexibility.""}]",C,apply_current_trip_constraint,"[{""session_id"": ""tm2_planning_v02_user_0002_s0023"", ""session_index"": 23, ""signal_type"": ""exception"", ""source_domain"": ""hotels"", ""messages_preview"": ""user: I need to plan a possible work trip to Denver next month, but the workshop date is still waiting on the client. Can you look at flights from Portland and kee... | assistant: Sure. What dates are they considering, and do you have a preferred departure time or airline? | user: They are floating May 14 to May 16. Morning outbound, late afternoon return. Since the meeting may slide, I would rather pay more for a refundable or easy-ch... | assistant: I found a United refundable economy fare for $438, Alaska main cabin with changes for $405, and a basic nonrefundable fare for $263. Given the uncertain clie... | user: Use the United refundable one. Accounting grumbles, but last quarter we lost more money when the date moved.""}]",pass,accept,"accept: The exception query clearly states locked dates and lowest-fare priority, making C the unique current-trip override while other options remain plausible travel tradeoffs."
review_tm2_planning_v02_user_0002_habit_uncertain_trip_refundable_fare_p03_explicit_retrieval,taskmaster_planning_v02_probe_d7e4d7feddc1d7fe,tm2_planning_v02_user_0002_habit_uncertain_trip_refundable_fare_p03_explicit_retrieval,tm2_planning_v02_user_0002,test,explicit_retrieval,planning_defaults,taskmaster_seeded_gpt55_xhigh_sessionwise_multihabit_v02,Which travel-planning preference is most consistent with the user's prior decisions?,"[{""choice_id"": ""A"", ""text"": ""For all trips, choose the lowest available nonrefundable fare as soon as possible to minimize cost.""}, {""choice_id"": ""B"", ""text"": ""For personal trips with confirmed dates, pay extra for refundable fares to keep options open.""}, {""choice_id"": ""C"", ""text"": ""For work trips with tentative meetings, pending approval, or likely schedule changes, choose refundable or flexible fares even if a cheaper nonrefundable fare is available.""}, {""choice_id"": ""D"", ""text"": ""For uncertain work travel, delay booking entirely until every meeting and approval is finalized, even if fares rise.""}]",C,retrieve_supported_preference,"[{""session_id"": ""tm2_planning_v02_user_0002_s0002"", ""session_index"": 2, ""signal_type"": ""support"", ""source_domain"": ""flights"", ""messages_preview"": ""user: I need help looking at round-trip flights from Los Angeles to Salt Lake City for a work meeting next month. | assistant: Absolutely. Which Los Angeles-area airport do you prefer, and what dates are you considering? | user: LAX is easiest. The meeting is supposed to be Tuesday the 14th, but the client has already moved it once. I’d probably fly in Monday the 13th and come back W... | assistant: Got it: LAX to Salt Lake City, leaving Monday the 13th and returning Wednesday the 15th, with some chance the timing changes. Do you have preferred travel ti... | user: For the outbound, late morning or early afternoon would be ideal. I don’t want a 6 a.m. flight if I can avoid it. Return can be after lunch on Wednesday.""}, {""session_id"": ""tm2_planning_v02_user_0002_s0007"", ""session_index"": 7, ""signal_type"": ""support"", ""source_domain"": ""hotels"", ""messages_preview"": ""user: Hi, can you help me sort out a hotel for a possible work trip to Chicago? | assistant: Sure. What dates are you looking at, and do you have a preferred neighborhood or budget range? | user: The meeting is supposed to be April 15 through 17, but it is not fully approved yet. I would arrive on the 14th and leave the 17th if it happens. The office... | assistant: Got it: three nights, April 14 to 17, near the Loop or River North. Since the trip is still awaiting approval, should I focus on rooms with free cancellation... | user: Please focus on free cancellation. You can show me a prepaid option if it is useful for comparison, but I do not want to book something rigid for a work trip...""}, {""session_id"": ""tm2_planning_v02_user_0002_s0010"", ""session_index"": 10, ""signal_type"": ""support"", ""source_domain"": ""flights"", ""messages_preview"": ""user: I need help finding a flight from Seattle to Chicago for a work visit. It would be outbound today if possible, and I would come back three mornings from now. | assistant: Sure. Are you leaving from SEA, and do you prefer O'Hare or Midway? Also, how early can you realistically get to the airport today? | user: SEA is right. O'Hare is better for the office. I can get to the airport by about 10:30 this morning, but the meeting schedule is still being sorted out. | assistant: I can look at options after 12:00 PM today into ORD and returning in the morning three days from now. Is this one traveler, economy? | user: Yes, one traveler, economy. Please pay attention to fare rules too. The client has not confirmed whether the Thursday workshop will stay on the calendar.""}]",pass,accept,"accept: The explicit retrieval query cleanly targets the supported scoped preference for uncertain work travel, with a unique gold choice and plausible distractors."
review_tm2_planning_v02_user_0003_habit_work_hotel_near_venue_p00_direct_use,taskmaster_planning_v02_probe_b1b7983e73f43bc5,tm2_planning_v02_user_0003_habit_work_hotel_near_venue_p00_direct_use,tm2_planning_v02_user_0003,test,direct_use,planning_defaults,taskmaster_seeded_gpt55_xhigh_sessionwise_multihabit_v02,"I'm booking a hotel for a three-day work conference at the Austin Convention Center, with sessions starting at 8:00 a.m. each day and evening networking events nearby. Which option should I choose?","[{""choice_id"": ""A"", ""text"": ""A higher-end hotel near Lady Bird Lake, $260/night, with a pool and nicer rooms but a 25-minute walk or short rideshare to the venue.""}, {""choice_id"": ""B"", ""text"": ""A boutique hotel in East Austin, $225/night, with better restaurants nearby but a 20-minute rideshare to the convention center.""}, {""choice_id"": ""C"", ""text"": ""A downtown hotel about a 5-minute walk from the convention center, $285/night, with standard rooms and basic amenities.""}, {""choice_id"": ""D"", ""text"": ""An airport-area hotel, $175/night, with free breakfast and a shuttle, but a 35–45 minute commute each way.""}]",C,apply_scoped_habit,"[{""session_id"": ""tm2_planning_v02_user_0003_s0006"", ""session_index"": 6, ""signal_type"": ""support"", ""source_domain"": ""flights"", ""messages_preview"": ""user: I need to set up a round trip from Seattle to Chicago for a work conference next month, and probably a hotel too. | assistant: Sure. What dates are you traveling, and which Chicago airport do you prefer if you have one? | user: I need to arrive Monday, May 12, and come back Thursday evening, May 15. I’m leaving from SEA. Either ORD or Midway is okay, but the conference is at McCormi... | assistant: Got it. Do you want nonstop flights, or are you open to a connection if it lowers the fare? | user: Nonstop if the timing is reasonable. I don’t want to lose half a day on connections for a three-day work trip.""}, {""session_id"": ""tm2_planning_v02_user_0003_s0011"", ""session_index"": 11, ""signal_type"": ""support"", ""source_domain"": ""hotels"", ""messages_preview"": ""user: Hi, I need help picking a hotel in St. Louis for a two-day client workshop. | assistant: Sure. What dates are you traveling, and where will the workshop be held? | user: Checking in Monday, April 14 and out Wednesday, April 16. The sessions are at the Cortex Innovation Community, near Duncan Avenue. | assistant: Got it. Are you looking for a certain nightly price range, hotel class, or amenities like parking, breakfast, or a gym? | user: Company travel policy says under about $260 before taxes is fine. I need Wi-Fi, a desk, and ideally breakfast. Parking is nice but I may use rideshare.""}, {""session_id"": ""tm2_planning_v02_user_0003_s0020"", ""session_index"": 20, ""signal_type"": ""support"", ""source_domain"": ""flights"", ""messages_preview"": ""user: Hi, I need to set up a work trip from Los Angeles to London. It is for client workshops near Canary Wharf, so I need a round trip flight and a hotel. | assistant: Sure, I can help with that. What dates are you traveling, and do you have any airline, cabin, or hotel requirements? | user: I would leave LAX on April 14, arrive in London on April 15, and return to Los Angeles on April 19. Economy is fine, premium economy only if it is not a big... | assistant: Got it. For flights, would you prefer nonstop even if it costs more, or are one-stop options okay? Also, do you want to fly into Heathrow, Gatwick, or whiche... | user: Heathrow is best. Nonstop is preferred going there because I need to land reasonably rested. Coming back, I can handle one stop if the timing is not awful.""}]",pass,accept,"accept: The current request is clearly in scope for the work-hotel venue-proximity default, choice C uniquely applies it over plausible cheaper or nicer longer-commute alternatives, and there is no public leakage."
review_tm2_planning_v02_user_0003_habit_work_hotel_near_venue_p01_boundary,taskmaster_planning_v02_probe_6889a3185771629f,tm2_planning_v02_user_0003_habit_work_hotel_near_venue_p01_boundary,tm2_planning_v02_user_0003,test,boundary,planning_defaults,taskmaster_seeded_gpt55_xhigh_sessionwise_multihabit_v02,"I’m planning a four-night leisure trip to Kyoto with my partner. We care most about atmospheric streets, evening strolls, and easy sightseeing, not access to offices or meeting venues. Which hotel option is the best fit?","[{""choice_id"": ""A"", ""text"": ""A budget hotel in an outer residential area with the lowest nightly price, but requiring longer transit rides to most sights and restaurants.""}, {""choice_id"": ""B"", ""text"": ""A business hotel beside Kyoto Station with lower rates and the simplest airport-train connection, but a less distinctive neighborhood feel.""}, {""choice_id"": ""C"", ""text"": ""A boutique ryokan-style hotel in Southern Higashiyama/Gion, walkable to temples, old lanes, teahouses, and evening dining, though it costs a bit more and is farther from Kyoto Station.""}, {""choice_id"": ""D"", ""text"": ""A modern hotel near the convention center with spacious rooms and fast taxi access across town, but limited nearby sightseeing on foot.""}]",C,do_not_apply_out_of_scope,"[{""session_id"": ""tm2_planning_v02_user_0003_s0025"", ""session_index"": 25, ""signal_type"": ""boundary_counterexample"", ""source_domain"": ""hotels"", ""messages_preview"": ""user: Can you help with a hotel for my Denver work trip next month? The meetings are at the Colorado Convention Center, and I need something around three stars. | assistant: Sure. What nightly range are you trying to stay within, and do you care more about rate, amenities, or how close it is to the convention center? | user: Around $230 if possible. For work trips, I really do not want a commute before an 8 a.m. session. | assistant: Two good fits: Hyatt Place Downtown is about a 3-minute walk at roughly $238, while a cheaper option near Capitol Hill is closer to $198 but would mean a 15-... | user: Take the Hyatt Place. A few dollars over is fine if I can walk straight over with my laptop.""}, {""session_id"": ""tm2_planning_v02_user_0003_s0034"", ""session_index"": 34, ""signal_type"": ""boundary_counterexample"", ""source_domain"": ""flights"", ""messages_preview"": ""user: Hi, can you help me plan a Paris trip? We'd like to leave on February 16 and make it about a week. | assistant: Absolutely. What city are you departing from, how many travelers, and are your return dates fixed? | user: Two adults from Boston. Return February 23 or 24. We can each bring a carry-on, and I’d rather avoid a red-eye with a messy connection. | assistant: For Boston to Paris, the smoothest option is usually a nonstop into CDG. Do you have a fare ceiling, and do you care more about arrival time or lowest price? | user: If nonstop is under about $950 each, that's fine. Arriving in the morning would be great. This is an anniversary vacation, so comfort matters.""}]",pass,accept,accept: The query is clearly outside the work/conference hotel condition and uniquely favors the atmospheric sightseeing-focused Kyoto option while using plausible travel distractors.
review_tm2_planning_v02_user_0003_habit_work_hotel_near_venue_p02_exception,taskmaster_planning_v02_probe_d5e33858375740f5,tm2_planning_v02_user_0003_habit_work_hotel_near_venue_p02_exception,tm2_planning_v02_user_0003,test,exception,planning_defaults,taskmaster_seeded_gpt55_xhigh_sessionwise_multihabit_v02,"You’re choosing a hotel for an upcoming work conference in Boston at the Seaport Convention Center. The traveler says: “For this trip, I specifically want to stay in Back Bay or Fenway, even if it means a longer commute to the conference.” Which hotel should you recommend?","[{""choice_id"": ""A"", ""text"": ""A Cambridge boutique hotel with highly rated amenities, about 35 minutes from the convention center and not in the requested neighborhoods.""}, {""choice_id"": ""B"", ""text"": ""An airport-area hotel with the lowest nightly rate, but a 45-minute commute and no easy access to Back Bay or Fenway.""}, {""choice_id"": ""C"", ""text"": ""A Back Bay hotel near Copley Square, about 25 minutes to the convention center by transit, with rates in the middle of the available options.""}, {""choice_id"": ""D"", ""text"": ""A Seaport hotel two blocks from the convention center, but outside Back Bay/Fenway and significantly more expensive.""}]",C,apply_current_trip_constraint,"[{""session_id"": ""tm2_planning_v02_user_0003_s0024"", ""session_index"": 24, ""signal_type"": ""exception"", ""source_domain"": ""flights"", ""messages_preview"": ""user: Hi, I'd like help sorting out some travel. I'll be leaving from New York, and there are a couple of work trips coming up. | assistant: Sure, I can help with flights and hotels. Which trip should we start with? | user: First is a client review in Chicago next month. The meeting is at 233 South Wacker Drive, and I'd rather not deal with cabs in the morning. Can you look for... | assistant: Yes. For that address, I would focus on the Loop or immediately around Willis Tower. There are cheaper hotels farther north or west, but the closest practica... | user: Exactly. For client days I care more about being nearby than saving fifty dollars. Please hold a refundable room if there is one with breakfast.""}]",pass,accept,"accept: The query is an in-scope work hotel request with an explicit neighborhood override, and C uniquely satisfies that exception while distractors remain plausible."
review_tm2_planning_v02_user_0003_habit_work_hotel_near_venue_p03_explicit_retrieval,taskmaster_planning_v02_probe_c72090c0df7c53c7,tm2_planning_v02_user_0003_habit_work_hotel_near_venue_p03_explicit_retrieval,tm2_planning_v02_user_0003,test,explicit_retrieval,planning_defaults,taskmaster_seeded_gpt55_xhigh_sessionwise_multihabit_v02,"When choosing hotels for work conferences, client workshops, or onsite meetings, which preference is most consistently shown in the user's prior decisions?","[{""choice_id"": ""A"", ""text"": ""Choose hotels in lively sightseeing neighborhoods, even when the trip is primarily for work.""}, {""choice_id"": ""B"", ""text"": ""Choose amenity-rich hotels, such as those with larger rooms or better fitness facilities, over location near the venue.""}, {""choice_id"": ""C"", ""text"": ""Choose the lowest nightly rate, even if it means a longer commute to the meeting venue.""}, {""choice_id"": ""D"", ""text"": ""Choose a hotel close to the meeting venue, even if cheaper options require a longer commute.""}]",D,retrieve_supported_preference,"[{""session_id"": ""tm2_planning_v02_user_0003_s0006"", ""session_index"": 6, ""signal_type"": ""support"", ""source_domain"": ""flights"", ""messages_preview"": ""user: I need to set up a round trip from Seattle to Chicago for a work conference next month, and probably a hotel too. | assistant: Sure. What dates are you traveling, and which Chicago airport do you prefer if you have one? | user: I need to arrive Monday, May 12, and come back Thursday evening, May 15. I’m leaving from SEA. Either ORD or Midway is okay, but the conference is at McCormi... | assistant: Got it. Do you want nonstop flights, or are you open to a connection if it lowers the fare? | user: Nonstop if the timing is reasonable. I don’t want to lose half a day on connections for a three-day work trip.""}, {""session_id"": ""tm2_planning_v02_user_0003_s0011"", ""session_index"": 11, ""signal_type"": ""support"", ""source_domain"": ""hotels"", ""messages_preview"": ""user: Hi, I need help picking a hotel in St. Louis for a two-day client workshop. | assistant: Sure. What dates are you traveling, and where will the workshop be held? | user: Checking in Monday, April 14 and out Wednesday, April 16. The sessions are at the Cortex Innovation Community, near Duncan Avenue. | assistant: Got it. Are you looking for a certain nightly price range, hotel class, or amenities like parking, breakfast, or a gym? | user: Company travel policy says under about $260 before taxes is fine. I need Wi-Fi, a desk, and ideally breakfast. Parking is nice but I may use rideshare.""}, {""session_id"": ""tm2_planning_v02_user_0003_s0020"", ""session_index"": 20, ""signal_type"": ""support"", ""source_domain"": ""flights"", ""messages_preview"": ""user: Hi, I need to set up a work trip from Los Angeles to London. It is for client workshops near Canary Wharf, so I need a round trip flight and a hotel. | assistant: Sure, I can help with that. What dates are you traveling, and do you have any airline, cabin, or hotel requirements? | user: I would leave LAX on April 14, arrive in London on April 15, and return to Los Angeles on April 19. Economy is fine, premium economy only if it is not a big... | assistant: Got it. For flights, would you prefer nonstop even if it costs more, or are one-stop options okay? Also, do you want to fly into Heathrow, Gatwick, or whiche... | user: Heathrow is best. Nonstop is preferred going there because I need to land reasonably rested. Coming back, I can handle one stop if the timing is not awful.""}]",pass,accept,accept: The explicit-retrieval query cleanly targets the hidden work-hotel venue-proximity default with a unique supported gold choice and plausible travel-planning distractors.
review_tm2_planning_v02_user_0004_habit_quiet_hotel_for_work_p00_direct_use,taskmaster_planning_v02_probe_e9111e4887239b12,tm2_planning_v02_user_0004_habit_quiet_hotel_for_work_p00_direct_use,tm2_planning_v02_user_0004,test,direct_use,planning_defaults,taskmaster_seeded_gpt55_xhigh_sessionwise_multihabit_v02,I'm booking a hotel for a three-night trip to Seattle for a client workshop. I arrive the evening before and may need to prepare materials between sessions. Which option should I choose?,"[{""choice_id"": ""A"", ""text"": ""A lower-priced airport hotel with free shuttle service, but a long commute to the workshop and limited workspace in the rooms.""}, {""choice_id"": ""B"", ""text"": ""A stylish hotel in the main nightlife district with a rooftop bar, late-night restaurant, and energetic lobby scene.""}, {""choice_id"": ""C"", ""text"": ""A resort-style property with a pool, spa, and several restaurants, but mixed comments about room noise and internet consistency.""}, {""choice_id"": ""D"", ""text"": ""A well-reviewed hotel near the workshop site with dependable Wi-Fi, a proper in-room desk, and rooms away from busy bar streets.""}]",D,apply_scoped_habit,"[{""session_id"": ""tm2_planning_v02_user_0004_s0016"", ""session_index"": 16, ""signal_type"": ""support"", ""source_domain"": ""flights"", ""messages_preview"": ""user: I need help lining up a Delta trip to Seattle for next month. It is for a client workshop, so I also need a hotel that will let me get real work done. | assistant: Sure. What city are you flying from, what dates, and do you have any timing constraints for the flights? | user: Leaving from Atlanta on Monday, May 13, returning Thursday, May 16. I need to be in Seattle by midafternoon Monday because I have prep calls that evening. | assistant: I can look for Delta options arriving before midafternoon. Do you prefer nonstop if available, or are you open to one connection for a lower fare? | user: Nonstop if it is not wildly more expensive. For this trip the schedule matters more than shaving off a little money.""}, {""session_id"": ""tm2_planning_v02_user_0004_s0017"", ""session_index"": 17, ""signal_type"": ""support"", ""source_domain"": ""hotels"", ""messages_preview"": ""user: Hi, I need help picking a hotel in Seattle for a work trip next month. | assistant: Sure. What dates, budget, and part of Seattle are you considering? | user: June 11 to 13, just me. I have vendor meetings near the Convention Center and I’ll need to finish a slide deck at night. I’d rather not end up somewhere loud. | assistant: Got it. Do you want to be walking distance to the Convention Center, or is a short rideshare okay? | user: Walking distance would be nice, but not if it means staying above bars or a clubby lobby. I need decent Wi-Fi, a real desk, and quiet enough for a couple of...""}, {""session_id"": ""tm2_planning_v02_user_0004_s0018"", ""session_index"": 18, ""signal_type"": ""support"", ""source_domain"": ""flights"", ""messages_preview"": ""user: I need to arrange a round trip flight from Austin to Seattle for a client workshop next month, and probably a hotel too. | assistant: Sure. What dates are you traveling, and do you have any time or airline preferences? | user: Leave Monday, May 13, and come back Thursday evening, May 16. I need to be in Bellevue by 2 pm Monday, so a morning arrival would be best. | assistant: I found a few reasonable round-trip options. The strongest fit is a 7:10 am departure from Austin with one stop in Denver, landing in Seattle at 11:35 am. Re... | user: Let’s keep the buffer. I’ll have materials to review when I land, so I don’t want to be rushing straight into the room.""}]",pass,revise,"revise: The in-scope habit and gold are coherent, but option D is objectively dominant while the distractors have clear work-trip drawbacks, making the answer too trivial without relying on the learned default."
review_tm2_planning_v02_user_0004_habit_quiet_hotel_for_work_p01_boundary,taskmaster_planning_v02_probe_74d724f100d669c9,tm2_planning_v02_user_0004_habit_quiet_hotel_for_work_p01_boundary,tm2_planning_v02_user_0004,test,boundary,planning_defaults,taskmaster_seeded_gpt55_xhigh_sessionwise_multihabit_v02,"A group of friends is planning a birthday weekend in Madrid focused on rooftop drinks, late dinners, dancing, and enjoying the hotel's social scene. No one needs to take work calls or prepare materials. Which lodging choice best fits the trip?","[{""choice_id"": ""A"", ""text"": ""A small residential guesthouse in a calm neighborhood, best suited for early nights and local cafés.""}, {""choice_id"": ""B"", ""text"": ""A quiet business hotel outside the nightlife areas with strong desks, soundproof rooms, and dependable Wi-Fi.""}, {""choice_id"": ""C"", ""text"": ""An airport hotel with easy transfers, predictable service, and a lower nightly rate.""}, {""choice_id"": ""D"", ""text"": ""A lively central hotel near bars and late-night restaurants, with a rooftop lounge and spaces where the group can gather.""}]",D,do_not_apply_out_of_scope,"[{""session_id"": ""tm2_planning_v02_user_0004_s0000"", ""session_index"": 0, ""signal_type"": ""boundary_counterexample"", ""source_domain"": ""flights"", ""messages_preview"": ""user: I want to plan a quick Atlanta getaway for my sister's 30th birthday. Four of us would fly from Seattle on a Friday in late August and come back Monday. | assistant: That sounds fun. I can help with flights, a hotel area, and a rough weekend plan. Do you have exact dates, a budget range, and any priorities for the trip? | user: Dates are August 23 to August 26. We want this to feel like a real celebration: rooftop drinks, good restaurants, maybe a club or live music. Hotel budget ca... | assistant: Great. For that kind of trip, I would focus on Midtown, Old Fourth Ward, or areas near the BeltLine rather than a far-out airport hotel. Do you prefer cheape... | user: Nonstop if possible. We're all taking Friday off, but I don't want a brutal 6 a.m. departure. Something midmorning or early afternoon from Seattle would be i...""}, {""session_id"": ""tm2_planning_v02_user_0004_s0012"", ""session_index"": 12, ""signal_type"": ""boundary_counterexample"", ""source_domain"": ""flights"", ""messages_preview"": ""user: I’m organizing a Madrid birthday weekend for four friends and need help with flights and a hotel. We’re starting in Chicago and want this to feel fun, not li... | assistant: Great. What dates are you aiming for, which Chicago airport, and what kind of hotel atmosphere do you want? | user: ORD is easiest. We want to land Friday, spend the weekend eating tapas and going out, and fly home Tuesday. We’re thinking October 17 to 21, but we can leave... | assistant: For a Friday arrival from Chicago, you’ll usually depart Thursday evening. For the hotel, Gran Vía, Chueca, Huertas, or Plaza Santa Ana would fit a nightlife... | user: Flights under about $850 each if possible. For hotels, two rooms, ideally under $320 per room per night. We’d love a rooftop bar or pool, and being near late...""}]",pass,accept,"accept: The social birthday-weekend query is clearly outside the work-focused hotel default, D uniquely fits the nightlife/group goals, and the distractors are plausible."
review_tm2_planning_v02_user_0004_habit_quiet_hotel_for_work_p02_exception,taskmaster_planning_v02_probe_d2045c64c5c44535,tm2_planning_v02_user_0004_habit_quiet_hotel_for_work_p02_exception,tm2_planning_v02_user_0004,test,exception,planning_defaults,taskmaster_seeded_gpt55_xhigh_sessionwise_multihabit_v02,"For an upcoming Houston client trip, the traveler says the group specifically wants a lively hotel with an energetic bar or lobby scene for evening socializing after meetings, even if it is not the quietest place to work. Which option should you recommend?","[{""choice_id"": ""A"", ""text"": ""A downtown hotel known for a buzzing lobby bar, rooftop scene, and easy access to group nightlife, accepting some extra noise""}, {""choice_id"": ""B"", ""text"": ""A suite-style extended-stay property with a kitchenette, desk space, and laundry for solo productivity""}, {""choice_id"": ""C"", ""text"": ""An airport hotel with shuttle service, free breakfast, and quick transfers, but little evening atmosphere""}, {""choice_id"": ""D"", ""text"": ""A quiet business hotel in a corporate district with strong Wi-Fi, soundproof rooms, and minimal on-site nightlife""}]",A,apply_current_trip_constraint,"[{""session_id"": ""tm2_planning_v02_user_0004_s0024"", ""session_index"": 24, ""signal_type"": ""exception"", ""source_domain"": ""flights"", ""messages_preview"": ""user: I'm lining up travel for the next few months. First is Denver for a client workshop, Tuesday through Friday, leaving from SFO. | assistant: Sure. Do you want me to focus on flight timing first, or combine flights with a hotel shortlist? | user: Combine them. It's a heavy prep week, with evening calls and a deck to finish. Please steer me toward a calm hotel with a real desk, not a place built around... | assistant: For Denver, I'd use a nonstop morning flight into DEN and stay near the convention center or Union Station on a quieter floor. Hyatt Regency or Le Meridien w... | user: That sounds right. I can expense up to $260 a night if breakfast is easy and the Wi-Fi is reliable.""}]",pass,accept,"accept: The query is an in-scope work trip with an explicit lively-social override, the gold choice uniquely follows that current-trip constraint, and the distractors are plausible."
review_tm2_planning_v02_user_0004_habit_quiet_hotel_for_work_p03_explicit_retrieval,taskmaster_planning_v02_probe_0ef74d8752e5b61f,tm2_planning_v02_user_0004_habit_quiet_hotel_for_work_p03_explicit_retrieval,tm2_planning_v02_user_0004,test,explicit_retrieval,planning_defaults,taskmaster_seeded_gpt55_xhigh_sessionwise_multihabit_v02,"Across the user's prior work-focused trips, which hotel preference appears most consistently?","[{""choice_id"": ""A"", ""text"": ""Choose the lowest-priced hotel available, accepting weaker location or workspace to keep costs down.""}, {""choice_id"": ""B"", ""text"": ""Choose a quieter hotel with dependable Wi-Fi, a usable workspace, and good sleep conditions, even if it is less lively.""}, {""choice_id"": ""C"", ""text"": ""Choose a hotel with rooftop bars, nightlife, and a social lobby, even if rooms may be noisier.""}, {""choice_id"": ""D"", ""text"": ""Choose a resort-style property with pools, spa amenities, and leisure facilities, even if it is farther from meetings.""}]",B,retrieve_supported_preference,"[{""session_id"": ""tm2_planning_v02_user_0004_s0016"", ""session_index"": 16, ""signal_type"": ""support"", ""source_domain"": ""flights"", ""messages_preview"": ""user: I need help lining up a Delta trip to Seattle for next month. It is for a client workshop, so I also need a hotel that will let me get real work done. | assistant: Sure. What city are you flying from, what dates, and do you have any timing constraints for the flights? | user: Leaving from Atlanta on Monday, May 13, returning Thursday, May 16. I need to be in Seattle by midafternoon Monday because I have prep calls that evening. | assistant: I can look for Delta options arriving before midafternoon. Do you prefer nonstop if available, or are you open to one connection for a lower fare? | user: Nonstop if it is not wildly more expensive. For this trip the schedule matters more than shaving off a little money.""}, {""session_id"": ""tm2_planning_v02_user_0004_s0017"", ""session_index"": 17, ""signal_type"": ""support"", ""source_domain"": ""hotels"", ""messages_preview"": ""user: Hi, I need help picking a hotel in Seattle for a work trip next month. | assistant: Sure. What dates, budget, and part of Seattle are you considering? | user: June 11 to 13, just me. I have vendor meetings near the Convention Center and I’ll need to finish a slide deck at night. I’d rather not end up somewhere loud. | assistant: Got it. Do you want to be walking distance to the Convention Center, or is a short rideshare okay? | user: Walking distance would be nice, but not if it means staying above bars or a clubby lobby. I need decent Wi-Fi, a real desk, and quiet enough for a couple of...""}, {""session_id"": ""tm2_planning_v02_user_0004_s0018"", ""session_index"": 18, ""signal_type"": ""support"", ""source_domain"": ""flights"", ""messages_preview"": ""user: I need to arrange a round trip flight from Austin to Seattle for a client workshop next month, and probably a hotel too. | assistant: Sure. What dates are you traveling, and do you have any time or airline preferences? | user: Leave Monday, May 13, and come back Thursday evening, May 16. I need to be in Bellevue by 2 pm Monday, so a morning arrival would be best. | assistant: I found a few reasonable round-trip options. The strongest fit is a 7:10 am departure from Austin with one stop in Denver, landing in Seattle at 11:35 am. Re... | user: Let’s keep the buffer. I’ll have materials to review when I land, so I don’t want to be rushing straight into the room.""}]",pass,accept,"accept: The explicit retrieval query is supported by the history and hidden graph, with a clear unique gold choice and plausible travel-planning distractors."
review_tm2_planning_v02_user_0005_habit_leisure_relaxed_pacing_p00_direct_use,taskmaster_planning_v02_probe_86c8ac01c4c800b1,tm2_planning_v02_user_0005_habit_leisure_relaxed_pacing_p00_direct_use,tm2_planning_v02_user_0005,test,direct_use,planning_defaults,taskmaster_seeded_gpt55_xhigh_sessionwise_multihabit_v02,"I’m planning a personal long weekend in Copenhagen next month, with no fixed reservations or timed events on arrival day. Which travel plan should I pick?","[{""choice_id"": ""A"", ""text"": ""Take the 6:05 AM flight with a 45-minute connection, arrive by late morning, and start sightseeing before hotel check-in.""}, {""choice_id"": ""B"", ""text"": ""Take the latest flight after work, arrive close to midnight, and book an early guided tour the next morning to make up time.""}, {""choice_id"": ""C"", ""text"": ""Take the cheapest overnight itinerary with a long layover, arrive early, store bags, and fit in two museums before check-in.""}, {""choice_id"": ""D"", ""text"": ""Take the late-morning nonstop, arrive mid-afternoon, check in, and keep the first evening to a simple dinner and short walk nearby.""}]",D,apply_scoped_habit,"[{""session_id"": ""tm2_planning_v02_user_0005_s0008"", ""session_index"": 8, ""signal_type"": ""support"", ""source_domain"": ""flights"", ""messages_preview"": ""user: My spouse and I are planning an anniversary vacation from Houston to Amsterdam in late May. Can you help me think through round-trip flights and the first co... | assistant: Absolutely. What dates are you considering, and do you have any preferences around airline, stops, budget, or arrival time? | user: We can leave Houston on May 22 and return June 1. Budget matters, but I don't want the cheapest option if it means landing exhausted at 6 a.m. and pretending... | assistant: That makes sense. For Houston to Amsterdam, you may see nonstop flights from IAH as well as one-stop routes through cities like London, Frankfurt, Newark, or... | user: Yes, nonstop sounds nice. If one stop saves a lot, I can consider it, but I really don't want a rushed connection. This is a vacation, not a race.""}, {""session_id"": ""tm2_planning_v02_user_0005_s0016"", ""session_index"": 16, ""signal_type"": ""support"", ""source_domain"": ""flights"", ""messages_preview"": ""user: I'm starting to plan a Berlin vacation and need flight options from Austin for two adults. | assistant: Happy to help. What dates are you thinking, and are you optimizing for lowest fare, shortest travel time, comfortable timing, or something else? | user: May 9 to May 16. It's just a leisure trip, so I don't want the whole thing to feel like a race. I'd rather arrive at a reasonable hour and avoid complicated... | assistant: Here are three reasonable outbound choices: 1) leave Austin Thursday evening, connect in Frankfurt, arrive Berlin Friday around 2:00 pm; 2) leave Thursday mi... | user: The Frankfurt one sounds much better. Even if it costs a little more, landing midafternoon means we can get settled instead of wandering around exhausted wit...""}, {""session_id"": ""tm2_planning_v02_user_0005_s0017"", ""session_index"": 17, ""signal_type"": ""support"", ""source_domain"": ""hotels"", ""messages_preview"": ""user: I'm planning a low-key long weekend in San Francisco with my sister and need help choosing a hotel. | assistant: Sure. What dates, budget, and general vibe are you thinking about? Also, will you have a car or rely on transit and rideshares? | user: Probably Friday to Monday in early October. We'll fly from Seattle and won't have a car. Budget is around $250 to $330 a night before taxes. This is just for... | assistant: That budget can work in several areas. Union Square is central, Embarcadero is good for waterfront walks and transit, and the Marina or Fisherman's Wharf put... | user: Transit and being able to walk to dinner would be nice. I don't need nightlife. I'd rather arrive at a normal hour, check in, and have an easy first evening...""}]",pass,accept,"accept: The query is in-scope for low-pressure personal travel, the evidence supports a relaxed-pacing default, and choice D is the unique application of that default among plausible alternatives."
review_tm2_planning_v02_user_0005_habit_leisure_relaxed_pacing_p01_boundary,taskmaster_planning_v02_probe_19a05647e201cb74,tm2_planning_v02_user_0005_habit_leisure_relaxed_pacing_p01_boundary,tm2_planning_v02_user_0005,test,boundary,planning_defaults,taskmaster_seeded_gpt55_xhigh_sessionwise_multihabit_v02,"You are arranging a same-day work trip to Dallas for a required 3:00 p.m. client presentation, and the team needs at least 45 minutes onsite beforehand to test the room setup. Which travel plan is the best fit?","[{""choice_id"": ""A"", ""text"": ""Book the 11:45 a.m. nonstop arriving at 2:10 p.m. so the morning is easier, then take a rideshare directly to the client office.""}, {""choice_id"": ""B"", ""text"": ""Book the 8:10 a.m. nonstop arriving at 10:35 a.m., use a hotel day room or nearby workspace by the client office for prep, and plan to be onsite by 2:00 p.m.""}, {""choice_id"": ""C"", ""text"": ""Book the 7:00 a.m. flight with a 35-minute connection arriving at 11:15 a.m., then work from the airport to avoid extra ground transportation.""}, {""choice_id"": ""D"", ""text"": ""Book the cheaper 9:30 a.m. one-stop itinerary arriving at 1:50 p.m., since it still lands before the meeting if everything runs on time.""}]",B,do_not_apply_out_of_scope,"[{""session_id"": ""tm2_planning_v02_user_0005_s0021"", ""session_index"": 21, ""signal_type"": ""boundary_counterexample"", ""source_domain"": ""hotels"", ""messages_preview"": ""user: I need help booking a hotel in St. Louis for a work trip next month. | assistant: Sure. What dates are you traveling, and where in St. Louis do you need to be for work? | user: I’m arriving Monday evening, March 10, and leaving Wednesday afternoon. I have to be at the America’s Center by 7:30 a.m. Tuesday and Wednesday for a trade s... | assistant: Got it. Since you have early fixed commitments at America’s Center, I’ll focus on hotels within a short walk or a very quick ride. Do you have a nightly budg... | user: Company policy says under $230 a night before taxes. I don’t care about luxury. I do need reliable Wi-Fi, a real desk, and ideally breakfast that starts early.""}, {""session_id"": ""tm2_planning_v02_user_0005_s0024"", ""session_index"": 24, ""signal_type"": ""boundary_counterexample"", ""source_domain"": ""flights"", ""messages_preview"": ""user: I need to get from Los Angeles to Miami today for work. Can you help me pick a flight? | assistant: Sure. Which LA-area airport should I start with, and do you have a latest arrival time in Miami? | user: LAX is best. This is for a client presentation, not a vacation. I have to be in Brickell for a required tech check at 7:30 tonight, then present at 8 tomorro... | assistant: Understood. With a fixed evening commitment, we should aim to land at MIA no later than about 6:15 if possible, since Brickell is usually 20 to 40 minutes fr... | user: I can leave Santa Monica in about 20 minutes. Carry-on only. I prefer nonstop, but if a connection gets me there earlier, I’ll consider it.""}]",pass,accept,"accept: The work-trip query is clearly outside the leisure-only relaxed-pacing condition, and choice B uniquely satisfies the fixed onsite commitment without relying on the scoped leisure default."
review_tm2_planning_v02_user_0005_habit_leisure_relaxed_pacing_p02_exception,taskmaster_planning_v02_probe_6a6247e3c37e91d5,tm2_planning_v02_user_0005_habit_leisure_relaxed_pacing_p02_exception,tm2_planning_v02_user_0005,test,exception,planning_defaults,taskmaster_seeded_gpt55_xhigh_sessionwise_multihabit_v02,"I’m planning a personal weekend in Rome, but this time I specifically want to maximize sightseeing time because I only have one full day and a timed Colosseum entry at 9:30 a.m. Saturday. Which plan best fits this request?","[{""choice_id"": ""A"", ""text"": ""Fly in Saturday late morning, keep the afternoon open, and choose one relaxed neighborhood walk after checking in.""}, {""choice_id"": ""B"", ""text"": ""Take a Saturday morning flight with fewer logistics, skip any timed activities, and focus on an unrushed dinner as the main plan.""}, {""choice_id"": ""C"", ""text"": ""Arrive Friday night but stay outside the city to save money, then decide Saturday morning whether the Colosseum timing still feels manageable.""}, {""choice_id"": ""D"", ""text"": ""Fly in Friday evening, stay near the historic center, start early Saturday, make the 9:30 a.m. Colosseum entry, then continue with a pre-planned route through nearby sights.""}]",D,apply_current_trip_constraint,"[{""session_id"": ""tm2_planning_v02_user_0005_s0011"", ""session_index"": 11, ""signal_type"": ""exception"", ""source_domain"": ""hotels"", ""messages_preview"": ""user: I’m looking for a hotel in Portland, Oregon for a quick personal trip next month. Can you help me narrow it down? | assistant: Sure. What dates, budget, neighborhood preferences, and any must-have amenities should I use? | user: It’s Friday May 10 to Sunday May 12. Usually when I travel for fun, I like slower mornings and not hopping across town constantly, so I’d normally pick somew... | assistant: Got it. For a relaxed weekend I’d usually look near the Pearl District, Northwest Portland, or Downtown close to transit and restaurants, without requiring a... | user: That’s my normal style, yes. But this Portland trip is the opposite: my cousin and I made a list of food carts, Powell’s, the Japanese Garden, a concert, and...""}]",pass,accept,"accept: The query is an in-scope leisure weekend with an explicit hard-schedule override, and choice D uniquely follows the current-trip constraint while the other options ignore or undermine it."
review_tm2_planning_v02_user_0005_habit_leisure_relaxed_pacing_p03_explicit_retrieval,taskmaster_planning_v02_probe_6a99dcdf7b3a783d,tm2_planning_v02_user_0005_habit_leisure_relaxed_pacing_p03_explicit_retrieval,tm2_planning_v02_user_0005,test,explicit_retrieval,planning_defaults,taskmaster_seeded_gpt55_xhigh_sessionwise_multihabit_v02,"When the user is planning a vacation, weekend getaway, or other low-pressure personal trip, which approach best matches their repeated preference?","[{""choice_id"": ""A"", ""text"": ""Choose the lowest-cost routing even when it requires tight connections, very early departures, or a packed arrival day.""}, {""choice_id"": ""B"", ""text"": ""Choose relaxed arrival windows, smoother connections, lighter first-day plans, and fewer tightly packed logistics, even if that means not maximizing every hour.""}, {""choice_id"": ""C"", ""text"": ""Prioritize lodging closest to event venues and build the schedule around fixed meeting times.""}, {""choice_id"": ""D"", ""text"": ""Book the earliest possible departure and schedule back-to-back activities to maximize sightseeing time.""}]",B,retrieve_supported_preference,"[{""session_id"": ""tm2_planning_v02_user_0005_s0008"", ""session_index"": 8, ""signal_type"": ""support"", ""source_domain"": ""flights"", ""messages_preview"": ""user: My spouse and I are planning an anniversary vacation from Houston to Amsterdam in late May. Can you help me think through round-trip flights and the first co... | assistant: Absolutely. What dates are you considering, and do you have any preferences around airline, stops, budget, or arrival time? | user: We can leave Houston on May 22 and return June 1. Budget matters, but I don't want the cheapest option if it means landing exhausted at 6 a.m. and pretending... | assistant: That makes sense. For Houston to Amsterdam, you may see nonstop flights from IAH as well as one-stop routes through cities like London, Frankfurt, Newark, or... | user: Yes, nonstop sounds nice. If one stop saves a lot, I can consider it, but I really don't want a rushed connection. This is a vacation, not a race.""}, {""session_id"": ""tm2_planning_v02_user_0005_s0016"", ""session_index"": 16, ""signal_type"": ""support"", ""source_domain"": ""flights"", ""messages_preview"": ""user: I'm starting to plan a Berlin vacation and need flight options from Austin for two adults. | assistant: Happy to help. What dates are you thinking, and are you optimizing for lowest fare, shortest travel time, comfortable timing, or something else? | user: May 9 to May 16. It's just a leisure trip, so I don't want the whole thing to feel like a race. I'd rather arrive at a reasonable hour and avoid complicated... | assistant: Here are three reasonable outbound choices: 1) leave Austin Thursday evening, connect in Frankfurt, arrive Berlin Friday around 2:00 pm; 2) leave Thursday mi... | user: The Frankfurt one sounds much better. Even if it costs a little more, landing midafternoon means we can get settled instead of wandering around exhausted wit...""}, {""session_id"": ""tm2_planning_v02_user_0005_s0017"", ""session_index"": 17, ""signal_type"": ""support"", ""source_domain"": ""hotels"", ""messages_preview"": ""user: I'm planning a low-key long weekend in San Francisco with my sister and need help choosing a hotel. | assistant: Sure. What dates, budget, and general vibe are you thinking about? Also, will you have a car or rely on transit and rideshares? | user: Probably Friday to Monday in early October. We'll fly from Seattle and won't have a car. Budget is around $250 to $330 a night before taxes. This is just for... | assistant: That budget can work in several areas. Union Square is central, Embarcadero is good for waterfront walks and transit, and the Marina or Fisherman's Wharf put... | user: Transit and being able to walk to dinner would be nice. I don't need nightlife. I'd rather arrive at a normal hour, check in, and have an easy first evening...""}]",pass,accept,"accept: The query cleanly asks for the supported in-scope leisure travel preference, and B uniquely matches the hidden default with plausible distractors."
review_tm2_planning_v02_user_0006_habit_family_trip_flexible_cancellation_p00_direct_use,taskmaster_planning_v02_probe_ff5b2ee42921199d,tm2_planning_v02_user_0006_habit_family_trip_flexible_cancellation_p00_direct_use,tm2_planning_v02_user_0006,test,direct_use,planning_defaults,taskmaster_seeded_gpt55_xhigh_sessionwise_multihabit_v02,"I'm booking a four-night Chicago hotel stay for my spouse, our two kids, and my mother. The dates line up with school break, but there are still a few moving parts around activities and my mother's schedule. Which option would you recommend?","[{""choice_id"": ""A"", ""text"": ""Pick a cheaper hotel farther from the main sights and plan to use rideshares to offset the savings.""}, {""choice_id"": ""B"", ""text"": ""Reserve the largest suite available, even though it is much more expensive, to maximize space for everyone.""}, {""choice_id"": ""C"", ""text"": ""Choose a slightly more expensive hotel with free cancellation until a few days before arrival and no change fee.""}, {""choice_id"": ""D"", ""text"": ""Book the lowest nightly rate: a prepaid, nonrefundable room at a well-rated hotel near the river.""}]",C,apply_scoped_habit,"[{""session_id"": ""tm2_planning_v02_user_0006_s0009"", ""session_index"": 9, ""signal_type"": ""support"", ""source_domain"": ""hotels"", ""messages_preview"": ""user: Hi, I need help finding a hotel in San Francisco for a family weekend in late April. | assistant: Sure. What dates, how many people, and what part of the city are you hoping to stay in? | user: Friday April 25 to Monday April 28. It’ll be me, my husband, our two kids, and my parents. We’ll need either two rooms or a suite plus an extra room. | assistant: Got it. Are you planning to focus on sightseeing, visiting family, or a specific event? | user: Mostly sightseeing: Exploratorium, ferry building, maybe Golden Gate Park. My parents don’t want steep walks every time we leave the hotel.""}, {""session_id"": ""tm2_planning_v02_user_0006_s0015"", ""session_index"": 15, ""signal_type"": ""support"", ""source_domain"": ""hotels"", ""messages_preview"": ""user: I’m putting together a Palm Springs weekend for my family in late April and need help narrowing down hotels. | assistant: Sure. What dates, how many people, and any must-haves for the hotel? | user: Friday April 26 to Monday April 29. Two adults, our two kids, and possibly my mother-in-law if she decides to join. So I’m looking at either a suite or conne... | assistant: Got it. Are you aiming for a resort stay, something close to downtown Palm Springs, or the lowest nightly price? | user: Pool matters more than being downtown. The kids will want to swim. Also, because my mother-in-law may come and my son’s tournament schedule can shift, I don’...""}, {""session_id"": ""tm2_planning_v02_user_0006_s0027"", ""session_index"": 27, ""signal_type"": ""support"", ""source_domain"": ""hotels"", ""messages_preview"": ""user: I'm trying to find a hotel in West Palm Beach for a long weekend in late April. It'll be me, my spouse, our two kids, and my parents. | assistant: Sure. Do you want to be closer to the beach, downtown, or near the airport? Also, how many rooms and what budget range should I use? | user: Two rooms, preferably adjoining or at least on the same floor. We'd like to stay under about $260 a night per room if possible. Beach access is nice, but we... | assistant: For a family group, I’d compare places around CityPlace/downtown and a few near Palm Beach Lakes Boulevard. Do you need breakfast, a pool, or any mobility co... | user: Breakfast and a pool would help a lot. My dad walks slowly, so I don't want a huge resort layout where the room is a trek from parking or the lobby.""}]",pass,revise,"revise: The sample is coherent and in-scope, but the query's explicit moving parts around schedules makes the flexible-cancellation answer overly obvious without relying on the learned default."
review_tm2_planning_v02_user_0006_habit_family_trip_flexible_cancellation_p01_boundary,taskmaster_planning_v02_probe_58aa8e57a0a83d9d,tm2_planning_v02_user_0006_habit_family_trip_flexible_cancellation_p01_boundary,tm2_planning_v02_user_0006,test,boundary,planning_defaults,taskmaster_seeded_gpt55_xhigh_sessionwise_multihabit_v02,"You are booking a hotel for a solo work trip. The meeting dates are fixed by your employer, your flights are already purchased, and you do not expect any schedule changes. Two hotels are equally convenient and similar in quality: one is $165 per night prepaid and nonrefundable, while the other is $205 per night with free cancellation until the day before arrival. Which option best fits this situation?","[{""choice_id"": ""A"", ""text"": ""Pick a larger room at a less convenient hotel to add comfort, even if it costs more and the location is worse.""}, {""choice_id"": ""B"", ""text"": ""Book the $165 prepaid nonrefundable hotel because the trip is solo, fixed-date, and unlikely to change.""}, {""choice_id"": ""C"", ""text"": ""Choose the $205 refundable hotel because cancellation flexibility should outweigh savings whenever possible.""}, {""choice_id"": ""D"", ""text"": ""Book the refundable hotel for now and keep searching, even though the current options are already equivalent in location and quality.""}]",B,do_not_apply_out_of_scope,"[{""session_id"": ""tm2_planning_v02_user_0006_s0005"", ""session_index"": 5, ""signal_type"": ""boundary_counterexample"", ""source_domain"": ""hotels"", ""messages_preview"": ""user: I'm driving up to Madison, Wisconsin for a work presentation and need a hotel for two nights. | assistant: Sure. What dates, which part of Madison, your nightly budget, and any must-haves like parking, breakfast, or a desk? | user: It is only me, checking in Thursday May 16 and out Saturday May 18. The presentation is Friday morning at Monona Terrace. The date is set; my slides are alre... | assistant: Would you rather be close enough to walk to Monona Terrace, or are you comfortable driving a short distance if the hotel is quieter or cheaper? | user: A short drive is fine. I'll have my car anyway, so parking matters. Free breakfast would be nice, but I mostly need reliable Wi-Fi, a real desk, and a room t...""}, {""session_id"": ""tm2_planning_v02_user_0006_s0030"", ""session_index"": 30, ""signal_type"": ""boundary_counterexample"", ""source_domain"": ""flights"", ""messages_preview"": ""user: I need to book a round trip from Los Angeles to London for a short work conference. | assistant: Sure. What dates are you traveling, and is this for one passenger or more? | user: One passenger, just me. The conference dates are fixed: I need to leave LAX on Friday, October 4, and fly back from London on Thursday, October 10. | assistant: Got it. Do you prefer Heathrow, Gatwick, or any London airport? Also, economy or another cabin, and will you check a bag? | user: Economy. Heathrow is easiest, but Gatwick is fine if it saves real money. I will only have a carry-on and laptop bag, no checked luggage.""}]",pass,accept,accept: The boundary query is clearly outside the family-travel condition and uniquely rewards choosing the cheaper nonrefundable option rather than applying the flexible-cancellation default.
review_tm2_planning_v02_user_0006_habit_family_trip_flexible_cancellation_p02_exception,taskmaster_planning_v02_probe_b15731f9799c6b6f,tm2_planning_v02_user_0006_habit_family_trip_flexible_cancellation_p02_exception,tm2_planning_v02_user_0006,test,exception,planning_defaults,taskmaster_seeded_gpt55_xhigh_sessionwise_multihabit_v02,"You are booking a hotel for a family trip with two children and a grandparent. The flights are already purchased, everyone’s time off is approved, and you state that the plans are locked; your only priority is keeping the hotel cost as low as possible. All four hotels meet the needed room size, safety, location, and rating requirements. Which option should be recommended?","[{""choice_id"": ""A"", ""text"": ""Book the $810 total fully flexible rate with free date changes because it offers the most protection.""}, {""choice_id"": ""B"", ""text"": ""Book the $745 total refundable rate because family trips can be unpredictable even when it costs more.""}, {""choice_id"": ""C"", ""text"": ""Book the $700 total pay-later rate because it balances some flexibility with a moderate price increase.""}, {""choice_id"": ""D"", ""text"": ""Book the $620 total prepaid, nonrefundable rate because it is the lowest-cost option and the trip details are locked.""}]",D,apply_current_trip_constraint,"[{""session_id"": ""tm2_planning_v02_user_0006_s0017"", ""session_index"": 17, ""signal_type"": ""exception"", ""source_domain"": ""hotels"", ""messages_preview"": ""user: I’m sorting out a New York City hotel for a family weekend. It’s me, my spouse, our son, and maybe my sister’s family if their school calendar cooperates. | assistant: Sure. What dates are you considering, and do you want one room or separate rooms near the same area? | user: June 13 to 16. Probably one room with two queens for us, plus I may add a second room later. With children and relatives involved, I really don’t want a prep... | assistant: Understood. I’ll focus on hotels with free cancellation or easy date changes, even if a prepaid rate is a bit cheaper. | user: Exactly. Last winter my nephew got sick and we ate a nonrefundable room. For family travel, saving $30 is not worth that headache.""}]",pass,accept,"accept: The in-scope family-trip default is supported by the evidence and the query clearly invokes the stated exception, making the lowest-cost locked-plan option uniquely correct."
review_tm2_planning_v02_user_0006_habit_family_trip_flexible_cancellation_p03_explicit_retrieval,taskmaster_planning_v02_probe_4e60dddb0bcc7993,tm2_planning_v02_user_0006_habit_family_trip_flexible_cancellation_p03_explicit_retrieval,tm2_planning_v02_user_0006,test,explicit_retrieval,planning_defaults,taskmaster_seeded_gpt55_xhigh_sessionwise_multihabit_v02,Which planning preference is most consistent with the user's past trip decisions?,"[{""choice_id"": ""A"", ""text"": ""For trips with children or multiple relatives, choose refundable or flexible cancellation/change options even when cheaper prepaid options are available.""}, {""choice_id"": ""B"", ""text"": ""For family trips, always choose the lowest prepaid hotel or fare to keep costs down, even if cancellation terms are restrictive.""}, {""choice_id"": ""C"", ""text"": ""Pay extra mainly for premium amenities such as larger rooms, resort facilities, or upgraded seating, rather than for flexibility.""}, {""choice_id"": ""D"", ""text"": ""Prioritize nonstop flights and central locations above cancellation terms for all trips, regardless of who is traveling.""}]",A,retrieve_supported_preference,"[{""session_id"": ""tm2_planning_v02_user_0006_s0009"", ""session_index"": 9, ""signal_type"": ""support"", ""source_domain"": ""hotels"", ""messages_preview"": ""user: Hi, I need help finding a hotel in San Francisco for a family weekend in late April. | assistant: Sure. What dates, how many people, and what part of the city are you hoping to stay in? | user: Friday April 25 to Monday April 28. It’ll be me, my husband, our two kids, and my parents. We’ll need either two rooms or a suite plus an extra room. | assistant: Got it. Are you planning to focus on sightseeing, visiting family, or a specific event? | user: Mostly sightseeing: Exploratorium, ferry building, maybe Golden Gate Park. My parents don’t want steep walks every time we leave the hotel.""}, {""session_id"": ""tm2_planning_v02_user_0006_s0015"", ""session_index"": 15, ""signal_type"": ""support"", ""source_domain"": ""hotels"", ""messages_preview"": ""user: I’m putting together a Palm Springs weekend for my family in late April and need help narrowing down hotels. | assistant: Sure. What dates, how many people, and any must-haves for the hotel? | user: Friday April 26 to Monday April 29. Two adults, our two kids, and possibly my mother-in-law if she decides to join. So I’m looking at either a suite or conne... | assistant: Got it. Are you aiming for a resort stay, something close to downtown Palm Springs, or the lowest nightly price? | user: Pool matters more than being downtown. The kids will want to swim. Also, because my mother-in-law may come and my son’s tournament schedule can shift, I don’...""}, {""session_id"": ""tm2_planning_v02_user_0006_s0027"", ""session_index"": 27, ""signal_type"": ""support"", ""source_domain"": ""hotels"", ""messages_preview"": ""user: I'm trying to find a hotel in West Palm Beach for a long weekend in late April. It'll be me, my spouse, our two kids, and my parents. | assistant: Sure. Do you want to be closer to the beach, downtown, or near the airport? Also, how many rooms and what budget range should I use? | user: Two rooms, preferably adjoining or at least on the same floor. We'd like to stay under about $260 a night per room if possible. Beach access is nice, but we... | assistant: For a family group, I’d compare places around CityPlace/downtown and a few near Palm Beach Lakes Boulevard. Do you need breakfast, a pool, or any mobility co... | user: Breakfast and a pool would help a lot. My dad walks slowly, so I don't want a huge resort layout where the room is a trek from parking or the lobby.""}]",pass,accept,"accept: The explicit retrieval item is supported by the hidden graph, gold A uniquely matches the scoped family-travel flexibility default, and the distractors are plausible."
review_tm2_planning_v02_user_0007_habit_short_trip_no_checked_bag_p00_direct_use,taskmaster_planning_v02_probe_d69e07f0613bacf9,tm2_planning_v02_user_0007_habit_short_trip_no_checked_bag_p00_direct_use,tm2_planning_v02_user_0007,test,direct_use,planning_defaults,taskmaster_seeded_gpt55_xhigh_sessionwise_multihabit_v02,"I’m booking a one-night work visit to Chicago for a Tuesday afternoon client meeting, returning Wednesday evening. Which itinerary would you recommend?","[{""choice_id"": ""A"", ""text"": ""Take the late nonstop Tuesday morning to save on hotel cost Monday night, but arrive only 70 minutes before the client meeting and use a farther airport-area hotel.""}, {""choice_id"": ""B"", ""text"": ""Book the cheapest basic-economy fare with a connection each way, saving about $140, but with last-group boarding and only a personal item clearly included.""}, {""choice_id"": ""C"", ""text"": ""Use the lower-priced regional-jet connection that arrives 50 minutes earlier, but the aircraft commonly requires roller bags to be gate-checked.""}, {""choice_id"": ""D"", ""text"": ""Take the nonstop main-cabin flights both ways, pay about $85 more, and choose an aisle seat with standard overhead-bin access; stay at the hotel two blocks from the client office.""}]",D,apply_scoped_habit,"[{""session_id"": ""tm2_planning_v02_user_0007_s0000"", ""session_index"": 0, ""signal_type"": ""support"", ""source_domain"": ""flights"", ""messages_preview"": ""user: I need to get to San Diego next Tuesday for a client demo and come back Wednesday night. Can you help me sort out flights from Portland? | assistant: Sure. What time do you need to arrive in San Diego on Tuesday, and how late can you return on Wednesday? | user: The demo is at 2:30 Tuesday, so I want to land by noon if possible. Wednesday I can leave after 5. It's just one night, so I want to keep it simple. | assistant: I found a few workable choices: a 7:10 AM nonstop arriving 9:45 AM, a 9:30 AM one-stop arriving 1:10 PM, and an 8:05 AM basic fare that is cheaper but only i... | user: Skip the basic fare. For a one-night work trip I only take my laptop bag and a small roller, and I do not want to deal with checked luggage or being forced i...""}, {""session_id"": ""tm2_planning_v02_user_0007_s0001"", ""session_index"": 1, ""signal_type"": ""support"", ""source_domain"": ""hotels"", ""messages_preview"": ""user: I need to set up a quick Seattle trip for next Thursday. It is just one night for a client meeting near South Lake Union, and I mainly need a hotel that won'... | assistant: Sure. What price range should I stay within, and do you already know roughly when you will arrive and leave? | user: I'd like to keep the hotel under about $260 before taxes if possible. I fly in Thursday morning and leave Friday evening. I'm only taking a laptop backpack a... | assistant: Got it. For South Lake Union, I would look at Hyatt Place Seattle/Downtown, citizenM South Lake Union, and The Maxwell. Hyatt Place is usually practical for... | user: Compact is fine, but I need somewhere that can hold my carry-on before check-in or after checkout. I don't want to drag a roller into the meeting, and I don'...""}, {""session_id"": ""tm2_planning_v02_user_0007_s0016"", ""session_index"": 16, ""signal_type"": ""support"", ""source_domain"": ""flights"", ""messages_preview"": ""user: I need to get to London for a quick client meeting next month. Can you help me sort flights? | assistant: Sure. What city are you flying from, and what dates do you have in mind? | user: From Seattle. I need to arrive by Tuesday morning, March 12, and come back Thursday, March 14. It is just two nights. | assistant: Got it. Do you prefer nonstop flights, or are you open to a connection if the price is better? | user: Nonstop if it is not ridiculous. Since it is so short, I want the least amount of airport friction possible.""}]",pass,accept,"accept: The one-night work visit is in scope, the history supports avoiding checked or forced-gate-checked bags on short trips, and D is the unique carry-on-friendly itinerary."
review_tm2_planning_v02_user_0007_habit_short_trip_no_checked_bag_p01_boundary,taskmaster_planning_v02_probe_f52b5678234166c7,tm2_planning_v02_user_0007_habit_short_trip_no_checked_bag_p01_boundary,tm2_planning_v02_user_0007,test,boundary,planning_defaults,taskmaster_seeded_gpt55_xhigh_sessionwise_multihabit_v02,You’re helping plan an eight-day Chicago trade show trip. The traveler needs several days of business clothes plus a collapsible booth banner and product samples. Which plan is most appropriate?,"[{""choice_id"": ""A"", ""text"": ""Book the cheapest basic-economy fare and limit packing to a small roller so the traveler can avoid the baggage counter entirely.""}, {""choice_id"": ""B"", ""text"": ""Recommend shipping all work materials separately and booking a personal-item-only fare, even if delivery timing is uncertain.""}, {""choice_id"": ""C"", ""text"": ""Pick a short layover on a budget carrier and try to fit the banner and samples into overhead-bin space to save time on arrival.""}, {""choice_id"": ""D"", ""text"": ""Choose a nonstop or low-connection flight on an airline fare that includes a checked bag, prepay any oversized-item fee if needed, and arrange ground transport with room for the booth materials.""}]",D,do_not_apply_out_of_scope,"[{""session_id"": ""tm2_planning_v02_user_0007_s0006"", ""session_index"": 6, ""signal_type"": ""boundary_counterexample"", ""source_domain"": ""flights"", ""messages_preview"": ""user: Hi, I need help sorting out a round trip from Seattle to Houston. I have to leave this evening if possible and come back on August 15. It’s a work trip with... | assistant: Sure. Are you leaving from SEA, and do you prefer Houston Intercontinental or Hobby? Also, how late tonight can you depart, and do you need nonstop? | user: SEA is right. IAH is better because the meetings are north of downtown, but Hobby is okay if it saves a lot. I can leave after 5 p.m. A nonstop would be nice... | assistant: Got it: Seattle to Houston tonight after 5 p.m., returning August 15, IAH preferred, nonstop preferred. Any airline preference, budget range, or baggage need... | user: Budget is around $600 if that’s realistic. I’ll likely check one bag because I need dress clothes and printed materials for several client visits.""}, {""session_id"": ""tm2_planning_v02_user_0007_s0023"", ""session_index"": 23, ""signal_type"": ""boundary_counterexample"", ""source_domain"": ""hotels"", ""messages_preview"": ""user: I need help putting together a New York trip. I’ll be there March 13 through March 20 for a trade show, and I’d like a hotel really close to Times Square if... | assistant: Sure. For seven nights near Times Square at that budget, I’ll look for practical options rather than luxury. Do you need any particular amenities, like break... | user: Extra space matters more than style. I’m bringing two sample cases and a collapsible display stand, so I don’t want a tiny pod-style room. | assistant: Got it. Since you’ll have larger luggage and trade show gear, I’ll avoid the very compact hotels even if they’re cheaper. Are you arriving by train or flying... | user: Flying from Chicago. I haven’t booked that part either. I’ll need to check at least one oversized case, maybe two.""}]",pass,accept,"accept: The boundary request is clearly outside the short-trip carry-on default due to the eight-day duration and bulky trade-show materials, making D the unique supported plan."
review_tm2_planning_v02_user_0007_habit_short_trip_no_checked_bag_p02_exception,taskmaster_planning_v02_probe_bdf3fb6e637ce47f,tm2_planning_v02_user_0007_habit_short_trip_no_checked_bag_p02_exception,tm2_planning_v02_user_0007,test,exception,planning_defaults,taskmaster_seeded_gpt55_xhigh_sessionwise_multihabit_v02,"You are helping plan a one-night JFK-to-SFO work trip. The traveler says: ""This time I must bring a locked sample case and tripod that are too large for carry-on, cannot be shipped ahead, and must arrive with me for the morning presentation."" Which plan best fits these instructions?","[{""choice_id"": ""A"", ""text"": ""Ship the sample case and tripod to the hotel, then book a carry-on-only flight, even though the traveler said the items cannot be shipped.""}, {""choice_id"": ""B"", ""text"": ""Book the cheapest basic-economy nonstop, keep everything carry-on only, and rely on early boarding to avoid any bag fees.""}, {""choice_id"": ""C"", ""text"": ""Book a cheaper connecting itinerary and plan to gate-check the oversized case only if the cabin bins are full.""}, {""choice_id"": ""D"", ""text"": ""Book a nonstop flight that includes at least one checked bag, choose a fare with standard baggage allowance, and build in time for bag drop and baggage claim.""}]",D,apply_current_trip_constraint,"[{""session_id"": ""tm2_planning_v02_user_0007_s0014"", ""session_index"": 14, ""signal_type"": ""exception"", ""source_domain"": ""flights"", ""messages_preview"": ""user: I’m trying to clean up a few work trips at once. First is a quick Newark to Raleigh overnight next Monday. Please keep it simple: backpack plus roller only,... | assistant: For that one-night Raleigh visit, I’d focus on nonstop or one-stop flights with standard economy or better, since basic fares can be awkward about carry-ons.... | user: Exactly. Same rule as my Boston client visit last month and the Chicago one before that. If I’m gone one night, I don’t want to stand at baggage claim. | assistant: Understood. For short work hops, I’ll keep the plan cabin-friendly: normal carry-on allowance, enough overhead-bin likelihood, and no itinerary where checkin... | user: Good. Second thing: Saturday morning to Sunday night in Montreal for a friend’s event. Flexible airports are okay, but I still want to travel light.""}]",pass,revise,"revise: The exception gold is correct and supported, but the distractors—especially the option explicitly saying to ship items even though they cannot be shipped—make the answer too obviously wrong rather than a plausible planning tradeoff."
review_tm2_planning_v02_user_0007_habit_short_trip_no_checked_bag_p03_explicit_retrieval,taskmaster_planning_v02_probe_c2054da0768a2041,tm2_planning_v02_user_0007_habit_short_trip_no_checked_bag_p03_explicit_retrieval,tm2_planning_v02_user_0007,test,explicit_retrieval,planning_defaults,taskmaster_seeded_gpt55_xhigh_sessionwise_multihabit_v02,"Across the user's past trip-planning requests, what preference should be applied when arranging one- or two-night work visits or short weekend trips?","[{""choice_id"": ""A"", ""text"": ""Choose the cheapest fare available, even if it involves connections or stricter luggage limits.""}, {""choice_id"": ""B"", ""text"": ""Book airport hotels whenever possible to reduce ground-transport time.""}, {""choice_id"": ""C"", ""text"": ""Select longer layovers so there is less risk of missing a connection.""}, {""choice_id"": ""D"", ""text"": ""Prefer flights and hotels that make it easy to travel with only carry-on luggage and avoid checked bags.""}]",D,retrieve_supported_preference,"[{""session_id"": ""tm2_planning_v02_user_0007_s0000"", ""session_index"": 0, ""signal_type"": ""support"", ""source_domain"": ""flights"", ""messages_preview"": ""user: I need to get to San Diego next Tuesday for a client demo and come back Wednesday night. Can you help me sort out flights from Portland? | assistant: Sure. What time do you need to arrive in San Diego on Tuesday, and how late can you return on Wednesday? | user: The demo is at 2:30 Tuesday, so I want to land by noon if possible. Wednesday I can leave after 5. It's just one night, so I want to keep it simple. | assistant: I found a few workable choices: a 7:10 AM nonstop arriving 9:45 AM, a 9:30 AM one-stop arriving 1:10 PM, and an 8:05 AM basic fare that is cheaper but only i... | user: Skip the basic fare. For a one-night work trip I only take my laptop bag and a small roller, and I do not want to deal with checked luggage or being forced i...""}, {""session_id"": ""tm2_planning_v02_user_0007_s0001"", ""session_index"": 1, ""signal_type"": ""support"", ""source_domain"": ""hotels"", ""messages_preview"": ""user: I need to set up a quick Seattle trip for next Thursday. It is just one night for a client meeting near South Lake Union, and I mainly need a hotel that won'... | assistant: Sure. What price range should I stay within, and do you already know roughly when you will arrive and leave? | user: I'd like to keep the hotel under about $260 before taxes if possible. I fly in Thursday morning and leave Friday evening. I'm only taking a laptop backpack a... | assistant: Got it. For South Lake Union, I would look at Hyatt Place Seattle/Downtown, citizenM South Lake Union, and The Maxwell. Hyatt Place is usually practical for... | user: Compact is fine, but I need somewhere that can hold my carry-on before check-in or after checkout. I don't want to drag a roller into the meeting, and I don'...""}, {""session_id"": ""tm2_planning_v02_user_0007_s0016"", ""session_index"": 16, ""signal_type"": ""support"", ""source_domain"": ""flights"", ""messages_preview"": ""user: I need to get to London for a quick client meeting next month. Can you help me sort flights? | assistant: Sure. What city are you flying from, and what dates do you have in mind? | user: From Seattle. I need to arrive by Tuesday morning, March 12, and come back Thursday, March 14. It is just two nights. | assistant: Got it. Do you prefer nonstop flights, or are you open to a connection if the price is better? | user: Nonstop if it is not ridiculous. Since it is so short, I want the least amount of airport friction possible.""}]",pass,accept,"accept: The explicit-retrieval query is in scope, the history supports the carry-on/no-checked-bag default for short trips, and the gold choice is unique among plausible travel-planning distractors."
review_tm2_planning_v02_user_0008_habit_international_long_layover_buffer_p00_direct_use,taskmaster_planning_v02_probe_27e1529420409595,tm2_planning_v02_user_0008_habit_international_long_layover_buffer_p00_direct_use,tm2_planning_v02_user_0008,test,direct_use,planning_defaults,taskmaster_seeded_gpt55_xhigh_sessionwise_multihabit_v02,"I’m booking a flight from Chicago to Rome next month with a connection in Frankfurt, where I’ll need to clear Schengen entry formalities before the onward flight. Which itinerary should I choose?","[{""choice_id"": ""A"", ""text"": ""An option with a 7 hour 45 minute connection in Frankfurt, costing much more and arriving in Rome at 8:50 PM.""}, {""choice_id"": ""B"", ""text"": ""The shortest total travel time with a 55 minute connection in Zurich and a terminal change, arriving in Rome at 1:55 PM.""}, {""choice_id"": ""C"", ""text"": ""A slightly pricier option with a 3 hour 20 minute connection in Frankfurt, arriving in Rome at 4:25 PM.""}, {""choice_id"": ""D"", ""text"": ""The cheapest option with a 1 hour 5 minute connection in Frankfurt, arriving in Rome at 2:10 PM.""}]",C,apply_scoped_habit,"[{""session_id"": ""tm2_planning_v02_user_0008_s0002"", ""session_index"": 2, ""signal_type"": ""support"", ""source_domain"": ""flights"", ""messages_preview"": ""user: I need help finding a round trip flight from San Diego to London. The dates have shifted, so I’m looking fresh. | assistant: Sure. What dates are you considering, and do you have an airport preference in London? | user: Leaving October 8 or 9, coming back October 17. Heathrow is best, but Gatwick is okay if it saves a lot. One adult, economy. | assistant: Got it. Do you care more about price, total travel time, airline, or connection comfort? | user: Price matters, but please don’t put me on anything with a risky international connection. I’ve had too many close calls with passport control and terminal ch...""}, {""session_id"": ""tm2_planning_v02_user_0008_s0010"", ""session_index"": 10, ""signal_type"": ""support"", ""source_domain"": ""flights"", ""messages_preview"": ""user: I need to get from Seattle to Munich for a client workshop. I can leave Tuesday evening, and I need to be back the following Saturday evening. | assistant: Sure. Round trip SEA to MUC, departing after work Tuesday and returning Saturday evening. Any cabin, airline, or budget limits? | user: Economy is fine, premium economy if it is not wildly expensive. I can get to Sea-Tac after 5:00 PM Tuesday. | assistant: I found three outbound choices: Lufthansa via Frankfurt with a 1 hour 10 minute connection, KLM via Amsterdam with 2 hours 45 minutes, or British Airways via... | user: Please skip the Frankfurt one. On international trips, 70 minutes is too tight once passport control, customs, and a gate change are involved. I would rather...""}, {""session_id"": ""tm2_planning_v02_user_0008_s0012"", ""session_index"": 12, ""signal_type"": ""support"", ""source_domain"": ""flights"", ""messages_preview"": ""user: I need help planning a round trip from Los Angeles to Lisbon for a work trip in late September. | assistant: Sure. What dates are you considering, how many travelers, and do you have any airline or timing preferences? | user: Just me. I need to leave LAX on September 21 and come back October 1. Economy is fine, but I want a regular carry-on included. Also, since this is internatio... | assistant: Understood. I found three reasonable options. One is American and Iberia through Madrid with a 1 hour 5 minute connection and a total trip time around 14 hou... | user: Let’s skip the Madrid one. I know it’s faster, but just over an hour for an international connection makes me nervous. The Paris one sounds better if it stay...""}]",pass,accept,"accept: The in-scope international connection request clearly calls for the user's longer layover buffer default, and choice C is the unique reasonable buffered option versus tight or excessively costly alternatives."
review_tm2_planning_v02_user_0008_habit_international_long_layover_buffer_p01_boundary,taskmaster_planning_v02_probe_71596ca658f462c9,tm2_planning_v02_user_0008_habit_international_long_layover_buffer_p01_boundary,tm2_planning_v02_user_0008,test,boundary,planning_defaults,taskmaster_seeded_gpt55_xhigh_sessionwise_multihabit_v02,"A traveler is booking a domestic trip from Raleigh-Durham (RDU) to New Orleans (MSY) and has not mentioned any concern about connections. The available options are: a nonstop flight for $238 arriving at 10:40 AM, a one-stop flight via Atlanta for $219 arriving at 12:15 PM with a 55-minute same-terminal connection, a one-stop flight via Charlotte for $232 arriving at 1:45 PM with a 3-hour layover, and a one-stop flight via Chicago for $205 arriving at 3:20 PM. Which option should be recommended first?","[{""choice_id"": ""A"", ""text"": ""Recommend the Charlotte option because the 3-hour layover provides the largest buffer, even though it arrives later.""}, {""choice_id"": ""B"", ""text"": ""Recommend the nonstop flight because it is the simplest and fastest domestic option with the lowest connection risk.""}, {""choice_id"": ""C"", ""text"": ""Recommend the Atlanta option because it saves $19 compared with the nonstop while still arriving reasonably early.""}, {""choice_id"": ""D"", ""text"": ""Recommend the Chicago option because it is the cheapest, even though it adds a long detour and arrives much later.""}]",B,do_not_apply_out_of_scope,"[{""session_id"": ""tm2_planning_v02_user_0008_s0029"", ""session_index"": 29, ""signal_type"": ""boundary_counterexample"", ""source_domain"": ""hotels"", ""messages_preview"": ""user: I’m planning a quick weekend in New Orleans next month and need help with a hotel, maybe flights too. I’ll be leaving from Raleigh on a Friday after work and... | assistant: Sure. For the hotel, do you want to be close to the French Quarter, somewhere quieter like the Warehouse District, or more of a neighborhood stay? And for fl... | user: Nonstop would be great if it’s not wildly expensive. For the hotel, close enough to walk to dinner and music, but I don’t need Bourbon Street right outside t... | assistant: That points to the Central Business District, Warehouse District, or the quieter edge of the French Quarter. What’s your nightly hotel budget, and do you car... | user: Let’s keep it under about $240 a night before taxes. I like boutique hotels, but I also want the room to be clean and not tiny. A pool would be nice, not req...""}, {""session_id"": ""tm2_planning_v02_user_0008_s0033"", ""session_index"": 33, ""signal_type"": ""boundary_counterexample"", ""source_domain"": ""hotels"", ""messages_preview"": ""user: I have a few travel loose ends. First, for my September trip to Madrid, there are two routings from Portland: one changes in Amsterdam with 50 minutes, the o... | assistant: For an international trip, the Amsterdam connection sounds tight. The Atlanta routing gives you more room for delays and the overseas boarding process. Do yo... | user: Yes, exactly. If I'm crossing borders, I don't like gambling on a sprint. I'd rather get in later than be stuck rebooking after a tiny connection. | assistant: Then I would choose the Atlanta routing for Madrid, even with the longer total travel time. | user: Same question for the way back from Tokyo in November. I can connect through Vancouver with 1 hour 5 minutes, or Seattle with 2 hours 40 minutes. Seattle add...""}]",pass,accept,"accept: The domestic RDU-to-MSY request is clearly outside the international-connection condition, the nonstop option is the unique sensible non-default recommendation, and the evidence supports the scoped longer-layover preference only for international trips."
review_tm2_planning_v02_user_0008_habit_international_long_layover_buffer_p02_exception,taskmaster_planning_v02_probe_b7908db09fdb9a10,tm2_planning_v02_user_0008_habit_international_long_layover_buffer_p02_exception,tm2_planning_v02_user_0008,test,exception,planning_defaults,taskmaster_seeded_gpt55_xhigh_sessionwise_multihabit_v02,"For a Bengaluru-to-New York international trip, the traveler says: “This time, please optimize strictly for the shortest total itinerary, even if the connection is tighter than I’d normally choose.” Which option should be recommended?","[{""choice_id"": ""A"", ""text"": ""BLR → London Heathrow → JFK, 4h 30m connection in London, 23h 40m total travel time""}, {""choice_id"": ""B"", ""text"": ""BLR → Doha → JFK, 55-minute connection in Doha, 19h 35m total travel time""}, {""choice_id"": ""C"", ""text"": ""BLR → Frankfurt → JFK, 3h 20m connection in Frankfurt, 22h 10m total travel time""}, {""choice_id"": ""D"", ""text"": ""BLR → Dubai → EWR, 5h 45m connection in Dubai, 24h 05m total travel time""}]",B,apply_current_trip_constraint,"[{""session_id"": ""tm2_planning_v02_user_0008_s0003"", ""session_index"": 3, ""signal_type"": ""exception"", ""source_domain"": ""hotels"", ""messages_preview"": ""user: I'm cleaning up a few travel plans. For the Seattle to Lisbon trip, please don't put me on those skinny overseas connections. If customs, immigration, or a t... | assistant: Got it. I see one routing through Heathrow with a 1 hour 5 minute connection and a total time of 14 hours 20 minutes. Another goes through Amsterdam with a 2... | user: Take the Amsterdam one. I'd rather land later than sprint through an international transfer. | assistant: Done. I'll keep the Amsterdam routing as the preferred plan for Lisbon. | user: Same idea for the Nairobi return. One fare changes airports in Paris and claims 2 hours 40 minutes is enough. That sounds miserable.""}]",pass,accept,"accept: The international-trip exception explicitly prioritizes shortest total itinerary, making B uniquely correct despite the usual long-layover default."
review_tm2_planning_v02_user_0008_habit_international_long_layover_buffer_p03_explicit_retrieval,taskmaster_planning_v02_probe_11927f7fa9bcdf26,tm2_planning_v02_user_0008_habit_international_long_layover_buffer_p03_explicit_retrieval,tm2_planning_v02_user_0008,test,explicit_retrieval,planning_defaults,taskmaster_seeded_gpt55_xhigh_sessionwise_multihabit_v02,Which recurring travel-planning preference is best reflected in this user's past choices?,"[{""choice_id"": ""A"", ""text"": ""For international itineraries, choose the shortest total travel time whenever possible, even if that means a tight connection.""}, {""choice_id"": ""B"", ""text"": ""For international itineraries involving customs, immigration, or airport or terminal changes, choose longer layover buffers over tight connections, even if total travel time is longer.""}, {""choice_id"": ""C"", ""text"": ""For domestic point-to-point trips, prefer adding a connection if it lowers the fare slightly.""}, {""choice_id"": ""D"", ""text"": ""For all trips, choose the cheapest available fare, accepting multiple stops or long waits whenever needed.""}]",B,retrieve_supported_preference,"[{""session_id"": ""tm2_planning_v02_user_0008_s0002"", ""session_index"": 2, ""signal_type"": ""support"", ""source_domain"": ""flights"", ""messages_preview"": ""user: I need help finding a round trip flight from San Diego to London. The dates have shifted, so I’m looking fresh. | assistant: Sure. What dates are you considering, and do you have an airport preference in London? | user: Leaving October 8 or 9, coming back October 17. Heathrow is best, but Gatwick is okay if it saves a lot. One adult, economy. | assistant: Got it. Do you care more about price, total travel time, airline, or connection comfort? | user: Price matters, but please don’t put me on anything with a risky international connection. I’ve had too many close calls with passport control and terminal ch...""}, {""session_id"": ""tm2_planning_v02_user_0008_s0010"", ""session_index"": 10, ""signal_type"": ""support"", ""source_domain"": ""flights"", ""messages_preview"": ""user: I need to get from Seattle to Munich for a client workshop. I can leave Tuesday evening, and I need to be back the following Saturday evening. | assistant: Sure. Round trip SEA to MUC, departing after work Tuesday and returning Saturday evening. Any cabin, airline, or budget limits? | user: Economy is fine, premium economy if it is not wildly expensive. I can get to Sea-Tac after 5:00 PM Tuesday. | assistant: I found three outbound choices: Lufthansa via Frankfurt with a 1 hour 10 minute connection, KLM via Amsterdam with 2 hours 45 minutes, or British Airways via... | user: Please skip the Frankfurt one. On international trips, 70 minutes is too tight once passport control, customs, and a gate change are involved. I would rather...""}, {""session_id"": ""tm2_planning_v02_user_0008_s0012"", ""session_index"": 12, ""signal_type"": ""support"", ""source_domain"": ""flights"", ""messages_preview"": ""user: I need help planning a round trip from Los Angeles to Lisbon for a work trip in late September. | assistant: Sure. What dates are you considering, how many travelers, and do you have any airline or timing preferences? | user: Just me. I need to leave LAX on September 21 and come back October 1. Economy is fine, but I want a regular carry-on included. Also, since this is internatio... | assistant: Understood. I found three reasonable options. One is American and Iberia through Madrid with a 1 hour 5 minute connection and a total trip time around 14 hou... | user: Let’s skip the Madrid one. I know it’s faster, but just over an hour for an international connection makes me nervous. The Paris one sounds better if it stay...""}]",pass,accept,"accept: The explicit retrieval query is supported by multiple history snippets, matches the hidden international-layover-buffer default, and has a unique plausible gold choice without prohibited leakage."
review_tm2_planning_v02_user_0009_habit_red_eye_avoidance_p00_direct_use,taskmaster_planning_v02_probe_71247830c0c1064e,tm2_planning_v02_user_0009_habit_red_eye_avoidance_p00_direct_use,tm2_planning_v02_user_0009,stress,direct_use,planning_defaults,taskmaster_seeded_gpt55_xhigh_sessionwise_multihabit_v02,"I’m choosing a flight from Denver to New York for a routine trip. I’m flexible on departure time and do not need to arrive early in the morning. The options are: 11:40 PM–5:30 AM nonstop for $238, 9:15 AM–3:05 PM nonstop for $286, 5:20 PM–11:10 PM nonstop for $292, or 1:00 PM–8:45 PM one-stop for $254. Which recommendation best fits this situation?","[{""choice_id"": ""A"", ""text"": ""Book the 5:20 PM–11:10 PM nonstop because it preserves most of the departure day and is still nonstop.""}, {""choice_id"": ""B"", ""text"": ""Book the 1:00 PM–8:45 PM one-stop because it keeps the fare low while avoiding the latest departure.""}, {""choice_id"": ""C"", ""text"": ""Book the 9:15 AM–3:05 PM nonstop because it has a reasonable schedule and the price difference from the cheapest fare is modest.""}, {""choice_id"": ""D"", ""text"": ""Book the 11:40 PM–5:30 AM nonstop because it is the cheapest option and avoids a connection.""}]",C,apply_scoped_habit,"[{""session_id"": ""tm2_planning_v02_user_0009_s0012"", ""session_index"": 12, ""signal_type"": ""support"", ""source_domain"": ""flights"", ""messages_preview"": ""user: I need help finding a short round trip from San Francisco to Berlin for a client visit. I can leave either late tonight or tomorrow, and I need to come back... | assistant: Sure. Is SFO required, or can I include Oakland or San Jose? Also, what cabin, how many bags, and do you have a latest arrival time in Berlin? | user: SFO only. Economy is fine, one carry-on, no checked bag. My meeting is the morning after I arrive, so I don't want to land completely wiped out if there's a... | assistant: I found three practical outbound choices. Option A leaves SFO at 11:50 pm via Copenhagen, arrives Berlin at 6:10 pm the next day, and is $842 round trip with... | user: Let's not do the 11:50 pm one just to save around $160. I know it looks efficient on paper, but I don't do well with red-eyes unless the difference is really...""}, {""session_id"": ""tm2_planning_v02_user_0009_s0021"", ""session_index"": 21, ""signal_type"": ""support"", ""source_domain"": ""hotels"", ""messages_preview"": ""user: I'm putting together a quick ski weekend in Park City, Utah, and need help with both the hotel and flights into Salt Lake City. | assistant: Sure. What city are you flying from, what dates are you considering, and what kind of hotel setup do you want in Park City? | user: Flying from Raleigh. Dates are Thursday March 6 to Monday March 10. For the hotel, I'd like something walkable to restaurants if possible, not necessarily sk... | assistant: That gives us a few workable areas: downtown Park City near Main Street, Prospector, or Canyons Village. For flights, do you prefer nonstop if available, or... | user: One stop is fine. I care more about not arriving totally wrecked. If there's a late overnight option that saves like $60, please don't steer me there. I'd ra...""}, {""session_id"": ""tm2_planning_v02_user_0009_s0023"", ""session_index"": 23, ""signal_type"": ""support"", ""source_domain"": ""hotels"", ""messages_preview"": ""user: Hi, I need help putting together a quick trip to San Francisco next month. I’ll need a hotel and maybe flights too. | assistant: Sure. What city are you flying from, what dates are you considering, and do you have a hotel area or budget in mind? | user: Flying from Boston to SFO. I need to arrive by Thursday afternoon, May 16, and return Sunday, May 19. For the hotel, somewhere near Union Square or the Finan... | assistant: Got it. For flights, I’m seeing a few types of options: a nonstop on Thursday morning arriving around noon, a one-stop itinerary that lands mid-afternoon, an... | user: Let’s not do the overnight flight unless it’s a really big price difference. Getting in at dawn sounds rough, especially before meetings.""}]",pass,accept,"accept: The in-scope flight request makes the red-eye optional, the evidence supports avoiding it absent substantial savings, and choice C is the strongest non-red-eye nonstop option."
review_tm2_planning_v02_user_0009_habit_red_eye_avoidance_p01_boundary,taskmaster_planning_v02_probe_b63be0a2857d5ab1,tm2_planning_v02_user_0009_habit_red_eye_avoidance_p01_boundary,tm2_planning_v02_user_0009,stress,boundary,planning_defaults,taskmaster_seeded_gpt55_xhigh_sessionwise_multihabit_v02,"A traveler is flying from Honolulu to Boston after attending a Sunday evening family event that ends at 9 p.m. They need to be back at work Tuesday morning, and the only itineraries that arrive in time depart late Sunday night and fly overnight. Which planning recommendation best fits this situation?","[{""choice_id"": ""A"", ""text"": ""Avoid all overnight options and recommend a Monday daytime departure, even though it would risk missing work Tuesday morning.""}, {""choice_id"": ""B"", ""text"": ""Include the late-night overnight options and compare them on arrival time, connection quality, and price, since overnight travel is needed to meet the Tuesday-morning constraint.""}, {""choice_id"": ""C"", ""text"": ""Suggest staying an extra night in Honolulu and asking to miss Tuesday morning work so the flight can be during the day.""}, {""choice_id"": ""D"", ""text"": ""Choose a much more expensive Monday daytime itinerary by default because avoiding overnight travel should take priority over the work timing.""}]",B,do_not_apply_out_of_scope,"[{""session_id"": ""tm2_planning_v02_user_0009_s0008"", ""session_index"": 8, ""signal_type"": ""boundary_counterexample"", ""source_domain"": ""flights"", ""messages_preview"": ""user: I’m trying to get to Los Angeles and need help narrowing down flights. | assistant: Sure. What city are you leaving from, what dates are you considering, and do you have a latest arrival time in Los Angeles? | user: Leaving Honolulu. I have to be at a meeting near LAX by 8:30 Monday morning, but I cannot leave before 8:15 Sunday night because of a family dinner. I want t... | assistant: That timing will likely mean an overnight flight to LAX. Is that acceptable for this trip? Also, how many travelers, and will you check a bag? | user: Just me, one checked bag plus a backpack. And yes, this is one of the rare times an overnight is okay. Normally I avoid red-eyes unless the savings are huge...""}, {""session_id"": ""tm2_planning_v02_user_0009_s0032"", ""session_index"": 32, ""signal_type"": ""boundary_counterexample"", ""source_domain"": ""flights"", ""messages_preview"": ""user: Hi, I’m arranging a round trip from Los Angeles to Paris for a design review week. I want to get the flights settled first. | assistant: Sure. What dates are you traveling, and are you leaving from LAX or another Los Angeles-area airport? | user: LAX is best. I need to leave Friday, September 13, and come back Sunday, September 22. For my usual trips I try not to take overnight flights unless the fare... | assistant: Got it. For this Paris trip, do you still want me to avoid overnight timing, or is there a scheduling reason to consider it? | user: This one is different. I have meetings in LA until about 5:30 that Friday, and I don’t want to burn the whole workday. So leaving at night is fine here, even...""}]",pass,revise,"revise: The hidden scope and gold are coherent, but the query and distractors make B trivial by stating overnight travel is the only way to meet a hard work constraint while alternatives absurdly risk missing work."
review_tm2_planning_v02_user_0009_habit_red_eye_avoidance_p02_exception,taskmaster_planning_v02_probe_2039fac96ec1a3cd,tm2_planning_v02_user_0009_habit_red_eye_avoidance_p02_exception,tm2_planning_v02_user_0009,stress,exception,planning_defaults,taskmaster_seeded_gpt55_xhigh_sessionwise_multihabit_v02,"A traveler is booking Honolulu (HNL) to Los Angeles (LAX). They say: “For this trip, I need to keep all of Sunday daytime free and attend an evening event ending around 9:30 p.m. Please look for a red-eye that leaves after 10 p.m. and gets me back Monday morning.” Which itinerary best matches the request?","[{""choice_id"": ""A"", ""text"": ""Take a Sunday 2:15 p.m. nonstop arriving Sunday night; it is the lowest fare and avoids overnight travel, but it uses most of Sunday afternoon.""}, {""choice_id"": ""B"", ""text"": ""Take a Sunday 8:45 p.m. one-stop itinerary arriving Monday 10:50 a.m.; it is cheaper than the late nonstop, but it leaves before the event ends and arrives later.""}, {""choice_id"": ""C"", ""text"": ""Take a Monday 9:00 a.m. nonstop arriving Monday evening; it is comfortable and reasonably priced, but it does not get back Monday morning.""}, {""choice_id"": ""D"", ""text"": ""Take a Sunday 11:20 p.m. nonstop red-eye arriving Monday 7:35 a.m.; it costs $95 more but preserves Sunday and returns Monday morning.""}]",D,apply_current_trip_constraint,"[{""session_id"": ""tm2_planning_v02_user_0009_s0020"", ""session_index"": 20, ""signal_type"": ""exception"", ""source_domain"": ""flights"", ""messages_preview"": ""user: Can you help me sort out Seattle to New York for a Monday in May? I saw an 11:50 p.m. flight, but overnight flights leave me wrecked unless they save a lot. | assistant: Sure. What day are you returning, and are you trying to stay nonstop? | user: Return Friday. Nonstop if possible. If the overnight is only like $40 cheaper, skip it. | assistant: I see a 7:20 a.m. for $396, a 3:35 p.m. for $382, and the 11:50 p.m. red-eye for $337. All are nonstop. | user: Take the 3:35 p.m. Paying a little more is worth not arriving like a zombie.""}]",pass,accept,"accept: The exception request clearly overrides the red-eye avoidance default, the evidence supports the scoped preference, and D is the unique itinerary satisfying the stated timing constraints."
review_tm2_planning_v02_user_0009_habit_red_eye_avoidance_p03_explicit_retrieval,taskmaster_planning_v02_probe_b6383e7c9a555c20,tm2_planning_v02_user_0009_habit_red_eye_avoidance_p03_explicit_retrieval,tm2_planning_v02_user_0009,stress,explicit_retrieval,planning_defaults,taskmaster_seeded_gpt55_xhigh_sessionwise_multihabit_v02,"When comparing flight options and an overnight or red-eye itinerary is not required, which preference is most consistent with the user's past decisions?","[{""choice_id"": ""A"", ""text"": ""Choose the cheapest flight even if it requires a late-night overnight itinerary.""}, {""choice_id"": ""B"", ""text"": ""Prefer red-eye flights whenever they help preserve daytime hours at the destination.""}, {""choice_id"": ""C"", ""text"": ""Pay extra for nonstop flights regardless of whether the timing is inconvenient.""}, {""choice_id"": ""D"", ""text"": ""Avoid red-eye flights unless they offer a substantial price savings or schedule advantage.""}]",D,retrieve_supported_preference,"[{""session_id"": ""tm2_planning_v02_user_0009_s0012"", ""session_index"": 12, ""signal_type"": ""support"", ""source_domain"": ""flights"", ""messages_preview"": ""user: I need help finding a short round trip from San Francisco to Berlin for a client visit. I can leave either late tonight or tomorrow, and I need to come back... | assistant: Sure. Is SFO required, or can I include Oakland or San Jose? Also, what cabin, how many bags, and do you have a latest arrival time in Berlin? | user: SFO only. Economy is fine, one carry-on, no checked bag. My meeting is the morning after I arrive, so I don't want to land completely wiped out if there's a... | assistant: I found three practical outbound choices. Option A leaves SFO at 11:50 pm via Copenhagen, arrives Berlin at 6:10 pm the next day, and is $842 round trip with... | user: Let's not do the 11:50 pm one just to save around $160. I know it looks efficient on paper, but I don't do well with red-eyes unless the difference is really...""}, {""session_id"": ""tm2_planning_v02_user_0009_s0021"", ""session_index"": 21, ""signal_type"": ""support"", ""source_domain"": ""hotels"", ""messages_preview"": ""user: I'm putting together a quick ski weekend in Park City, Utah, and need help with both the hotel and flights into Salt Lake City. | assistant: Sure. What city are you flying from, what dates are you considering, and what kind of hotel setup do you want in Park City? | user: Flying from Raleigh. Dates are Thursday March 6 to Monday March 10. For the hotel, I'd like something walkable to restaurants if possible, not necessarily sk... | assistant: That gives us a few workable areas: downtown Park City near Main Street, Prospector, or Canyons Village. For flights, do you prefer nonstop if available, or... | user: One stop is fine. I care more about not arriving totally wrecked. If there's a late overnight option that saves like $60, please don't steer me there. I'd ra...""}, {""session_id"": ""tm2_planning_v02_user_0009_s0023"", ""session_index"": 23, ""signal_type"": ""support"", ""source_domain"": ""hotels"", ""messages_preview"": ""user: Hi, I need help putting together a quick trip to San Francisco next month. I’ll need a hotel and maybe flights too. | assistant: Sure. What city are you flying from, what dates are you considering, and do you have a hotel area or budget in mind? | user: Flying from Boston to SFO. I need to arrive by Thursday afternoon, May 16, and return Sunday, May 19. For the hotel, somewhere near Union Square or the Finan... | assistant: Got it. For flights, I’m seeing a few types of options: a nonstop on Thursday morning arriving around noon, a one-stop itinerary that lands mid-afternoon, an... | user: Let’s not do the overnight flight unless it’s a really big price difference. Getting in at dawn sounds rough, especially before meetings.""}]",pass,accept,"accept: The explicit retrieval query is supported by multiple history snippets, matches the scoped red-eye avoidance default, has a unique gold choice, and uses plausible distractors without private-term leakage."
review_tm2_planning_v02_user_0010_habit_airport_transfer_reliability_p00_direct_use,taskmaster_planning_v02_probe_d337e57449bb2fcd,tm2_planning_v02_user_0010_habit_airport_transfer_reliability_p00_direct_use,tm2_planning_v02_user_0010,dev,direct_use,planning_defaults,taskmaster_seeded_gpt55_xhigh_sessionwise_multihabit_v02,"I’m flying to Boston next Tuesday for a client meeting that starts at noon. My flight is scheduled to land at 8:45 a.m., and I need to go from Logan Airport directly to the office with a carry-on. Which transfer plan should I choose?","[{""choice_id"": ""A"", ""text"": ""Reserve a flight-tracking car service from Logan to the office, with enough schedule cushion before the meeting.""}, {""choice_id"": ""B"", ""text"": ""Wait until I land and request whichever rideshare option has the lowest fare at that moment.""}, {""choice_id"": ""C"", ""text"": ""Take the airport bus and subway downtown, then walk or hail a short ride for the last stretch.""}, {""choice_id"": ""D"", ""text"": ""Rent a compact car at the airport so I can control the route and keep it available after the meeting.""}]",A,apply_scoped_habit,"[{""session_id"": ""tm2_planning_v02_user_0010_s0000"", ""session_index"": 0, ""signal_type"": ""support"", ""source_domain"": ""flights"", ""messages_preview"": ""user: I need to arrange a quick round trip from Los Angeles to Salt Lake City for a client meeting next month. Can you help me compare flight options? | assistant: Sure. What dates are you traveling, and do you prefer LAX or another Los Angeles-area airport? | user: LAX is easiest. I need to arrive on Tuesday, May 14, and come back Wednesday evening, May 15. The meeting is in downtown Salt Lake at 2:30 Tuesday. | assistant: Got it. For a 2:30 p.m. downtown meeting, I’d avoid cutting it close. Would you like a morning nonstop into Salt Lake City International with enough time for... | user: Yes, exactly. I’m not trying to save twenty dollars if it means I’m stressed about getting across town. I’ll have samples with me, so I need the arrival side...""}, {""session_id"": ""tm2_planning_v02_user_0010_s0008"", ""session_index"": 8, ""signal_type"": ""support"", ""source_domain"": ""flights"", ""messages_preview"": ""user: I need a round trip from Los Angeles to Boston for a client meeting next week. Leaving Tuesday morning, returning Thursday evening if possible. | assistant: Sure. Which Los Angeles airport works best, and do you have a preferred arrival time in Boston? | user: LAX is easiest. I need to be at the client's office in Cambridge by 3:00 PM on Tuesday, so landing with enough buffer matters. | assistant: I found a nonstop LAX to Boston flight departing 7:15 AM and arriving 3:42 PM, and a one-stop leaving 6:05 AM arriving 2:05 PM. The nonstop is more comfortab... | user: The meeting is fixed, so let's not cut it close. What about landing around noon or 1:00?""}, {""session_id"": ""tm2_planning_v02_user_0010_s0009"", ""session_index"": 9, ""signal_type"": ""support"", ""source_domain"": ""hotels"", ""messages_preview"": ""user: Hi, I need help picking a hotel in West Palm Beach, Florida for next month. | assistant: Sure. What dates, budget, and general location are you aiming for? Also, is this for leisure or a work trip? | user: It is for work. I land at PBI on a Tuesday evening and have an 8:30 client meeting near downtown the next morning. Two nights, ideally under $260 a night bef... | assistant: Got it. Do you want to be closer to the airport, downtown, or the client office? And will you need parking or just airport transportation? | user: No rental car. I care more about the airport arrival being smooth than saving a few dollars on the ride. If a hotel has an arranged car or an easy taxi setup...""}]",pass,accept,"accept: The query is in-scope for the hidden work-trip airport transfer default, choice A uniquely applies the reliable-transfer preference, and the distractors are plausible without leaking private labels."
review_tm2_planning_v02_user_0010_habit_airport_transfer_reliability_p01_boundary,taskmaster_planning_v02_probe_0ff802c1f85295a6,tm2_planning_v02_user_0010_habit_airport_transfer_reliability_p01_boundary,tm2_planning_v02_user_0010,dev,boundary,planning_defaults,taskmaster_seeded_gpt55_xhigh_sessionwise_multihabit_v02,"A traveler is flying to Nashville for a casual personal weekend. They have no fixed plans until later that night, arrival time is flexible, and they want to avoid locking in an expensive transfer unnecessarily. Which airport-to-hotel transportation plan is the best fit?","[{""choice_id"": ""A"", ""text"": ""Book a private SUV transfer with a generous pickup buffer, even if it costs more than other options.""}, {""choice_id"": ""B"", ""text"": ""Wait until landing, compare rideshare wait times and airport taxi pricing, and choose the simplest reasonably priced option then.""}, {""choice_id"": ""C"", ""text"": ""Prepay for a scheduled shared shuttle that departs at a fixed time shortly after the scheduled landing.""}, {""choice_id"": ""D"", ""text"": ""Reserve a premium flight-tracking car service in advance to ensure a driver is waiting at baggage claim.""}]",B,do_not_apply_out_of_scope,"[{""session_id"": ""tm2_planning_v02_user_0010_s0007"", ""session_index"": 7, ""signal_type"": ""boundary_counterexample"", ""source_domain"": ""hotels"", ""messages_preview"": ""user: I'm planning a just-for-fun weekend in Nashville with my sister. We'd like to stay near the Country Music Hall of Fame so we can walk to museums and music sp... | assistant: Sounds like a great location for a first Nashville weekend. What dates, budget range, and room setup are you looking for? Also, will you have a car or rely o... | user: June 14 to 16, two adults, one room with two beds. We'd rather not rent a car. I'd like to keep it around $250 a night before taxes if possible, but I can st... | assistant: For that area, I would compare Hyatt Place Nashville Downtown, Hampton Inn & Suites Nashville-Downtown, and Drury Plaza Hotel Nashville Downtown. All are wal... | user: Breakfast definitely helps. We aren't trying to make this fancy, just easy. Our flight gets into BNA sometime Friday afternoon, but we may change it if a che...""}, {""session_id"": ""tm2_planning_v02_user_0010_s0027"", ""session_index"": 27, ""signal_type"": ""boundary_counterexample"", ""source_domain"": ""hotels"", ""messages_preview"": ""user: I'm toying with a late September Ocracoke trip. It's just my sister and me taking a slow beach break, no meetings or fixed arrival time. Can you help with a... | assistant: Absolutely. Are you picturing something walkable in the village, ocean-facing, budget-friendly, or more like a small inn with local character? | user: Walkable matters most. Two beds, not fancy, ideally under about $220 before taxes. A porch or pool would be nice. We may fly into Norfolk, but we can also dr... | assistant: For that style, I’d compare Pony Island Inn, Blackbeard’s Lodge, and Anchorage Inn. Pony Island is simple and central, Blackbeard’s has more old-island chara... | user: Between Pony Island and Blackbeard's, which feels better for two adults who will mostly walk around, read, and maybe rent bikes?""}]",pass,accept,"accept: The query is clearly outside the work-trip transfer condition, the proposed B uniquely avoids applying the reliability default while respecting the casual flexible context, and the choices are plausible."
review_tm2_planning_v02_user_0010_habit_airport_transfer_reliability_p02_exception,taskmaster_planning_v02_probe_7cd204f126904815,tm2_planning_v02_user_0010_habit_airport_transfer_reliability_p02_exception,tm2_planning_v02_user_0010,dev,exception,planning_defaults,taskmaster_seeded_gpt55_xhigh_sessionwise_multihabit_v02,"For an upcoming client meeting trip, the traveler lands at 9:00 a.m. and needs to reach a downtown hotel before an afternoon appointment. They specifically say this time they want the lowest transport cost and are happy to figure out local transit, even if it takes longer. Which airport transfer plan best matches the request?","[{""choice_id"": ""A"", ""text"": ""Take an official airport taxi to avoid transit navigation while keeping the plan simpler than a reserved car.""}, {""choice_id"": ""B"", ""text"": ""Prebook a flight-tracking private car so the driver is waiting on arrival and the transfer is predictable.""}, {""choice_id"": ""C"", ""text"": ""Book a premium car service with a backup rideshare option in case the flight arrives early or late.""}, {""choice_id"": ""D"", ""text"": ""Use the airport train or bus into downtown, choosing the lowest-fare route and allowing extra time for transfers or walking.""}]",D,apply_current_trip_constraint,"[{""session_id"": ""tm2_planning_v02_user_0010_s0016"", ""session_index"": 16, ""signal_type"": ""exception"", ""source_domain"": ""flights"", ""messages_preview"": ""user: Can you help me line up a commercial flight for a work trip next month? | assistant: Sure. What city are you leaving from, where are you heading, and what dates or arrival deadlines do you have? | user: I’m flying from Chicago O’Hare to Raleigh-Durham. Leave Tuesday March 10 after 4 pm, come back Thursday March 12 after 3 pm. I have a client presentation dow... | assistant: Got it. Any airline, seat, bag, or connection preferences? And will you need airport-to-hotel transportation planned too? | user: Economy is fine, carry-on only, nonstop if it isn’t much more. For past client trips like Boston and Houston I had you steer me toward reserved rides from th...""}]",pass,accept,"accept: The exception query clearly matches the work-trip airport-transfer scope while explicitly overriding the reliability default with lowest-cost public transit, making choice D uniquely correct."
review_tm2_planning_v02_user_0010_habit_airport_transfer_reliability_p03_explicit_retrieval,taskmaster_planning_v02_probe_204fe67988bc7a00,tm2_planning_v02_user_0010_habit_airport_transfer_reliability_p03_explicit_retrieval,tm2_planning_v02_user_0010,dev,explicit_retrieval,planning_defaults,taskmaster_seeded_gpt55_xhigh_sessionwise_multihabit_v02,"When arranging a work trip for a client meeting that requires travel from the airport, which repeated preference best matches the user's prior choices?","[{""choice_id"": ""A"", ""text"": ""Use public transit whenever possible to explore the destination and avoid private transfers.""}, {""choice_id"": ""B"", ""text"": ""Keep arrival plans flexible and avoid prebooking transportation unless the trip is a casual personal getaway.""}, {""choice_id"": ""C"", ""text"": ""Reserve a dependable airport transfer in advance, such as a flight-tracking car service, even if it costs more than less certain options.""}, {""choice_id"": ""D"", ""text"": ""Wait until landing to choose the cheapest available ride so the traveler can keep costs as low as possible.""}]",C,retrieve_supported_preference,"[{""session_id"": ""tm2_planning_v02_user_0010_s0000"", ""session_index"": 0, ""signal_type"": ""support"", ""source_domain"": ""flights"", ""messages_preview"": ""user: I need to arrange a quick round trip from Los Angeles to Salt Lake City for a client meeting next month. Can you help me compare flight options? | assistant: Sure. What dates are you traveling, and do you prefer LAX or another Los Angeles-area airport? | user: LAX is easiest. I need to arrive on Tuesday, May 14, and come back Wednesday evening, May 15. The meeting is in downtown Salt Lake at 2:30 Tuesday. | assistant: Got it. For a 2:30 p.m. downtown meeting, I’d avoid cutting it close. Would you like a morning nonstop into Salt Lake City International with enough time for... | user: Yes, exactly. I’m not trying to save twenty dollars if it means I’m stressed about getting across town. I’ll have samples with me, so I need the arrival side...""}, {""session_id"": ""tm2_planning_v02_user_0010_s0008"", ""session_index"": 8, ""signal_type"": ""support"", ""source_domain"": ""flights"", ""messages_preview"": ""user: I need a round trip from Los Angeles to Boston for a client meeting next week. Leaving Tuesday morning, returning Thursday evening if possible. | assistant: Sure. Which Los Angeles airport works best, and do you have a preferred arrival time in Boston? | user: LAX is easiest. I need to be at the client's office in Cambridge by 3:00 PM on Tuesday, so landing with enough buffer matters. | assistant: I found a nonstop LAX to Boston flight departing 7:15 AM and arriving 3:42 PM, and a one-stop leaving 6:05 AM arriving 2:05 PM. The nonstop is more comfortab... | user: The meeting is fixed, so let's not cut it close. What about landing around noon or 1:00?""}, {""session_id"": ""tm2_planning_v02_user_0010_s0009"", ""session_index"": 9, ""signal_type"": ""support"", ""source_domain"": ""hotels"", ""messages_preview"": ""user: Hi, I need help picking a hotel in West Palm Beach, Florida for next month. | assistant: Sure. What dates, budget, and general location are you aiming for? Also, is this for leisure or a work trip? | user: It is for work. I land at PBI on a Tuesday evening and have an 8:30 client meeting near downtown the next morning. Two nights, ideally under $260 a night bef... | assistant: Got it. Do you want to be closer to the airport, downtown, or the client office? And will you need parking or just airport transportation? | user: No rental car. I care more about the airport arrival being smooth than saving a few dollars on the ride. If a hotel has an arranged car or an easy taxi setup...""}]",pass,accept,"accept: The query is an explicit retrieval in the correct scoped work/client airport-transfer context, the supported default uniquely maps to choice C, and the distractors are plausible without leaking private benchmark terms."
review_tm2_planning_v02_user_0011_habit_early_morning_avoidance_p00_direct_use,taskmaster_planning_v02_probe_57c93bb7e59e9b1c,tm2_planning_v02_user_0011_habit_early_morning_avoidance_p00_direct_use,tm2_planning_v02_user_0011,dev,direct_use,planning_defaults,taskmaster_seeded_gpt55_xhigh_sessionwise_multihabit_v02,"I'm booking a flexible personal long-weekend trip to Portland. I don't have any meeting or event on arrival day, and hotel check-in is in the late afternoon. Which outbound flight should you recommend?","[{""choice_id"": ""A"", ""text"": ""1:15 PM one-stop for $218, arriving at 5:30 PM""}, {""choice_id"": ""B"", ""text"": ""10:20 AM nonstop for $236, arriving at 12:45 PM""}, {""choice_id"": ""C"", ""text"": ""5:45 AM nonstop for $208, arriving at 8:10 AM""}, {""choice_id"": ""D"", ""text"": ""8:30 PM nonstop for $190, arriving at 11:00 PM""}]",B,apply_scoped_habit,"[{""session_id"": ""tm2_planning_v02_user_0011_s0000"", ""session_index"": 0, ""signal_type"": ""support"", ""source_domain"": ""flights"", ""messages_preview"": ""user: Hi, I’m planning a relaxed vacation in London and need help finding flights into Heathrow. | assistant: Sure, I can help with that. Where will you be flying from, and do you have dates in mind? | user: From Seattle. I’m thinking late May, staying about eight nights. It’s just a personal trip, so I can shift by a day if the options are noticeably better. | assistant: Got it. Do you prefer nonstop flights, or are one-stop options okay if they save money? | user: Nonstop would be nice, but I’ll consider a connection. Since this isn’t urgent, I’d rather not start the day at 5 or 6 in the morning unless the savings are...""}, {""session_id"": ""tm2_planning_v02_user_0011_s0001"", ""session_index"": 1, ""signal_type"": ""support"", ""source_domain"": ""hotels"", ""messages_preview"": ""user: I'm planning a few days in Laguna Beach, California, mostly just to unwind. Can you help me look at hotel and flight options? | assistant: Absolutely. What city would you be flying from, and do you have dates in mind? | user: Flying from Seattle. I'm thinking Thursday to Sunday in late April, but the dates are flexible by a day or two. It's not for an event. | assistant: For Laguna Beach, the closest useful airports are John Wayne Airport in Orange County, Long Beach, and sometimes LAX if the savings are big. Do you want to b... | user: Near the beach or walkable to restaurants would be ideal. I don't need luxury, but I don't want a place that feels run down.""}, {""session_id"": ""tm2_planning_v02_user_0011_s0005"", ""session_index"": 5, ""signal_type"": ""support"", ""source_domain"": ""hotels"", ""messages_preview"": ""user: I'm trying to put together a quick San Diego trip and could use help with a hotel. | assistant: Sure. What dates are you looking at, and do you have a neighborhood or budget in mind? | user: Friday to Monday next month, just a personal getaway. I'd like to stay near Little Italy or the waterfront if the price isn't ridiculous. Something clean wit... | assistant: That area has several options. Are you prioritizing walking distance to restaurants, ocean views, included breakfast, or lower nightly cost? | user: Walking distance matters most. Ocean view would be nice but not if it adds a lot. Also, I may need flights from Sacramento, but the timing can be relaxed.""}]",pass,accept,"accept: The request is in-scope for the flexible personal-trip default, the evidence supports avoiding very early departures, and B is the uniquely reasonable non-early nonstop option among plausible distractors."
review_tm2_planning_v02_user_0011_habit_early_morning_avoidance_p01_boundary,taskmaster_planning_v02_probe_ce26e5597497d8c5,tm2_planning_v02_user_0011_habit_early_morning_avoidance_p01_boundary,tm2_planning_v02_user_0011,dev,boundary,planning_defaults,taskmaster_seeded_gpt55_xhigh_sessionwise_multihabit_v02,"A user needs to fly to New York for a mandatory 10:00 AM client kickoff, says being late would be unacceptable, and cannot travel the night before. Which outbound flight should you recommend?","[{""choice_id"": ""A"", ""text"": ""9:30 AM nonstop, arriving at 11:45 AM, for the lowest fare.""}, {""choice_id"": ""B"", ""text"": ""10:15 AM nonstop with extra legroom, arriving at 12:35 PM, for a moderate fare.""}, {""choice_id"": ""C"", ""text"": ""6:00 AM nonstop, arriving at 8:15 AM, for $80 more than the cheapest option.""}, {""choice_id"": ""D"", ""text"": ""7:45 AM one-stop flight, arriving at 9:50 AM if the connection is on time, for $30 less.""}]",C,do_not_apply_out_of_scope,"[{""session_id"": ""tm2_planning_v02_user_0011_s0003"", ""session_index"": 3, ""signal_type"": ""boundary_counterexample"", ""source_domain"": ""hotels"", ""messages_preview"": ""user: I need help finding a hotel in New York for next Wednesday night. | assistant: Sure. What area of New York would you like to be near, and what is your budget? Also, are you only looking for the hotel, or do you need help with getting th... | user: This is for a trade media breakfast at the Javits Center on Thursday morning. I'm coming from Cleveland, and I can't fly in the night before because of a boa... | assistant: Got it. Since you need to be at Javits Thursday morning, the inbound flight is important. What time do you need to be on site, and do you have a hotel budget... | user: Tech check is at 8:30 AM sharp, and they asked presenters to be there before attendees arrive. Hotel under $350 before taxes if possible, quiet room, decent...""}, {""session_id"": ""tm2_planning_v02_user_0011_s0034"", ""session_index"": 34, ""signal_type"": ""boundary_counterexample"", ""source_domain"": ""flights"", ""messages_preview"": ""user: I need help choosing a round trip from Seattle to Salt Lake City. Outbound is today, September 13, and I come back September 18. This is for a client kickoff... | assistant: Understood. For the outbound, arrival time matters more than comfort. Are you flying from Sea-Tac, carrying bags, and do you have any airline preference? | user: Sea-Tac, carry-on only, and I have PreCheck. Delta or Alaska are both fine. I know the first flight is painful, but missing the opening session would be worse. | assistant: I found three plausible nonstop options: Delta at 5:40 AM arriving SLC 8:35 AM for about $328, Alaska at 7:25 AM arriving 10:18 AM for about $287, and Delta... | user: The 7:25 is tempting since it is cheaper and less miserable. How tight would that be if I take a rideshare from SLC?""}]",pass,revise,"revise: The boundary setup is coherent and gold C is supported, but the choices make C nearly trivial because all alternatives are late or very risky rather than plausible ways to trade off the early-flight default."
review_tm2_planning_v02_user_0011_habit_early_morning_avoidance_p02_exception,taskmaster_planning_v02_probe_2baecd27885e77bf,tm2_planning_v02_user_0011_habit_early_morning_avoidance_p02_exception,tm2_planning_v02_user_0011,dev,exception,planning_defaults,taskmaster_seeded_gpt55_xhigh_sessionwise_multihabit_v02,"You are helping choose an outbound flight for a personal trip to Denver. The traveler says, “For this trip, I specifically need to arrive as early as possible that day, even if it means leaving before sunrise.” Which option should you recommend?","[{""choice_id"": ""A"", ""text"": ""Book the 5:25 AM nonstop flight arriving at 7:10 AM for $285.""}, {""choice_id"": ""B"", ""text"": ""Book the 11:30 AM nonstop flight arriving at 1:15 PM for $225.""}, {""choice_id"": ""C"", ""text"": ""Book the 7:15 AM one-stop flight arriving at 12:05 PM for $210.""}, {""choice_id"": ""D"", ""text"": ""Book the 9:40 AM nonstop flight arriving at 11:25 AM for $240.""}]",A,apply_current_trip_constraint,"[{""session_id"": ""tm2_planning_v02_user_0011_s0031"", ""session_index"": 31, ""signal_type"": ""exception"", ""source_domain"": ""hotels"", ""messages_preview"": ""user: I'm looking at a short Sicily trip and saw Atlantis Bay in Taormina. Can you tell me what kind of hotel it is and whether it works for a quiet anniversary we... | assistant: Atlantis Bay is a seaside luxury hotel built into the cliffs near Mazzarò Bay, below Taormina. It is generally better for a scenic, romantic stay than for ni... | user: That sounds right. For trips like this, I really don't want a 5 or 6 a.m. flight if there are reasonable alternatives. I don't mind paying a little more to l... | assistant: Understood. For a flexible anniversary trip, I would lean away from the very early departures and compare mid-morning or later flights unless the price or ro... | user: Great. Could you sketch a 4-night plan from Boston to Catania in late September? Something relaxed, not packed.""}]",pass,accept,"accept: The query clearly invokes the explicit current-trip override, the earliest-arrival option is uniquely correct, and the evidence supports the scoped default being overridden."
review_tm2_planning_v02_user_0011_habit_early_morning_avoidance_p03_explicit_retrieval,taskmaster_planning_v02_probe_be2c936b59e289d1,tm2_planning_v02_user_0011_habit_early_morning_avoidance_p03_explicit_retrieval,tm2_planning_v02_user_0011,dev,explicit_retrieval,planning_defaults,taskmaster_seeded_gpt55_xhigh_sessionwise_multihabit_v02,"Which travel-planning preference does the user repeatedly show for flexible, nonurgent personal trips?","[{""choice_id"": ""A"", ""text"": ""Prefer mid-morning or later departures over very early flights when the price or schedule tradeoff is modest.""}, {""choice_id"": ""B"", ""text"": ""Prioritize nonstop flights over connecting options even when the fare difference is large.""}, {""choice_id"": ""C"", ""text"": ""Always select the earliest possible departure to maximize time at the destination.""}, {""choice_id"": ""D"", ""text"": ""Choose the cheapest available flight even if it leaves before dawn.""}]",A,retrieve_supported_preference,"[{""session_id"": ""tm2_planning_v02_user_0011_s0000"", ""session_index"": 0, ""signal_type"": ""support"", ""source_domain"": ""flights"", ""messages_preview"": ""user: Hi, I’m planning a relaxed vacation in London and need help finding flights into Heathrow. | assistant: Sure, I can help with that. Where will you be flying from, and do you have dates in mind? | user: From Seattle. I’m thinking late May, staying about eight nights. It’s just a personal trip, so I can shift by a day if the options are noticeably better. | assistant: Got it. Do you prefer nonstop flights, or are one-stop options okay if they save money? | user: Nonstop would be nice, but I’ll consider a connection. Since this isn’t urgent, I’d rather not start the day at 5 or 6 in the morning unless the savings are...""}, {""session_id"": ""tm2_planning_v02_user_0011_s0001"", ""session_index"": 1, ""signal_type"": ""support"", ""source_domain"": ""hotels"", ""messages_preview"": ""user: I'm planning a few days in Laguna Beach, California, mostly just to unwind. Can you help me look at hotel and flight options? | assistant: Absolutely. What city would you be flying from, and do you have dates in mind? | user: Flying from Seattle. I'm thinking Thursday to Sunday in late April, but the dates are flexible by a day or two. It's not for an event. | assistant: For Laguna Beach, the closest useful airports are John Wayne Airport in Orange County, Long Beach, and sometimes LAX if the savings are big. Do you want to b... | user: Near the beach or walkable to restaurants would be ideal. I don't need luxury, but I don't want a place that feels run down.""}, {""session_id"": ""tm2_planning_v02_user_0011_s0005"", ""session_index"": 5, ""signal_type"": ""support"", ""source_domain"": ""hotels"", ""messages_preview"": ""user: I'm trying to put together a quick San Diego trip and could use help with a hotel. | assistant: Sure. What dates are you looking at, and do you have a neighborhood or budget in mind? | user: Friday to Monday next month, just a personal getaway. I'd like to stay near Little Italy or the waterfront if the price isn't ridiculous. Something clean wit... | assistant: That area has several options. Are you prioritizing walking distance to restaurants, ocean views, included breakfast, or lower nightly cost? | user: Walking distance matters most. Ocean view would be nice but not if it adds a lot. Also, I may need flights from Sacramento, but the timing can be relaxed.""}]",pass,accept,"accept: The explicit retrieval query is supported by the history, gold A matches the hidden scoped default for flexible nonurgent personal travel, and the distractors are plausible travel-planning alternatives."
review_tm2_planning_v02_user_0012_habit_business_travel_arrival_buffer_p00_direct_use,taskmaster_planning_v02_probe_2014673fe0856b8e,tm2_planning_v02_user_0012_habit_business_travel_arrival_buffer_p00_direct_use,tm2_planning_v02_user_0012,test,direct_use,planning_defaults,taskmaster_seeded_gpt55_xhigh_sessionwise_multihabit_v02,"I’m booking travel for a client onsite in Denver next Tuesday. The client workshop starts at 1:00 p.m. downtown, and I need to choose an itinerary. Which option should I pick?","[{""choice_id"": ""A"", ""text"": ""Take a Tuesday morning connecting flight that lands at 10:50 a.m., saving about $90 but requiring a 45-minute ride downtown.""}, {""choice_id"": ""B"", ""text"": ""Take the cheapest Tuesday morning flight, land at 11:45 a.m., and use a lower-cost hotel 30 minutes from the client office.""}, {""choice_id"": ""C"", ""text"": ""Fly in Monday evening on a nonstop, stay at a hotel a short walk from the client office, and pay about $160 more than the cheapest option.""}, {""choice_id"": ""D"", ""text"": ""Arrive late Monday night at the airport hotel, save on the room rate, and commute downtown Tuesday morning during rush hour.""}]",C,apply_scoped_habit,"[{""session_id"": ""tm2_planning_v02_user_0012_s0001"", ""session_index"": 1, ""signal_type"": ""support"", ""source_domain"": ""hotels"", ""messages_preview"": ""user: Hi, I need help arranging a hotel in Madison, Wisconsin, for a client visit next month. | assistant: Sure. What dates will you be in Madison, and do you have a specific area or budget in mind? | user: I need to be onsite with the client Tuesday at 2:00 pm and Wednesday morning. I’ll fly in from Denver. Ideally downtown or near the university, but the timin... | assistant: Got it. Are you planning to arrive Tuesday morning, or would you consider Monday night? | user: Please check both, but I’m cautious about same-day arrivals for client meetings. If I arrive Tuesday, I need enough cushion to deal with delays, get to the h...""}, {""session_id"": ""tm2_planning_v02_user_0012_s0007"", ""session_index"": 7, ""signal_type"": ""support"", ""source_domain"": ""hotels"", ""messages_preview"": ""user: I need to set up a hotel in St. Louis for a work trip next month. It’s for a client onsite, so I want the timing to be clean. | assistant: Sure. What dates are you traveling, and where in St. Louis will the client meeting be? | user: I fly in Monday, March 18, and check out Wednesday the 20th. The client office is near Clayton, and the first meeting is Monday at 2:30 PM. | assistant: Would you prefer staying in Clayton close to the office, or somewhere downtown with more restaurants and nightlife? | user: Close to the office. This isn’t a sightseeing trip. I mainly need to be settled and not watching the clock before the kickoff.""}, {""session_id"": ""tm2_planning_v02_user_0012_s0011"", ""session_index"": 11, ""signal_type"": ""support"", ""source_domain"": ""hotels"", ""messages_preview"": ""user: Hi, I need help putting together a quick trip to Denver for a client visit next Tuesday. I also need a hotel room with a refrigerator because I’ll be traveli... | assistant: I can help with that. What time is the client visit, and do you have any preferences for location, budget, or hotel type? | user: The onsite walkthrough starts at 1:30 PM at their office near Union Station. I’ll be flying in from Seattle. Budget is flexible within reason, but I need thi... | assistant: For the hotel, staying near Union Station would make the morning easy. I can look for properties with in-room mini-fridges or guaranteed medical refrigeratio... | user: Monday night is my preference if the cost isn’t absurd. For client meetings, I don’t like cutting it close on arrival day. A delayed flight or a long ride fr...""}]",pass,revise,"revise: Choice D also provides a prior-night arrival buffer for a 1 p.m. workshop, so the proposed gold is not uniquely determined by the scoped default."
review_tm2_planning_v02_user_0012_habit_business_travel_arrival_buffer_p01_boundary,taskmaster_planning_v02_probe_67fff91a597a61dc,tm2_planning_v02_user_0012_habit_business_travel_arrival_buffer_p01_boundary,tm2_planning_v02_user_0012,test,boundary,planning_defaults,taskmaster_seeded_gpt55_xhigh_sessionwise_multihabit_v02,"A user is planning a relaxed personal weekend trip to visit a friend in Portland. They have no plans on Friday night, no reservations, and the friend says arriving anytime is fine. Two reasonable flight options are available: one arrives at 3:10 p.m. with a connection and costs $85 more, while the other is a nonstop that arrives at 8:30 p.m. and costs less. Which recommendation best fits this situation?","[{""choice_id"": ""A"", ""text"": ""Recommend the earlier arrival despite the extra cost, to preserve several hours before any possible evening plans.""}, {""choice_id"": ""B"", ""text"": ""Recommend the cheaper nonstop that arrives later, since there is no same-day commitment requiring an early cushion.""}, {""choice_id"": ""C"", ""text"": ""Recommend flying in the night before, even if it adds a hotel night, to avoid any risk of a late Friday arrival.""}, {""choice_id"": ""D"", ""text"": ""Recommend the earlier connecting flight and suggest booking a hotel near the airport to reduce arrival-day uncertainty.""}]",B,do_not_apply_out_of_scope,"[{""session_id"": ""tm2_planning_v02_user_0012_s0006"", ""session_index"": 6, ""signal_type"": ""boundary_counterexample"", ""source_domain"": ""flights"", ""messages_preview"": ""user: Can you help me look at round-trip flights from Sacramento to Houston? This is just for a low-key visit with my brother, not work. | assistant: Sure. What dates are you thinking, how many travelers, and do you have a preferred airport in Houston, like Hobby or Bush Intercontinental? | user: One traveler. Leave Sacramento on Friday, April 18, and come back Tuesday, April 22. Either Houston airport is fine, though my brother lives closer to Hobby. | assistant: Got it. Any preferences on airlines, number of stops, baggage, or time of day? | user: I’m trying to keep it reasonable. One stop is okay. I’ll just bring a carry-on. I don’t care if I get in late on Friday because we’re only hanging out that w...""}, {""session_id"": ""tm2_planning_v02_user_0012_s0014"", ""session_index"": 14, ""signal_type"": ""boundary_counterexample"", ""source_domain"": ""flights"", ""messages_preview"": ""user: I'm thinking about a relaxed trip to Belgium in late September. I need help picking a flight and hotel, probably into Brussels, but I want a few nights where... | assistant: That sounds lovely. I can help narrow it down. What city are you departing from, what dates are you considering, and how many nights would you like to stay? | user: Leaving from Boston. Dates are flexible, but maybe September 20 to 26. It's just a personal trip, no conference or appointments. I might visit Bruges one day... | assistant: Great. Since you're flexible and there are no fixed same-day plans, we can prioritize price, comfort, and hotel location rather than protecting a specific ar... | user: One stop is okay if it saves enough money. I don't want a brutal overnight layover, but a normal connection is fine.""}]",pass,accept,"accept: The boundary query is clearly out of scope for the business-arrival-buffer default, the evidence supports not applying it, and B is the unique reasonable recommendation."
review_tm2_planning_v02_user_0012_habit_business_travel_arrival_buffer_p02_exception,taskmaster_planning_v02_probe_a113763282e90b38,tm2_planning_v02_user_0012_habit_business_travel_arrival_buffer_p02_exception,tm2_planning_v02_user_0012,test,exception,planning_defaults,taskmaster_seeded_gpt55_xhigh_sessionwise_multihabit_v02,"You are choosing flights for my client onsite in San Francisco. The client moved the kickoff from Tuesday afternoon to Wednesday at 2 p.m., and Tuesday is now only flexible email catch-up. I explicitly do not need to protect an arrival buffer on Tuesday; I would rather avoid unnecessary cost as long as I am in town by Tuesday night. Which plan best fits?","[{""choice_id"": ""A"", ""text"": ""Take a Wednesday morning flight arriving at noon, saving a hotel night but leaving little margin before the 2 p.m. kickoff.""}, {""choice_id"": ""B"", ""text"": ""Fly in Monday night and add an extra hotel night so delays cannot affect Tuesday.""}, {""choice_id"": ""C"", ""text"": ""Book a pricier Tuesday morning flight arriving before noon solely to keep a large cushion for the original Tuesday kickoff.""}, {""choice_id"": ""D"", ""text"": ""Book the lower-cost Tuesday evening nonstop arriving around 8:45 p.m., then stay near the Wednesday meeting site.""}]",D,apply_current_trip_constraint,"[{""session_id"": ""tm2_planning_v02_user_0012_s0019"", ""session_index"": 19, ""signal_type"": ""exception"", ""source_domain"": ""hotels"", ""messages_preview"": ""user: Hi, I need help lining up San Francisco for a client onsite next month: flights from Newark and a hotel downtown. | assistant: Sure. What dates, where in the city, and do you have any fixed meetings on arrival day? | user: Fly Monday May 12, come back Thursday May 15. The office is near Montgomery BART. For my Boston, Dallas, and Seattle client trips I was strict about not land... | assistant: Got it. I'll still avoid risky connections, but I won't prioritize an early Monday landing just for cushion. Do you prefer SFO over Oakland, and any hotel bu... | user: SFO if prices are close. Hotel under about $300 before taxes, quiet, refundable, and easy to get to Montgomery Street without renting a car.""}]",pass,accept,"accept: The exception is coherent with the hidden graph, the current-trip override is explicit, and choice D uniquely satisfies the relaxed Tuesday timing while still preserving margin for the Wednesday kickoff."
review_tm2_planning_v02_user_0012_habit_business_travel_arrival_buffer_p03_explicit_retrieval,taskmaster_planning_v02_probe_1689bee167c0e903,tm2_planning_v02_user_0012_habit_business_travel_arrival_buffer_p03_explicit_retrieval,tm2_planning_v02_user_0012,test,explicit_retrieval,planning_defaults,taskmaster_seeded_gpt55_xhigh_sessionwise_multihabit_v02,"When the user is planning business or client onsite travel with meeting-dependent commitments, which scheduling preference is most consistent with their prior choices?","[{""choice_id"": ""A"", ""text"": ""Optimize mainly for avoiding extra hotel nights, even if that requires a rushed arrival before the onsite commitment.""}, {""choice_id"": ""B"", ""text"": ""Prefer an itinerary that arrives early enough to leave a meaningful cushion before the client commitment, even when cheaper or tighter same-day options exist.""}, {""choice_id"": ""C"", ""text"": ""Prioritize the lowest fare, even if it leaves only a narrow gap between arrival and the client commitment.""}, {""choice_id"": ""D"", ""text"": ""Choose the latest possible departure to reduce time away, as long as the arrival is technically before the meeting.""}]",B,retrieve_supported_preference,"[{""session_id"": ""tm2_planning_v02_user_0012_s0001"", ""session_index"": 1, ""signal_type"": ""support"", ""source_domain"": ""hotels"", ""messages_preview"": ""user: Hi, I need help arranging a hotel in Madison, Wisconsin, for a client visit next month. | assistant: Sure. What dates will you be in Madison, and do you have a specific area or budget in mind? | user: I need to be onsite with the client Tuesday at 2:00 pm and Wednesday morning. I’ll fly in from Denver. Ideally downtown or near the university, but the timin... | assistant: Got it. Are you planning to arrive Tuesday morning, or would you consider Monday night? | user: Please check both, but I’m cautious about same-day arrivals for client meetings. If I arrive Tuesday, I need enough cushion to deal with delays, get to the h...""}, {""session_id"": ""tm2_planning_v02_user_0012_s0007"", ""session_index"": 7, ""signal_type"": ""support"", ""source_domain"": ""hotels"", ""messages_preview"": ""user: I need to set up a hotel in St. Louis for a work trip next month. It’s for a client onsite, so I want the timing to be clean. | assistant: Sure. What dates are you traveling, and where in St. Louis will the client meeting be? | user: I fly in Monday, March 18, and check out Wednesday the 20th. The client office is near Clayton, and the first meeting is Monday at 2:30 PM. | assistant: Would you prefer staying in Clayton close to the office, or somewhere downtown with more restaurants and nightlife? | user: Close to the office. This isn’t a sightseeing trip. I mainly need to be settled and not watching the clock before the kickoff.""}, {""session_id"": ""tm2_planning_v02_user_0012_s0011"", ""session_index"": 11, ""signal_type"": ""support"", ""source_domain"": ""hotels"", ""messages_preview"": ""user: Hi, I need help putting together a quick trip to Denver for a client visit next Tuesday. I also need a hotel room with a refrigerator because I’ll be traveli... | assistant: I can help with that. What time is the client visit, and do you have any preferences for location, budget, or hotel type? | user: The onsite walkthrough starts at 1:30 PM at their office near Union Station. I’ll be flying in from Seattle. Budget is flexible within reason, but I need thi... | assistant: For the hotel, staying near Union Station would make the morning easy. I can look for properties with in-room mini-fridges or guaranteed medical refrigeratio... | user: Monday night is my preference if the cost isn’t absurd. For client meetings, I don’t like cutting it close on arrival day. A delayed flight or a long ride fr...""}]",pass,accept,"accept: The query is a supported explicit retrieval of the scoped business-travel arrival-buffer preference, with coherent evidence and a unique plausible gold choice."
review_tm2_planning_v02_user_0013_habit_tight_schedule_nonstop_priority_p00_direct_use,taskmaster_planning_v02_probe_422ca21daf99334d,tm2_planning_v02_user_0013_habit_tight_schedule_nonstop_priority_p00_direct_use,tm2_planning_v02_user_0013,test,direct_use,planning_defaults,taskmaster_seeded_gpt55_xhigh_sessionwise_multihabit_v02,"I’m booking an outbound flight from Denver to Seattle for next Tuesday. I land the same day as a 1:30 p.m. client kickoff downtown, and I’ll have a carry-on only. Which option should I recommend?","[{""choice_id"": ""A"", ""text"": ""Take the $420 nonstop that arrives at SEA at 10:10 a.m., leaving a good buffer before the meeting.""}, {""choice_id"": ""B"", ""text"": ""Take the $260 flight into Paine Field that arrives at 9:55 a.m., then plan on a longer ground transfer to downtown Seattle.""}, {""choice_id"": ""C"", ""text"": ""Take the $290 one-stop itinerary that arrives at SEA at 12:20 p.m. with a longer layover.""}, {""choice_id"": ""D"", ""text"": ""Take the $315 one-stop itinerary that arrives at SEA at 11:05 a.m. but has a 45-minute connection.""}]",A,apply_scoped_habit,"[{""session_id"": ""tm2_planning_v02_user_0013_s0001"", ""session_index"": 1, ""signal_type"": ""support"", ""source_domain"": ""hotels"", ""messages_preview"": ""user: I need help setting up a quick work trip to West Palm Beach next month. It is mostly about the hotel, but I also need the flight to make sense. | assistant: Sure. What dates are you traveling, where will your meetings be, and what kind of hotel budget should I keep in mind? | user: I fly in Tuesday, May 14, and come back Wednesday night. The meeting is at a client office near downtown West Palm Beach, close to Clematis Street. I need to... | assistant: Understood. For the hotel, would you rather stay downtown within a short ride of the client office, or closer to Palm Beach International Airport for easier... | user: Downtown is better. I can take a rideshare to the airport after the Wednesday meeting. For Tuesday, though, the flight timing is the thing I am worried about.""}, {""session_id"": ""tm2_planning_v02_user_0013_s0005"", ""session_index"": 5, ""signal_type"": ""support"", ""source_domain"": ""hotels"", ""messages_preview"": ""user: I need to put together a quick work trip to Santa Fe, New Mexico. Mainly I need a hotel, but the flight timing may matter too. | assistant: Sure. What dates are you traveling, and do you want to stay near a particular part of Santa Fe? | user: I need to be there Wednesday, June 12, and check out Friday the 14th. My client meeting starts at 1:00 pm on Wednesday near the Plaza, so I can't have a mess... | assistant: Got it. For hotels near the Plaza, I can look at walkable options with business-friendly amenities. Are you flying in from Denver as usual, or from somewhere... | user: From Denver. Please look at the flight too. I know there are cheaper ways through Dallas or by flying into Albuquerque, but I really need to land with time t...""}, {""session_id"": ""tm2_planning_v02_user_0013_s0008"", ""session_index"": 8, ""signal_type"": ""support"", ""source_domain"": ""flights"", ""messages_preview"": ""user: I need help booking a flight, please. | assistant: Sure. What cities are you traveling between, and what dates do you have in mind? | user: I’m flying from Boston to Atlanta next Tuesday, returning Wednesday evening. I have a client meeting in Midtown at 1:30 Tuesday, so I need to land with room... | assistant: Got it. Do you prefer morning departure, and are there any airlines or airports you want to avoid? | user: Morning is fine, Logan to ATL. I’m not picky on airline, but I don’t want a risky connection. This is one of those trips where a delay would ruin the day.""}]",pass,revise,"revise: Choice B is an ambiguous alternate-airport option rather than a clearly higher-transfer itinerary, so the gold is less uniquely tied to the scoped nonstop/low-transfer default."
review_tm2_planning_v02_user_0013_habit_tight_schedule_nonstop_priority_p01_boundary,taskmaster_planning_v02_probe_ad4772ad1a8c4572,tm2_planning_v02_user_0013_habit_tight_schedule_nonstop_priority_p01_boundary,tm2_planning_v02_user_0013,test,boundary,planning_defaults,taskmaster_seeded_gpt55_xhigh_sessionwise_multihabit_v02,"A traveler is planning a relaxed personal trip with no fixed arrival deadline, and they care more about keeping costs down than arriving as early as possible. A nonstop flight costs $210 more, while a comfortable one-stop itinerary has a 2-hour layover, includes a checked bag, and still arrives the same evening. Which option should the travel assistant recommend?","[{""choice_id"": ""A"", ""text"": ""Select a fully refundable fare on the nonstop flight to maximize flexibility despite the higher price.""}, {""choice_id"": ""B"", ""text"": ""Book the comfortable one-stop itinerary because the schedule is flexible and it offers better overall value.""}, {""choice_id"": ""C"", ""text"": ""Choose a flight to a farther alternate airport to get the absolute lowest fare, even if it adds a long drive.""}, {""choice_id"": ""D"", ""text"": ""Book the nonstop flight because it reduces transfer risk, even though it costs substantially more.""}]",B,do_not_apply_out_of_scope,"[{""session_id"": ""tm2_planning_v02_user_0013_s0006"", ""session_index"": 6, ""signal_type"": ""boundary_counterexample"", ""source_domain"": ""flights"", ""messages_preview"": ""user: I'm planning a round trip from Sacramento to Chicago for a casual visit. Can you help me compare flights? | assistant: Sure. What dates are you considering, and do you have a preferred Chicago airport? | user: Leave Friday May 16 and come back Tuesday May 20. Either O'Hare or Midway is fine. I'm visiting friends, so I don't have any same-day appointments or anythin... | assistant: Got it. How many travelers, and are you trying to keep the price down or keep the travel time short? | user: Just me. Price matters more this time. I can deal with a layover if it saves enough money, as long as it's not overnight.""}, {""session_id"": ""tm2_planning_v02_user_0013_s0034"", ""session_index"": 34, ""signal_type"": ""boundary_counterexample"", ""source_domain"": ""flights"", ""messages_preview"": ""user: Can you help me look at round-trip flights from Los Angeles to New York? I’d leave LAX tomorrow and come back three days later. It’s just to visit a friend,... | assistant: Sure. Is JFK required, or would Newark or LaGuardia work too? Also, do you have any limits on departure or arrival times, checked bags, or connections? | user: JFK is best because my friend is in Queens, but I could handle another airport if the savings are meaningful. Carry-on only. I can leave after about 7 in the... | assistant: Got it. I’m seeing three broad types of options: nonstop LAX-JFK around $360 to $390, one-stop flights into JFK around $285 to $315, and cheaper one-stop fli... | user: I’d rather not pay nearly $100 more just to avoid changing planes. I’m going for fun, so I can read at an airport for a bit.""}]",pass,accept,accept: The boundary query clearly falls outside the tight-schedule condition and the supported relaxed-budget evidence makes the one-stop value option uniquely correct without private-term leakage.
review_tm2_planning_v02_user_0013_habit_tight_schedule_nonstop_priority_p02_exception,taskmaster_planning_v02_probe_b94f242429f594bb,tm2_planning_v02_user_0013_habit_tight_schedule_nonstop_priority_p02_exception,tm2_planning_v02_user_0013,test,exception,planning_defaults,taskmaster_seeded_gpt55_xhigh_sessionwise_multihabit_v02,"For an upcoming Nashville trip, I have a same-day client meeting in the late afternoon, but for this booking I explicitly want to keep cash spending as low as possible and use my airline miles if there is a reasonable option. I am comfortable with one connection as long as the layover is not extremely tight. Which outbound itinerary should be selected?","[{""choice_id"": ""A"", ""text"": ""A nonstop flight into an alternate airport that saves a little cash but requires a long rental-car drive before the meeting.""}, {""choice_id"": ""B"", ""text"": ""A one-stop itinerary on my preferred airline using miles plus minimal taxes, with a 95-minute connection and arrival about 2.5 hours before the meeting.""}, {""choice_id"": ""C"", ""text"": ""The absolute cheapest cash fare with two connections, including a 35-minute layover, arriving just under an hour before the meeting.""}, {""choice_id"": ""D"", ""text"": ""A nonstop flight arriving 4 hours before the meeting, but requiring a substantially higher cash fare and not using any miles.""}]",B,apply_current_trip_constraint,"[{""session_id"": ""tm2_planning_v02_user_0013_s0013"", ""session_index"": 13, ""signal_type"": ""exception"", ""source_domain"": ""hotels"", ""messages_preview"": ""user: Hi, I need help arranging a hotel in Nashville, Tennessee, and probably flights too. | assistant: Sure. What dates are you traveling, where are you starting from, and do you have an area or nightly budget in mind? | user: Leave San Francisco Monday March 17 and come back Wednesday March 19. I have a supplier meeting at 2 pm Monday near Music City Center. I know I usually ask y... | assistant: Understood. For this Nashville trip, I will put miles and price ahead of the no-connection preference. What do you need from the hotel? | user: Two nights, under about $260 before taxes, gym, quiet if possible, and not too far from Music City Center. I will not have a rental car.""}]",pass,accept,"accept: The exception is clearly stated in the current request, supported by the evidence, and choice B uniquely follows the budget/miles override while remaining a reasonable itinerary."
review_tm2_planning_v02_user_0013_habit_tight_schedule_nonstop_priority_p03_explicit_retrieval,taskmaster_planning_v02_probe_cd61bc2a7fe8501a,tm2_planning_v02_user_0013_habit_tight_schedule_nonstop_priority_p03_explicit_retrieval,tm2_planning_v02_user_0013,test,explicit_retrieval,planning_defaults,taskmaster_seeded_gpt55_xhigh_sessionwise_multihabit_v02,Which flight-planning preference should be carried forward for this traveler when a trip includes a same-day client meeting or otherwise delay-sensitive arrival?,"[{""choice_id"": ""A"", ""text"": ""Prefer alternate-airport arrivals if they reduce airfare, regardless of extra ground travel time.""}, {""choice_id"": ""B"", ""text"": ""Prioritize earning airline miles over arrival reliability for client-facing travel.""}, {""choice_id"": ""C"", ""text"": ""Favor nonstop or lowest-transfer itineraries even if they cost somewhat more than connecting options.""}, {""choice_id"": ""D"", ""text"": ""Choose the cheapest fare whenever possible, even if it requires a connection on the outbound trip.""}]",C,retrieve_supported_preference,"[{""session_id"": ""tm2_planning_v02_user_0013_s0001"", ""session_index"": 1, ""signal_type"": ""support"", ""source_domain"": ""hotels"", ""messages_preview"": ""user: I need help setting up a quick work trip to West Palm Beach next month. It is mostly about the hotel, but I also need the flight to make sense. | assistant: Sure. What dates are you traveling, where will your meetings be, and what kind of hotel budget should I keep in mind? | user: I fly in Tuesday, May 14, and come back Wednesday night. The meeting is at a client office near downtown West Palm Beach, close to Clematis Street. I need to... | assistant: Understood. For the hotel, would you rather stay downtown within a short ride of the client office, or closer to Palm Beach International Airport for easier... | user: Downtown is better. I can take a rideshare to the airport after the Wednesday meeting. For Tuesday, though, the flight timing is the thing I am worried about.""}, {""session_id"": ""tm2_planning_v02_user_0013_s0005"", ""session_index"": 5, ""signal_type"": ""support"", ""source_domain"": ""hotels"", ""messages_preview"": ""user: I need to put together a quick work trip to Santa Fe, New Mexico. Mainly I need a hotel, but the flight timing may matter too. | assistant: Sure. What dates are you traveling, and do you want to stay near a particular part of Santa Fe? | user: I need to be there Wednesday, June 12, and check out Friday the 14th. My client meeting starts at 1:00 pm on Wednesday near the Plaza, so I can't have a mess... | assistant: Got it. For hotels near the Plaza, I can look at walkable options with business-friendly amenities. Are you flying in from Denver as usual, or from somewhere... | user: From Denver. Please look at the flight too. I know there are cheaper ways through Dallas or by flying into Albuquerque, but I really need to land with time t...""}, {""session_id"": ""tm2_planning_v02_user_0013_s0008"", ""session_index"": 8, ""signal_type"": ""support"", ""source_domain"": ""flights"", ""messages_preview"": ""user: I need help booking a flight, please. | assistant: Sure. What cities are you traveling between, and what dates do you have in mind? | user: I’m flying from Boston to Atlanta next Tuesday, returning Wednesday evening. I have a client meeting in Midtown at 1:30 Tuesday, so I need to land with room... | assistant: Got it. Do you prefer morning departure, and are there any airlines or airports you want to avoid? | user: Morning is fine, Logan to ATL. I’m not picky on airline, but I don’t want a risky connection. This is one of those trips where a delay would ruin the day.""}]",pass,accept,"accept: The query cleanly asks for the supported scoped preference, the evidence and hidden graph align with choice C, and the distractors are plausible without leaking private terms."
review_tm2_planning_v02_user_0014_habit_uncertain_trip_refundable_fare_p00_direct_use,taskmaster_planning_v02_probe_8943aff39e5e20d9,tm2_planning_v02_user_0014_habit_uncertain_trip_refundable_fare_p00_direct_use,tm2_planning_v02_user_0014,test,direct_use,planning_defaults,taskmaster_seeded_gpt55_xhigh_sessionwise_multihabit_v02,"A traveler needs to book airfare for a work trip to Denver next month. The client workshop is on the calendar, but final approval is still pending and the meeting may shift by a day. Which option should the assistant recommend?","[{""choice_id"": ""A"", ""text"": ""Book the refundable economy fare for $620 with no change fees and a full refund to the original payment method.""}, {""choice_id"": ""B"", ""text"": ""Book the basic economy fare for $390 because it is the cheapest, even though it is nonrefundable and cannot be changed.""}, {""choice_id"": ""C"", ""text"": ""Book the standard economy fare for $455 because it includes a carry-on, but changes only receive airline credit and refunds are not allowed.""}, {""choice_id"": ""D"", ""text"": ""Wait until the approval is finalized before booking, even if the fare may rise and the preferred flight times could sell out.""}]",A,apply_scoped_habit,"[{""session_id"": ""tm2_planning_v02_user_0014_s0011"", ""session_index"": 11, ""signal_type"": ""support"", ""source_domain"": ""hotels"", ""messages_preview"": ""user: I need help setting up a hotel in Madison for a work convention. The main event is Saturday, and I’m aiming to arrive Friday the 19th, but my director still... | assistant: Sure. How many people will be staying, and how many nights should I look for? | user: Just me for now, one room. Plan is Friday and Saturday night, checking out Sunday. There’s a small chance I’ll only need Friday if the Sunday client breakfas... | assistant: Got it. Do you want to be near the convention center downtown, near the university, or is price the biggest factor? | user: Downtown would be ideal. I don’t need anything fancy, but I’d rather not deal with a long rideshare in the morning.""}, {""session_id"": ""tm2_planning_v02_user_0014_s0018"", ""session_index"": 18, ""signal_type"": ""support"", ""source_domain"": ""flights"", ""messages_preview"": ""user: I need to look at flights to Marseille for a work trip next month. The dates are still a little unsettled because the client hasn't confirmed the workshop sc... | assistant: Sure. What city are you departing from, and what date range should I search around? | user: From Boston. The workshop is probably April 14 to 16, so I might fly out on the 13th and return on the 17th. But procurement has not signed off yet, and the... | assistant: Understood. Would you like me to prioritize lower price, shorter travel time, or fares that can be changed more easily? | user: For this one, please prioritize flexible or refundable fares. If the meeting slips, I don't want to be stuck with a cheap ticket I can't change.""}, {""session_id"": ""tm2_planning_v02_user_0014_s0028"", ""session_index"": 28, ""signal_type"": ""support"", ""source_domain"": ""flights"", ""messages_preview"": ""user: Hi, I need to look at a round trip from Sacramento to Salt Lake City for work. It is probably next month, but the meeting is still moving around a bit. | assistant: Sure, I can help narrow it down. What dates are you aiming for, and do you have preferred travel times? | user: Right now the team is saying fly out Tuesday, May 14 and come back Thursday, May 16. The client may push it by a day if their approval meeting slips, so I do... | assistant: Understood. Sacramento to Salt Lake City, May 14 to May 16, with some chance the dates could shift. Are you looking for nonstop only, or are connections acce... | user: Nonstop would be best if the price is not ridiculous. I also need to be able to change the ticket without losing the whole fare if the workshop moves.""}]",pass,accept,"accept: The current work trip is explicitly tentative with pending approval, the history supports preferring refundable or flexible fares in that scope, and choice A is the unique matching recommendation."
review_tm2_planning_v02_user_0014_habit_uncertain_trip_refundable_fare_p01_boundary,taskmaster_planning_v02_probe_859848bb3938f3f2,tm2_planning_v02_user_0014_habit_uncertain_trip_refundable_fare_p01_boundary,tm2_planning_v02_user_0014,test,boundary,planning_defaults,taskmaster_seeded_gpt55_xhigh_sessionwise_multihabit_v02,"A traveler is booking a personal trip to attend a close friend’s wedding in London. The wedding date, hotel booking, and vacation days are all confirmed, and the traveler says the dates will not change. They want the lowest reasonable fare for the exact dates. Which option should the assistant recommend?","[{""choice_id"": ""A"", ""text"": ""Choose a premium economy fare because the longer flight will be more comfortable, even though the traveler prioritized price.""}, {""choice_id"": ""B"", ""text"": ""Delay booking until closer to the wedding in case fares drop, despite the fixed dates and confirmed plans.""}, {""choice_id"": ""C"", ""text"": ""Choose the standard nonrefundable economy fare on the confirmed dates because it is the lowest reasonable price and the schedule is fixed.""}, {""choice_id"": ""D"", ""text"": ""Choose a fully refundable economy fare even though it costs more, to protect against possible date changes.""}]",C,do_not_apply_out_of_scope,"[{""session_id"": ""tm2_planning_v02_user_0014_s0004"", ""session_index"": 4, ""signal_type"": ""boundary_counterexample"", ""source_domain"": ""flights"", ""messages_preview"": ""user: I need help comparing flights to London for a family wedding. | assistant: Sure. What city are you leaving from, what dates do you need, and do you have a preferred London airport? | user: I'm flying from Denver. The wedding is Saturday, September 12, in Kensington. I need to land Friday, September 11 before early afternoon and return Monday, S... | assistant: Got it. Heathrow is closest to Kensington, but Gatwick can work with a train transfer. Do you prefer nonstop, or are one-stop flights acceptable if the savin... | user: Heathrow is my first choice. Gatwick is okay only if it's a lot cheaper. I can leave Denver after work Thursday, ideally after 5:30 p.m. Nonstop would be nic...""}, {""session_id"": ""tm2_planning_v02_user_0014_s0027"", ""session_index"": 27, ""signal_type"": ""boundary_counterexample"", ""source_domain"": ""hotels"", ""messages_preview"": ""user: I need help putting together a short trip for my cousin's wedding in Charleston. Mostly I need a hotel, but if you can help sanity-check flights too, that wo... | assistant: Sure. What are your travel dates, where are you coming from, and do you have a budget or preferred neighborhood in Charleston? | user: It's just a personal trip for me and my husband. The wedding is Saturday, May 18, and the rehearsal dinner is Friday night, so we need to be there May 17 to... | assistant: Got it: two adults, Friday to Monday, fixed dates. Do you want to be near the wedding venue, downtown restaurants, or closer to the airport? | user: The ceremony is at a church near the Historic District, and the reception is at a hotel on Meeting Street. I'd rather pay a little more to avoid renting a ca...""}]",pass,accept,"accept: The boundary request is clearly outside the tentative work-trip condition, the supported gold choice uniquely avoids applying the refundable-fare default, and the choices are plausible without private-term leakage."
review_tm2_planning_v02_user_0014_habit_uncertain_trip_refundable_fare_p02_exception,taskmaster_planning_v02_probe_48f9039092323351,tm2_planning_v02_user_0014_habit_uncertain_trip_refundable_fare_p02_exception,tm2_planning_v02_user_0014,test,exception,planning_defaults,taskmaster_seeded_gpt55_xhigh_sessionwise_multihabit_v02,"I need to book a London work trip. The client has confirmed the schedule, the dates are locked, and my manager said the lowest total fare is the priority. Which fare should be selected?","[{""choice_id"": ""A"", ""text"": ""Book a flexible business-class fare to maximize comfort and allow last-minute changes.""}, {""choice_id"": ""B"", ""text"": ""Book a refundable economy fare that costs more, in case the work schedule changes later.""}, {""choice_id"": ""C"", ""text"": ""Delay booking until closer to departure to see whether cheaper flexible fares appear.""}, {""choice_id"": ""D"", ""text"": ""Book the cheapest nonrefundable economy fare, since the dates are fixed and price is the main priority.""}]",D,apply_current_trip_constraint,"[{""session_id"": ""tm2_planning_v02_user_0014_s0000"", ""session_index"": 0, ""signal_type"": ""exception"", ""source_domain"": ""flights"", ""messages_preview"": ""user: I have a few travel things to sort out this month. First, I may need to be in Denver for a supplier review, but the meeting is waiting on legal approval. | assistant: Sure. For that Denver trip, do you have tentative dates and a departure airport? | user: Likely leaving SFO on May 6 and coming back May 8. Since legal has moved these things before, please don't optimize only for the cheapest ticket. I'd rather... | assistant: Got it. I’ll look for flexible or refundable fares from SFO to Denver around May 6–8, and keep the cheaper restricted tickets as backups rather than the main... | user: Thanks. Last time a client delayed sign-off and the nonrefundable fare cost us more in change fees than the fare difference.""}]",pass,accept,"accept: The exception request clearly overrides the usual refundable-fare default with locked dates and lowest-fare priority, making D the unique supported action."
review_tm2_planning_v02_user_0014_habit_uncertain_trip_refundable_fare_p03_explicit_retrieval,taskmaster_planning_v02_probe_18f59407e07c1d26,tm2_planning_v02_user_0014_habit_uncertain_trip_refundable_fare_p03_explicit_retrieval,tm2_planning_v02_user_0014,test,explicit_retrieval,planning_defaults,taskmaster_seeded_gpt55_xhigh_sessionwise_multihabit_v02,"For a work trip with tentative meetings, pending approval, or dates that might shift, which fare selection best matches the user's past choices?","[{""choice_id"": ""A"", ""text"": ""Wait until the final week before departure to book so the itinerary is less likely to change.""}, {""choice_id"": ""B"", ""text"": ""Pick a refundable or flexible fare even if a cheaper nonrefundable fare is available.""}, {""choice_id"": ""C"", ""text"": ""Pick the lowest nonrefundable fare whenever it is available, even if work approvals are still pending.""}, {""choice_id"": ""D"", ""text"": ""Prioritize nonstop flights and shorter travel time over refundability or change rules.""}]",B,retrieve_supported_preference,"[{""session_id"": ""tm2_planning_v02_user_0014_s0011"", ""session_index"": 11, ""signal_type"": ""support"", ""source_domain"": ""hotels"", ""messages_preview"": ""user: I need help setting up a hotel in Madison for a work convention. The main event is Saturday, and I’m aiming to arrive Friday the 19th, but my director still... | assistant: Sure. How many people will be staying, and how many nights should I look for? | user: Just me for now, one room. Plan is Friday and Saturday night, checking out Sunday. There’s a small chance I’ll only need Friday if the Sunday client breakfas... | assistant: Got it. Do you want to be near the convention center downtown, near the university, or is price the biggest factor? | user: Downtown would be ideal. I don’t need anything fancy, but I’d rather not deal with a long rideshare in the morning.""}, {""session_id"": ""tm2_planning_v02_user_0014_s0018"", ""session_index"": 18, ""signal_type"": ""support"", ""source_domain"": ""flights"", ""messages_preview"": ""user: I need to look at flights to Marseille for a work trip next month. The dates are still a little unsettled because the client hasn't confirmed the workshop sc... | assistant: Sure. What city are you departing from, and what date range should I search around? | user: From Boston. The workshop is probably April 14 to 16, so I might fly out on the 13th and return on the 17th. But procurement has not signed off yet, and the... | assistant: Understood. Would you like me to prioritize lower price, shorter travel time, or fares that can be changed more easily? | user: For this one, please prioritize flexible or refundable fares. If the meeting slips, I don't want to be stuck with a cheap ticket I can't change.""}, {""session_id"": ""tm2_planning_v02_user_0014_s0028"", ""session_index"": 28, ""signal_type"": ""support"", ""source_domain"": ""flights"", ""messages_preview"": ""user: Hi, I need to look at a round trip from Sacramento to Salt Lake City for work. It is probably next month, but the meeting is still moving around a bit. | assistant: Sure, I can help narrow it down. What dates are you aiming for, and do you have preferred travel times? | user: Right now the team is saying fly out Tuesday, May 14 and come back Thursday, May 16. The client may push it by a day if their approval meeting slips, so I do... | assistant: Understood. Sacramento to Salt Lake City, May 14 to May 16, with some chance the dates could shift. Are you looking for nonstop only, or are connections acce... | user: Nonstop would be best if the price is not ridiculous. I also need to be able to change the ticket without losing the whole fare if the workshop moves.""}]",pass,accept,"accept: The query is an explicit retrieval of a well-supported scoped default for uncertain work trips, with a unique gold choice and plausible distractors."
review_tm2_planning_v02_user_0015_habit_work_hotel_near_venue_p00_direct_use,taskmaster_planning_v02_probe_bb71ad1de240fe57,tm2_planning_v02_user_0015_habit_work_hotel_near_venue_p00_direct_use,tm2_planning_v02_user_0015,test,direct_use,planning_defaults,taskmaster_seeded_gpt55_xhigh_sessionwise_multihabit_v02,I’m traveling to Denver for a three-day client workshop at the Colorado Convention Center. I haven’t been given any special instructions beyond booking something reasonable for the work trip. Which hotel option should I choose?,"[{""choice_id"": ""A"", ""text"": ""A well-reviewed boutique hotel in LoDo for $215/night, near restaurants and nightlife, about a 20-minute walk or short rideshare from the workshop.""}, {""choice_id"": ""B"", ""text"": ""An airport-area hotel for $155/night with free breakfast and a shuttle, requiring a 35–45 minute commute each way.""}, {""choice_id"": ""C"", ""text"": ""A quieter hotel in Cherry Creek for $205/night, close to shopping and dining, about a 20-minute rideshare from the convention center.""}, {""choice_id"": ""D"", ""text"": ""A hotel directly across from the convention center for $245/night, with standard rooms and no included breakfast.""}]",D,apply_scoped_habit,"[{""session_id"": ""tm2_planning_v02_user_0015_s0000"", ""session_index"": 0, ""signal_type"": ""support"", ""source_domain"": ""flights"", ""messages_preview"": ""user: I need help looking at a commercial flight for a work trip to Denver next month. | assistant: Sure. What city will you be flying from, and what dates do you need? | user: From Raleigh-Durham to Denver. I have an onsite planning meeting at the Colorado Convention Center on Tuesday, April 16, starting at 9 a.m. I can fly in Mond... | assistant: Got it. I found a few reasonable options. Monday: nonstop RDU to DEN leaving 10:20 a.m., arriving 12:05 p.m. for $318, or a one-stop through Atlanta leaving... | user: For this one, nonstop is worth it. I need to be functional when I arrive and not worry about a missed connection.""}, {""session_id"": ""tm2_planning_v02_user_0015_s0007"", ""session_index"": 7, ""signal_type"": ""support"", ""source_domain"": ""hotels"", ""messages_preview"": ""user: I need help picking a hotel in Santa Fe, New Mexico for a work trip next month. | assistant: Sure. What dates are you traveling, and where will your work meetings be held? | user: I’ll arrive Monday, March 18 and check out Thursday, March 21. The meetings are at the Santa Fe Community Convention Center, and the first session starts at... | assistant: Got it. Any budget range, room type, or amenities you care about? | user: A quiet king room would be ideal. Wi-Fi is important. My company is okay up to about $275 a night, but I don’t need luxury.""}, {""session_id"": ""tm2_planning_v02_user_0015_s0012"", ""session_index"": 12, ""signal_type"": ""support"", ""source_domain"": ""flights"", ""messages_preview"": ""user: I need to get from LAX to New York for a client workshop next month. Can you help me find a cheap flight into JFK and then a hotel? | assistant: Sure. What are your travel dates, and where in New York is the workshop? | user: Fly out Monday, May 12, and return Thursday evening, May 15. The workshop is at 11 Times Square, near 8th Avenue. For the flight, I care most about cost as l... | assistant: Got it. I see a few LAX to JFK nonstop options on May 12: JetBlue at 7:10 AM for $236, American at 10:45 AM for $268, and Delta at 1:30 PM for $291. Returnin... | user: Yes, the JetBlue flights are fine. That gets me there early enough to settle in.""}]",pass,accept,"accept: The current request is an in-scope work hotel selection with no explicit budget or neighborhood override, and the venue-adjacent option is the unique application of the scoped default."
review_tm2_planning_v02_user_0015_habit_work_hotel_near_venue_p01_boundary,taskmaster_planning_v02_probe_48c688021da78fb8,tm2_planning_v02_user_0015_habit_work_hotel_near_venue_p01_boundary,tm2_planning_v02_user_0015,test,boundary,planning_defaults,taskmaster_seeded_gpt55_xhigh_sessionwise_multihabit_v02,"You are planning a five-night leisure trip to New York with no work meetings. You care most about a quiet neighborhood feel, local restaurants, and easy sightseeing access by subway, and you do not need to be right next to Times Square. Which hotel option best fits?","[{""choice_id"": ""A"", ""text"": ""A boutique hotel on the Upper West Side near Central Park, museums, neighborhood cafes, and multiple subway lines, though it is not the shortest walk to Times Square.""}, {""choice_id"": ""B"", ""text"": ""A large hotel directly in Times Square with the shortest walk to Broadway theaters, but louder surroundings and a more tourist-heavy atmosphere.""}, {""choice_id"": ""C"", ""text"": ""A budget airport hotel with the lowest nightly rate, but a long transit ride to most sightseeing areas.""}, {""choice_id"": ""D"", ""text"": ""A luxury hotel in the Financial District with premium amenities, but fewer nearby evening neighborhood options and a longer ride to many planned stops.""}]",A,do_not_apply_out_of_scope,"[{""session_id"": ""tm2_planning_v02_user_0015_s0005"", ""session_index"": 5, ""signal_type"": ""boundary_counterexample"", ""source_domain"": ""hotels"", ""messages_preview"": ""user: I’m planning a long weekend in New York for my partner’s birthday and could use help choosing a hotel. We have one Broadway show, but I don’t necessarily wan... | assistant: Absolutely. What dates, how many travelers, and what nightly range are you aiming for? Also, are you hoping for a lively neighborhood, quieter streets, easy... | user: Two adults, May 9 to May 12. Ideally $250 to $350 before taxes. This is purely for fun: wandering, restaurants, bookstores, maybe the High Line and the Met.... | assistant: That helps. For that kind of trip, I’d look more at Chelsea, Greenwich Village, Flatiron/NoMad, or the Upper West Side rather than only around the theaters.... | user: Boutique feel and quiet matter more than breakfast. A queen bed is fine, king would be great. We don’t need a gym or business center. Clean, walkable, and no...""}, {""session_id"": ""tm2_planning_v02_user_0015_s0026"", ""session_index"": 26, ""signal_type"": ""boundary_counterexample"", ""source_domain"": ""flights"", ""messages_preview"": ""user: Hi, can you help me plan a round trip from San Francisco to New York for a long weekend? | assistant: Absolutely. What dates are you considering, and is this mainly for business, a visit, or a vacation? | user: Vacation. My partner and I want to do museums, food, neighborhoods, and one Broadway show. We'd leave SFO on Friday, May 16, and come back Monday, May 19. | assistant: Great. Do you prefer JFK, LaGuardia, or Newark, and do you have a time of day or budget in mind? | user: No strong airport preference, but I don't want a red-eye. Ideally arrive by early evening Friday and return Monday afternoon or evening. Under about $550 per...""}]",pass,accept,"accept: The leisure New York request is clearly outside the work-venue hotel default, the evidence supports this boundary, and choice A is the unique best fit without leaking benchmark terms."
review_tm2_planning_v02_user_0015_habit_work_hotel_near_venue_p02_exception,taskmaster_planning_v02_probe_95c2c75bb3529e5a,tm2_planning_v02_user_0015_habit_work_hotel_near_venue_p02_exception,tm2_planning_v02_user_0015,test,exception,planning_defaults,taskmaster_seeded_gpt55_xhigh_sessionwise_multihabit_v02,"You are booking a hotel for my upcoming work trip to Los Angeles. The client meetings are downtown, but this time my manager set a strict lodging cap of $190 per night, and I specifically want to stay in Koreatown even if it means a 25–30 minute ride to the office. Which hotel should you recommend?","[{""choice_id"": ""A"", ""text"": ""A hotel across the street from the client office for $275 per night.""}, {""choice_id"": ""B"", ""text"": ""A Santa Monica hotel for $210 per night with beach access and a 45-minute commute downtown.""}, {""choice_id"": ""C"", ""text"": ""A Koreatown hotel for $185 per night with good transit and rideshare access to downtown.""}, {""choice_id"": ""D"", ""text"": ""An airport-area hotel for $170 per night with a 55-minute commute to the client office.""}]",C,apply_current_trip_constraint,"[{""session_id"": ""tm2_planning_v02_user_0015_s0006"", ""session_index"": 6, ""signal_type"": ""exception"", ""source_domain"": ""flights"", ""messages_preview"": ""user: I want to keep a few travel plans straight. First is Chicago, May 12 to 14, for a client workshop at the Merchandise Mart. I see a Loop hotel for $189 and th... | assistant: The Loop option saves about $112 before taxes across two nights, but it adds a 20 to 25 minute morning trip. Mart Plaza is pricier but you could walk to the... | user: For client days, I do not want to start by crossing town. Take the Mart Plaza even though it costs more. | assistant: Understood. I will note Mart Plaza as the preferred Chicago hotel because it keeps you next to the workshop. | user: Next one is Austin in June. It is an onsite with our team at the Domain office. There is a Residence Inn across the street for $232, and a La Quinta eight mi...""}]",pass,accept,"accept: The query is an in-scope work hotel request with an explicit budget and neighborhood override, making C the unique choice while the distractors plausibly test the default versus exception."
review_tm2_planning_v02_user_0015_habit_work_hotel_near_venue_p03_explicit_retrieval,taskmaster_planning_v02_probe_c9fa823406b3b3eb,tm2_planning_v02_user_0015_habit_work_hotel_near_venue_p03_explicit_retrieval,tm2_planning_v02_user_0015,test,explicit_retrieval,planning_defaults,taskmaster_seeded_gpt55_xhigh_sessionwise_multihabit_v02,"When choosing hotels for work trips involving conferences, client visits, or onsite meetings, what repeated planning preference is best supported by the user's history?","[{""choice_id"": ""A"", ""text"": ""Choose properties with the best amenities or loyalty benefits, regardless of distance from the meeting venue.""}, {""choice_id"": ""B"", ""text"": ""Choose a hotel on-site or within walking distance of the meeting venue, even if cheaper options would require a longer commute.""}, {""choice_id"": ""C"", ""text"": ""Choose the lowest nightly rate near the airport, even if it means a longer trip to the meeting location.""}, {""choice_id"": ""D"", ""text"": ""Choose hotels based on neighborhood character and sightseeing access, even when the trip is for work.""}]",B,retrieve_supported_preference,"[{""session_id"": ""tm2_planning_v02_user_0015_s0000"", ""session_index"": 0, ""signal_type"": ""support"", ""source_domain"": ""flights"", ""messages_preview"": ""user: I need help looking at a commercial flight for a work trip to Denver next month. | assistant: Sure. What city will you be flying from, and what dates do you need? | user: From Raleigh-Durham to Denver. I have an onsite planning meeting at the Colorado Convention Center on Tuesday, April 16, starting at 9 a.m. I can fly in Mond... | assistant: Got it. I found a few reasonable options. Monday: nonstop RDU to DEN leaving 10:20 a.m., arriving 12:05 p.m. for $318, or a one-stop through Atlanta leaving... | user: For this one, nonstop is worth it. I need to be functional when I arrive and not worry about a missed connection.""}, {""session_id"": ""tm2_planning_v02_user_0015_s0007"", ""session_index"": 7, ""signal_type"": ""support"", ""source_domain"": ""hotels"", ""messages_preview"": ""user: I need help picking a hotel in Santa Fe, New Mexico for a work trip next month. | assistant: Sure. What dates are you traveling, and where will your work meetings be held? | user: I’ll arrive Monday, March 18 and check out Thursday, March 21. The meetings are at the Santa Fe Community Convention Center, and the first session starts at... | assistant: Got it. Any budget range, room type, or amenities you care about? | user: A quiet king room would be ideal. Wi-Fi is important. My company is okay up to about $275 a night, but I don’t need luxury.""}, {""session_id"": ""tm2_planning_v02_user_0015_s0012"", ""session_index"": 12, ""signal_type"": ""support"", ""source_domain"": ""flights"", ""messages_preview"": ""user: I need to get from LAX to New York for a client workshop next month. Can you help me find a cheap flight into JFK and then a hotel? | assistant: Sure. What are your travel dates, and where in New York is the workshop? | user: Fly out Monday, May 12, and return Thursday evening, May 15. The workshop is at 11 Times Square, near 8th Avenue. For the flight, I care most about cost as l... | assistant: Got it. I see a few LAX to JFK nonstop options on May 12: JetBlue at 7:10 AM for $236, American at 10:45 AM for $268, and Delta at 1:30 PM for $291. Returnin... | user: Yes, the JetBlue flights are fine. That gets me there early enough to settle in.""}]",pass,accept,"accept: The query cleanly asks for explicit retrieval of the scoped work-hotel default, choice B uniquely matches the hidden graph, and the distractors are plausible travel tradeoffs."
review_tm2_planning_v02_user_0016_habit_quiet_hotel_for_work_p00_direct_use,taskmaster_planning_v02_probe_b8b24cf08095b134,tm2_planning_v02_user_0016_habit_quiet_hotel_for_work_p00_direct_use,tm2_planning_v02_user_0016,test,direct_use,planning_defaults,taskmaster_seeded_gpt55_xhigh_sessionwise_multihabit_v02,"I’m booking a three-night Dallas trip for client meetings, with two early video calls and some slide polishing between meetings. Which hotel option should I choose?","[{""choice_id"": ""A"", ""text"": ""A stylish downtown hotel attached to a popular rooftop bar, close to restaurants and nightlife, but with smaller rooms and more evening noise.""}, {""choice_id"": ""B"", ""text"": ""A business-oriented hotel a few blocks from the main dining area, with confirmed strong Wi-Fi, a proper in-room desk, and rooms available away from elevators.""}, {""choice_id"": ""C"", ""text"": ""A lower-cost airport hotel with free breakfast and shuttle service, but mixed reviews on Wi-Fi reliability and a less convenient location for meetings.""}, {""choice_id"": ""D"", ""text"": ""A larger resort-style property with a pool, spa, and lively lobby scene, but a longer commute to the client site and limited desk space in standard rooms.""}]",B,apply_scoped_habit,"[{""session_id"": ""tm2_planning_v02_user_0016_s0019"", ""session_index"": 19, ""signal_type"": ""support"", ""source_domain"": ""hotels"", ""messages_preview"": ""user: Can you help me narrow down a hotel in San Francisco for a work trip next month? | assistant: Sure. What dates are you traveling, and do you have a preferred neighborhood, nightly budget, or must-have features? | user: I’ll be there Monday through Thursday, April 8 to 11. Most meetings are near the Financial District, but I may need to get to Moscone one afternoon. Budget i... | assistant: That points to the Embarcadero, FiDi, Union Square, or SoMa. Do you care more about being close to restaurants and nightlife, or about a calmer place to slee... | user: Calmer, definitely. I’ll have prep calls with the East Coast early in the morning and probably slides to finish at night, so a quiet room and a usable desk m...""}, {""session_id"": ""tm2_planning_v02_user_0016_s0020"", ""session_index"": 20, ""signal_type"": ""support"", ""source_domain"": ""flights"", ""messages_preview"": ""user: Hi, I need help finding an affordable round-trip flight from Denver to Atlanta next month. It’s for a client presentation, so I’m trying to keep the budget r... | assistant: Sure. What dates are you looking at, and do you have any limits on departure times, stops, or preferred airports? | user: Leave Monday, May 13, and come back Thursday, May 16. Denver to Atlanta. I can do one stop if it saves a lot, but I’d rather avoid anything that lands after... | assistant: Got it. I see a few plausible options: a nonstop Delta flight leaving Denver around 10:15 am and landing about 3:10 pm for roughly $318, a United nonstop lea... | user: The Southwest price is tempting, but getting in that late with a connection sounds risky. I’ll be doing prep that evening. The United nonstop sounds like the...""}, {""session_id"": ""tm2_planning_v02_user_0016_s0025"", ""session_index"": 25, ""signal_type"": ""support"", ""source_domain"": ""hotels"", ""messages_preview"": ""user: I'd like help finding a hotel in San Francisco for next month. | assistant: Sure. What dates, budget, and part of the city should I focus on? | user: Three nights, Tuesday through Friday. I’ll be at a client office near the Ferry Building and I need to do some prep each evening. | assistant: Got it. Are you looking for anything specific, like a gym, breakfast, parking, or a certain hotel style? | user: Breakfast is nice but not a dealbreaker. What matters most is quiet rooms and a real desk or comfortable workspace. I’ll have calls with East Coast people ar...""}]",pass,accept,"accept: The in-scope work-trip query matches the hidden default, evidence supports preferring quiet workspace-focused hotels, and B is the unique plausible application."
review_tm2_planning_v02_user_0016_habit_quiet_hotel_for_work_p01_boundary,taskmaster_planning_v02_probe_2d368afcae872fcc,tm2_planning_v02_user_0016_habit_quiet_hotel_for_work_p01_boundary,tm2_planning_v02_user_0016,test,boundary,planning_defaults,taskmaster_seeded_gpt55_xhigh_sessionwise_multihabit_v02,"I'm planning a Miami birthday weekend with six friends. We want to spend most of the time at the pool, be close to bars and late-night food, and keep everyone together so rides are easy. I won't be taking work calls or needing desk time. Which hotel option should the assistant prioritize?","[{""choice_id"": ""A"", ""text"": ""A quieter business-oriented hotel outside the main nightlife area with large desks, strong Wi-Fi, and rooms away from elevators.""}, {""choice_id"": ""B"", ""text"": ""A luxury spa resort known for quiet relaxation and early nights, with limited bar access but premium rooms.""}, {""choice_id"": ""C"", ""text"": ""The cheapest suburban chain hotel, even if it requires longer rides to pools, restaurants, and nightlife.""}, {""choice_id"": ""D"", ""text"": ""A lively hotel near the bars with a good pool scene, easy rideshare pickup, and room types that keep the group close together.""}]",D,do_not_apply_out_of_scope,"[{""session_id"": ""tm2_planning_v02_user_0016_s0011"", ""session_index"": 11, ""signal_type"": ""boundary_counterexample"", ""source_domain"": ""hotels"", ""messages_preview"": ""user: I need help finding a hotel in Phoenix for a long weekend. | assistant: Sure. What are the dates, how many people are going, and what kind of weekend are you planning? | user: May 9 to 12. There will be six of us, three rooms, for my sister's 30th birthday. We want a fun pool situation during the day and easy bars or late dinner sp... | assistant: That helps. Are you set on Phoenix proper, or would Scottsdale or Tempe work too? Also, what nightly budget are you aiming for before taxes and fees? | user: Scottsdale is fine if it keeps us from spending the whole weekend in rideshares. We'd like to stay around $250 to $330 per room before taxes. No rental car.""}, {""session_id"": ""tm2_planning_v02_user_0016_s0032"", ""session_index"": 32, ""signal_type"": ""boundary_counterexample"", ""source_domain"": ""flights"", ""messages_preview"": ""user: Can you help me plan a round trip from Los Angeles to Salt Lake City for the weekend of March 14? | assistant: Sure. Is this for one traveler, and do you have preferred departure times from Los Angeles and Salt Lake City? | user: Four of us are going. It is a birthday weekend, not a work thing. We want to leave Friday after lunch and come back Sunday evening. | assistant: Got it. For a social weekend, I’ll look at flights that maximize your Friday night and Sunday afternoon. Are you flying out of LAX only, or are Burbank and L... | user: LAX is easiest because two people are coming from the west side. We are okay paying a little more if the timing is better.""}]",pass,accept,"accept: The boundary query is clearly outside the work-hotel condition, D uniquely matches the social nightlife/pool request, and there is no leakage."
review_tm2_planning_v02_user_0016_habit_quiet_hotel_for_work_p02_exception,taskmaster_planning_v02_probe_67ab27d585bb24f8,tm2_planning_v02_user_0016_habit_quiet_hotel_for_work_p02_exception,tm2_planning_v02_user_0016,test,exception,planning_defaults,taskmaster_seeded_gpt55_xhigh_sessionwise_multihabit_v02,"A traveler often books quiet hotels with solid desks and reliable Wi-Fi for work trips. This time, they are planning a Miami birthday weekend with friends and specifically ask for a lively pool and bar scene, easy places for the group to gather, and quick access to nightlife, with no work planned. Which hotel should you recommend?","[{""choice_id"": ""A"", ""text"": ""A lower-cost airport hotel with free breakfast, parking, and dependable transit links to downtown.""}, {""choice_id"": ""B"", ""text"": ""A South Beach hotel with a popular pool scene, on-site bars, group-friendly common areas, and walkable nightlife.""}, {""choice_id"": ""C"", ""text"": ""A calm luxury resort north of Miami with spa facilities, beach access, and a quieter evening atmosphere.""}, {""choice_id"": ""D"", ""text"": ""A quiet business-oriented hotel in Brickell with spacious desks, strong Wi-Fi, and rooms away from elevators.""}]",B,apply_current_trip_constraint,"[{""session_id"": ""tm2_planning_v02_user_0016_s0006"", ""session_index"": 6, ""signal_type"": ""exception"", ""source_domain"": ""flights"", ""messages_preview"": ""user: Hi, can you help me plan a round trip from Seattle to Chicago for a client workshop? | assistant: Sure. What dates are you considering, and do you also need a hotel near the workshop? | user: Fly out Monday morning, come back Thursday evening. The meetings are in River North, and I’ll need to polish slides at night, so I’d rather not be above a ba... | assistant: Got it. I’d look at a nonstop morning flight into O’Hare and a River North hotel that reviewers mention as calm, with strong Wi-Fi and a real desk. I’d skip... | user: That sounds right. When it’s a work trip, I care more about quiet and being able to focus than having a rooftop scene.""}]",pass,accept,"accept: The query is an in-scope exception with an explicit leisure/nightlife override, the evidence supports the scoped work-trip hotel default, and choice B is the unique appropriate recommendation."
review_tm2_planning_v02_user_0016_habit_quiet_hotel_for_work_p03_explicit_retrieval,taskmaster_planning_v02_probe_7367025f6cdc59e8,tm2_planning_v02_user_0016_habit_quiet_hotel_for_work_p03_explicit_retrieval,tm2_planning_v02_user_0016,test,explicit_retrieval,planning_defaults,taskmaster_seeded_gpt55_xhigh_sessionwise_multihabit_v02,"Based on the user's past travel planning, which preference recurs for trips involving client meetings, early calls, or focused preparation?","[{""choice_id"": ""A"", ""text"": ""Choose the cheapest hotel available near transit, even if the room may be noisy or poorly suited for calls.""}, {""choice_id"": ""B"", ""text"": ""Choose airport hotels to minimize arrival and departure logistics, even when meetings are elsewhere.""}, {""choice_id"": ""C"", ""text"": ""Choose quieter hotels with reliable workspace, strong Wi-Fi, and a calm room setup, even over livelier or amenity-focused properties.""}, {""choice_id"": ""D"", ""text"": ""Choose nightlife-heavy hotels with bars, pools, and social areas so group activities stay convenient.""}]",C,retrieve_supported_preference,"[{""session_id"": ""tm2_planning_v02_user_0016_s0019"", ""session_index"": 19, ""signal_type"": ""support"", ""source_domain"": ""hotels"", ""messages_preview"": ""user: Can you help me narrow down a hotel in San Francisco for a work trip next month? | assistant: Sure. What dates are you traveling, and do you have a preferred neighborhood, nightly budget, or must-have features? | user: I’ll be there Monday through Thursday, April 8 to 11. Most meetings are near the Financial District, but I may need to get to Moscone one afternoon. Budget i... | assistant: That points to the Embarcadero, FiDi, Union Square, or SoMa. Do you care more about being close to restaurants and nightlife, or about a calmer place to slee... | user: Calmer, definitely. I’ll have prep calls with the East Coast early in the morning and probably slides to finish at night, so a quiet room and a usable desk m...""}, {""session_id"": ""tm2_planning_v02_user_0016_s0020"", ""session_index"": 20, ""signal_type"": ""support"", ""source_domain"": ""flights"", ""messages_preview"": ""user: Hi, I need help finding an affordable round-trip flight from Denver to Atlanta next month. It’s for a client presentation, so I’m trying to keep the budget r... | assistant: Sure. What dates are you looking at, and do you have any limits on departure times, stops, or preferred airports? | user: Leave Monday, May 13, and come back Thursday, May 16. Denver to Atlanta. I can do one stop if it saves a lot, but I’d rather avoid anything that lands after... | assistant: Got it. I see a few plausible options: a nonstop Delta flight leaving Denver around 10:15 am and landing about 3:10 pm for roughly $318, a United nonstop lea... | user: The Southwest price is tempting, but getting in that late with a connection sounds risky. I’ll be doing prep that evening. The United nonstop sounds like the...""}, {""session_id"": ""tm2_planning_v02_user_0016_s0025"", ""session_index"": 25, ""signal_type"": ""support"", ""source_domain"": ""hotels"", ""messages_preview"": ""user: I'd like help finding a hotel in San Francisco for next month. | assistant: Sure. What dates, budget, and part of the city should I focus on? | user: Three nights, Tuesday through Friday. I’ll be at a client office near the Ferry Building and I need to do some prep each evening. | assistant: Got it. Are you looking for anything specific, like a gym, breakfast, parking, or a certain hotel style? | user: Breakfast is nice but not a dealbreaker. What matters most is quiet rooms and a real desk or comfortable workspace. I’ll have calls with East Coast people ar...""}]",pass,accept,"accept: The query is an explicit retrieval of the supported scoped preference for work trips, choice C uniquely matches the hidden default, and the distractors are plausible without leaking private terms."
review_tm2_planning_v02_user_0017_habit_leisure_relaxed_pacing_p00_direct_use,taskmaster_planning_v02_probe_33209a334a4f8d31,tm2_planning_v02_user_0017_habit_leisure_relaxed_pacing_p00_direct_use,tm2_planning_v02_user_0017,test,direct_use,planning_defaults,taskmaster_seeded_gpt55_xhigh_sessionwise_multihabit_v02,"I'm planning a low-pressure three-night vacation to Charleston next month, with no fixed events after I arrive. Which travel plan would you recommend?","[{""choice_id"": ""A"", ""text"": ""Take the cheapest 6:00 a.m. one-stop flight, drop bags on arrival, and schedule a full afternoon of tours before dinner.""}, {""choice_id"": ""B"", ""text"": ""Take a very early nonstop flight, rent a car immediately, and fit in a beach stop, plantation tour, and downtown dinner on arrival day.""}, {""choice_id"": ""C"", ""text"": ""Take an evening flight after work that arrives close to midnight, saving a vacation day and starting sightseeing early the next morning.""}, {""choice_id"": ""D"", ""text"": ""Take a nonstop flight that leaves midmorning and arrives early afternoon, then keep the first day to hotel check-in, a short walk, and an easy dinner nearby.""}]",D,apply_scoped_habit,"[{""session_id"": ""tm2_planning_v02_user_0017_s0002"", ""session_index"": 2, ""signal_type"": ""support"", ""source_domain"": ""flights"", ""messages_preview"": ""user: I'm starting to plan a family trip to Orlando from Sacramento. It's just for fun, probably a long weekend in early May, and I want help sorting out flights. | assistant: Sure. Do you have exact dates in mind, how many travelers, and any airline or timing preferences? | user: Two adults and one 9-year-old. We were thinking Friday May 3 to Monday May 6. No airline loyalty. Since it's a vacation, I don't want a brutal start if we ca... | assistant: Got it. From Sacramento to Orlando, many options connect through Phoenix, Dallas, Denver, or Atlanta. Would you rather prioritize lowest fare, shortest trave... | user: Calmer schedule, within reason. I know leaving at 5:45 in the morning might save money, but getting a kid out the door before sunrise is not the tone I want...""}, {""session_id"": ""tm2_planning_v02_user_0017_s0007"", ""session_index"": 7, ""signal_type"": ""support"", ""source_domain"": ""hotels"", ""messages_preview"": ""user: Hi, I'm planning a long weekend in New Orleans for my partner and me, and I need help choosing a hotel. | assistant: Sure, I can help with that. What dates are you considering, what nightly budget feels comfortable, and do you want to be in the middle of nightlife or somewh... | user: We're thinking Friday to Monday in late March. Budget is around $220 to $280 a night before taxes. This is just for fun, so I don't want the trip to feel lik... | assistant: That helps. For a first New Orleans weekend, the French Quarter is convenient but can be loud. The Central Business District and Warehouse District are close... | user: A quieter base sounds good. I don't mind taking a streetcar or rideshare, but I don't want every plan to involve crossing town at midnight. We like good food...""}, {""session_id"": ""tm2_planning_v02_user_0017_s0010"", ""session_index"": 10, ""signal_type"": ""support"", ""source_domain"": ""flights"", ""messages_preview"": ""user: Hi, can you help me plan a round-trip flight for a short vacation? | assistant: Sure. Where are you leaving from, where are you headed, and what dates are you considering? | user: My partner and I are flying from San Jose to Portland for a long weekend. Leave Friday, come back Monday. It’s just a relaxed getaway, no event we have to make. | assistant: Got it. Do you want the lowest fare, the most time in Portland, or something more comfortable in terms of timing? | user: Comfortable timing, please. I don’t want a 6 a.m. flight or anything that makes us start the weekend exhausted. We’d rather arrive at a normal hour and have...""}]",pass,revise,revise: model labeling failed; manually review (RuntimeError)
review_tm2_planning_v02_user_0017_habit_leisure_relaxed_pacing_p01_boundary,taskmaster_planning_v02_probe_6b68ebd63fd1a13f,tm2_planning_v02_user_0017_habit_leisure_relaxed_pacing_p01_boundary,tm2_planning_v02_user_0017,test,boundary,planning_defaults,taskmaster_seeded_gpt55_xhigh_sessionwise_multihabit_v02,"A traveler is going to Denver for a client workshop. They have a mandatory prep dinner downtown Monday at 6:00 p.m., workshop sessions Tuesday and Wednesday from 8:30 a.m. to 4:00 p.m., and they should not miss any part of the Wednesday wrap-up. Which itinerary should the assistant recommend?","[{""choice_id"": ""A"", ""text"": ""Fly in Sunday night, stay across town near restaurants for a more relaxed Monday, and take a Wednesday morning return flight to avoid traveling late.""}, {""choice_id"": ""B"", ""text"": ""Choose the cheapest Monday one-stop flight arriving after 9:00 p.m., stay near the airport, and rely on early rideshares to reach the workshop each morning.""}, {""choice_id"": ""C"", ""text"": ""Book a Monday afternoon flight arriving around 5:00 p.m., choose a quiet hotel 25 minutes from downtown, and schedule a Wednesday 5:15 p.m. return to keep the trip compact.""}, {""choice_id"": ""D"", ""text"": ""Book a Monday late-morning nonstop arriving around 1:00 p.m., choose a hotel within walking distance of the client office and dinner, and schedule a Wednesday 7:00 p.m. nonstop return.""}]",D,do_not_apply_out_of_scope,"[{""session_id"": ""tm2_planning_v02_user_0017_s0027"", ""session_index"": 27, ""signal_type"": ""boundary_counterexample"", ""source_domain"": ""hotels"", ""messages_preview"": ""user: I need to reserve a hotel in Denver for a work trip in April. Can you help me narrow it down? | assistant: Sure. What dates, which part of Denver, and do you have a nightly budget or loyalty program to consider? | user: April 14 to 16. The meetings are at the Colorado Convention Center. I present at 8:00 Wednesday morning, and I have a client dinner Tuesday at 6:30, so I can... | assistant: Understood. For a fixed meeting schedule, I would prioritize being close to the convention center and arriving with enough buffer. What is the company rate l... | user: No rental car. Company wants me under $245 before taxes if possible. Marriott or Hilton points are nice, but not required.""}, {""session_id"": ""tm2_planning_v02_user_0017_s0032"", ""session_index"": 32, ""signal_type"": ""boundary_counterexample"", ""source_domain"": ""flights"", ""messages_preview"": ""user: I need to plan a round trip from San Francisco to Houston for a client workshop. It is definitely for work, not a flexible getaway. | assistant: Sure. What dates are you traveling, and are there any meeting times or arrival deadlines I should plan around? | user: The workshop starts Wednesday at 9:00 AM downtown. I want to fly in Tuesday and be checked in early enough to review slides with my coworker. Return should b... | assistant: Got it. For airports, do you prefer SFO on the Bay Area side? In Houston, Hobby is closer to downtown, while IAH may have more nonstop options. | user: SFO is best. For Houston, I prefer Hobby if the timing works, but IAH is fine if it makes the schedule safer. I do not want to land late Tuesday.""}]",pass,accept,accept: The query is clearly an out-of-scope fixed work trip and choice D uniquely satisfies the mandatory dinner and workshop timing without applying the leisure relaxed-pacing default.
review_tm2_planning_v02_user_0017_habit_leisure_relaxed_pacing_p02_exception,taskmaster_planning_v02_probe_38425dd89466864e,tm2_planning_v02_user_0017_habit_leisure_relaxed_pacing_p02_exception,tm2_planning_v02_user_0017,test,exception,planning_defaults,taskmaster_seeded_gpt55_xhigh_sessionwise_multihabit_v02,"A traveler is planning a leisure long weekend in Palm Springs. They state: “This trip is different: I want to maximize sightseeing time, and I’m willing to take earlier starts and tighter transitions so I can fit the tram, a Joshua Tree sunset, and a morning architecture tour.” Which plan best matches this request?","[{""choice_id"": ""A"", ""text"": ""Book the earliest reasonable nonstop arrival, drop bags at the hotel, go straight to the tram, schedule Joshua Tree for sunset, and reserve the architecture tour the next morning.""}, {""choice_id"": ""B"", ""text"": ""Book a midmorning arrival, keep the first afternoon open for settling in, visit the tram the next day, and skip Joshua Tree if it feels rushed.""}, {""choice_id"": ""C"", ""text"": ""Stay at a quiet resort outside town, plan only one major activity per day, and leave wide gaps between outings for pool time and meals.""}, {""choice_id"": ""D"", ""text"": ""Choose the cheapest flight even if it arrives late at night, then keep the next morning slow to recover before deciding which sights to prioritize.""}]",A,apply_current_trip_constraint,"[{""session_id"": ""tm2_planning_v02_user_0017_s0021"", ""session_index"": 21, ""signal_type"": ""exception"", ""source_domain"": ""hotels"", ""messages_preview"": ""user: Can you help me sort out a few personal travel plans? First is a June weekend in Santa Barbara. No wedding, no meetings, just a quick break with my sister. | assistant: Sure. For Santa Barbara, what dates are you considering, and do you already know whether you want beach time, wine tasting, downtown, or mostly rest? | user: Friday to Sunday. Please don't build it around a sunrise departure or a checklist. I'd rather arrive around lunch, stay near the Funk Zone, do one tasting, a... | assistant: That points to a Friday late-morning train or drive, a hotel within walking distance of lower State Street, one reserved tasting Saturday afternoon, and dinn... | user: Exactly. For Napa in September, same kind of thing. Last time I booked three tastings in a day and it stopped feeling like a vacation.""}]",pass,accept,"accept: Exception request is in-scope but explicitly overrides the relaxed-pacing default, and choice A uniquely follows the stated sightseeing-maximization constraint."
review_tm2_planning_v02_user_0017_habit_leisure_relaxed_pacing_p03_explicit_retrieval,taskmaster_planning_v02_probe_62a38a7693628705,tm2_planning_v02_user_0017_habit_leisure_relaxed_pacing_p03_explicit_retrieval,tm2_planning_v02_user_0017,test,explicit_retrieval,planning_defaults,taskmaster_seeded_gpt55_xhigh_sessionwise_multihabit_v02,"When planning low-pressure personal trips, which recurring travel-planning preference best matches this user's past choices?","[{""choice_id"": ""A"", ""text"": ""Choose normal-hour or midmorning travel, easy transfers, and a lighter schedule rather than squeezing in every possible activity.""}, {""choice_id"": ""B"", ""text"": ""Plan every trip around fixed appointment times and the closest lodging to meeting venues, including casual vacations.""}, {""choice_id"": ""C"", ""text"": ""Pick the cheapest flights and lodging even if that requires very early departures, long layovers, or less convenient locations.""}, {""choice_id"": ""D"", ""text"": ""Front-load each trip with packed sightseeing, late arrivals, and minimal downtime to maximize time at the destination.""}]",A,retrieve_supported_preference,"[{""session_id"": ""tm2_planning_v02_user_0017_s0002"", ""session_index"": 2, ""signal_type"": ""support"", ""source_domain"": ""flights"", ""messages_preview"": ""user: I'm starting to plan a family trip to Orlando from Sacramento. It's just for fun, probably a long weekend in early May, and I want help sorting out flights. | assistant: Sure. Do you have exact dates in mind, how many travelers, and any airline or timing preferences? | user: Two adults and one 9-year-old. We were thinking Friday May 3 to Monday May 6. No airline loyalty. Since it's a vacation, I don't want a brutal start if we ca... | assistant: Got it. From Sacramento to Orlando, many options connect through Phoenix, Dallas, Denver, or Atlanta. Would you rather prioritize lowest fare, shortest trave... | user: Calmer schedule, within reason. I know leaving at 5:45 in the morning might save money, but getting a kid out the door before sunrise is not the tone I want...""}, {""session_id"": ""tm2_planning_v02_user_0017_s0007"", ""session_index"": 7, ""signal_type"": ""support"", ""source_domain"": ""hotels"", ""messages_preview"": ""user: Hi, I'm planning a long weekend in New Orleans for my partner and me, and I need help choosing a hotel. | assistant: Sure, I can help with that. What dates are you considering, what nightly budget feels comfortable, and do you want to be in the middle of nightlife or somewh... | user: We're thinking Friday to Monday in late March. Budget is around $220 to $280 a night before taxes. This is just for fun, so I don't want the trip to feel lik... | assistant: That helps. For a first New Orleans weekend, the French Quarter is convenient but can be loud. The Central Business District and Warehouse District are close... | user: A quieter base sounds good. I don't mind taking a streetcar or rideshare, but I don't want every plan to involve crossing town at midnight. We like good food...""}, {""session_id"": ""tm2_planning_v02_user_0017_s0010"", ""session_index"": 10, ""signal_type"": ""support"", ""source_domain"": ""flights"", ""messages_preview"": ""user: Hi, can you help me plan a round-trip flight for a short vacation? | assistant: Sure. Where are you leaving from, where are you headed, and what dates are you considering? | user: My partner and I are flying from San Jose to Portland for a long weekend. Leave Friday, come back Monday. It’s just a relaxed getaway, no event we have to make. | assistant: Got it. Do you want the lowest fare, the most time in Portland, or something more comfortable in terms of timing? | user: Comfortable timing, please. I don’t want a 6 a.m. flight or anything that makes us start the weekend exhausted. We’d rather arrive at a normal hour and have...""}]",pass,accept,"accept: The query is a supported explicit retrieval of the leisure relaxed-pacing default, with a unique gold choice and plausible distractors."
review_tm2_planning_v02_user_0018_habit_family_trip_flexible_cancellation_p00_direct_use,taskmaster_planning_v02_probe_b2089df260b8b813,tm2_planning_v02_user_0018_habit_family_trip_flexible_cancellation_p00_direct_use,tm2_planning_v02_user_0018,test,direct_use,planning_defaults,taskmaster_seeded_gpt55_xhigh_sessionwise_multihabit_v02,"I'm booking a five-night trip to San Diego next month with my spouse, our two children, and my sister. We need flights and a hotel room setup that works for the group, and I’m comparing these options. Which should I choose?","[{""choice_id"": ""A"", ""text"": ""Book only the flights now and wait to reserve lodging in case hotel prices drop, even though family-size rooms may become limited.""}, {""choice_id"": ""B"", ""text"": ""The lowest-priced package with basic economy flights and a prepaid, nonrefundable hotel, saving about $420 compared with the next option.""}, {""choice_id"": ""C"", ""text"": ""A premium package with extra-legroom seats and a fully refundable resort stay, but it costs about $1,200 more than the cheapest package.""}, {""choice_id"": ""D"", ""text"": ""A package costing about $300 more with standard economy flights that can be changed for fare differences and a hotel cancellable until three days before arrival.""}]",D,apply_scoped_habit,"[{""session_id"": ""tm2_planning_v02_user_0018_s0000"", ""session_index"": 0, ""signal_type"": ""support"", ""source_domain"": ""flights"", ""messages_preview"": ""user: Hi, I'm trying to put together a trip to Barcelona for late June. It would be me, my spouse, our two kids, and possibly my sister if she can get the time off. | assistant: Sure, I can help with that. What city would you be flying from, and do you have exact dates in mind yet? | user: We'd be leaving from Seattle. The school calendar points to June 23 through July 2, but my sister may not know her work schedule for another week. | assistant: For Seattle to Barcelona around those dates, would you prefer the lowest fare even if it is restrictive, or a fare that allows changes if the family schedule... | user: With the kids and my sister involved, I don't want the cheapest fare if it locks us in completely. A changeable ticket is worth paying a bit more for this one.""}, {""session_id"": ""tm2_planning_v02_user_0018_s0015"", ""session_index"": 15, ""signal_type"": ""support"", ""source_domain"": ""hotels"", ""messages_preview"": ""user: Can you help me find a hotel in New York City for a family weekend? We’ll be there in mid-October, Friday to Monday. | assistant: Sure. How many people are going, and do you want to stay near a particular area or attraction? | user: It’ll be me, my spouse, our two kids, and my mother-in-law if her knee is up to it. We’re hoping to do the Natural History Museum and maybe a Broadway matinee. | assistant: Got it. For five people with kids, I’d look at either a suite-style hotel or two connected rooms. Are you more interested in the Upper West Side near the mus... | user: Midtown is probably easiest, but I don’t want anything too cramped. Also, because my mother-in-law may or may not come, please don’t focus on the super cheap...""}, {""session_id"": ""tm2_planning_v02_user_0018_s0026"", ""session_index"": 26, ""signal_type"": ""support"", ""source_domain"": ""flights"", ""messages_preview"": ""user: Hi, can you help me look at round trip flights from Sacramento to Denver? It would be for a family visit in March. | assistant: Sure. What dates are you thinking, and how many travelers will be going? | user: We'd leave Sacramento on Friday, March 14, and come back Tuesday, March 18. It’s me, my husband, our two kids, and possibly my mother-in-law if her doctor cl... | assistant: Got it. So 4 confirmed travelers, with a possible 5th. Do you want nonstop flights only, or are connections acceptable? | user: Nonstop would be best with the kids, but I’ll consider one connection if the timing and policy are better. I don’t want a super late arrival in Denver.""}]",pass,accept,"accept: In-scope family trip with children and another relative clearly calls for the supported flexible-change/cancellation default, making D the unique appropriate choice among plausible travel tradeoffs."
review_tm2_planning_v02_user_0018_habit_family_trip_flexible_cancellation_p01_boundary,taskmaster_planning_v02_probe_efd56a67e578b5ce,tm2_planning_v02_user_0018_habit_family_trip_flexible_cancellation_p01_boundary,tm2_planning_v02_user_0018,test,boundary,planning_defaults,taskmaster_seeded_gpt55_xhigh_sessionwise_multihabit_v02,"I’m traveling alone to Nashville for a required exam from May 12–14. The exam dates and location are fixed, my flight is already booked, and no one else is joining me. I don’t expect any changes unless something highly unusual happens. Two nearby hotels have similar reviews and commute times. Which option should I choose?","[{""choice_id"": ""A"", ""text"": ""Wait until the week of the exam to book, hoping last-minute rates drop while accepting less choice near the test center.""}, {""choice_id"": ""B"", ""text"": ""Book the $129/night prepaid, nonrefundable room to keep the cost down.""}, {""choice_id"": ""C"", ""text"": ""Pay $169/night for a room with free cancellation until the day before arrival.""}, {""choice_id"": ""D"", ""text"": ""Pay $185/night for a fully refundable room that also includes extra beds and a kitchenette.""}]",B,do_not_apply_out_of_scope,"[{""session_id"": ""tm2_planning_v02_user_0018_s0008"", ""session_index"": 8, ""signal_type"": ""boundary_counterexample"", ""source_domain"": ""flights"", ""messages_preview"": ""user: Can you help me find a flight to Seattle? This is just for me, not the whole crew this time. | assistant: Sure. What city are you leaving from, and what dates do you need to travel? | user: Leaving from San Diego. I need to get there Tuesday, May 14, and come back Friday, May 17. The dates are firm because it is a work training. | assistant: Got it: San Diego to Seattle, May 14 to May 17, solo work trip, fixed dates. Do you prefer nonstop flights, certain times of day, or a specific airline? | user: Nonstop if it is not a huge jump. I want to land before noon on Tuesday and return after 3 pm Friday. No checked bag, just a backpack and carry-on.""}, {""session_id"": ""tm2_planning_v02_user_0018_s0021"", ""session_index"": 21, ""signal_type"": ""boundary_counterexample"", ""source_domain"": ""hotels"", ""messages_preview"": ""user: I need a hotel in Nashville for a short trip next month. It’s just me, and I’m trying to keep it simple. | assistant: Absolutely. What dates will you be there, and do you have a preferred area in Nashville? | user: Arrive Thursday April 18, leave Sunday April 21. I’m taking an exam at Music City Center Saturday morning, so downtown or an easy ride there would be ideal. | assistant: Got it. Since Music City Center is downtown, areas like SoBro, Downtown, The Gulch, and Midtown/Vanderbilt could work. What nightly budget are you aiming for? | user: I’d like to stay under $180 before taxes if possible. My flight and exam slot are already booked, so I’m not expecting to change anything.""}]",pass,accept,"accept: The solo fixed-date exam trip is clearly outside the family-travel flexibility default, and the prepaid cheaper room is the unique sensible non-flexible option without leaking private benchmark terms."
review_tm2_planning_v02_user_0018_habit_family_trip_flexible_cancellation_p02_exception,taskmaster_planning_v02_probe_3408da17215f1ae5,tm2_planning_v02_user_0018_habit_family_trip_flexible_cancellation_p02_exception,tm2_planning_v02_user_0018,test,exception,planning_defaults,taskmaster_seeded_gpt55_xhigh_sessionwise_multihabit_v02,"I’m booking a locked-in family trip for my spouse, two kids, and my sister. The dates are final, everyone has confirmed, and I will not need to cancel or change anything. My only priority is spending the least possible total amount. Which lodging option should I choose?","[{""choice_id"": ""A"", ""text"": ""A refundable vacation rental at $225 per night with a flexible check-in window and lower cleaning fee.""}, {""choice_id"": ""B"", ""text"": ""A fully refundable hotel at $240 per night with free changes until the day before arrival.""}, {""choice_id"": ""C"", ""text"": ""A prepaid nonrefundable hotel at $168 per night with no changes allowed.""}, {""choice_id"": ""D"", ""text"": ""A partially refundable hotel at $205 per night with a one-night cancellation penalty.""}]",C,apply_current_trip_constraint,"[{""session_id"": ""tm2_planning_v02_user_0018_s0012"", ""session_index"": 12, ""signal_type"": ""exception"", ""source_domain"": ""flights"", ""messages_preview"": ""user: I'm trying to knock out several travel chores. First is Asheville in June with my spouse, our two kids, and maybe my sister's family. Can you compare a coupl... | assistant: Sure. What dates, how many rooms, and do you want breakfast or parking included? | user: June 12 to 16. Two rooms if my sister comes, one suite if she doesn't. Breakfast helps. Last year one kid got strep and we had to reshuffle everything, so I... | assistant: I found a prepaid downtown inn at $159 a night, a hotel with free cancellation until two days before arrival at $181, and a suite hotel at $196 with breakfas... | user: Yes, choose the $181 or $196 style option. Saving $20 a night is not worth it when kids and siblings are involved.""}]",pass,accept,accept: The current request explicitly matches the exception condition and uniquely favors the cheapest locked nonrefundable lodging option.
review_tm2_planning_v02_user_0018_habit_family_trip_flexible_cancellation_p03_explicit_retrieval,taskmaster_planning_v02_probe_cb8bfd55b85c16ab,tm2_planning_v02_user_0018_habit_family_trip_flexible_cancellation_p03_explicit_retrieval,tm2_planning_v02_user_0018,test,explicit_retrieval,planning_defaults,taskmaster_seeded_gpt55_xhigh_sessionwise_multihabit_v02,"Across the user's past family travel plans, what preference most consistently appears when choosing flights or lodging?","[{""choice_id"": ""A"", ""text"": ""Always choose the lowest nonrefundable price and rely on travel insurance if plans change.""}, {""choice_id"": ""B"", ""text"": ""Prioritize nonstop flights and central hotels even when cancellation terms are strict.""}, {""choice_id"": ""C"", ""text"": ""Pay a bit more for refundable or changeable bookings when traveling with children or multiple relatives, instead of choosing the cheapest prepaid option.""}, {""choice_id"": ""D"", ""text"": ""Choose premium cabins and luxury rooms for family comfort regardless of change fees.""}]",C,retrieve_supported_preference,"[{""session_id"": ""tm2_planning_v02_user_0018_s0000"", ""session_index"": 0, ""signal_type"": ""support"", ""source_domain"": ""flights"", ""messages_preview"": ""user: Hi, I'm trying to put together a trip to Barcelona for late June. It would be me, my spouse, our two kids, and possibly my sister if she can get the time off. | assistant: Sure, I can help with that. What city would you be flying from, and do you have exact dates in mind yet? | user: We'd be leaving from Seattle. The school calendar points to June 23 through July 2, but my sister may not know her work schedule for another week. | assistant: For Seattle to Barcelona around those dates, would you prefer the lowest fare even if it is restrictive, or a fare that allows changes if the family schedule... | user: With the kids and my sister involved, I don't want the cheapest fare if it locks us in completely. A changeable ticket is worth paying a bit more for this one.""}, {""session_id"": ""tm2_planning_v02_user_0018_s0015"", ""session_index"": 15, ""signal_type"": ""support"", ""source_domain"": ""hotels"", ""messages_preview"": ""user: Can you help me find a hotel in New York City for a family weekend? We’ll be there in mid-October, Friday to Monday. | assistant: Sure. How many people are going, and do you want to stay near a particular area or attraction? | user: It’ll be me, my spouse, our two kids, and my mother-in-law if her knee is up to it. We’re hoping to do the Natural History Museum and maybe a Broadway matinee. | assistant: Got it. For five people with kids, I’d look at either a suite-style hotel or two connected rooms. Are you more interested in the Upper West Side near the mus... | user: Midtown is probably easiest, but I don’t want anything too cramped. Also, because my mother-in-law may or may not come, please don’t focus on the super cheap...""}, {""session_id"": ""tm2_planning_v02_user_0018_s0026"", ""session_index"": 26, ""signal_type"": ""support"", ""source_domain"": ""flights"", ""messages_preview"": ""user: Hi, can you help me look at round trip flights from Sacramento to Denver? It would be for a family visit in March. | assistant: Sure. What dates are you thinking, and how many travelers will be going? | user: We'd leave Sacramento on Friday, March 14, and come back Tuesday, March 18. It’s me, my husband, our two kids, and possibly my mother-in-law if her doctor cl... | assistant: Got it. So 4 confirmed travelers, with a possible 5th. Do you want nonstop flights only, or are connections acceptable? | user: Nonstop would be best with the kids, but I’ll consider one connection if the timing and policy are better. I don’t want a super late arrival in Denver.""}]",pass,accept,"accept: The explicit retrieval query is supported by multiple family-trip history signals, matches the hidden flexible-cancellation default, has a unique gold choice, and contains no prohibited leakage."
review_tm2_planning_v02_user_0019_habit_short_trip_no_checked_bag_p00_direct_use,taskmaster_planning_v02_probe_d053ceb3d7703e5c,tm2_planning_v02_user_0019_habit_short_trip_no_checked_bag_p00_direct_use,tm2_planning_v02_user_0019,stress,direct_use,planning_defaults,taskmaster_seeded_gpt55_xhigh_sessionwise_multihabit_v02,"I need to book a two-night work trip from Boston to Chicago next week for meetings, with no special gear beyond my laptop and clothes. Which flight option should I choose?","[{""choice_id"": ""A"", ""text"": ""A refundable late-evening fare that includes two checked bags but arrives close to midnight.""}, {""choice_id"": ""B"", ""text"": ""The cheapest basic economy fare with a personal item only; overhead bin bags are not allowed, and checking a bag costs extra.""}, {""choice_id"": ""C"", ""text"": ""A standard economy nonstop that costs a bit more but includes an overhead carry-on and seat selection.""}, {""choice_id"": ""D"", ""text"": ""A lower-priced one-stop itinerary with a tight 40-minute connection and a checked bag included.""}]",C,apply_scoped_habit,"[{""session_id"": ""tm2_planning_v02_user_0019_s0004"", ""session_index"": 4, ""signal_type"": ""support"", ""source_domain"": ""flights"", ""messages_preview"": ""user: Hi, can you help me find a flight out of San Francisco for a quick work trip? | assistant: Sure. What city are you flying to, and what dates do you need? | user: San Francisco to Seattle. I need to be there for meetings on Tuesday and come back Wednesday evening. | assistant: Got it: SFO to Seattle, leaving Tuesday and returning Wednesday evening. Do you have preferred times or airlines? | user: I’d like to arrive by 10:30 AM Tuesday if possible. For the return, sometime after 5 PM Wednesday. Nonstop is strongly preferred.""}, {""session_id"": ""tm2_planning_v02_user_0019_s0012"", ""session_index"": 12, ""signal_type"": ""support"", ""source_domain"": ""flights"", ""messages_preview"": ""user: I need to set up a quick round trip from San Francisco to Hillstone, Texas next week. It’s for a client meeting, just one night if possible. | assistant: Sure. What dates are you looking at, and do you prefer morning or afternoon flights? | user: Leave Tuesday, come back Wednesday. I need to be in Hillstone by 3 p.m. Tuesday, and I’d like to get home Wednesday evening rather than Thursday. | assistant: Got it. Hillstone doesn’t appear to have many direct long-haul options, so I’ll look at nearby Texas connections. Are you flying out of SFO only, or would Oa... | user: SFO only this time. I’m going straight from home and then straight back. Also, since it’s just one night, please keep it carry-on friendly. I don’t want an i...""}, {""session_id"": ""tm2_planning_v02_user_0019_s0018"", ""session_index"": 18, ""signal_type"": ""support"", ""source_domain"": ""flights"", ""messages_preview"": ""user: Hi, I need help finding a round trip flight for a quick work visit next week. | assistant: Sure. What cities are you flying between, and what dates or times should I work around? | user: I’m going from Austin to Atlanta. Leave Tuesday morning and come back Wednesday evening. It’s just one night for a client meeting. | assistant: Got it. Do you have a preferred airline, budget, or any baggage needs? | user: No checked bag for this. I’ll only have a laptop bag and a small carry-on, so please don’t pick anything that forces me to check luggage.""}]",pass,accept,"accept: The request is in scope for the short-trip carry-on default, choice C uniquely applies it, and the evidence supports avoiding checked-bag-requiring itineraries."
review_tm2_planning_v02_user_0019_habit_short_trip_no_checked_bag_p01_boundary,taskmaster_planning_v02_probe_44aa0b5550314685,tm2_planning_v02_user_0019_habit_short_trip_no_checked_bag_p01_boundary,tm2_planning_v02_user_0019,stress,boundary,planning_defaults,taskmaster_seeded_gpt55_xhigh_sessionwise_multihabit_v02,"A traveler is booking a nine-night work trip to a trade show and will bring a collapsible banner stand, sample kits, and enough clothing for the full week. Which option should the assistant prioritize?","[{""choice_id"": ""A"", ""text"": ""A main cabin itinerary with a clear checked-bag allowance or easy prepaid checked baggage, ideally with a reasonable schedule.""}, {""choice_id"": ""B"", ""text"": ""The cheapest basic economy fare that allows only a personal item, assuming the traveler can avoid any checked baggage.""}, {""choice_id"": ""C"", ""text"": ""A carry-on-only fare with a longer layover so the traveler can keep everything with them.""}, {""choice_id"": ""D"", ""text"": ""A tight-connection itinerary with a low fare, even if oversized or checked-item handling is unclear.""}]",A,do_not_apply_out_of_scope,"[{""session_id"": ""tm2_planning_v02_user_0019_s0007"", ""session_index"": 7, ""signal_type"": ""boundary_counterexample"", ""source_domain"": ""hotels"", ""messages_preview"": ""user: I'm planning an actual summer vacation in Naples, Florida, not just a quick stop. Dates are June 16 through June 24, 2017, for two adults. I want to stay rig... | assistant: Got it. For an eight-night beach stay, I’ll look at places with direct beach access and enough space to be comfortable. Do you have a nightly budget, and are... | user: I'd like to stay around $300 a night before taxes, but I can stretch a little for true beachfront. A balcony, pool, and free parking would all help. We’ll fl... | assistant: A few realistic options: Edgewater Beach Hotel is beachfront and all-suite, but often closer to $330. Vanderbilt Beach Resort is smaller, usually around $280... | user: LaPlaya sounds too pricey. Since we're there over a week, laundry or a kitchenette matters more than fancy restaurants. We’ll also have beach stuff and nicer...""}, {""session_id"": ""tm2_planning_v02_user_0019_s0030"", ""session_index"": 30, ""signal_type"": ""boundary_counterexample"", ""source_domain"": ""flights"", ""messages_preview"": ""user: Hi, can you help me plan a round-trip flight from Los Angeles to Chicago? This is for a trade show, not a quick visit. | assistant: Sure. What dates are you looking at, and which airports work for you on each end? | user: I need to leave LAX on Monday, October 14 and return Wednesday, October 23. Chicago O'Hare is preferred, but Midway is okay if the flight is much better. | assistant: Got it: LAX to Chicago, outbound Oct 14, return Oct 23. Any time-of-day preferences or airline constraints? | user: I'd rather not take a red-eye. Morning or early afternoon is best. Also, I’ll have a checked suitcase plus a hard poster tube with booth graphics, so baggage...""}]",pass,accept,"accept: The query is clearly out of scope for the short-trip carry-on default due to a nine-night trade-show trip with bulky items, and choice A is the uniquely appropriate checked-bag planning option."
review_tm2_planning_v02_user_0019_habit_short_trip_no_checked_bag_p02_exception,taskmaster_planning_v02_probe_e6999083650693e6,tm2_planning_v02_user_0019_habit_short_trip_no_checked_bag_p02_exception,tm2_planning_v02_user_0019,stress,exception,planning_defaults,taskmaster_seeded_gpt55_xhigh_sessionwise_multihabit_v02,"You’re booking a two-night work trip to Nashville. You normally try to keep short trips carry-on only, but this time you must bring a collapsible display stand and product samples that exceed carry-on limits and need to travel with you. Which flight option should you choose?","[{""choice_id"": ""A"", ""text"": ""A late-night nonstop with no checked-bag allowance, relying on shipping the display and samples separately even though arrival timing is uncertain.""}, {""choice_id"": ""B"", ""text"": ""The cheapest basic economy nonstop that allows only a personal item and charges high fees for any larger bag.""}, {""choice_id"": ""C"", ""text"": ""A standard economy nonstop that costs a bit more but includes one checked bag and enough time at the airport to drop it off.""}, {""choice_id"": ""D"", ""text"": ""A slightly cheaper one-stop itinerary with tight connection times and carry-on-only fare rules.""}]",C,apply_current_trip_constraint,"[{""session_id"": ""tm2_planning_v02_user_0019_s0009"", ""session_index"": 9, ""signal_type"": ""exception"", ""source_domain"": ""hotels"", ""messages_preview"": ""user: Can you help me find a hotel in Nashville for a quick work trip? I’ll be there Monday to Wednesday, near the convention center if possible. | assistant: Sure. How many people will be staying, and do you have a nightly budget or hotel style in mind? | user: Just me. I usually keep these two-night trips very light, like the Boston and Denver ones where I only took a roller bag and avoided anything that made me ch... | assistant: Got it. For Nashville, do you want me to focus on walking distance to Music City Center, or is a short rideshare okay if the rate is better? | user: Walking distance matters. On the Chicago overnight I regretted staying farther out because I had to drag my carry-on through rush hour, so I’d rather not rep...""}]",pass,accept,"accept: The exception request clearly overrides the scoped short-trip carry-on default, the checked-bag option is uniquely correct, and the choices are plausible."
review_tm2_planning_v02_user_0019_habit_short_trip_no_checked_bag_p03_explicit_retrieval,taskmaster_planning_v02_probe_0e13dad10e3e7d83,tm2_planning_v02_user_0019_habit_short_trip_no_checked_bag_p03_explicit_retrieval,tm2_planning_v02_user_0019,stress,explicit_retrieval,planning_defaults,taskmaster_seeded_gpt55_xhigh_sessionwise_multihabit_v02,"When arranging a one- or two-night work visit or short weekend trip, which travel-planning preference is most consistent with the user's past choices?","[{""choice_id"": ""A"", ""text"": ""Choose the lowest fare available, accepting checked-bag requirements or restrictive baggage rules.""}, {""choice_id"": ""B"", ""text"": ""Prioritize extra legroom or premium seating over baggage flexibility on short trips.""}, {""choice_id"": ""C"", ""text"": ""Prefer connecting flights if they reduce the ticket price, even when they make luggage handling less convenient.""}, {""choice_id"": ""D"", ""text"": ""Select carry-on-friendly fares and itineraries, even if a cheaper option would require checking a bag.""}]",D,retrieve_supported_preference,"[{""session_id"": ""tm2_planning_v02_user_0019_s0004"", ""session_index"": 4, ""signal_type"": ""support"", ""source_domain"": ""flights"", ""messages_preview"": ""user: Hi, can you help me find a flight out of San Francisco for a quick work trip? | assistant: Sure. What city are you flying to, and what dates do you need? | user: San Francisco to Seattle. I need to be there for meetings on Tuesday and come back Wednesday evening. | assistant: Got it: SFO to Seattle, leaving Tuesday and returning Wednesday evening. Do you have preferred times or airlines? | user: I’d like to arrive by 10:30 AM Tuesday if possible. For the return, sometime after 5 PM Wednesday. Nonstop is strongly preferred.""}, {""session_id"": ""tm2_planning_v02_user_0019_s0012"", ""session_index"": 12, ""signal_type"": ""support"", ""source_domain"": ""flights"", ""messages_preview"": ""user: I need to set up a quick round trip from San Francisco to Hillstone, Texas next week. It’s for a client meeting, just one night if possible. | assistant: Sure. What dates are you looking at, and do you prefer morning or afternoon flights? | user: Leave Tuesday, come back Wednesday. I need to be in Hillstone by 3 p.m. Tuesday, and I’d like to get home Wednesday evening rather than Thursday. | assistant: Got it. Hillstone doesn’t appear to have many direct long-haul options, so I’ll look at nearby Texas connections. Are you flying out of SFO only, or would Oa... | user: SFO only this time. I’m going straight from home and then straight back. Also, since it’s just one night, please keep it carry-on friendly. I don’t want an i...""}, {""session_id"": ""tm2_planning_v02_user_0019_s0018"", ""session_index"": 18, ""signal_type"": ""support"", ""source_domain"": ""flights"", ""messages_preview"": ""user: Hi, I need help finding a round trip flight for a quick work visit next week. | assistant: Sure. What cities are you flying between, and what dates or times should I work around? | user: I’m going from Austin to Atlanta. Leave Tuesday morning and come back Wednesday evening. It’s just one night for a client meeting. | assistant: Got it. Do you have a preferred airline, budget, or any baggage needs? | user: No checked bag for this. I’ll only have a laptop bag and a small carry-on, so please don’t pick anything that forces me to check luggage.""}]",pass,accept,"accept: The query cleanly asks for the supported scoped planning preference, the hidden graph and evidence support choosing carry-on-friendly options for short trips, and D is uniquely correct among plausible distractors."
review_tm2_planning_v02_user_0020_habit_international_long_layover_buffer_p00_direct_use,taskmaster_planning_v02_probe_bffad658c8c87244,tm2_planning_v02_user_0020_habit_international_long_layover_buffer_p00_direct_use,tm2_planning_v02_user_0020,dev,direct_use,planning_defaults,taskmaster_seeded_gpt55_xhigh_sessionwise_multihabit_v02,"I'm choosing a one-way flight from San Francisco to Naples on a single ticket, with one connection in Europe. Prices are all within budget, and I do not have a fixed arrival deadline. Which option should I book?","[{""choice_id"": ""A"", ""text"": ""SFO–Frankfurt–Naples for $710, with a 55-minute connection in Frankfurt and 14h 20m total travel time.""}, {""choice_id"": ""B"", ""text"": ""SFO–Munich–Naples for $760, with a 1h 15m connection in Munich and 14h 55m total travel time.""}, {""choice_id"": ""C"", ""text"": ""SFO–Lisbon–Naples for $690, with a 7h 30m connection in Lisbon and 20h 10m total travel time.""}, {""choice_id"": ""D"", ""text"": ""SFO–Amsterdam–Naples for $830, with a 2h 55m connection in Amsterdam and 16h 05m total travel time.""}]",D,apply_scoped_habit,"[{""session_id"": ""tm2_planning_v02_user_0020_s0007"", ""session_index"": 7, ""signal_type"": ""support"", ""source_domain"": ""hotels"", ""messages_preview"": ""user: Hi, I need help putting together a Palm Springs stay. Two adults, checking in Friday April 19 and out Monday the 22nd. | assistant: Sure. Are you looking mainly for a hotel room, or do you also need flights or ground transportation arranged around the stay? | user: Both, actually. We're flying in from Vancouver, so it's an international itinerary into Palm Springs. Hotel should be relaxing, not too far from downtown. | assistant: Got it. For hotels, I can look at downtown boutique properties, resort-style places with pools, or lower-cost options near the airport. For flights, do you p... | user: Safest connections. Since we're coming from Canada and have to deal with customs or preclearance depending on the airport, I do not want a tight layover.""}, {""session_id"": ""tm2_planning_v02_user_0020_s0012"", ""session_index"": 12, ""signal_type"": ""support"", ""source_domain"": ""flights"", ""messages_preview"": ""user: Hi, I’m trying to book a round trip from San Francisco to Lisbon in late April. I’m cost-conscious, but I don’t want anything that feels rushed on the way in... | assistant: Sure. What dates are you considering, and are you checking bags or traveling carry-on only? | user: Leave SFO on April 22 and come back April 30. I’ll check one bag. I’m fine with one stop, maybe two if the price difference is big. | assistant: I found a few plausible options. One has a 1 hour 10 minute connection in Frankfurt and is the cheapest. Another has a 2 hour 55 minute connection in Amsterd... | user: The Frankfurt one sounds too tight for an international connection, especially with a checked bag and passport control. I’d rather pay a bit more for Amsterd...""}, {""session_id"": ""tm2_planning_v02_user_0020_s0013"", ""session_index"": 13, ""signal_type"": ""support"", ""source_domain"": ""hotels"", ""messages_preview"": ""user: Hi, I need a San Francisco hotel for a work trip, and I may need to line up the flight timing too. | assistant: Sure. What are your check-in and check-out dates, how many guests, and what part of the city works best? | user: One adult. Check in May 14, check out May 18. I am flying from Madrid and meetings are near Moscone. | assistant: Got it. Do you have a nightly budget or room preferences? Also, will a late arrival be a problem? | user: Under about $290 before taxes if possible. Quiet room, queen or king. Late check-in is fine, but I want a front desk open all night.""}]",pass,accept,"accept: The query is in-scope for the international-connection buffer default, and D is the uniquely reasonable safe-layover choice over tight A/B and excessive C."
review_tm2_planning_v02_user_0020_habit_international_long_layover_buffer_p01_boundary,taskmaster_planning_v02_probe_d7fd21e5e56ea357,tm2_planning_v02_user_0020_habit_international_long_layover_buffer_p01_boundary,tm2_planning_v02_user_0020,dev,boundary,planning_defaults,taskmaster_seeded_gpt55_xhigh_sessionwise_multihabit_v02,"A traveler is booking a domestic point-to-point trip from San Francisco to Denver. There are multiple nonstop options, no passport control or customs, no airport change, and prices are similar. Which itinerary should be recommended first?","[{""choice_id"": ""A"", ""text"": ""A nonstop mid-morning flight with a total travel time of about 2.5 hours.""}, {""choice_id"": ""B"", ""text"": ""An overnight connection through Las Vegas that arrives early the next morning.""}, {""choice_id"": ""C"", ""text"": ""A one-stop itinerary through Dallas that is $15 cheaper but takes nearly 6 hours total.""}, {""choice_id"": ""D"", ""text"": ""A one-stop itinerary through Phoenix with a 3.5-hour layover for extra buffer time.""}]",A,do_not_apply_out_of_scope,"[{""session_id"": ""tm2_planning_v02_user_0020_s0018"", ""session_index"": 18, ""signal_type"": ""boundary_counterexample"", ""source_domain"": ""flights"", ""messages_preview"": ""user: I need to book a round trip from San Francisco to New York for a client meeting next week. Can you help me narrow down the flights? | assistant: Sure. Are you leaving from SFO specifically, and do you have a preferred New York airport or arrival window? | user: SFO is best. JFK or LaGuardia would be easiest because my hotel is near Bryant Park. I need to arrive Tuesday before 4 pm and fly back Friday after 2 pm. | assistant: Got it. Economy cabin? Any airline preference, baggage needs, or budget ceiling? | user: Economy is fine, carry-on only. I’d like to stay around $450 if possible, but I care more about a clean schedule than saving twenty dollars.""}, {""session_id"": ""tm2_planning_v02_user_0020_s0022"", ""session_index"": 22, ""signal_type"": ""boundary_counterexample"", ""source_domain"": ""flights"", ""messages_preview"": ""user: Can you help me plan a quick round trip from the Bay Area to Chicago? I need to leave after work on Friday and come back Sunday evening. | assistant: Sure. Which Bay Area airport do you prefer, and do you want O'Hare or Midway in Chicago? Also, what are the exact dates and any budget or timing limits? | user: SFO is easiest. Oakland is possible if it saves a lot. I’ll be staying near River North, so O’Hare is fine, but Midway is not a dealbreaker. Dates are April... | assistant: For Friday April 12, I’m seeing a few practical choices: an American nonstop SFO to ORD around 4:45 pm arriving about 10:55 pm, a United nonstop around 6:15... | user: I can leave work a little early if needed. Carry-on only. I care more about getting there at a reasonable hour than saving forty dollars.""}]",pass,accept,"accept: The domestic low-risk query is clearly outside the international/customs/airport-change condition, and the unique sensible recommendation is the nonstop rather than applying the long-layover buffer default."
review_tm2_planning_v02_user_0020_habit_international_long_layover_buffer_p02_exception,taskmaster_planning_v02_probe_2bed54ffcb9ab165,tm2_planning_v02_user_0020_habit_international_long_layover_buffer_p02_exception,tm2_planning_v02_user_0020,dev,exception,planning_defaults,taskmaster_seeded_gpt55_xhigh_sessionwise_multihabit_v02,"You are booking an international flight from Vancouver to Amsterdam. For this trip, the traveler explicitly wants the shortest possible total itinerary and is willing to accept a tight but legal airline-protected connection. Which option should you choose?","[{""choice_id"": ""A"", ""text"": ""Vancouver to Amsterdam via Reykjavik, 2h 10m connection, 12h 05m total travel time, simpler terminal layout""}, {""choice_id"": ""B"", ""text"": ""Vancouver to Amsterdam via London, 2h 45m connection, 12h 30m total travel time""}, {""choice_id"": ""C"", ""text"": ""Vancouver to Amsterdam via Paris, 4h 20m connection, 13h 10m total travel time, slightly cheaper fare""}, {""choice_id"": ""D"", ""text"": ""Vancouver to Amsterdam via Frankfurt, 45-minute connection, 10h 40m total travel time""}]",D,apply_current_trip_constraint,"[{""session_id"": ""tm2_planning_v02_user_0020_s0002"", ""session_index"": 2, ""signal_type"": ""exception"", ""source_domain"": ""flights"", ""messages_preview"": ""user: I’m trying to remember what we settled on for my Lisbon trip in May. I had the choice between a 55-minute connection in Frankfurt and a 2 hour 20 minute one... | assistant: Yes. The Frankfurt routing was a little cheaper and arrived 45 minutes earlier, but the Zurich connection gave you much more room for passport control and a... | user: That’s the one I want. I’d rather sit in Zurich with coffee than sprint through immigration after an overnight flight. | assistant: Got it. I’ll keep the Zurich option for Lisbon: longer connection, less risk, slightly later arrival. | user: Now I also need to plan a Toronto weekend in July. That should be simple: leave LaGuardia Friday after work and come back Sunday night.""}]",pass,accept,"accept: The exception request explicitly prioritizes shortest total travel time, making the tight 10h40 itinerary the unique correct choice despite the user's usual international layover-buffer default."
review_tm2_planning_v02_user_0020_habit_international_long_layover_buffer_p03_explicit_retrieval,taskmaster_planning_v02_probe_e698caabe3ee20e3,tm2_planning_v02_user_0020_habit_international_long_layover_buffer_p03_explicit_retrieval,tm2_planning_v02_user_0020,dev,explicit_retrieval,planning_defaults,taskmaster_seeded_gpt55_xhigh_sessionwise_multihabit_v02,"Based on the user's previous travel-planning choices, which repeated preference should guide an international flight itinerary involving customs, immigration, passport control, or terminal changes?","[{""choice_id"": ""A"", ""text"": ""Avoid layovers entirely by selecting only nonstop flights, regardless of price or schedule.""}, {""choice_id"": ""B"", ""text"": ""Prefer a longer connection buffer over a tight layover, even if the overall trip takes longer.""}, {""choice_id"": ""C"", ""text"": ""Prioritize the lowest fare over connection timing for international routes.""}, {""choice_id"": ""D"", ""text"": ""Choose the shortest total itinerary whenever it is available, even if the connection is tight.""}]",B,retrieve_supported_preference,"[{""session_id"": ""tm2_planning_v02_user_0020_s0007"", ""session_index"": 7, ""signal_type"": ""support"", ""source_domain"": ""hotels"", ""messages_preview"": ""user: Hi, I need help putting together a Palm Springs stay. Two adults, checking in Friday April 19 and out Monday the 22nd. | assistant: Sure. Are you looking mainly for a hotel room, or do you also need flights or ground transportation arranged around the stay? | user: Both, actually. We're flying in from Vancouver, so it's an international itinerary into Palm Springs. Hotel should be relaxing, not too far from downtown. | assistant: Got it. For hotels, I can look at downtown boutique properties, resort-style places with pools, or lower-cost options near the airport. For flights, do you p... | user: Safest connections. Since we're coming from Canada and have to deal with customs or preclearance depending on the airport, I do not want a tight layover.""}, {""session_id"": ""tm2_planning_v02_user_0020_s0012"", ""session_index"": 12, ""signal_type"": ""support"", ""source_domain"": ""flights"", ""messages_preview"": ""user: Hi, I’m trying to book a round trip from San Francisco to Lisbon in late April. I’m cost-conscious, but I don’t want anything that feels rushed on the way in... | assistant: Sure. What dates are you considering, and are you checking bags or traveling carry-on only? | user: Leave SFO on April 22 and come back April 30. I’ll check one bag. I’m fine with one stop, maybe two if the price difference is big. | assistant: I found a few plausible options. One has a 1 hour 10 minute connection in Frankfurt and is the cheapest. Another has a 2 hour 55 minute connection in Amsterd... | user: The Frankfurt one sounds too tight for an international connection, especially with a checked bag and passport control. I’d rather pay a bit more for Amsterd...""}, {""session_id"": ""tm2_planning_v02_user_0020_s0013"", ""session_index"": 13, ""signal_type"": ""support"", ""source_domain"": ""hotels"", ""messages_preview"": ""user: Hi, I need a San Francisco hotel for a work trip, and I may need to line up the flight timing too. | assistant: Sure. What are your check-in and check-out dates, how many guests, and what part of the city works best? | user: One adult. Check in May 14, check out May 18. I am flying from Madrid and meetings are near Moscone. | assistant: Got it. Do you have a nightly budget or room preferences? Also, will a late arrival be a problem? | user: Under about $290 before taxes if possible. Quiet room, queen or king. Late check-in is fine, but I want a front desk open all night.""}]",pass,accept,"accept: Gold choice B uniquely matches the supported scoped preference for longer international connection buffers, with plausible distractors and no leakage."
review_tm2_planning_v02_user_0021_habit_red_eye_avoidance_p00_direct_use,taskmaster_planning_v02_probe_1de13246272a77d7,tm2_planning_v02_user_0021_habit_red_eye_avoidance_p00_direct_use,tm2_planning_v02_user_0021,dev,direct_use,planning_defaults,taskmaster_seeded_gpt55_xhigh_sessionwise_multihabit_v02,"I’m booking a round-trip flight from Chicago to San Diego for a work event. I need to arrive by 2:00 PM on Tuesday, and all options below meet that. Which itinerary should you recommend?","[{""choice_id"": ""A"", ""text"": ""An 11:45 PM nonstop arriving at 2:20 AM for $319.""}, {""choice_id"": ""B"", ""text"": ""A 1:15 PM nonstop arriving at 3:50 PM for $302.""}, {""choice_id"": ""C"", ""text"": ""A 7:30 AM nonstop arriving at 10:05 AM for $348.""}, {""choice_id"": ""D"", ""text"": ""A 6:10 AM one-stop itinerary arriving at 12:45 PM for $331, with a 55-minute connection.""}]",C,apply_scoped_habit,"[{""session_id"": ""tm2_planning_v02_user_0021_s0003"", ""session_index"": 3, ""signal_type"": ""support"", ""source_domain"": ""hotels"", ""messages_preview"": ""user: Hi, can you help me plan a New Orleans trip? I started out looking for a hotel, but I probably need flights too. | assistant: Sure. What dates are you considering, where are you flying from, and what kind of hotel area or budget would feel right? | user: Two adults from Seattle, May 16 to May 20. We'd like French Quarter, CBD, or Warehouse District, ideally walkable but not directly on the loudest block. Arou... | assistant: Got it. Do you have flight-time preferences, checked bags, or hotel must-haves like breakfast, parking, pool, or balcony? | user: No car, one checked bag total. Breakfast isn't important. For flights, please don't route us on an overnight unless it is a major win. A red-eye that only sa...""}, {""session_id"": ""tm2_planning_v02_user_0021_s0004"", ""session_index"": 4, ""signal_type"": ""support"", ""source_domain"": ""flights"", ""messages_preview"": ""user: Hi, I’m trying to arrange a flight from New York to Seattle for a short work trip. Can you help me compare a few options? | assistant: Of course. What dates are you traveling, and do you prefer JFK, LaGuardia, or Newark? | user: JFK is best. I need to leave on Tuesday, September 17, and come back Friday, September 20. I’ll be in meetings most of Wednesday and Thursday. | assistant: Got it. For JFK to Seattle, I see a few general patterns: morning nonstop flights that arrive around midday, afternoon nonstops that arrive early evening, an... | user: No strong airline preference, though Delta or Alaska would be easy. I’m okay paying a bit more for a normal schedule.""}, {""session_id"": ""tm2_planning_v02_user_0021_s0024"", ""session_index"": 24, ""signal_type"": ""support"", ""source_domain"": ""flights"", ""messages_preview"": ""user: Can you help me look at round-trip flights from Houston to Seattle? I need to leave this coming Sunday and come back five days later, preferably with departu... | assistant: Sure. To make sure I search the right airports, are you leaving from Houston Intercontinental, Hobby, or either? And is Seattle-Tacoma okay for arrival? | user: Either Houston airport is fine if the fare makes sense, but IAH is easier. Sea-Tac is the destination. | assistant: Got it. Do you have a preferred airline or any limits on stops? | user: One stop is okay. Nonstop is nice, but I do not need to pay a crazy premium for it.""}]",pass,revise,"revise: The red-eye avoidance habit is supported and in scope, but the options need cleanup because B contradicts the arrival constraint and D is a plausible non-red-eye alternative, making C not uniquely determined."
review_tm2_planning_v02_user_0021_habit_red_eye_avoidance_p01_boundary,taskmaster_planning_v02_probe_a9a8938fb3e43d68,tm2_planning_v02_user_0021_habit_red_eye_avoidance_p01_boundary,tm2_planning_v02_user_0021,dev,boundary,planning_defaults,taskmaster_seeded_gpt55_xhigh_sessionwise_multihabit_v02,"A traveler says: ""I have in-person meetings all day Thursday in San Francisco and need to arrive in New York by 8:30 a.m. Friday. Please keep Thursday daytime free."" Flight options include a Thursday 10:45 p.m. nonstop red-eye arriving at 7:05 a.m. Friday for $360, a Thursday 1:30 p.m. nonstop arriving Thursday night for $330, a Friday 6:00 a.m. one-stop arriving at 2:15 p.m. for $290, and a Wednesday 11:30 p.m. red-eye arriving Thursday morning for $355. Which recommendation best fits the traveler’s request?","[{""choice_id"": ""A"", ""text"": ""Recommend the Friday 6:00 a.m. one-stop because it is the lowest fare, even though it arrives after the requested time.""}, {""choice_id"": ""B"", ""text"": ""Recommend the Thursday 10:45 p.m. red-eye because it preserves Thursday daytime and arrives before 8:30 a.m. Friday.""}, {""choice_id"": ""C"", ""text"": ""Recommend the Thursday 1:30 p.m. nonstop because it avoids overnight travel and is slightly cheaper.""}, {""choice_id"": ""D"", ""text"": ""Recommend the Wednesday 11:30 p.m. red-eye because it avoids traveling during Thursday daytime, even though it arrives a day early and may require an extra hotel night.""}]",B,do_not_apply_out_of_scope,"[{""session_id"": ""tm2_planning_v02_user_0021_s0001"", ""session_index"": 1, ""signal_type"": ""boundary_counterexample"", ""source_domain"": ""hotels"", ""messages_preview"": ""user: Can you help me line up a hotel in New Orleans close to the Superdome? I’m going for a Friday event and I’d rather not deal with a rental car. | assistant: Sure. What dates do you need, how many people, and are you also arranging flights? | user: Just me. I need to be near the Superdome Friday through Monday, but I’m coming from Seattle and I can’t leave during the day Thursday. I have meetings until... | assistant: Got it. So you want to protect your Thursday daytime schedule and still be in New Orleans by Friday. What time do you need to arrive on Friday? | user: I need to drop a bag at the hotel and be at the Superdome by 11 a.m. Friday. If that means traveling overnight this time, that’s fine.""}, {""session_id"": ""tm2_planning_v02_user_0021_s0018"", ""session_index"": 18, ""signal_type"": ""boundary_counterexample"", ""source_domain"": ""flights"", ""messages_preview"": ""user: Hi, I need help planning a round trip from New York City to Amsterdam for a work trip next month. | assistant: Sure, I can help narrow it down. What dates are you traveling, and do you have a preferred airport in the New York area? | user: Leave Thursday, May 15, and come back Monday, May 26. JFK is easiest, Newark is okay if the flight is clearly better. I need to be at a client workshop in Am... | assistant: Got it. Since you need Friday morning arrival and want to keep Thursday daytime available, I’ll focus on evening departures from New York that arrive in Amst... | user: Economy is fine, but not basic economy. I need a carry-on and seat selection. I’m trying to stay under about $900 if that’s realistic.""}]",pass,accept,"accept: The query is clearly out of scope for red-eye avoidance because the traveler must preserve Thursday daytime and arrive Friday morning, making B the unique coherent recommendation."
review_tm2_planning_v02_user_0021_habit_red_eye_avoidance_p02_exception,taskmaster_planning_v02_probe_749040b29f603451,tm2_planning_v02_user_0021_habit_red_eye_avoidance_p02_exception,tm2_planning_v02_user_0021,dev,exception,planning_defaults,taskmaster_seeded_gpt55_xhigh_sessionwise_multihabit_v02,"A user is planning an Atlanta-to-London trip. They have generally preferred normal-hour flights unless an overnight option has a major advantage, but this time they say: “Please find me the Wednesday-night red-eye; I need to keep Thursday daytime completely open and arrive Thursday morning.” Which option should the assistant prioritize?","[{""choice_id"": ""A"", ""text"": ""Suggest leaving Friday morning instead to avoid overnight travel, even if it misses the requested arrival timing.""}, {""choice_id"": ""B"", ""text"": ""Choose the cheapest Wednesday daytime one-stop itinerary because it saves money and avoids a red-eye.""}, {""choice_id"": ""C"", ""text"": ""Recommend a Thursday midday nonstop because it avoids overnight travel, even though it uses the daytime the user asked to keep open.""}, {""choice_id"": ""D"", ""text"": ""Prioritize a Wednesday-night red-eye arriving Thursday morning, as long as the fare and routing are reasonable.""}]",D,apply_current_trip_constraint,"[{""session_id"": ""tm2_planning_v02_user_0021_s0011"", ""session_index"": 11, ""signal_type"": ""exception"", ""source_domain"": ""hotels"", ""messages_preview"": ""user: I'm putting together a three-night Chicago trip in May. Can you help with a hotel near River North and the flight from Seattle? | assistant: Sure. What dates, rough hotel budget, and do you care more about nonstop flights, price, or arrival time? | user: May 12 to 15, hotel under about $230 before fees. For flights, please don't put me on a red-eye unless it is a really big bargain or fixes a serious schedule... | assistant: I found two good hotel fits: Kinzie-style boutique in River North for $219, or a Loop business hotel for $196. Flights include a 1:40 pm nonstop at $392, an... | user: The 1:40 pm nonstop is worth it. The late flight isn't enough cheaper to lose a night of sleep.""}]",pass,accept,"accept: The current request explicitly asks for a Wednesday-night red-eye to preserve Thursday daytime, matching the exception condition, and choice D uniquely follows that override."
review_tm2_planning_v02_user_0021_habit_red_eye_avoidance_p03_explicit_retrieval,taskmaster_planning_v02_probe_ea4168b461cb7319,tm2_planning_v02_user_0021_habit_red_eye_avoidance_p03_explicit_retrieval,tm2_planning_v02_user_0021,dev,explicit_retrieval,planning_defaults,taskmaster_seeded_gpt55_xhigh_sessionwise_multihabit_v02,"Based on the user's prior flight requests, how should an assistant handle red-eye or overnight flights when they are optional?","[{""choice_id"": ""A"", ""text"": ""Avoid early-morning departures even if they are nonstop and substantially cheaper.""}, {""choice_id"": ""B"", ""text"": ""Prioritize red-eye flights because they preserve more daytime hours at the destination.""}, {""choice_id"": ""C"", ""text"": ""Prefer normal-hour flights, and include red-eyes only when they provide a major price or schedule advantage.""}, {""choice_id"": ""D"", ""text"": ""Choose the lowest fare whenever possible, even if that means selecting an overnight flight.""}]",C,retrieve_supported_preference,"[{""session_id"": ""tm2_planning_v02_user_0021_s0003"", ""session_index"": 3, ""signal_type"": ""support"", ""source_domain"": ""hotels"", ""messages_preview"": ""user: Hi, can you help me plan a New Orleans trip? I started out looking for a hotel, but I probably need flights too. | assistant: Sure. What dates are you considering, where are you flying from, and what kind of hotel area or budget would feel right? | user: Two adults from Seattle, May 16 to May 20. We'd like French Quarter, CBD, or Warehouse District, ideally walkable but not directly on the loudest block. Arou... | assistant: Got it. Do you have flight-time preferences, checked bags, or hotel must-haves like breakfast, parking, pool, or balcony? | user: No car, one checked bag total. Breakfast isn't important. For flights, please don't route us on an overnight unless it is a major win. A red-eye that only sa...""}, {""session_id"": ""tm2_planning_v02_user_0021_s0004"", ""session_index"": 4, ""signal_type"": ""support"", ""source_domain"": ""flights"", ""messages_preview"": ""user: Hi, I’m trying to arrange a flight from New York to Seattle for a short work trip. Can you help me compare a few options? | assistant: Of course. What dates are you traveling, and do you prefer JFK, LaGuardia, or Newark? | user: JFK is best. I need to leave on Tuesday, September 17, and come back Friday, September 20. I’ll be in meetings most of Wednesday and Thursday. | assistant: Got it. For JFK to Seattle, I see a few general patterns: morning nonstop flights that arrive around midday, afternoon nonstops that arrive early evening, an... | user: No strong airline preference, though Delta or Alaska would be easy. I’m okay paying a bit more for a normal schedule.""}, {""session_id"": ""tm2_planning_v02_user_0021_s0024"", ""session_index"": 24, ""signal_type"": ""support"", ""source_domain"": ""flights"", ""messages_preview"": ""user: Can you help me look at round-trip flights from Houston to Seattle? I need to leave this coming Sunday and come back five days later, preferably with departu... | assistant: Sure. To make sure I search the right airports, are you leaving from Houston Intercontinental, Hobby, or either? And is Seattle-Tacoma okay for arrival? | user: Either Houston airport is fine if the fare makes sense, but IAH is easier. Sea-Tac is the destination. | assistant: Got it. Do you have a preferred airline or any limits on stops? | user: One stop is okay. Nonstop is nice, but I do not need to pay a crazy premium for it.""}]",pass,accept,accept: The explicit retrieval query has a unique supported answer matching the hidden default to avoid optional red-eyes unless there is a substantial price or schedule benefit.
review_tm2_planning_v02_user_0022_habit_airport_transfer_reliability_p00_direct_use,taskmaster_planning_v02_probe_3a3999d843749314,tm2_planning_v02_user_0022_habit_airport_transfer_reliability_p00_direct_use,tm2_planning_v02_user_0022,test,direct_use,planning_defaults,taskmaster_seeded_gpt55_xhigh_sessionwise_multihabit_v02,"I'm flying into Seattle on Monday afternoon for a Tuesday morning client strategy session downtown. I need a ground-transfer plan from SEA to the hotel, but the agenda doesn't specify one. Which option should I choose?","[{""choice_id"": ""A"", ""text"": ""Use the light rail and walk from the nearest station to the hotel to keep the transfer cost low.""}, {""choice_id"": ""B"", ""text"": ""Book a shared airport shuttle with multiple hotel stops because it is less expensive than a private pickup.""}, {""choice_id"": ""C"", ""text"": ""Pre-book a flight-tracked airport car or confirmed executive transfer with a defined pickup window, even if it costs more than the cheapest option.""}, {""choice_id"": ""D"", ""text"": ""Wait until landing to compare rideshare prices and request whichever app is cheapest at that moment.""}]",C,apply_scoped_habit,"[{""session_id"": ""tm2_planning_v02_user_0022_s0014"", ""session_index"": 14, ""signal_type"": ""support"", ""source_domain"": ""flights"", ""messages_preview"": ""user: I need to get from San Francisco to Miami for a client visit. Ideally I leave tonight and come back four days from now, also in the evening. Can you help me... | assistant: Sure. Is this round trip from SFO to Miami International, and do you have a preferred cabin or airline? Also, for the ride from the airport, are you going to... | user: Round trip SFO to MIA is right. Economy is fine, but not a basic fare if it makes changes painful. I’m going to the Brickell area first, then to a morning me... | assistant: I’m seeing a few options tonight. One nonstop arrives just after midnight, another one-stop arrives closer to 10:30 p.m. The nonstop is faster but pricier. F... | user: For a client trip, I’d rather not gamble on the curb situation after a late arrival. If the prebooked car is reasonable, choose that over whatever is cheapest.""}, {""session_id"": ""tm2_planning_v02_user_0022_s0022"", ""session_index"": 22, ""signal_type"": ""support"", ""source_domain"": ""flights"", ""messages_preview"": ""user: I need to get from Sacramento to Southlake, Texas for a client kickoff next month. Round trip, please. | assistant: Sure. Southlake is closest to the Dallas-Fort Worth area, with DFW usually the most practical airport. What dates are you planning to travel, and do you have... | user: Fly out Monday, May 13, and come back Thursday, May 16. The client dinner is Monday at 6:30, then meetings Tuesday and Wednesday near Southlake Town Square. | assistant: For a Monday evening dinner, I’d aim to land no later than 2:30 or 3:00 pm to allow for baggage, traffic, and hotel check-in. Do you prefer nonstop, specific... | user: Nonstop would be nice, but reliability matters more. This is a first meeting with a new client, so I don’t want a tight connection or any uncertainty getting...""}, {""session_id"": ""tm2_planning_v02_user_0022_s0023"", ""session_index"": 23, ""signal_type"": ""support"", ""source_domain"": ""hotels"", ""messages_preview"": ""user: I need help finding a hotel for a work trip to Raleigh next month. | assistant: Sure. What dates are you traveling, and do you need to be near downtown Raleigh, the airport, or a specific office? | user: Arriving Sunday evening, April 14, leaving Wednesday morning. The client meetings are near Research Triangle Park, but I fly into RDU around 8:45 pm. | assistant: Got it. For RTP, I’d look at hotels between the airport and the office park so Monday morning is easy. Do you have a nightly budget or hotel chain preference? | user: Budget is around $220 a night before taxes. I’m okay with Marriott, Hyatt, Hilton, anything clean and business-oriented. The big thing is not having a messy...""}]",pass,accept,accept: The in-scope client trip requires a reliable airport transfer and choice C uniquely applies the supported default without leakage.
review_tm2_planning_v02_user_0022_habit_airport_transfer_reliability_p01_boundary,taskmaster_planning_v02_probe_734718006703b624,tm2_planning_v02_user_0022_habit_airport_transfer_reliability_p01_boundary,tm2_planning_v02_user_0022,test,boundary,planning_defaults,taskmaster_seeded_gpt55_xhigh_sessionwise_multihabit_v02,"You’re planning a casual personal weekend in Denver. Your flight lands mid-afternoon, you have no timed plans until the next day, and your hotel allows late check-in. What is the best airport-to-hotel transport plan?","[{""choice_id"": ""A"", ""text"": ""Reserve a flight-tracked private car in advance so the pickup is guaranteed even though the schedule is flexible.""}, {""choice_id"": ""B"", ""text"": ""Arrange a fixed-time shuttle now, even if it means waiting at the airport or paying more than needed.""}, {""choice_id"": ""C"", ""text"": ""Decide after landing based on wait times, luggage, and mood, using a rideshare, taxi, or train if it looks convenient.""}, {""choice_id"": ""D"", ""text"": ""Book a premium airport transfer with meet-and-greet service to avoid any uncertainty on arrival.""}]",C,do_not_apply_out_of_scope,"[{""session_id"": ""tm2_planning_v02_user_0022_s0016"", ""session_index"": 16, ""signal_type"": ""boundary_counterexample"", ""source_domain"": ""flights"", ""messages_preview"": ""user: Hi, can you help me sort out a quick round trip from San Francisco to Denver? I can leave tonight after work and come back on the 10th, preferably in the eve... | assistant: Sure. Do you want to use SFO only, or are Oakland and San Jose acceptable if the timing is better? Also, will you have a checked bag, a carry-on, or just a b... | user: SFO is easiest. Oakland only if it is a big improvement. I can do a backpack only, no checked bag. I would rather not land after midnight, but there is no ha... | assistant: I see a few plausible choices: a Frontier nonstop from SFO to Denver around 8:50 pm, a United nonstop closer to 6:30 pm, and a Southwest option from Oakland... | user: Near RiNo. My friend might pick me up if she is nearby, but if not I can get myself there. There is no dinner reservation or anything waiting for me.""}, {""session_id"": ""tm2_planning_v02_user_0022_s0028"", ""session_index"": 28, ""signal_type"": ""boundary_counterexample"", ""source_domain"": ""flights"", ""messages_preview"": ""user: I'm kicking around a round-trip to Athens for a low-key vacation with my sister. Can you help me compare flights? | assistant: Sure. What city are you leaving from, roughly which dates, and do you care more about shortest travel time, arrival time, or price? | user: Leaving from Seattle. We'd like to go around September 18 and come back around September 26, but a day in either direction is fine. It's just for wandering a... | assistant: That helps. For Seattle to Athens, most itineraries connect once in Europe or Istanbul. Since your dates are flexible, I’d check September 17-27, 18-26, and... | user: No overnight layovers. A longer connection during the day is okay. We’ll each have a carry-on and maybe one shared checked bag.""}]",pass,accept,accept: The query is clearly outside the work/client-trip condition and the proposed gold uniquely avoids applying the reliable-transfer default while the distractors remain plausible travel options.
review_tm2_planning_v02_user_0022_habit_airport_transfer_reliability_p02_exception,taskmaster_planning_v02_probe_91f3ca9ae497b181,tm2_planning_v02_user_0022_habit_airport_transfer_reliability_p02_exception,tm2_planning_v02_user_0022,test,exception,planning_defaults,taskmaster_seeded_gpt55_xhigh_sessionwise_multihabit_v02,"I'm flying into Chicago O'Hare for a client presentation, but this trip I explicitly want the lowest-cost airport transfer and would like to try public transit if it's practical; I have plenty of buffer before anything scheduled. Which plan should I use to get to my downtown hotel?","[{""choice_id"": ""A"", ""text"": ""Book a flight-tracked private car in advance so the driver is waiting even if the flight arrives late.""}, {""choice_id"": ""B"", ""text"": ""Take the CTA Blue Line from O'Hare toward downtown, then walk or make a short local connection to the hotel.""}, {""choice_id"": ""C"", ""text"": ""Use an on-demand rideshare from the terminal pickup area to avoid navigating trains with luggage.""}, {""choice_id"": ""D"", ""text"": ""Reserve a direct airport shuttle to the hotel for a more predictable door-to-door arrival.""}]",B,apply_current_trip_constraint,"[{""session_id"": ""tm2_planning_v02_user_0022_s0000"", ""session_index"": 0, ""signal_type"": ""exception"", ""source_domain"": ""flights"", ""messages_preview"": ""user: I’m sorting out several trips. First was that Denver client kickoff: I land late, have a 9 a.m. meeting downtown, and don’t want to gamble on a taxi line or... | assistant: For Denver, I’d pair the later nonstop with a reserved airport car. It costs more than the train or shared shuttle, but it gives you a scheduled pickup, flig... | user: Exactly. I’d rather expense the car than show up stressed. Can you also do that kind of setup for Boston next month? It’s another work thing, landing at Loga... | assistant: Yes. I’ll choose a hotel close to your meetings and plan a pre-booked sedan from Logan. The Silver Line is cheaper, but with luggage and a client dinner soon... | user: Good call. Same for Dallas too, please. I remember the hotel shuttle was cheap, but it only ran every forty minutes and I had a partner meeting first thing.""}]",pass,accept,"accept: The exception is explicit and in scope, the history supports the usual reliability default, and choice B uniquely follows the current-trip lowest-cost/public-transit override with plausible distractors."
review_tm2_planning_v02_user_0022_habit_airport_transfer_reliability_p03_explicit_retrieval,taskmaster_planning_v02_probe_07ead1dc92ac06e2,tm2_planning_v02_user_0022_habit_airport_transfer_reliability_p03_explicit_retrieval,tm2_planning_v02_user_0022,test,explicit_retrieval,planning_defaults,taskmaster_seeded_gpt55_xhigh_sessionwise_multihabit_v02,Which repeated planning preference is best supported by the user's past travel decisions?,"[{""choice_id"": ""A"", ""text"": ""For personal vacations, always book a premium private airport car in advance regardless of schedule flexibility.""}, {""choice_id"": ""B"", ""text"": ""For client, meeting, or work trips that need airport ground transportation, choose a predictable prearranged transfer such as a scheduled car or confirmed shuttle rather than the cheapest or least certain option.""}, {""choice_id"": ""C"", ""text"": ""For work trips, avoid reserved airport transfers and rely on public transit to reduce costs and explore the city.""}, {""choice_id"": ""D"", ""text"": ""For most trips, prioritize the lowest-cost airport transportation option, even if that means waiting until arrival to decide.""}]",B,retrieve_supported_preference,"[{""session_id"": ""tm2_planning_v02_user_0022_s0014"", ""session_index"": 14, ""signal_type"": ""support"", ""source_domain"": ""flights"", ""messages_preview"": ""user: I need to get from San Francisco to Miami for a client visit. Ideally I leave tonight and come back four days from now, also in the evening. Can you help me... | assistant: Sure. Is this round trip from SFO to Miami International, and do you have a preferred cabin or airline? Also, for the ride from the airport, are you going to... | user: Round trip SFO to MIA is right. Economy is fine, but not a basic fare if it makes changes painful. I’m going to the Brickell area first, then to a morning me... | assistant: I’m seeing a few options tonight. One nonstop arrives just after midnight, another one-stop arrives closer to 10:30 p.m. The nonstop is faster but pricier. F... | user: For a client trip, I’d rather not gamble on the curb situation after a late arrival. If the prebooked car is reasonable, choose that over whatever is cheapest.""}, {""session_id"": ""tm2_planning_v02_user_0022_s0022"", ""session_index"": 22, ""signal_type"": ""support"", ""source_domain"": ""flights"", ""messages_preview"": ""user: I need to get from Sacramento to Southlake, Texas for a client kickoff next month. Round trip, please. | assistant: Sure. Southlake is closest to the Dallas-Fort Worth area, with DFW usually the most practical airport. What dates are you planning to travel, and do you have... | user: Fly out Monday, May 13, and come back Thursday, May 16. The client dinner is Monday at 6:30, then meetings Tuesday and Wednesday near Southlake Town Square. | assistant: For a Monday evening dinner, I’d aim to land no later than 2:30 or 3:00 pm to allow for baggage, traffic, and hotel check-in. Do you prefer nonstop, specific... | user: Nonstop would be nice, but reliability matters more. This is a first meeting with a new client, so I don’t want a tight connection or any uncertainty getting...""}, {""session_id"": ""tm2_planning_v02_user_0022_s0023"", ""session_index"": 23, ""signal_type"": ""support"", ""source_domain"": ""hotels"", ""messages_preview"": ""user: I need help finding a hotel for a work trip to Raleigh next month. | assistant: Sure. What dates are you traveling, and do you need to be near downtown Raleigh, the airport, or a specific office? | user: Arriving Sunday evening, April 14, leaving Wednesday morning. The client meetings are near Research Triangle Park, but I fly into RDU around 8:45 pm. | assistant: Got it. For RTP, I’d look at hotels between the airport and the office park so Monday morning is easy. Do you have a nightly budget or hotel chain preference? | user: Budget is around $220 a night before taxes. I’m okay with Marriott, Hyatt, Hilton, anything clean and business-oriented. The big thing is not having a messy...""}]",pass,accept,"accept: The explicit retrieval query is supported by multiple history signals, matches the hidden scoped default for work/client airport transfers, and has a unique plausible gold choice without prohibited leakage."
review_tm2_planning_v02_user_0023_habit_early_morning_avoidance_p00_direct_use,taskmaster_planning_v02_probe_489dfbad3d2b5ca3,tm2_planning_v02_user_0023_habit_early_morning_avoidance_p00_direct_use,tm2_planning_v02_user_0023,test,direct_use,planning_defaults,taskmaster_seeded_gpt55_xhigh_sessionwise_multihabit_v02,I’m planning a flexible personal long-weekend trip from Sacramento to Seattle. I can leave any time Friday and do not need to arrive by a particular hour. Which flight option should I choose?,"[{""choice_id"": ""A"", ""text"": ""10:30 a.m. nonstop, arrives 12:30 p.m., $204""}, {""choice_id"": ""B"", ""text"": ""2:15 p.m. one-stop, arrives 6:55 p.m., $188""}, {""choice_id"": ""C"", ""text"": ""8:40 p.m. nonstop, arrives 10:40 p.m., $229""}, {""choice_id"": ""D"", ""text"": ""6:05 a.m. nonstop, arrives 8:05 a.m., $178""}]",A,apply_scoped_habit,"[{""session_id"": ""tm2_planning_v02_user_0023_s0002"", ""session_index"": 2, ""signal_type"": ""support"", ""source_domain"": ""flights"", ""messages_preview"": ""user: Hi, I’m trying to plan a round trip from Sacramento to Seattle. I’m visiting a friend, so I’m mostly looking for a good price rather than anything fancy. | assistant: Sure, I can help with that. What dates are you thinking, and do you need specific times on either travel day? | user: Leave Friday, May 17, and come back Monday, May 20. Times are flexible. It’s not for work or anything urgent. | assistant: Got it. For SMF to SEA round trip on those dates, I’m seeing a few basic economy and main cabin options. Are you bringing only a carry-on, or do you need che... | user: Carry-on should be fine. I’d rather not pay much extra unless the schedule is a lot better.""}, {""session_id"": ""tm2_planning_v02_user_0023_s0006"", ""session_index"": 6, ""signal_type"": ""support"", ""source_domain"": ""flights"", ""messages_preview"": ""user: I'm putting together a round trip from Houston to Berlin for a vacation in the fall. Can you help me compare flight options? | assistant: Absolutely. Which Houston airport do you prefer, and do you have exact dates or a flexible window? | user: IAH is best, though Hobby is okay if it saves a lot. We're flexible by a day or two. Thinking depart October 8 or 9 and come back October 18 or 19. | assistant: Got it. Any preferences on number of stops, airline alliances, arrival time in Berlin, or budget? | user: One stop is fine. We don't need business class, just economy that isn't terrible. This isn't urgent travel, so I care more about a sane schedule than shaving...""}, {""session_id"": ""tm2_planning_v02_user_0023_s0017"", ""session_index"": 17, ""signal_type"": ""support"", ""source_domain"": ""hotels"", ""messages_preview"": ""user: Can you help me plan a quick trip to New York City next month? I need a hotel, and maybe flights too if it’s not too much. | assistant: Sure. What city will you be flying from, what dates are you considering, and what kind of hotel are you looking for? | user: Flying from Raleigh. It’s just a personal weekend, Friday to Sunday, probably March 14 to 16. For the hotel, I’d like Manhattan, safe area, easy subway acces... | assistant: Got it. For Manhattan under $300, would you rather stay near Times Square, Midtown East, Chelsea, or the Upper West Side? Times Square is convenient but busy... | user: Chelsea or Midtown East sounds better than Times Square. I’m going with my sister, and we’ll mostly wander, eat, maybe see a museum. Nothing locked in.""}]",pass,accept,"accept: The current trip is clearly in scope for the flexible personal-travel default, the gold mid-morning nonstop is uniquely the best modest-tradeoff alternative to the very early flight, and the wording/choices avoid leakage."
review_tm2_planning_v02_user_0023_habit_early_morning_avoidance_p01_boundary,taskmaster_planning_v02_probe_068cf2d835763cdb,tm2_planning_v02_user_0023_habit_early_morning_avoidance_p01_boundary,tm2_planning_v02_user_0023,test,boundary,planning_defaults,taskmaster_seeded_gpt55_xhigh_sessionwise_multihabit_v02,"A traveler is booking same-day business travel from Sacramento to Portland for a client kickoff. The client requires in-person sign-in at 9:00 a.m.; the office is about 25 minutes from PDX, and the company will not approve an overnight stay because a same-day option can work. Which flight recommendation best fits the situation?","[{""choice_id"": ""A"", ""text"": ""Book a flight the previous evening and add a hotel night; it avoids a dawn departure, but violates the no-overnight approval rule.""}, {""choice_id"": ""B"", ""text"": ""Book the 8:30 a.m. nonstop arriving at 10:05 a.m.; it is more comfortable and $45 cheaper, but misses the required sign-in.""}, {""choice_id"": ""C"", ""text"": ""Book the 5:50 a.m. nonstop arriving at 7:25 a.m.; it leaves enough time to reach the client before sign-in, even though it is a dawn departure.""}, {""choice_id"": ""D"", ""text"": ""Book the 10:15 a.m. one-stop arriving at 1:20 p.m.; it is the lowest fare and avoids the early start, but misses the kickoff.""}]",C,do_not_apply_out_of_scope,"[{""session_id"": ""tm2_planning_v02_user_0023_s0000"", ""session_index"": 0, ""signal_type"": ""boundary_counterexample"", ""source_domain"": ""flights"", ""messages_preview"": ""user: I need help sorting out flights for two trips from Oakland. One is a casual weekend in Phoenix next month, and the other is a work day in Portland. | assistant: Sure. Let's handle them one at a time. What are the dates for the Phoenix weekend, and how flexible are you on timing? | user: Phoenix is April 12 to April 14, visiting my sister. Totally flexible. For trips like that, I really don't want a dawn departure if I can avoid it. I'd rathe... | assistant: For Oakland to Phoenix, I would skip the 6:10 a.m. nonstop even though it is about $38 cheaper. A 10:35 a.m. nonstop gets you in around 12:25 p.m. and keeps... | user: That sounds like the right style for Phoenix. Put that one aside as my likely choice.""}, {""session_id"": ""tm2_planning_v02_user_0023_s0018"", ""session_index"": 18, ""signal_type"": ""boundary_counterexample"", ""source_domain"": ""flights"", ""messages_preview"": ""user: Can you help me sort out a few upcoming trips? I’m starting with flights, and I’d rather not make bad choices just because something is a little cheaper. | assistant: Sure. Tell me the first trip: origin, destination, dates, and whether your timing is flexible. | user: First one is a personal weekend in Portland next month. I can leave Friday anytime, but I really don’t want a dawn flight if it only saves twenty or thirty d... | assistant: That makes sense. For a flexible weekend, I’d focus on late morning or afternoon departures unless the price difference is substantial. Do you want nonstop o... | user: Nonstop preferred. Last time I took a 5:35 a.m. flight for a casual trip, I was useless the whole first day.""}]",pass,revise,"revise: The boundary scenario and gold are coherent, but the choices explicitly say the distractors violate approval or miss the sign-in, making the answer too trivial."
review_tm2_planning_v02_user_0023_habit_early_morning_avoidance_p02_exception,taskmaster_planning_v02_probe_598617a34a8fdee6,tm2_planning_v02_user_0023_habit_early_morning_avoidance_p02_exception,tm2_planning_v02_user_0023,test,exception,planning_defaults,taskmaster_seeded_gpt55_xhigh_sessionwise_multihabit_v02,"A traveler is booking a personal trip from Portland to St. Louis for tomorrow and explicitly says: ""For this trip, please get me there as early as possible, even if that means leaving before sunrise or paying a bit more."" Which flight option should be selected?","[{""choice_id"": ""A"", ""text"": ""8:45 a.m. departure, nonstop, arrives at 2:05 p.m., $264""}, {""choice_id"": ""B"", ""text"": ""12:15 p.m. departure, nonstop, arrives at 5:35 p.m., $251""}, {""choice_id"": ""C"", ""text"": ""5:15 a.m. departure, one short connection, arrives at 11:20 a.m., $286""}, {""choice_id"": ""D"", ""text"": ""10:30 a.m. departure, one connection, arrives at 4:10 p.m., $238""}]",C,apply_current_trip_constraint,"[{""session_id"": ""tm2_planning_v02_user_0023_s0035"", ""session_index"": 35, ""signal_type"": ""exception"", ""source_domain"": ""hotels"", ""messages_preview"": ""user: Can you help me sort out travel for two upcoming trips? First is a relaxed Napa weekend from Seattle in May, then a more urgent St. Louis trip after that. | assistant: Sure. Let's do the Napa weekend first. What dates, how many travelers, and do you have a budget or timing preference? | user: Two travelers, May 17 to 20. It's just for fun, so please don't put us on anything before about 9 in the morning unless the savings are huge. I would rather... | assistant: I found three reasonable SEA to SFO options on May 17: 6:10 a.m. for $188, 9:45 a.m. for $236, and 12:30 p.m. for $229. The 9:45 a.m. gets you in before lunc... | user: The 9:45 is perfect. That is exactly the kind of tradeoff I mean for personal trips.""}]",pass,accept,"accept: The exception request clearly overrides the scoped early-departure avoidance default, and choice C is the unique earliest-arrival option with plausible alternatives."
review_tm2_planning_v02_user_0023_habit_early_morning_avoidance_p03_explicit_retrieval,taskmaster_planning_v02_probe_538cd114ceccd876,tm2_planning_v02_user_0023_habit_early_morning_avoidance_p03_explicit_retrieval,tm2_planning_v02_user_0023,test,explicit_retrieval,planning_defaults,taskmaster_seeded_gpt55_xhigh_sessionwise_multihabit_v02,"Across the user's past flexible personal travel requests, which departure-time preference should be applied when the schedule is optional and cost differences are modest?","[{""choice_id"": ""A"", ""text"": ""Prioritize nonstop red-eye flights whenever available, even if the user did not request them.""}, {""choice_id"": ""B"", ""text"": ""Always book the earliest flight for international itineraries to maximize connection time.""}, {""choice_id"": ""C"", ""text"": ""Choose the cheapest flight even if it leaves before dawn.""}, {""choice_id"": ""D"", ""text"": ""Favor mid-morning or later departures over very early flights when the trip is nonurgent and personal.""}]",D,retrieve_supported_preference,"[{""session_id"": ""tm2_planning_v02_user_0023_s0002"", ""session_index"": 2, ""signal_type"": ""support"", ""source_domain"": ""flights"", ""messages_preview"": ""user: Hi, I’m trying to plan a round trip from Sacramento to Seattle. I’m visiting a friend, so I’m mostly looking for a good price rather than anything fancy. | assistant: Sure, I can help with that. What dates are you thinking, and do you need specific times on either travel day? | user: Leave Friday, May 17, and come back Monday, May 20. Times are flexible. It’s not for work or anything urgent. | assistant: Got it. For SMF to SEA round trip on those dates, I’m seeing a few basic economy and main cabin options. Are you bringing only a carry-on, or do you need che... | user: Carry-on should be fine. I’d rather not pay much extra unless the schedule is a lot better.""}, {""session_id"": ""tm2_planning_v02_user_0023_s0006"", ""session_index"": 6, ""signal_type"": ""support"", ""source_domain"": ""flights"", ""messages_preview"": ""user: I'm putting together a round trip from Houston to Berlin for a vacation in the fall. Can you help me compare flight options? | assistant: Absolutely. Which Houston airport do you prefer, and do you have exact dates or a flexible window? | user: IAH is best, though Hobby is okay if it saves a lot. We're flexible by a day or two. Thinking depart October 8 or 9 and come back October 18 or 19. | assistant: Got it. Any preferences on number of stops, airline alliances, arrival time in Berlin, or budget? | user: One stop is fine. We don't need business class, just economy that isn't terrible. This isn't urgent travel, so I care more about a sane schedule than shaving...""}, {""session_id"": ""tm2_planning_v02_user_0023_s0017"", ""session_index"": 17, ""signal_type"": ""support"", ""source_domain"": ""hotels"", ""messages_preview"": ""user: Can you help me plan a quick trip to New York City next month? I need a hotel, and maybe flights too if it’s not too much. | assistant: Sure. What city will you be flying from, what dates are you considering, and what kind of hotel are you looking for? | user: Flying from Raleigh. It’s just a personal weekend, Friday to Sunday, probably March 14 to 16. For the hotel, I’d like Manhattan, safe area, easy subway acces... | assistant: Got it. For Manhattan under $300, would you rather stay near Times Square, Midtown East, Chelsea, or the Upper West Side? Times Square is convenient but busy... | user: Chelsea or Midtown East sounds better than Times Square. I’m going with my sister, and we’ll mostly wander, eat, maybe see a museum. Nothing locked in.""}]",pass,accept,accept: explicit retrieval is in scope and choice D uniquely states the supported default to favor mid-morning or later departures for nonurgent personal travel.
review_tm2_planning_v02_user_0024_habit_business_travel_arrival_buffer_p00_direct_use,taskmaster_planning_v02_probe_d96c4d2345d81448,tm2_planning_v02_user_0024_habit_business_travel_arrival_buffer_p00_direct_use,tm2_planning_v02_user_0024,test,direct_use,planning_defaults,taskmaster_seeded_gpt55_xhigh_sessionwise_multihabit_v02,I need to travel from Denver to Raleigh for a client onsite meeting that starts at 9:30 a.m. on Tuesday. Which itinerary would you recommend?,"[{""choice_id"": ""A"", ""text"": ""Take the earliest Tuesday morning flight scheduled to land at 8:05 a.m., skip the hotel Monday night, and go straight to the meeting.""}, {""choice_id"": ""B"", ""text"": ""Fly in Monday evening landing around 7:30 p.m. and stay at a less expensive hotel near the airport, about 45 minutes from the client site.""}, {""choice_id"": ""C"", ""text"": ""Take the cheaper Monday evening flight landing around 10:45 p.m. and stay at a midrange hotel 25 minutes from the office.""}, {""choice_id"": ""D"", ""text"": ""Fly in Monday afternoon, land around 3:00 p.m., and book a hotel within a 10-minute ride of the client’s office, even though it costs about $140 more overall.""}]",D,apply_scoped_habit,"[{""session_id"": ""tm2_planning_v02_user_0024_s0002"", ""session_index"": 2, ""signal_type"": ""support"", ""source_domain"": ""flights"", ""messages_preview"": ""user: I need help finding a flight to Houston after my friend's wedding weekend. I also have a client onsite there right after, so the timing matters. | assistant: Sure. What city are you flying from, and what day do you need to arrive in Houston? | user: From Cincinnati. The wedding is Saturday night, so I'd fly Sunday, June 9. I need to be in Houston for a client kickoff Monday at 1:00 pm near downtown. | assistant: Got it. Do you prefer Houston Hobby or Bush Intercontinental, and are you open to connections? | user: Either airport is okay. Hobby is a little nicer for downtown, but I don't want to over-optimize the airport if it makes the schedule risky. One connection is...""}, {""session_id"": ""tm2_planning_v02_user_0024_s0005"", ""session_index"": 5, ""signal_type"": ""support"", ""source_domain"": ""hotels"", ""messages_preview"": ""user: Hi, I need help setting up a hotel in St. Louis, Missouri, for a work trip next month. | assistant: Sure. What dates do you need, and do you want to stay near downtown, the airport, or a specific office? | user: Arriving Tuesday May 14 and leaving Thursday May 16. The client office is near the Convention Center, and I have an onsite kickoff at 3:00 pm on Tuesday. | assistant: Got it. Would you like me to prioritize walking distance to the Convention Center, lower nightly rate, or hotel amenities like breakfast and a fitness center? | user: Walking distance matters, but the bigger thing is not cutting my arrival close. I’ll be flying in that morning from Seattle, and I want enough cushion before...""}, {""session_id"": ""tm2_planning_v02_user_0024_s0016"", ""session_index"": 16, ""signal_type"": ""support"", ""source_domain"": ""flights"", ""messages_preview"": ""user: I need to get to Paris for a client kickoff next month. Can you help me compare flights? | assistant: Sure. What city are you departing from, what dates, and what time is the kickoff? | user: Leaving from Boston. The meeting is in La Défense on Tuesday the 18th at 3:00 pm. I can fly overnight Monday or very early Tuesday if it actually makes sense. | assistant: Got it. For BOS to Paris, I see a nonstop Monday night arriving Tuesday at 8:35 am into CDG for $1,240, a one-stop via Dublin arriving 11:50 am for $890, and... | user: Arrival timing matters more for this one. I do not want to land at 2:05 and try to make a 3:00 client meeting after immigration and traffic.""}]",pass,revise,"revise: Gold D is broadly supported, but B also lands the prior evening with a plausible overnight buffer, making the scoped default less uniquely distinguishable."
review_tm2_planning_v02_user_0024_habit_business_travel_arrival_buffer_p01_boundary,taskmaster_planning_v02_probe_aeb8ce06a986a6f5,tm2_planning_v02_user_0024_habit_business_travel_arrival_buffer_p01_boundary,tm2_planning_v02_user_0024,test,boundary,planning_defaults,taskmaster_seeded_gpt55_xhigh_sessionwise_multihabit_v02,"A user is planning a relaxed personal weekend trip to New York. They are flying in on Friday, have no fixed plans until Saturday afternoon, and say they would rather keep the trip easy and reasonably priced than optimize for getting in early. Which travel plan should the assistant recommend?","[{""choice_id"": ""A"", ""text"": ""Choose a red-eye arriving very early Friday morning to maximize unused time in the city, despite likely making the first day tiring.""}, {""choice_id"": ""B"", ""text"": ""Choose the cheaper nonstop Friday evening flight that arrives around 9:30 p.m., paired with a reasonably priced hotel near the subway line they will use on Saturday.""}, {""choice_id"": ""C"", ""text"": ""Choose a flight with a long layover that arrives mid-afternoon Friday because it creates an extra arrival cushion, even though it is less convenient.""}, {""choice_id"": ""D"", ""text"": ""Choose a much more expensive early-morning Friday flight so they arrive before noon, even though they have no plans until the next day.""}]",B,do_not_apply_out_of_scope,"[{""session_id"": ""tm2_planning_v02_user_0024_s0000"", ""session_index"": 0, ""signal_type"": ""boundary_counterexample"", ""source_domain"": ""flights"", ""messages_preview"": ""user: Could you help me look at flights into Manchester, New Hampshire? This is for a relaxed weekend with my sister, not work. | assistant: Sure. What city are you leaving from, what dates are you considering, and do you have a rough budget or preferred time of day? | user: Leaving from Chicago, preferably O'Hare. I want to fly out Friday, April 18, and come back Monday, April 21. I don't need to be there at any particular hour... | assistant: Got it. Since Friday timing is flexible, I can compare price, layover length, and arrival time without needing to protect a specific arrival window. Do you p... | user: A connection is fine if it saves a decent amount. I just don't want a six-hour layover or an overnight connection.""}, {""session_id"": ""tm2_planning_v02_user_0024_s0032"", ""session_index"": 32, ""signal_type"": ""boundary_counterexample"", ""source_domain"": ""flights"", ""messages_preview"": ""user: Hi, can you help me find flights from Seattle to New York for a long weekend in May? This is just for fun, visiting my sister and doing museums. | assistant: Sure. What dates are you looking at, and do you prefer JFK, LaGuardia, or Newark? | user: Leave Friday May 16 after lunch if possible, return Monday May 19. I'm staying in Brooklyn, so JFK would be easiest, but I can use another airport if the pri... | assistant: Got it. Any baggage, seat, airline, or nonstop preferences? | user: Carry-on only. Nonstop is nice, but I don't mind one connection if it saves enough. Nothing planned Friday besides getting to my sister's place and crashing.""}]",pass,accept,"accept: The query is clearly out of the business-travel buffer scope, the history supports leisure trips prioritizing ease/price over arrival cushion, and choice B is the unique sensible recommendation."
review_tm2_planning_v02_user_0024_habit_business_travel_arrival_buffer_p02_exception,taskmaster_planning_v02_probe_77c5f744200ca992,tm2_planning_v02_user_0024_habit_business_travel_arrival_buffer_p02_exception,tm2_planning_v02_user_0024,test,exception,planning_defaults,taskmaster_seeded_gpt55_xhigh_sessionwise_multihabit_v02,"I’m flying to Chicago for a client onsite, but the client just moved the kickoff to Tuesday at 11:00 a.m. Monday is only a travel day with no dinner, prep session, or other same-day commitment. Which itinerary should I pick?","[{""choice_id"": ""A"", ""text"": ""Take the Monday nonstop that arrives around 8:30 p.m.; it is cheaper and still gets me in the night before the Tuesday kickoff.""}, {""choice_id"": ""B"", ""text"": ""Take the cheapest Tuesday morning flight that lands at 9:50 a.m., leaving just over an hour before the client kickoff.""}, {""choice_id"": ""C"", ""text"": ""Take the Monday morning flight that arrives before noon, even though it costs more, to keep a large Monday arrival cushion.""}, {""choice_id"": ""D"", ""text"": ""Fly in Sunday night and pay for an extra hotel night to maximize buffer time before the Tuesday meeting.""}]",A,apply_current_trip_constraint,"[{""session_id"": ""tm2_planning_v02_user_0024_s0010"", ""session_index"": 10, ""signal_type"": ""exception"", ""source_domain"": ""flights"", ""messages_preview"": ""user: Hi, can you help me find a round trip from Los Angeles to Salt Lake City? | assistant: Absolutely. What dates are you looking at, and is Los Angeles your preferred departure airport? | user: Yes, LAX is best. I need to go out Thursday, March 14, and come back Saturday, March 16. | assistant: Got it: LAX to Salt Lake City on Thursday, returning Saturday. Is this for work or personal travel, and do you have any fixed timing once you arrive? | user: It’s for a client onsite, but they moved the actual kickoff to Friday morning. Thursday is just a travel day now, no same-day meeting.""}]",pass,accept,"accept: The exception is coherent with the hidden graph, the current trip explicitly removes same-day commitments, and choice A uniquely applies the relaxed timing while preserving an overnight buffer."
review_tm2_planning_v02_user_0024_habit_business_travel_arrival_buffer_p03_explicit_retrieval,taskmaster_planning_v02_probe_7db56b70fb2fb44a,tm2_planning_v02_user_0024_habit_business_travel_arrival_buffer_p03_explicit_retrieval,tm2_planning_v02_user_0024,test,explicit_retrieval,planning_defaults,taskmaster_seeded_gpt55_xhigh_sessionwise_multihabit_v02,"When arranging travel for a client onsite meeting, which option best matches the user's recurring preference?","[{""choice_id"": ""A"", ""text"": ""Choose an itinerary that preserves a meaningful arrival cushion before the meeting, even if cheaper tighter options are available.""}, {""choice_id"": ""B"", ""text"": ""Prioritize nonstop flights over arrival timing, even if the schedule leaves little room for delays.""}, {""choice_id"": ""C"", ""text"": ""Book lodging farther from the client site when it offers better rates or loyalty perks.""}, {""choice_id"": ""D"", ""text"": ""Choose the lowest-cost itinerary as long as it is scheduled to arrive before the meeting begins.""}]",A,retrieve_supported_preference,"[{""session_id"": ""tm2_planning_v02_user_0024_s0002"", ""session_index"": 2, ""signal_type"": ""support"", ""source_domain"": ""flights"", ""messages_preview"": ""user: I need help finding a flight to Houston after my friend's wedding weekend. I also have a client onsite there right after, so the timing matters. | assistant: Sure. What city are you flying from, and what day do you need to arrive in Houston? | user: From Cincinnati. The wedding is Saturday night, so I'd fly Sunday, June 9. I need to be in Houston for a client kickoff Monday at 1:00 pm near downtown. | assistant: Got it. Do you prefer Houston Hobby or Bush Intercontinental, and are you open to connections? | user: Either airport is okay. Hobby is a little nicer for downtown, but I don't want to over-optimize the airport if it makes the schedule risky. One connection is...""}, {""session_id"": ""tm2_planning_v02_user_0024_s0005"", ""session_index"": 5, ""signal_type"": ""support"", ""source_domain"": ""hotels"", ""messages_preview"": ""user: Hi, I need help setting up a hotel in St. Louis, Missouri, for a work trip next month. | assistant: Sure. What dates do you need, and do you want to stay near downtown, the airport, or a specific office? | user: Arriving Tuesday May 14 and leaving Thursday May 16. The client office is near the Convention Center, and I have an onsite kickoff at 3:00 pm on Tuesday. | assistant: Got it. Would you like me to prioritize walking distance to the Convention Center, lower nightly rate, or hotel amenities like breakfast and a fitness center? | user: Walking distance matters, but the bigger thing is not cutting my arrival close. I’ll be flying in that morning from Seattle, and I want enough cushion before...""}, {""session_id"": ""tm2_planning_v02_user_0024_s0016"", ""session_index"": 16, ""signal_type"": ""support"", ""source_domain"": ""flights"", ""messages_preview"": ""user: I need to get to Paris for a client kickoff next month. Can you help me compare flights? | assistant: Sure. What city are you departing from, what dates, and what time is the kickoff? | user: Leaving from Boston. The meeting is in La Défense on Tuesday the 18th at 3:00 pm. I can fly overnight Monday or very early Tuesday if it actually makes sense. | assistant: Got it. For BOS to Paris, I see a nonstop Monday night arriving Tuesday at 8:35 am into CDG for $1,240, a one-stop via Dublin arriving 11:50 am for $890, and... | user: Arrival timing matters more for this one. I do not want to land at 2:05 and try to make a 3:00 client meeting after immigration and traffic.""}]",pass,accept,"accept: The query is a supported explicit retrieval of the in-scope business/client onsite travel default, with a unique gold choice matching the protected arrival-buffer preference and plausible distractors."
review_tm2_planning_v02_user_0025_habit_tight_schedule_nonstop_priority_p00_direct_use,taskmaster_planning_v02_probe_3e287695347ff965,tm2_planning_v02_user_0025_habit_tight_schedule_nonstop_priority_p00_direct_use,tm2_planning_v02_user_0025,test,direct_use,planning_defaults,taskmaster_seeded_gpt55_xhigh_sessionwise_multihabit_v02,I’m flying from Seattle to San Diego next Tuesday for a 2:00 p.m. client meeting downtown. The airport-to-office ride is usually 25–35 minutes. Which flight option should I book?,"[{""choice_id"": ""A"", ""text"": ""$238 one-stop via San Francisco, departs 6:10 a.m., 45-minute connection, arrives 11:40 a.m.""}, {""choice_id"": ""B"", ""text"": ""$415 nonstop, departs 10:15 a.m., arrives 12:55 p.m.""}, {""choice_id"": ""C"", ""text"": ""$289 nonstop, departs 7:00 a.m., arrives 9:45 a.m.""}, {""choice_id"": ""D"", ""text"": ""$210 one-stop via Las Vegas, departs 8:30 a.m., 50-minute connection, arrives 12:55 p.m.""}]",C,apply_scoped_habit,"[{""session_id"": ""tm2_planning_v02_user_0025_s0000"", ""session_index"": 0, ""signal_type"": ""support"", ""source_domain"": ""flights"", ""messages_preview"": ""user: I need help booking a round trip to Paris for next week. I’m leaving from Newark. | assistant: Sure. What dates are you considering, and do you have a preferred arrival time in Paris? | user: I need to be in Paris Wednesday morning because I have a client workshop near La Défense at noon. I can return Friday evening or Saturday morning. | assistant: Got it. Since you have a noon commitment after landing, I’ll focus on reliable arrival timing. Are you open to connections if they save money, or should I ke... | user: Keep it simple. If I’m going straight to meetings, I’d rather pay a bit more for nonstop than risk a missed connection or a delay somewhere.""}, {""session_id"": ""tm2_planning_v02_user_0025_s0005"", ""session_index"": 5, ""signal_type"": ""support"", ""source_domain"": ""hotels"", ""messages_preview"": ""user: Hi, I'm trying to book a hotel room for a quick work trip to Denver next Tuesday night. | assistant: Sure. What part of Denver do you need to be near, and do you have a budget or hotel style in mind? | user: I need to be near the Colorado Convention Center. I land Tuesday morning and have a client presentation at 1:00, so I don't want anything that adds stress. | assistant: Understood. Are you also looking for flight help, or just the hotel? | user: Both, if you can. Flying from Seattle. I only need one night, checking out Wednesday.""}, {""session_id"": ""tm2_planning_v02_user_0025_s0019"", ""session_index"": 19, ""signal_type"": ""support"", ""source_domain"": ""hotels"", ""messages_preview"": ""user: I need help putting together a quick trip to St. Louis next Tuesday. I have meetings downtown starting at 1:30 pm and I would like a hotel for one night. | assistant: Sure. What city are you departing from, and do you have a preferred hotel area or budget? | user: Leaving from Denver. I need to be near the convention center or at least a short ride from it. Budget is roughly under $240 before taxes, but timing matters... | assistant: For Denver to St. Louis next Tuesday, I’m seeing a 7:05 am nonstop arriving around 10:10 am, and a 6:20 am option with a connection in Chicago arriving aroun... | user: Please do not put me on the Chicago connection. With a 1:30 meeting, that leaves almost no room if anything slips. I’d rather pay the extra for the nonstop a...""}]",pass,accept,"accept: The same-day client meeting is clearly in scope, the history supports preferring nonstop reliability over cheaper connections, and C is the unique plausible application of that default."
review_tm2_planning_v02_user_0025_habit_tight_schedule_nonstop_priority_p01_boundary,taskmaster_planning_v02_probe_149ece76ba9faf07,tm2_planning_v02_user_0025_habit_tight_schedule_nonstop_priority_p01_boundary,tm2_planning_v02_user_0025,test,boundary,planning_defaults,taskmaster_seeded_gpt55_xhigh_sessionwise_multihabit_v02,"A traveler is planning a relaxed vacation to Denver. They have no meetings or reservations on arrival day, say a layover is fine, and want to keep airfare low. Which flight option should the assistant recommend?","[{""choice_id"": ""A"", ""text"": ""A one-stop itinerary with a 2-hour layover that saves $165 and arrives in the evening.""}, {""choice_id"": ""B"", ""text"": ""A nonstop flight on the traveler’s preferred airline that costs $220 more and earns extra miles.""}, {""choice_id"": ""C"", ""text"": ""A nonstop flight that costs $175 more but has the lowest delay exposure.""}, {""choice_id"": ""D"", ""text"": ""A two-stop itinerary with 40-minute connections that saves $190 but has little room for delays.""}]",A,do_not_apply_out_of_scope,"[{""session_id"": ""tm2_planning_v02_user_0025_s0014"", ""session_index"": 14, ""signal_type"": ""boundary_counterexample"", ""source_domain"": ""flights"", ""messages_preview"": ""user: I’m trying to put together a round trip from Seattle to Chicago in May. It’s just to visit a friend, so I’m not racing to make a meeting or anything. Can you... | assistant: Sure. What dates are you thinking, and are you open to either O’Hare or Midway? Also let me know whether you’re checking a bag and how flexible you are with... | user: Ideally May 15 to May 20. Seattle is SEA. Chicago can be ORD or MDW. I’ll only have a carry-on, and I’m fine connecting if it saves enough money. I’d rather... | assistant: Got it. For May 15–20, the lower fares are mostly one-stop options. A Southwest routing to Midway via Denver is around $228 round trip with mid-day outbound... | user: How inconvenient is Midway if I’m staying around Wicker Park? And is Denver a risky connection?""}, {""session_id"": ""tm2_planning_v02_user_0025_s0033"", ""session_index"": 33, ""signal_type"": ""boundary_counterexample"", ""source_domain"": ""hotels"", ""messages_preview"": ""user: Hi, I’m trying to plan a relaxed long weekend in Denver for me and my sister. We’re aiming for a three-star hotel, ideally under about $200 a night, and we a... | assistant: Sure. What dates are you considering, and do you care more about location, amenities, or keeping the total price down? | user: Arrive Thursday, May 16, leave Monday, May 20. This is just a casual trip, no wedding or work meeting, so the schedule is flexible. Price matters, but I don’... | assistant: Got it. For hotels, would you rather be downtown near restaurants and transit, or outside the center if it saves money? | user: Near transit would be good. We won’t rent a car. I saw some places in the $170 to $205 range, but I’m not sure which are decent.""}]",pass,accept,"accept: The query is clearly out of scope for the nonstop default, the budget-friendly one-stop option is uniquely reasonable over nonstop or risky two-stop alternatives, and the evidence supports this boundary."
review_tm2_planning_v02_user_0025_habit_tight_schedule_nonstop_priority_p02_exception,taskmaster_planning_v02_probe_b4276755edab6a37,tm2_planning_v02_user_0025_habit_tight_schedule_nonstop_priority_p02_exception,tm2_planning_v02_user_0025,test,exception,planning_defaults,taskmaster_seeded_gpt55_xhigh_sessionwise_multihabit_v02,"A traveler is booking a flight from Boston to Denver for a weekend visit. They say, “This trip is not time-sensitive, and I’m trying to keep cash costs as low as possible. I’m happy to take a connection if it lets me use my airline miles or saves money.” Which option should the assistant recommend?","[{""choice_id"": ""A"", ""text"": ""A nonstop flight on a preferred departure time for $510, chosen mainly for convenience.""}, {""choice_id"": ""B"", ""text"": ""A one-stop refundable fare for $390 that keeps flexibility but does not use miles.""}, {""choice_id"": ""C"", ""text"": ""A nonstop flight for $420 that arrives in the early afternoon with the least delay exposure.""}, {""choice_id"": ""D"", ""text"": ""A one-stop itinerary using airline miles plus $18 in fees, with a 2-hour layover and a later arrival.""}]",D,apply_current_trip_constraint,"[{""session_id"": ""tm2_planning_v02_user_0025_s0025"", ""session_index"": 25, ""signal_type"": ""exception"", ""source_domain"": ""hotels"", ""messages_preview"": ""user: Can you help me sort out my Boston trip for next Tuesday? I'm flying from Chicago and have a client meeting at 1:00, so I don't want to gamble on a short con... | assistant: Yes. The main choices are a 7:05 AM nonstop arriving at 10:28 for $332, or a 6:40 AM flight connecting through Philadelphia for $268 with a 42-minute layover... | user: Agreed. Saving sixty dollars is not worth missing that meeting. Can you also look for a hotel near the Seaport, not out by the airport? | assistant: The Seaport Inn is $241 and a 9-minute walk from your meeting address. Harborline Suites is $226 but has mixed comments about noise. I would book the Seaport... | user: Perfect. Same idea for Austin in May: I land the morning of a workshop that starts at noon. If the cheaper fare has a tight transfer, skip it.""}]",pass,accept,"accept: The current request explicitly triggers the exception condition by prioritizing low cash cost and miles over schedule reliability, making the miles-based one-stop option the unique correct recommendation."
review_tm2_planning_v02_user_0025_habit_tight_schedule_nonstop_priority_p03_explicit_retrieval,taskmaster_planning_v02_probe_95fd65a18f812911,tm2_planning_v02_user_0025_habit_tight_schedule_nonstop_priority_p03_explicit_retrieval,tm2_planning_v02_user_0025,test,explicit_retrieval,planning_defaults,taskmaster_seeded_gpt55_xhigh_sessionwise_multihabit_v02,"When the user's trip includes same-day meetings, short buffers, or high delay sensitivity, which flight-planning preference is most consistent with their past choices?","[{""choice_id"": ""A"", ""text"": ""Prioritize earning airline miles or status benefits, even if the route has more transfers.""}, {""choice_id"": ""B"", ""text"": ""Prefer nonstop or lowest-transfer itineraries, even when a connecting option is slightly cheaper.""}, {""choice_id"": ""C"", ""text"": ""Select itineraries with longer layovers to allow time for airport work between flights.""}, {""choice_id"": ""D"", ""text"": ""Choose the cheapest fare available, accepting extra connections whenever it reduces the ticket price.""}]",B,retrieve_supported_preference,"[{""session_id"": ""tm2_planning_v02_user_0025_s0000"", ""session_index"": 0, ""signal_type"": ""support"", ""source_domain"": ""flights"", ""messages_preview"": ""user: I need help booking a round trip to Paris for next week. I’m leaving from Newark. | assistant: Sure. What dates are you considering, and do you have a preferred arrival time in Paris? | user: I need to be in Paris Wednesday morning because I have a client workshop near La Défense at noon. I can return Friday evening or Saturday morning. | assistant: Got it. Since you have a noon commitment after landing, I’ll focus on reliable arrival timing. Are you open to connections if they save money, or should I ke... | user: Keep it simple. If I’m going straight to meetings, I’d rather pay a bit more for nonstop than risk a missed connection or a delay somewhere.""}, {""session_id"": ""tm2_planning_v02_user_0025_s0005"", ""session_index"": 5, ""signal_type"": ""support"", ""source_domain"": ""hotels"", ""messages_preview"": ""user: Hi, I'm trying to book a hotel room for a quick work trip to Denver next Tuesday night. | assistant: Sure. What part of Denver do you need to be near, and do you have a budget or hotel style in mind? | user: I need to be near the Colorado Convention Center. I land Tuesday morning and have a client presentation at 1:00, so I don't want anything that adds stress. | assistant: Understood. Are you also looking for flight help, or just the hotel? | user: Both, if you can. Flying from Seattle. I only need one night, checking out Wednesday.""}, {""session_id"": ""tm2_planning_v02_user_0025_s0019"", ""session_index"": 19, ""signal_type"": ""support"", ""source_domain"": ""hotels"", ""messages_preview"": ""user: I need help putting together a quick trip to St. Louis next Tuesday. I have meetings downtown starting at 1:30 pm and I would like a hotel for one night. | assistant: Sure. What city are you departing from, and do you have a preferred hotel area or budget? | user: Leaving from Denver. I need to be near the convention center or at least a short ride from it. Budget is roughly under $240 before taxes, but timing matters... | assistant: For Denver to St. Louis next Tuesday, I’m seeing a 7:05 am nonstop arriving around 10:10 am, and a 6:20 am option with a connection in Chicago arriving aroun... | user: Please do not put me on the Chicago connection. With a 1:30 meeting, that leaves almost no room if anything slips. I’d rather pay the extra for the nonstop a...""}]",pass,accept,"accept: The query is a supported explicit retrieval of the scoped nonstop/lowest-transfer preference for tight-schedule trips, with a unique correct choice and plausible distractors."
review_tm2_planning_v02_user_0026_habit_uncertain_trip_refundable_fare_p00_direct_use,taskmaster_planning_v02_probe_56614c883dd553ad,tm2_planning_v02_user_0026_habit_uncertain_trip_refundable_fare_p00_direct_use,tm2_planning_v02_user_0026,test,direct_use,planning_defaults,taskmaster_seeded_gpt55_xhigh_sessionwise_multihabit_v02,"A user is arranging a work trip to Chicago for a client kickoff next month. The client has not finalized the meeting date yet, and the user’s manager still needs to approve the trip. Flight options include a $318 basic economy ticket that is nonrefundable and cannot be changed, a $472 refundable economy ticket with free date changes, a $405 standard economy ticket with a change fee, and a $690 business-class ticket. Which recommendation should the assistant make?","[{""choice_id"": ""A"", ""text"": ""Recommend the $690 business-class ticket because work trips are more comfortable and productive with extra space.""}, {""choice_id"": ""B"", ""text"": ""Recommend the $472 refundable economy ticket because the meeting date and approval are still unsettled, making flexibility worth the higher price.""}, {""choice_id"": ""C"", ""text"": ""Recommend the $405 standard economy ticket because it is a middle-ground price even though changes would still add fees.""}, {""choice_id"": ""D"", ""text"": ""Recommend the $318 basic economy ticket because it is the lowest upfront fare and keeps the trip budget down.""}]",B,apply_scoped_habit,"[{""session_id"": ""tm2_planning_v02_user_0026_s0007"", ""session_index"": 7, ""signal_type"": ""support"", ""source_domain"": ""hotels"", ""messages_preview"": ""user: I need help planning a possible work trip to Palm Springs. It would be from Seattle, probably the week of April 14, but the client still has to confirm the m... | assistant: Sure. Since the dates are not fully confirmed, do you want me to look at both hotel and flight options with flexibility in mind? | user: Yes, please. I’ll need a hotel near downtown Palm Springs and a flight into either Palm Springs or Ontario if the timing is better. | assistant: For the hotel, are you aiming for a particular budget or style? | user: Something comfortable for work, ideally under $260 a night, with reliable Wi-Fi and parking. I don’t need a resort experience.""}, {""session_id"": ""tm2_planning_v02_user_0026_s0019"", ""session_index"": 19, ""signal_type"": ""support"", ""source_domain"": ""hotels"", ""messages_preview"": ""user: I may need to be in New Orleans for a client meeting next month. Can you help me look at a hotel for Friday through Monday morning for two people? | assistant: Sure. What area would you prefer, and is this a work trip or a personal stay? | user: Work trip, but my spouse may come along if the schedule holds. The meeting is supposed to be near the Central Business District, possibly close to Poydras St... | assistant: Got it. For two guests, Friday check-in and Monday checkout near the CBD. Do you have a nightly budget or hotel style in mind? | user: Ideally under $260 a night before taxes, but I care more about being able to change or cancel. The client has already moved this meeting once.""}, {""session_id"": ""tm2_planning_v02_user_0026_s0024"", ""session_index"": 24, ""signal_type"": ""support"", ""source_domain"": ""flights"", ""messages_preview"": ""user: Hi, can you help me look at Delta flights to Seattle? This would be for a client meeting, but the schedule is still a little unsettled. | assistant: Of course. What city are you flying from, and what dates should I check first? | user: From Atlanta to Seattle. The team is talking about going out Monday, March 18, and returning Thursday, March 21, but my manager has not fully approved the on... | assistant: Got it. I’ll look at ATL to SEA on Delta for March 18 to March 21. Do you prefer nonstop flights, certain times of day, or a particular cabin? | user: Nonstop is preferred if it’s reasonable. Main Cabin is fine. I don’t want Basic Economy for this because the agenda could slide by a day.""}]",pass,accept,"accept: The in-scope work trip has tentative dates and pending approval, the history supports preferring refundable flexible fares, and choice B is the unique plausible application of that default."
review_tm2_planning_v02_user_0026_habit_uncertain_trip_refundable_fare_p01_boundary,taskmaster_planning_v02_probe_95382d553fee20a1,tm2_planning_v02_user_0026_habit_uncertain_trip_refundable_fare_p01_boundary,tm2_planning_v02_user_0026,test,boundary,planning_defaults,taskmaster_seeded_gpt55_xhigh_sessionwise_multihabit_v02,"A user is booking a personal anniversary weekend in New Orleans. Their PTO, hotel, and dinner reservations are confirmed for May 3–6, the dates cannot move, and they say keeping the airfare low matters more than flexibility. Two flights fit their schedule: a $248 nonrefundable main-cabin fare and a $389 refundable fare with similar times. Which recommendation best fits the situation?","[{""choice_id"": ""A"", ""text"": ""Recommend the $248 nonrefundable main-cabin fare, after confirming it meets their baggage and seat needs, because the trip is fixed and price is the priority.""}, {""choice_id"": ""B"", ""text"": ""Recommend the $389 refundable fare because refundable tickets are generally safer even when plans are confirmed.""}, {""choice_id"": ""C"", ""text"": ""Advise waiting until closer to May to book, since fixed-date personal trips usually have more last-minute fare drops.""}, {""choice_id"": ""D"", ""text"": ""Suggest choosing a pricier flexible fare and using fare tracking later, even though the user said the dates cannot move.""}]",A,do_not_apply_out_of_scope,"[{""session_id"": ""tm2_planning_v02_user_0026_s0006"", ""session_index"": 6, ""signal_type"": ""boundary_counterexample"", ""source_domain"": ""flights"", ""messages_preview"": ""user: Hi, I need help finding flights to Paris. We need to leave on February 16th and come back February 24th. | assistant: Sure. What city will you be flying from, and is this for one traveler or more? | user: Two adults from San Francisco. It's a personal trip for our anniversary, not work. | assistant: Happy anniversary. Are your dates firm, or should I include fares that cost more but allow easier changes? | user: The dates are firm. We already booked the hotel in Paris and dinner on the 17th, so leaving February 16th is locked. Lowest reasonable fare is the priority.""}, {""session_id"": ""tm2_planning_v02_user_0026_s0023"", ""session_index"": 23, ""signal_type"": ""boundary_counterexample"", ""source_domain"": ""hotels"", ""messages_preview"": ""user: Hi, I’m finally getting our New Orleans weekend sorted. We need a hotel and probably flights from Denver for May 17 to May 20. It’s for my wife’s 40th, not w... | assistant: That sounds like a great trip. How many travelers, what hotel budget, and do you want to stay right in the French Quarter or somewhere a little quieter nearby? | user: Two adults. I’d like to arrive Friday evening and fly home Monday afternoon. For the hotel, under $300 a night before tax if possible. Walkable to the French... | assistant: For Denver to New Orleans, I see three reasonable Friday options: United nonstop at 6:10 pm landing 9:45 pm for $326 main cabin nonrefundable, the same itine... | user: I like avoiding the connection. Is the nonrefundable United ticket a problem if the event is definitely happening? We mostly just need seats together.""}]",pass,accept,"accept: The boundary request is clearly outside the uncertain-work-trip condition, the gold choice uniquely follows the current fixed-date low-price priority, and the options avoid private-label leakage."
review_tm2_planning_v02_user_0026_habit_uncertain_trip_refundable_fare_p02_exception,taskmaster_planning_v02_probe_6f8bad663d0d4e7e,tm2_planning_v02_user_0026_habit_uncertain_trip_refundable_fare_p02_exception,tm2_planning_v02_user_0026,test,exception,planning_defaults,taskmaster_seeded_gpt55_xhigh_sessionwise_multihabit_v02,"A user is booking a work trip to Amsterdam. They say the client agenda is finalized, the travel dates are locked, approval is complete, and their top priority is getting the lowest fare. Which option should the assistant recommend?","[{""choice_id"": ""A"", ""text"": ""Wait another week before booking to see if any better flexible fares appear.""}, {""choice_id"": ""B"", ""text"": ""Choose the $690 fully refundable fare in case the meetings unexpectedly shift.""}, {""choice_id"": ""C"", ""text"": ""Book the $430 nonrefundable economy fare that matches the locked dates and meeting schedule.""}, {""choice_id"": ""D"", ""text"": ""Pay $610 for a changeable fare with a longer layover to preserve some flexibility.""}]",C,apply_current_trip_constraint,"[{""session_id"": ""tm2_planning_v02_user_0026_s0028"", ""session_index"": 28, ""signal_type"": ""exception"", ""source_domain"": ""flights"", ""messages_preview"": ""user: I have a few travel items to sort out. For work trips where the meeting is still shaky, I really don't want to get stuck with a ticket I can't change. | assistant: Understood. Tell me the first route and any timing limits, and I’ll compare the practical options. | user: First is Seattle to Denver for a vendor workshop. It is penciled in for May 14 to May 16, but procurement has not signed off yet. Please don't chase the bare... | assistant: I see a 7:20 AM outbound and 4:45 PM return for $238, but it is nonrefundable. A similar schedule with free changes and a refundable fare is $319. Given the... | user: Yes, that is the safer choice. Last quarter a launch review moved twice and the cheap ticket became a mess.""}]",pass,accept,"accept: The exception query clearly specifies locked dates and lowest fare priority, making choice C uniquely follow the current-trip override with plausible travel tradeoff distractors."
review_tm2_planning_v02_user_0026_habit_uncertain_trip_refundable_fare_p03_explicit_retrieval,taskmaster_planning_v02_probe_26e1dadc4325b1eb,tm2_planning_v02_user_0026_habit_uncertain_trip_refundable_fare_p03_explicit_retrieval,tm2_planning_v02_user_0026,test,explicit_retrieval,planning_defaults,taskmaster_seeded_gpt55_xhigh_sessionwise_multihabit_v02,Which planning preference best matches the user's prior travel decisions when work travel is still tentative or approvals/meetings may change?,"[{""choice_id"": ""A"", ""text"": ""Book upscale hotels first, then adjust flights around the hotel cancellation policy.""}, {""choice_id"": ""B"", ""text"": ""Prioritize nonstop flights and short layovers over cancellation flexibility for tentative work trips.""}, {""choice_id"": ""C"", ""text"": ""Select refundable or flexible flights and hotels, even when cheaper nonrefundable options are available.""}, {""choice_id"": ""D"", ""text"": ""Choose the lowest-priced nonrefundable flight whenever dates are known, regardless of trip type.""}]",C,retrieve_supported_preference,"[{""session_id"": ""tm2_planning_v02_user_0026_s0007"", ""session_index"": 7, ""signal_type"": ""support"", ""source_domain"": ""hotels"", ""messages_preview"": ""user: I need help planning a possible work trip to Palm Springs. It would be from Seattle, probably the week of April 14, but the client still has to confirm the m... | assistant: Sure. Since the dates are not fully confirmed, do you want me to look at both hotel and flight options with flexibility in mind? | user: Yes, please. I’ll need a hotel near downtown Palm Springs and a flight into either Palm Springs or Ontario if the timing is better. | assistant: For the hotel, are you aiming for a particular budget or style? | user: Something comfortable for work, ideally under $260 a night, with reliable Wi-Fi and parking. I don’t need a resort experience.""}, {""session_id"": ""tm2_planning_v02_user_0026_s0019"", ""session_index"": 19, ""signal_type"": ""support"", ""source_domain"": ""hotels"", ""messages_preview"": ""user: I may need to be in New Orleans for a client meeting next month. Can you help me look at a hotel for Friday through Monday morning for two people? | assistant: Sure. What area would you prefer, and is this a work trip or a personal stay? | user: Work trip, but my spouse may come along if the schedule holds. The meeting is supposed to be near the Central Business District, possibly close to Poydras St... | assistant: Got it. For two guests, Friday check-in and Monday checkout near the CBD. Do you have a nightly budget or hotel style in mind? | user: Ideally under $260 a night before taxes, but I care more about being able to change or cancel. The client has already moved this meeting once.""}, {""session_id"": ""tm2_planning_v02_user_0026_s0024"", ""session_index"": 24, ""signal_type"": ""support"", ""source_domain"": ""flights"", ""messages_preview"": ""user: Hi, can you help me look at Delta flights to Seattle? This would be for a client meeting, but the schedule is still a little unsettled. | assistant: Of course. What city are you flying from, and what dates should I check first? | user: From Atlanta to Seattle. The team is talking about going out Monday, March 18, and returning Thursday, March 21, but my manager has not fully approved the on... | assistant: Got it. I’ll look at ATL to SEA on Delta for March 18 to March 21. Do you prefer nonstop flights, certain times of day, or a particular cabin? | user: Nonstop is preferred if it’s reasonable. Main Cabin is fine. I don’t want Basic Economy for this because the agenda could slide by a day.""}]",pass,revise,revise: model labeling failed; manually review (RuntimeError)
review_tm2_planning_v02_user_0027_habit_work_hotel_near_venue_p00_direct_use,taskmaster_planning_v02_probe_fef162edbd21fa01,tm2_planning_v02_user_0027_habit_work_hotel_near_venue_p00_direct_use,tm2_planning_v02_user_0027,test,direct_use,planning_defaults,taskmaster_seeded_gpt55_xhigh_sessionwise_multihabit_v02,"I’m booking a hotel for a two-day client workshop at the Chicago office near 350 N Orleans Street. I don’t have any special constraints, but I want the option that is likely to fit best. Which hotel should I choose?","[{""choice_id"": ""A"", ""text"": ""Book the boutique hotel in a more lively dining district for $249/night, about a 20-minute rideshare from the office.""}, {""choice_id"": ""B"", ""text"": ""Book the hotel for $209/night in a quieter area, about 30 minutes away by train, with free breakfast included.""}, {""choice_id"": ""C"", ""text"": ""Book the hotel a 4-minute walk from the office for $289/night; rooms are simple, but it avoids any commute before the workshop.""}, {""choice_id"": ""D"", ""text"": ""Book the airport hotel for $179/night with a free shuttle, though it would take about 50 minutes to reach the office each morning.""}]",C,apply_scoped_habit,"[{""session_id"": ""tm2_planning_v02_user_0027_s0002"", ""session_index"": 2, ""signal_type"": ""support"", ""source_domain"": ""flights"", ""messages_preview"": ""user: I need help arranging a quick work trip to Dallas next month. Cheapest flights are fine, but I need onboard Wi-Fi or at least a usable hotspot connection bec... | assistant: Sure. What are your travel dates, departure airport, and any timing constraints? | user: One traveler, SFO to DFW. Leave Tuesday May 14, come back Thursday May 16. I need to be at a client workshop by 10:30 a.m. Wednesday, so arriving Tuesday eve... | assistant: I found a few reasonable nonstop options. The lowest fare is a late Tuesday flight arriving 11:20 p.m. with Wi-Fi listed. There is also a 4:10 p.m. departure... | user: Let's take the 4:10 p.m. outbound. I don't want to land close to midnight before a client day. The 7:15 p.m. return is fine.""}, {""session_id"": ""tm2_planning_v02_user_0027_s0003"", ""session_index"": 3, ""signal_type"": ""support"", ""source_domain"": ""hotels"", ""messages_preview"": ""user: I need help booking a hotel in San Francisco for a work trip next month. | assistant: Sure. What dates are you traveling, and where will your meetings be? | user: Checking in Tuesday, May 14 and checking out Friday, May 17. The meetings are at Moscone West, and I'll have 8:00 a.m. sessions each day. | assistant: Got it. Do you have a target nightly rate, preferred hotel class, or loyalty program? | user: Company pays, but I should keep it reasonable. I'd rather not save thirty dollars if it means a long ride before the first session.""}, {""session_id"": ""tm2_planning_v02_user_0027_s0017"", ""session_index"": 17, ""signal_type"": ""support"", ""source_domain"": ""hotels"", ""messages_preview"": ""user: I need help picking a hotel in Chicago for a short work trip next month. | assistant: Sure. What dates are you traveling, and where will you need to be for work? | user: Two nights, September 9th to 11th. The client meetings are at 500 West Madison in the West Loop, starting at 8:00 each morning. | assistant: Got it. Is there a nightly budget, and do you care more about amenities, neighborhood, or commute time? | user: It is reimbursed, so I don't need the cheapest place. I want something clean and quiet, but the main thing is being close to the client office. I hate adding...""}]",pass,accept,"accept: The query is an in-scope work hotel selection with no explicit budget or neighborhood override, the history supports preferring venue proximity, and choice C is the unique close-to-office option."
review_tm2_planning_v02_user_0027_habit_work_hotel_near_venue_p01_boundary,taskmaster_planning_v02_probe_1b8bbb7f3f718e19,tm2_planning_v02_user_0027_habit_work_hotel_near_venue_p01_boundary,tm2_planning_v02_user_0027,test,boundary,planning_defaults,taskmaster_seeded_gpt55_xhigh_sessionwise_multihabit_v02,"A traveler is planning a leisure birthday weekend in New York City. They say they care most about staying in a neighborhood with character, good restaurants and bars, and easy access to sightseeing. They are not attending any meetings, and being near their company’s Midtown office is irrelevant. Which hotel recommendation best fits?","[{""choice_id"": ""A"", ""text"": ""A boutique hotel in the West Village or SoHo, with strong restaurant options nearby and convenient subway access to major sights, even if it costs a bit more than a business hotel farther uptown.""}, {""choice_id"": ""B"", ""text"": ""A business-oriented hotel next to the Midtown office, because it minimizes the commute to a place associated with their job even though they will not be going there.""}, {""choice_id"": ""C"", ""text"": ""The cheapest hotel near JFK Airport, accepting a long ride into Manhattan each day in exchange for the lowest nightly rate.""}, {""choice_id"": ""D"", ""text"": ""A large Times Square hotel with tour-bus pickup at the door, despite heavy crowds and a less distinctive neighborhood feel.""}]",A,do_not_apply_out_of_scope,"[{""session_id"": ""tm2_planning_v02_user_0027_s0011"", ""session_index"": 11, ""signal_type"": ""boundary_counterexample"", ""source_domain"": ""hotels"", ""messages_preview"": ""user: I'm planning a New York City stay in October for a long weekend and could use help choosing a hotel. | assistant: Sure. What are your dates, how many people are traveling, and is this more of a sightseeing trip or tied to anything scheduled? | user: October 10 to 14, two adults. It's an anniversary trip, not work, and we're not tied to any conference hall or office. My partner hasn't really spent time in... | assistant: That helps. Do you have a nightly budget before taxes? Also, any preferences around room size, noise, transit, or neighborhoods you already like or want to a... | user: I'd like to stay around $320 before taxes, but I can stretch to about $370 if the area is noticeably better. Queen bed is fine. Quiet matters, elevator matte...""}, {""session_id"": ""tm2_planning_v02_user_0027_s0013"", ""session_index"": 13, ""signal_type"": ""boundary_counterexample"", ""source_domain"": ""hotels"", ""messages_preview"": ""user: Hello, could you help me find a hotel in San Francisco for a long weekend? | assistant: Absolutely. What dates are you looking at, how many guests, and is this more of a work stay or a leisure trip? | user: Two adults, May 16 through May 19. It is purely for fun. My partner has never been to San Francisco, so I want it to feel like a proper city weekend, not jus... | assistant: Great. Do you have a nightly budget and any neighborhoods you already like or want to avoid? | user: Ideally under $300 before taxes. I would rather pay a little more for a neighborhood with character, cafes, walkable streets, and easy access to sightseeing....""}]",pass,revise,"revise: The boundary logic and gold are supported, but the query/choice B make the non-work office option too obviously irrelevant rather than a plausible travel-planning distractor."
review_tm2_planning_v02_user_0027_habit_work_hotel_near_venue_p02_exception,taskmaster_planning_v02_probe_bb181a67580383dd,tm2_planning_v02_user_0027_habit_work_hotel_near_venue_p02_exception,tm2_planning_v02_user_0027,test,exception,planning_defaults,taskmaster_seeded_gpt55_xhigh_sessionwise_multihabit_v02,"I'm booking a hotel for a Denver client workshop at the Colorado Convention Center. This time the finance team has capped rooms at $180 per night, and I'm fine with a 20–30 minute light-rail or rideshare commute if needed. Which hotel should you recommend?","[{""choice_id"": ""A"", ""text"": ""A well-reviewed hotel in Lakewood for $169 per night, about 25 minutes from the convention center by light rail or rideshare.""}, {""choice_id"": ""B"", ""text"": ""An airport-area hotel for $155 per night, with free breakfast but a 45–55 minute commute to the convention center.""}, {""choice_id"": ""C"", ""text"": ""A boutique hotel in LoDo for $205 per night, with better restaurants nearby and a 15-minute walk to the workshop.""}, {""choice_id"": ""D"", ""text"": ""A downtown hotel three blocks from the convention center for $258 per night, with the easiest walk to the workshop.""}]",A,apply_current_trip_constraint,"[{""session_id"": ""tm2_planning_v02_user_0027_s0000"", ""session_index"": 0, ""signal_type"": ""exception"", ""source_domain"": ""flights"", ""messages_preview"": ""user: I have a couple of work trips coming up. For the first one, I need to be in Portland for a Tuesday training at the convention center. Can you help me sort fl... | assistant: Sure. Are you leaving from Seattle, and do you want to return Tuesday night or Wednesday? | user: Seattle, yes. Return Wednesday morning. For the hotel, don't chase the cheapest airport option. I have to be at the Oregon Convention Center by 8, so I'd rat... | assistant: That makes sense. I found a 5:40 PM Seattle to Portland flight Monday and a 9:15 AM return Wednesday. For hotels, the Hyatt Regency by the convention center... | user: Yes, pick the Hyatt. I know it's more, but avoiding the morning scramble is worth it.""}]",pass,accept,"accept: The current work-hotel request clearly triggers the budget exception, choice A uniquely satisfies the stated cap and acceptable commute, and the distractors are plausible tradeoffs."
review_tm2_planning_v02_user_0027_habit_work_hotel_near_venue_p03_explicit_retrieval,taskmaster_planning_v02_probe_c04686d4c37d310c,tm2_planning_v02_user_0027_habit_work_hotel_near_venue_p03_explicit_retrieval,tm2_planning_v02_user_0027,test,explicit_retrieval,planning_defaults,taskmaster_seeded_gpt55_xhigh_sessionwise_multihabit_v02,"Based on the user's prior travel planning, which hotel choice should be favored when arranging lodging for a work conference, client visit, or onsite meeting?","[{""choice_id"": ""A"", ""text"": ""Choose the lowest nightly rate available, even if it means staying farther from the meeting venue.""}, {""choice_id"": ""B"", ""text"": ""Choose a hotel near the airport to make arrival and departure easier, even if the meeting venue is downtown.""}, {""choice_id"": ""C"", ""text"": ""Choose a hotel within walking distance or a few blocks of the meeting venue, even if cheaper options would require a longer commute.""}, {""choice_id"": ""D"", ""text"": ""Choose a hotel in the most distinctive neighborhood for restaurants and sightseeing, even when the trip is work-focused.""}]",C,retrieve_supported_preference,"[{""session_id"": ""tm2_planning_v02_user_0027_s0002"", ""session_index"": 2, ""signal_type"": ""support"", ""source_domain"": ""flights"", ""messages_preview"": ""user: I need help arranging a quick work trip to Dallas next month. Cheapest flights are fine, but I need onboard Wi-Fi or at least a usable hotspot connection bec... | assistant: Sure. What are your travel dates, departure airport, and any timing constraints? | user: One traveler, SFO to DFW. Leave Tuesday May 14, come back Thursday May 16. I need to be at a client workshop by 10:30 a.m. Wednesday, so arriving Tuesday eve... | assistant: I found a few reasonable nonstop options. The lowest fare is a late Tuesday flight arriving 11:20 p.m. with Wi-Fi listed. There is also a 4:10 p.m. departure... | user: Let's take the 4:10 p.m. outbound. I don't want to land close to midnight before a client day. The 7:15 p.m. return is fine.""}, {""session_id"": ""tm2_planning_v02_user_0027_s0003"", ""session_index"": 3, ""signal_type"": ""support"", ""source_domain"": ""hotels"", ""messages_preview"": ""user: I need help booking a hotel in San Francisco for a work trip next month. | assistant: Sure. What dates are you traveling, and where will your meetings be? | user: Checking in Tuesday, May 14 and checking out Friday, May 17. The meetings are at Moscone West, and I'll have 8:00 a.m. sessions each day. | assistant: Got it. Do you have a target nightly rate, preferred hotel class, or loyalty program? | user: Company pays, but I should keep it reasonable. I'd rather not save thirty dollars if it means a long ride before the first session.""}, {""session_id"": ""tm2_planning_v02_user_0027_s0017"", ""session_index"": 17, ""signal_type"": ""support"", ""source_domain"": ""hotels"", ""messages_preview"": ""user: I need help picking a hotel in Chicago for a short work trip next month. | assistant: Sure. What dates are you traveling, and where will you need to be for work? | user: Two nights, September 9th to 11th. The client meetings are at 500 West Madison in the West Loop, starting at 8:00 each morning. | assistant: Got it. Is there a nightly budget, and do you care more about amenities, neighborhood, or commute time? | user: It is reimbursed, so I don't need the cheapest place. I want something clean and quiet, but the main thing is being close to the client office. I hate adding...""}]",pass,revise,revise: model labeling failed; manually review (RuntimeError)
review_tm2_planning_v02_user_0028_habit_quiet_hotel_for_work_p00_direct_use,taskmaster_planning_v02_probe_009a1a9aded16857,tm2_planning_v02_user_0028_habit_quiet_hotel_for_work_p00_direct_use,tm2_planning_v02_user_0028,test,direct_use,planning_defaults,taskmaster_seeded_gpt55_xhigh_sessionwise_multihabit_v02,"I'm booking a two-night trip to Chicago for a client workshop, with prep calls and slide edits between sessions. Which hotel option should I choose?","[{""choice_id"": ""A"", ""text"": ""A full-service downtown hotel with a spa, pool, and several restaurants, but a busy lobby and mixed reviews about room noise during events.""}, {""choice_id"": ""B"", ""text"": ""A quiet business-oriented hotel about a 10-minute walk from the workshop, with strong Wi-Fi reviews, a proper desk, and rooms away from the lobby bar.""}, {""choice_id"": ""C"", ""text"": ""A lower-priced airport hotel with free breakfast and shuttle service, but a 40-minute commute to the workshop and basic in-room work setup.""}, {""choice_id"": ""D"", ""text"": ""A trendy hotel in the nightlife district with a rooftop lounge, popular bar scene, and smaller rooms, about 15 minutes by rideshare from the workshop.""}]",B,apply_scoped_habit,"[{""session_id"": ""tm2_planning_v02_user_0028_s0016"", ""session_index"": 16, ""signal_type"": ""support"", ""source_domain"": ""flights"", ""messages_preview"": ""user: Hi, I need help booking a round trip for a work trip next month. | assistant: Of course. What cities are you flying between, and what dates do you need? | user: I’m flying from San Diego to Boston. I need to arrive Monday, April 14, before dinner, and come back Thursday evening, April 17. | assistant: Got it. Any airline, time, or connection preferences? | user: I’d prefer nonstop if the price isn’t ridiculous. I have a client review Tuesday morning, so I don’t want to land after 7 pm on Monday. I’ll need a clear head.""}, {""session_id"": ""tm2_planning_v02_user_0028_s0022"", ""session_index"": 22, ""signal_type"": ""support"", ""source_domain"": ""flights"", ""messages_preview"": ""user: I need help putting together a quick work trip from Los Angeles to Chicago. Round trip, leaving next Monday and coming back Thursday evening if possible. | assistant: Sure. Which Los Angeles airport do you prefer, and are you aiming for Chicago O'Hare or Midway? Also, do you have preferred departure windows? | user: LAX is easiest. O'Hare is probably better because the meetings are downtown. I can leave Monday morning but not before 7, and I need to be back Thursday night. | assistant: I found a few reasonable options. One is LAX to ORD Monday 8:10 AM–2:15 PM nonstop, returning Thursday 6:40 PM–9:15 PM nonstop. Another leaves Monday 10:35 A... | user: Yes, nonstop only. The 8:10 Monday flight sounds better. I need time Monday afternoon to settle in and prepare before Tuesday meetings.""}, {""session_id"": ""tm2_planning_v02_user_0028_s0032"", ""session_index"": 32, ""signal_type"": ""support"", ""source_domain"": ""flights"", ""messages_preview"": ""user: Hi, I need help planning a round trip from San Francisco to Salt Lake City next month. | assistant: Sure. What dates are you considering, and do you prefer SFO or are nearby Bay Area airports acceptable? | user: SFO is easiest. I need to leave Monday, April 14, and come back Thursday, April 17. It is for a client workshop, so I cannot arrive wiped out. | assistant: Understood. Do you need to be in Salt Lake City by a certain time on Monday? | user: Yes, I have a preparation call at 2:00 pm local time. Landing late morning would be ideal. Carry-on only.""}]",pass,revise,"revise: B is uniquely correct under the graph, but the evidence preview only shows work-flight timing and preparation needs rather than the quiet-hotel/workspace preference, so the support evidence needs cleanup."
review_tm2_planning_v02_user_0028_habit_quiet_hotel_for_work_p01_boundary,taskmaster_planning_v02_probe_a23e905d5a55882a,tm2_planning_v02_user_0028_habit_quiet_hotel_for_work_p01_boundary,tm2_planning_v02_user_0028,test,boundary,planning_defaults,taskmaster_seeded_gpt55_xhigh_sessionwise_multihabit_v02,"I’m planning a Saturday–Monday birthday trip to Miami with six friends. Our priorities are South Beach nightlife, a fun pool scene, walkable restaurants, and rooms where the group can easily gather; quiet desks and office-style setup do not matter. Which hotel should I choose?","[{""choice_id"": ""A"", ""text"": ""A South Beach hotel with a lively pool, rooftop bar, suite-style or adjoining room options, and easy walks to clubs and late-night restaurants.""}, {""choice_id"": ""B"", ""text"": ""A quiet hotel in the financial district with large in-room desks, fast Wi-Fi, and subdued common areas, about 20 minutes by rideshare from South Beach.""}, {""choice_id"": ""C"", ""text"": ""A mid-priced airport hotel with free breakfast and a shuttle, but limited nearby restaurants and little late-night activity.""}, {""choice_id"": ""D"", ""text"": ""A beachfront resort in a quieter northern area with a spa and polished rooms, but few nightlife options within walking distance.""}]",A,do_not_apply_out_of_scope,"[{""session_id"": ""tm2_planning_v02_user_0028_s0011"", ""session_index"": 11, ""signal_type"": ""boundary_counterexample"", ""source_domain"": ""hotels"", ""messages_preview"": ""user: I'm planning a Park City weekend for six friends in late February. We want a hotel that feels fun, not just a place to sleep. | assistant: Sounds like a social ski weekend. Are you aiming for ski-in/ski-out convenience, being near Main Street bars and restaurants, or a resort with its own scene? | user: Main Street matters, but we also want hot tubs, a bar, maybe a pool. Nobody is working on this trip, so convenience for going out is more important than peac... | assistant: Got it. For that style, I would focus on lively properties or central locations. A few good directions: Marriott's Summit Watch near Main Street, Park City P... | user: Budget is not unlimited. Maybe around $450 per room per night before taxes, two rooms, three nights. We can stretch a bit if the place has a good vibe.""}, {""session_id"": ""tm2_planning_v02_user_0028_s0026"", ""session_index"": 26, ""signal_type"": ""boundary_counterexample"", ""source_domain"": ""flights"", ""messages_preview"": ""user: Hi, I’m trying to plan a round trip to Miami for my friend’s 30th. Can you help me compare flights and a hotel? | assistant: Absolutely. What city are you leaving from, what dates, and how many travelers? Also, do you have a seating class or hotel style in mind? | user: Four of us leaving Denver. We want to go Friday May 16 and come back Monday May 19. Economy is fine, but not basic economy if it blocks seat selection. This... | assistant: Got it: Denver to Miami, Friday to Monday, four travelers, standard economy or main cabin, and a lively South Beach hotel with pool/bar access. Do you prefer... | user: Nonstop is preferred, but a short layover is okay if it saves real money. We don’t want to land super late because Friday dinner is part of the plan.""}]",pass,accept,"accept: The query is clearly outside the work-travel condition, the gold choice uniquely follows the stated social/nightlife priorities, and the distractors plausibly test not applying the quiet-work-hotel default."
review_tm2_planning_v02_user_0028_habit_quiet_hotel_for_work_p02_exception,taskmaster_planning_v02_probe_71ec3d6bd1a2ba17,tm2_planning_v02_user_0028_habit_quiet_hotel_for_work_p02_exception,tm2_planning_v02_user_0028,test,exception,planning_defaults,taskmaster_seeded_gpt55_xhigh_sessionwise_multihabit_v02,"I'm booking a hotel for a long weekend birthday trip to New York with six friends. We explicitly want a lively atmosphere, a fun lobby or rooftop bar, and easy access to nightlife; I won't be taking work calls or needing desk time. Which option best fits this trip?","[{""choice_id"": ""A"", ""text"": ""An airport hotel with free breakfast and shuttle service, offering the lowest nightly rate.""}, {""choice_id"": ""B"", ""text"": ""A quieter Midtown business hotel with strong Wi-Fi, large desks, and limited evening scene.""}, {""choice_id"": ""C"", ""text"": ""A lively Lower East Side hotel with a popular rooftop bar, group-friendly rooms, and several nightlife spots within walking distance.""}, {""choice_id"": ""D"", ""text"": ""A calm boutique hotel near museums with spa-style amenities and early quiet hours.""}]",C,apply_current_trip_constraint,"[{""session_id"": ""tm2_planning_v02_user_0028_s0025"", ""session_index"": 25, ""signal_type"": ""exception"", ""source_domain"": ""hotels"", ""messages_preview"": ""user: I need help with a couple of hotel plans. First, I have a Tuesday-Thursday client workshop in Chicago next month. I’ll be presenting early both mornings and... | assistant: Sure. For that kind of trip, I’d prioritize a quieter property with a solid desk setup, dependable Wi-Fi, and easy access to the meeting location. Do you kno... | user: River North, near the Merchandise Mart. I don’t care about a scene. Last time I stayed above a busy bar and it ruined the trip. | assistant: Understood. I’d steer away from nightlife-heavy boutique hotels there. A good fit would be a business-oriented hotel a few blocks off the loudest streets, id... | user: Exactly. If the room is quiet and I can take video calls without hunting for a corner, I’m happy.""}]",pass,accept,"accept: The query is an explicit leisure/nightlife exception to the quiet work-hotel default, and choice C is the unique plausible fit without leaking private terms."
review_tm2_planning_v02_user_0028_habit_quiet_hotel_for_work_p03_explicit_retrieval,taskmaster_planning_v02_probe_2976d535c131f020,tm2_planning_v02_user_0028_habit_quiet_hotel_for_work_p03_explicit_retrieval,tm2_planning_v02_user_0028,test,explicit_retrieval,planning_defaults,taskmaster_seeded_gpt55_xhigh_sessionwise_multihabit_v02,"When the user's trip involves business travel, prep calls, or focused work, which lodging option should be prioritized based on their previous choices?","[{""choice_id"": ""A"", ""text"": ""A resort-style property with the strongest pool, spa, and social amenities, even if the room setup is less work-friendly.""}, {""choice_id"": ""B"", ""text"": ""A centrally located hotel near nightlife, restaurants, and bars, even if it is louder at night.""}, {""choice_id"": ""C"", ""text"": ""A quieter hotel with reliable Wi-Fi and a real workspace, even if it has fewer nightlife or entertainment features.""}, {""choice_id"": ""D"", ""text"": ""The lowest-cost hotel available, regardless of noise level, desk setup, or internet reliability.""}]",C,retrieve_supported_preference,"[{""session_id"": ""tm2_planning_v02_user_0028_s0016"", ""session_index"": 16, ""signal_type"": ""support"", ""source_domain"": ""flights"", ""messages_preview"": ""user: Hi, I need help booking a round trip for a work trip next month. | assistant: Of course. What cities are you flying between, and what dates do you need? | user: I’m flying from San Diego to Boston. I need to arrive Monday, April 14, before dinner, and come back Thursday evening, April 17. | assistant: Got it. Any airline, time, or connection preferences? | user: I’d prefer nonstop if the price isn’t ridiculous. I have a client review Tuesday morning, so I don’t want to land after 7 pm on Monday. I’ll need a clear head.""}, {""session_id"": ""tm2_planning_v02_user_0028_s0022"", ""session_index"": 22, ""signal_type"": ""support"", ""source_domain"": ""flights"", ""messages_preview"": ""user: I need help putting together a quick work trip from Los Angeles to Chicago. Round trip, leaving next Monday and coming back Thursday evening if possible. | assistant: Sure. Which Los Angeles airport do you prefer, and are you aiming for Chicago O'Hare or Midway? Also, do you have preferred departure windows? | user: LAX is easiest. O'Hare is probably better because the meetings are downtown. I can leave Monday morning but not before 7, and I need to be back Thursday night. | assistant: I found a few reasonable options. One is LAX to ORD Monday 8:10 AM–2:15 PM nonstop, returning Thursday 6:40 PM–9:15 PM nonstop. Another leaves Monday 10:35 A... | user: Yes, nonstop only. The 8:10 Monday flight sounds better. I need time Monday afternoon to settle in and prepare before Tuesday meetings.""}, {""session_id"": ""tm2_planning_v02_user_0028_s0032"", ""session_index"": 32, ""signal_type"": ""support"", ""source_domain"": ""flights"", ""messages_preview"": ""user: Hi, I need help planning a round trip from San Francisco to Salt Lake City next month. | assistant: Sure. What dates are you considering, and do you prefer SFO or are nearby Bay Area airports acceptable? | user: SFO is easiest. I need to leave Monday, April 14, and come back Thursday, April 17. It is for a client workshop, so I cannot arrive wiped out. | assistant: Understood. Do you need to be in Salt Lake City by a certain time on Monday? | user: Yes, I have a preparation call at 2:00 pm local time. Landing late morning would be ideal. Carry-on only.""}]",pass,revise,"revise: The gold matches the hidden default, but the shown support evidence is flight-planning/prep context rather than lodging choices demonstrating a quiet work-friendly hotel preference."
review_tm2_planning_v02_user_0029_habit_leisure_relaxed_pacing_p00_direct_use,taskmaster_planning_v02_probe_d3e471508c228c3f,tm2_planning_v02_user_0029_habit_leisure_relaxed_pacing_p00_direct_use,tm2_planning_v02_user_0029,stress,direct_use,planning_defaults,taskmaster_seeded_gpt55_xhigh_sessionwise_multihabit_v02,"I'm choosing the basic shape for a personal weekend trip to Asheville next month. There are no fixed events or reservations yet, and all of these options are within budget. Which plan should I use?","[{""choice_id"": ""A"", ""text"": ""Take the 6:00 a.m. Friday flight with a short connection, land before lunch, drop bags, and prebook a brewery tour, museum stop, and dinner for the first day.""}, {""choice_id"": ""B"", ""text"": ""Drive overnight Thursday, arrive at sunrise Friday, and use timed reservations from morning through evening both days to fit in as many highlights as possible.""}, {""choice_id"": ""C"", ""text"": ""Take the cheapest Friday night flight with two legs, arrive after midnight, stay near the airport, and transfer downtown early Saturday to save more money for activities.""}, {""choice_id"": ""D"", ""text"": ""Take the late-morning nonstop Friday flight, arrive early afternoon, check in without rushing, keep the first afternoon flexible, and reserve just one main activity for Saturday.""}]",D,apply_scoped_habit,"[{""session_id"": ""tm2_planning_v02_user_0029_s0001"", ""session_index"": 1, ""signal_type"": ""support"", ""source_domain"": ""hotels"", ""messages_preview"": ""user: I'm planning a low-key two-night getaway to Salem, Oregon in mid-May. Can you help me pick a hotel and a loose plan? We'll be driving over from Bend on Friday. | assistant: Absolutely. What matters most for the hotel: downtown walkability, easy parking, quiet, price, breakfast, or being close to gardens and wineries? Also, do yo... | user: This is meant to be a breather, not a race. I'd rather leave after breakfast and arrive with energy than get there first thing. Quiet room, easy parking, and... | assistant: That points toward staying downtown if the price works. The Grand Hotel in Salem would keep dinner and Riverfront Park simple. A place near I-5, like Best We... | user: Budget is ideally under $230 per night for two adults, king bed if possible. On Saturday we'd like Deepwood Museum or Minto-Brown, maybe one winery, but not...""}, {""session_id"": ""tm2_planning_v02_user_0029_s0006"", ""session_index"": 6, ""signal_type"": ""support"", ""source_domain"": ""flights"", ""messages_preview"": ""user: I’m planning a casual long weekend in Seattle next month and need help picking flights. It’s just for fun, no conference or wedding or anything. | assistant: Sure. What city are you flying from, what dates are you considering, and do you have any airline or budget preferences? | user: Flying from Denver. Leave Friday May 17 and come back Monday May 20. I’d rather not make the travel days feel brutal, even if that means I get there a little... | assistant: Got it. For Denver to Seattle, I’d look at nonstop options first. Do you prefer morning, midday, or evening departures on Friday? | user: Midday would be ideal. I don’t want to leave the house at dawn, park in a panic, and then spend the first afternoon tired. This is supposed to be an easy trip.""}, {""session_id"": ""tm2_planning_v02_user_0029_s0007"", ""session_index"": 7, ""signal_type"": ""support"", ""source_domain"": ""hotels"", ""messages_preview"": ""user: I'm planning a casual long weekend in New Orleans with my sister and want help choosing a hotel. | assistant: Absolutely. What dates are you thinking, and do you have a preferred neighborhood or nightly budget? | user: Friday to Monday next month. Budget is roughly $220 to $300 a night. We want charm, walkability, and good food nearby, but this is not a cram-everything-in t... | assistant: That sounds like a good fit for the French Quarter, Marigny, or Warehouse District. Do you prefer being right in the action, or a quieter place that's still... | user: Quieter is better. I don't mind walking ten or fifteen minutes if it means the hotel feels calmer at night. We want mornings to be slow, coffee, maybe no ala...""}]",pass,accept,"accept: The current request is clearly in-scope leisure travel, the evidence supports a relaxed-pacing default, and choice D uniquely applies it while the distractors remain plausible alternatives."
review_tm2_planning_v02_user_0029_habit_leisure_relaxed_pacing_p01_boundary,taskmaster_planning_v02_probe_087c00372f3b8a74,tm2_planning_v02_user_0029_habit_leisure_relaxed_pacing_p01_boundary,tm2_planning_v02_user_0029,stress,boundary,planning_defaults,taskmaster_seeded_gpt55_xhigh_sessionwise_multihabit_v02,"You are arranging a San Diego work trip for a client workshop. The traveler must attend a prep dinner Sunday at 7:00 PM, facilitate sessions Monday 9:00 AM–5:00 PM, and join a debrief Tuesday 8:30–10:00 AM. Which itinerary approach is best?","[{""choice_id"": ""A"", ""text"": ""Book a Sunday morning nonstop that arrives by early afternoon, choose a hotel within a short ride of the workshop site, and schedule the return after the Tuesday debrief with extra airport buffer.""}, {""choice_id"": ""B"", ""text"": ""Fly in Saturday on the earliest flight and pack Sunday with sightseeing before the dinner, even if it means a tighter pre-workshop schedule.""}, {""choice_id"": ""C"", ""text"": ""Book a later Sunday flight for an easier start, keep hotel options open until arrival, and plan to reach the prep dinner if timing works out.""}, {""choice_id"": ""D"", ""text"": ""Choose the cheapest connection arriving Sunday evening shortly before dinner, then use rideshares as needed to recover time if there are delays.""}]",A,do_not_apply_out_of_scope,"[{""session_id"": ""tm2_planning_v02_user_0029_s0004"", ""session_index"": 4, ""signal_type"": ""boundary_counterexample"", ""source_domain"": ""flights"", ""messages_preview"": ""user: I need to get to San Diego for a client workshop, not a vacation. Can you help me sort out flights and where I should stay? | assistant: Sure. Which city are you flying from, what dates, and where in San Diego is the workshop? San Diego International is usually the practical airport for downto... | user: Flying from Seattle. I need to be at a training center in Mission Valley by 8:15 a.m. Tuesday, April 16. The workshop runs Tuesday through Thursday, and Thur... | assistant: Given the 8:15 a.m. Tuesday commitment, I would not plan a same-day arrival. For Mission Valley, use San Diego International and stay near the training cente... | user: I have to be in the Bellevue office until about 2:15 p.m. Monday. I’ll have TSA PreCheck, one carry-on, and a checked tube with demo posters.""}, {""session_id"": ""tm2_planning_v02_user_0029_s0024"", ""session_index"": 24, ""signal_type"": ""boundary_counterexample"", ""source_domain"": ""flights"", ""messages_preview"": ""user: I need help finding a flight to London, England. | assistant: Sure. What city are you leaving from, and what dates are you considering? | user: From Austin. It is for work, not vacation. I need to be in London for a client kickoff Monday at 9:00, and there is a prep dinner Sunday at 7:30 near Bloomsb... | assistant: Got it. So arrival on Sunday with enough margin before dinner is important. When can you leave Austin, and when do you want to return? | user: I can leave Saturday anytime after 10 a.m. Return Thursday after 5 p.m. London time. Economy is fine, company cap is about $1600, and I will check one bag.""}]",pass,revise,"revise: The boundary scope and gold are coherent, but the distractors make A obvious on ordinary fixed-schedule travel grounds rather than isolating the scoped leisure-pacing default."
review_tm2_planning_v02_user_0029_habit_leisure_relaxed_pacing_p02_exception,taskmaster_planning_v02_probe_086ced764d93b34b,tm2_planning_v02_user_0029_habit_leisure_relaxed_pacing_p02_exception,tm2_planning_v02_user_0029,stress,exception,planning_defaults,taskmaster_seeded_gpt55_xhigh_sessionwise_multihabit_v02,"For this personal San Diego weekend, I specifically want to maximize sightseeing time even if it means a more active schedule than I might choose for an easy getaway. Which plan best fits this request?","[{""choice_id"": ""A"", ""text"": ""Book a midday arrival, keep the afternoon open for check-in and rest, and plan just one main activity each day.""}, {""choice_id"": ""B"", ""text"": ""Avoid prebooking activities so the weekend stays flexible, even if that means skipping popular sights when lines are long.""}, {""choice_id"": ""C"", ""text"": ""Take an early nonstop flight, drop bags before check-in, group nearby sights efficiently, and use timed tickets or reservations to fit in more stops.""}, {""choice_id"": ""D"", ""text"": ""Choose the most relaxed flight times, prioritize a quiet hotel and late checkout, and leave sightseeing decisions until after arrival.""}]",C,apply_current_trip_constraint,"[{""session_id"": ""tm2_planning_v02_user_0029_s0008"", ""session_index"": 8, ""signal_type"": ""exception"", ""source_domain"": ""flights"", ""messages_preview"": ""user: Can you help me look for flights to San Diego for a quick weekend? | assistant: Sure. What city are you leaving from, what dates, and is this a casual trip or tied to anything specific? | user: Leaving from Seattle. Fly out Friday, May 17, and come back Sunday, May 19. It is personal, not work. I know I usually keep weekend trips easy, like when we... | assistant: Got it: Seattle to San Diego, Friday to Sunday. Do you still want that easier pacing, or are you aiming for more time on the ground this time? | user: This time I want to squeeze in as much as possible. My sister only has that weekend, and we're trying to do the zoo, La Jolla, and maybe the Midway. So pleas...""}]",pass,accept,"accept: The current request clearly triggers the explicit exception to the relaxed leisure pacing default, and choice C uniquely follows the sightseeing-maximization override with plausible alternatives."
review_tm2_planning_v02_user_0029_habit_leisure_relaxed_pacing_p03_explicit_retrieval,taskmaster_planning_v02_probe_be70f5c5ea4f0061,tm2_planning_v02_user_0029_habit_leisure_relaxed_pacing_p03_explicit_retrieval,tm2_planning_v02_user_0029,stress,explicit_retrieval,planning_defaults,taskmaster_seeded_gpt55_xhigh_sessionwise_multihabit_v02,Which repeated travel-planning preference best matches this user's prior requests for low-pressure personal weekends?,"[{""choice_id"": ""A"", ""text"": ""For personal trips, book the earliest possible arrivals and schedule activities back-to-back to maximize sightseeing time.""}, {""choice_id"": ""B"", ""text"": ""For vacation or weekend trips, choose comfortable travel times, easy check-in, open downtime, and a lighter schedule rather than packing every hour.""}, {""choice_id"": ""C"", ""text"": ""Choose the lowest-cost flights and lodging even when they require early departures, tight transfers, or inconvenient logistics.""}, {""choice_id"": ""D"", ""text"": ""For client or event travel, prioritize optional leisure time over fixed meetings, dinners, or start times.""}]",B,retrieve_supported_preference,"[{""session_id"": ""tm2_planning_v02_user_0029_s0001"", ""session_index"": 1, ""signal_type"": ""support"", ""source_domain"": ""hotels"", ""messages_preview"": ""user: I'm planning a low-key two-night getaway to Salem, Oregon in mid-May. Can you help me pick a hotel and a loose plan? We'll be driving over from Bend on Friday. | assistant: Absolutely. What matters most for the hotel: downtown walkability, easy parking, quiet, price, breakfast, or being close to gardens and wineries? Also, do yo... | user: This is meant to be a breather, not a race. I'd rather leave after breakfast and arrive with energy than get there first thing. Quiet room, easy parking, and... | assistant: That points toward staying downtown if the price works. The Grand Hotel in Salem would keep dinner and Riverfront Park simple. A place near I-5, like Best We... | user: Budget is ideally under $230 per night for two adults, king bed if possible. On Saturday we'd like Deepwood Museum or Minto-Brown, maybe one winery, but not...""}, {""session_id"": ""tm2_planning_v02_user_0029_s0006"", ""session_index"": 6, ""signal_type"": ""support"", ""source_domain"": ""flights"", ""messages_preview"": ""user: I’m planning a casual long weekend in Seattle next month and need help picking flights. It’s just for fun, no conference or wedding or anything. | assistant: Sure. What city are you flying from, what dates are you considering, and do you have any airline or budget preferences? | user: Flying from Denver. Leave Friday May 17 and come back Monday May 20. I’d rather not make the travel days feel brutal, even if that means I get there a little... | assistant: Got it. For Denver to Seattle, I’d look at nonstop options first. Do you prefer morning, midday, or evening departures on Friday? | user: Midday would be ideal. I don’t want to leave the house at dawn, park in a panic, and then spend the first afternoon tired. This is supposed to be an easy trip.""}, {""session_id"": ""tm2_planning_v02_user_0029_s0007"", ""session_index"": 7, ""signal_type"": ""support"", ""source_domain"": ""hotels"", ""messages_preview"": ""user: I'm planning a casual long weekend in New Orleans with my sister and want help choosing a hotel. | assistant: Absolutely. What dates are you thinking, and do you have a preferred neighborhood or nightly budget? | user: Friday to Monday next month. Budget is roughly $220 to $300 a night. We want charm, walkability, and good food nearby, but this is not a cram-everything-in t... | assistant: That sounds like a good fit for the French Quarter, Marigny, or Warehouse District. Do you prefer being right in the action, or a quieter place that's still... | user: Quieter is better. I don't mind walking ten or fifteen minutes if it means the hotel feels calmer at night. We want mornings to be slow, coffee, maybe no ala...""}]",pass,accept,"accept: The evidence coherently supports the scoped leisure-travel relaxed-pacing preference, and choice B is the unique supported retrieval without leaking private benchmark terms."
