review_id,public_probe_id,probe_id,user_id,split,probe_type,habit_family,template_id,stress_variant,query,choices_json,proposed_gold_choice_id,proposed_gold_action,evidence_preview_json,auto_validation_status,reviewer_decision,reviewer_notes
review_food_user_0000_habit_05_sauce_marking_style_p02_exception__food_v03__unseen_paraphrase,food_v03_probe_208746e78da5dd4a,food_user_0000_habit_05_sauce_marking_style_p02_exception__food_v03__unseen_paraphrase,food_user_0000,dev,exception,content_constraints,sauce_marking_style,unseen_paraphrase,For this requested context: pan-cooked or baked-pan preparation servings with pourable accents and finishing extras. Which option fits?,"[{""choice_id"": ""A"", ""text"": ""Add the sauce as two thin lines across the top and leave extra sauce nearby.""}, {""choice_id"": ""B"", ""text"": ""Mix a small amount of sauce into the center and leave the edges mostly plain.""}, {""choice_id"": ""C"", ""text"": ""Put the sauce in two small pools on opposite sides of the bowl.""}, {""choice_id"": ""D"", ""text"": ""Coat the whole dish evenly with the sauce before serving.""}]",B,apply_user_scoped_exception,"[{""session_id"": ""food_user_0000_s0085"", ""session_index"": 85, ""signal_type"": ""exception"", ""recipe_title"": ""Coq au Vin alla Italiana"", ""user"": ""For tonight's Coq au Vin alla Italiana, I'm plating it from the skillet with a little finishing sauce. I want the sauced version just this time—what should I do with it?"", ""assistant"": ""Spoon a modest amount into the middle of each serving, then keep the outer edges mostly bare so the chicken still shows through.""}]",pass,,
review_food_user_0001_habit_00_garnish_selection_rule_p00_direct_use__food_v03_explicit_retrieval,food_v03_probe_8f92933773cdd831,food_user_0001_habit_00_garnish_selection_rule_p00_direct_use__food_v03_explicit_retrieval,food_user_0001,dev,explicit_retrieval,content_constraints,garnish_selection_rule,original_food_v03,"In the user's historical cooking sessions involving everyday dishes with optional garnishes, decorative toppings, or finishing flourishes, which behavior did the user show?","[{""choice_id"": ""A"", ""text"": ""Use three small garnish clusters spaced around the platter.""}, {""choice_id"": ""B"", ""text"": ""Use one garnish only and place it off-center.""}, {""choice_id"": ""C"", ""text"": ""Use every garnish listed in the recipe.""}, {""choice_id"": ""D"", ""text"": ""Use exactly one garnish with flavor and one garnish with texture.""}]",D,explicit_fact_preference_retrieval,"[{""session_id"": ""food_user_0001_s0040"", ""session_index"": 40, ""signal_type"": ""support"", ""recipe_title"": ""Black Bean Lasagna Rolls"", ""user"": ""When we make Black Bean Lasagna Rolls, can we keep the topping simple: one bright flavor garnish and one crunchy garnish?"", ""assistant"": ""Yes. I'll keep the rolls focused: choose a single flavor booster, like cilantro or lime, and one texture topper, like a small crunch, with no extra finishing touches beyond thos...""}, {""session_id"": ""food_user_0001_s0042"", ""session_index"": 42, ""signal_type"": ""support"", ""recipe_title"": ""Awesome Turkey Sandwich"", ""user"": ""For the Awesome Turkey Sandwich, leave off any extra toppings unless they clearly do one of 2 jobs: add flavor or add crunch."", ""assistant"": ""Got it. We'll keep the sandwich focused: choose one flavorful add-on and one crunchy or crisp add-on, and leave the rest off unless it earns its place.""}, {""session_id"": ""food_user_0001_s0050"", ""session_index"": 50, ""signal_type"": ""support"", ""recipe_title"": ""Coconut Ambrosia Salad"", ""user"": ""For Coconut Ambrosia Salad, can we keep the garnish to my usual two-piece finish instead of piling on extra decorations?"", ""assistant"": ""Yes. We'll keep the topping simple: use one garnish element for a bright flavor note and one for a little contrast, and leave off anything purely decorative beyond that.""}, {""session_id"": ""food_user_0001_s0063"", ""session_index"": 63, ""signal_type"": ""support"", ""recipe_title"": ""Broccoli Chicken Roli"", ""user"": ""When we make Broccoli Chicken Roli, can we keep the topping simple: one garnish for taste and one for crunch?"", ""assistant"": ""Yes. I'll keep the garnish plan to a single flavorful accent plus one crunchy finishing touch, and leave off any extra decorative toppings.""}]",pass,,
review_food_user_0001_habit_05_crumb_topping_moment_p00_direct_use__food_v03__unseen_paraphrase,food_v03_probe_5c87c53394044f7b,food_user_0001_habit_05_crumb_topping_moment_p00_direct_use__food_v03__unseen_paraphrase,food_user_0001,dev,direct_use,content_constraints,crumb_topping_moment,unseen_paraphrase,"For a new cooking request in this setting: oven-finished, oven-browned, baked-pan preparation, strand starch, plant item or sweet serving food involving coarse bits, sweet crumble or brittle add-on. Which option fits?","[{""choice_id"": ""A"", ""text"": ""Add the crumb, streusel, or crisp topping at the start.""}, {""choice_id"": ""B"", ""text"": ""Hold the topping separately and add it just before reheating or serving.""}, {""choice_id"": ""C"", ""text"": ""Add the crumb, streusel, or crisp topping during the final third of cooking.""}, {""choice_id"": ""D"", ""text"": ""Add the topping at the start and cover the ramekins loosely for the first half.""}]",C,apply_scoped_content_constraint,"[{""session_id"": ""food_user_0001_s0025"", ""session_index"": 25, ""signal_type"": ""support"", ""recipe_title"": ""Figs with Goat Cheese Pecans and Bacon"", ""user"": ""For Figs with Goat Cheese Pecans and Bacon, can we work the crunchy pecan-crumb element in toward the end instead of putting it on right away?"", ""assistant"": ""Yes. I'll treat the toasted chopped pecans as the crunchy topping and keep them aside until the last third of the broiling, so they stay distinct and only pick up a little color.""}, {""session_id"": ""food_user_0001_s0032"", ""session_index"": 32, ""signal_type"": ""support"", ""recipe_title"": ""Baked Halibut Steaks"", ""user"": ""I'm making Baked Halibut Steaks tonight; can you use our usual late-add topping approach so it doesn't get soggy?"", ""assistant"": ""Yes. If you're adding crumbs, a crisp topping, or a streusel-style sprinkle, keep it off until the last third of the bake so it stays distinct and only takes on light color. For...""}, {""session_id"": ""food_user_0001_s0072"", ""session_index"": 72, ""signal_type"": ""support"", ""recipe_title"": ""Baked Fish and Rice 2"", ""user"": ""For Baked Fish and Rice 2, can we use my usual last-third timing for the crunchy topping pieces?"", ""assistant"": ""Yes. We'll keep the rice-and-broth base moving as written, add the broccoli, Parmesan cheese, and half of the onions at the recipe point, and save any fast-browning crunchy onio...""}, {""session_id"": ""food_user_0001_s0075"", ""session_index"": 75, ""signal_type"": ""support"", ""recipe_title"": ""Atomic Canuck Chili"", ""user"": ""For Atomic Canuck Chili, use my late crumb-style finish if there's anything crunchy going on top."", ""assistant"": ""Got it. The chili recipe itself doesn't list a crumb, crisp topping, or streusel, so I won't add one to the base. If you do put a crunchy finish on it, we'll save it for the las...""}]",pass,,
review_food_user_0002_habit_00_flexible_heat_route_p00_direct_use__food_v03_explicit_retrieval,food_v03_probe_9b3d2301ce8ca273,food_user_0002_habit_00_flexible_heat_route_p00_direct_use__food_v03_explicit_retrieval,food_user_0002,test,explicit_retrieval,content_constraints,flexible_heat_route,original_food_v03,"In the user's historical cooking sessions involving recipes with stovetop, oven, broiler, skillet, or sheet-pan routes, which behavior did the user show?","[{""choice_id"": ""A"", ""text"": ""Use the stovetop route and finish with a brief covered rest.""}, {""choice_id"": ""B"", ""text"": ""Use the stovetop route and serve straight from the pan.""}, {""choice_id"": ""C"", ""text"": ""Use the oven route, rotate the trays once, and skip the final rest.""}, {""choice_id"": ""D"", ""text"": ""Use the oven, broiler, or sheet-pan route and finish with a short uncovered rest.""}]",D,explicit_fact_preference_retrieval,"[{""session_id"": ""food_user_0002_s0040"", ""session_index"": 40, ""signal_type"": ""support"", ""recipe_title"": ""Empanadas"", ""user"": ""Can we do Empanadas on a sheet pan again, with the broiler option if they need a little color?"", ""assistant"": ""Yes. We'll keep the Empanadas on the oven-and-sheet-pan track, using the broiler only as a quick browning assist if needed. When they're done, let them sit uncovered for a few m...""}, {""session_id"": ""food_user_0002_s0061"", ""session_index"": 61, ""signal_type"": ""support"", ""recipe_title"": ""Crab Quiche"", ""user"": ""For Crab Quiche, can we handle it in the oven setup instead of making it more complicated?"", ""assistant"": ""Yes. Keep this one oven-centered: bake the crust in the oven, use a broiler or sheet pan only if you need help managing browning or drips, and let it rest uncovered for a short...""}, {""session_id"": ""food_user_0002_s0067"", ""session_index"": 67, ""signal_type"": ""support"", ""recipe_title"": ""Caribbean Canadian Glazed Chicken"", ""user"": ""With Caribbean Canadian Glazed Chicken, I'd like to keep it low-maintenance instead of standing over a pan the whole time."", ""assistant"": ""Good plan. We'll lean on a baking dish or sheet pan, with the oven doing most of the work; if you want extra color later, the broiler can help. After cooking, leave the chicken...""}, {""session_id"": ""food_user_0002_s0070"", ""session_index"": 70, ""signal_type"": ""support"", ""recipe_title"": ""Fab Summer Blackened Chicken Salad"", ""user"": ""Can we do Fab Summer Blackened Chicken Salad on a sheet pan or under the broiler like we usually do?"", ""assistant"": ""Yes. We'll keep the same Cajun chicken ingredients, use a sheet pan or broiler instead of hovering at the skillet, and let the chicken rest uncovered for a few minutes before se...""}]",pass,,
review_food_user_0002_habit_00_flexible_heat_route_p02_exception__food_v03,food_v03_probe_d3b9242996177a3a,food_user_0002_habit_00_flexible_heat_route_p02_exception__food_v03,food_user_0002,test,exception,content_constraints,flexible_heat_route,original_food_v03,"I'm making this recipe as a two-tray recipe with stovetop, oven, broiler, skillet, or sheet-pan routes. Which route should I take?","[{""choice_id"": ""A"", ""text"": ""Use the oven, broiler, or wide pan route and finish with a short uncovered rest.""}, {""choice_id"": ""B"", ""text"": ""Use the stovetop route and finish with a brief covered rest.""}, {""choice_id"": ""C"", ""text"": ""Use the stovetop route and serve straight from the pan.""}, {""choice_id"": ""D"", ""text"": ""Use the oven route, rotate the batch pan once, and skip the final rest.""}]",D,apply_user_scoped_exception,"[{""session_id"": ""food_user_0002_s0068"", ""session_index"": 68, ""signal_type"": ""exception"", ""recipe_title"": ""Chocolate Crisps"", ""user"": ""For this batch of Chocolate Crisps, I'm using 2 trays and I want the special route just today. I could use stovetop, oven, broiler, skillet, or sheet-pan handling—what would you choose?"", ""assistant"": ""Go with the oven for this batch. Bake on 2 trays, rotate them once during baking, and don't add a rest at the end.""}]",pass,,
review_food_user_0002_habit_05_briny_accent_form_p00_direct_use__food_v03_explicit_retrieval,food_v03_probe_604bfea326ac6373,food_user_0002_habit_05_briny_accent_form_p00_direct_use__food_v03_explicit_retrieval,food_user_0002,test,explicit_retrieval,content_constraints,briny_accent_form,original_food_v03,"In the user's historical cooking sessions involving rich sandwiches, burgers, bowls, salads, or creamy dishes with pickles, capers, olives, or pepperoncini, which behavior did the user show?","[{""choice_id"": ""A"", ""text"": ""Use small separate clusters around the outer edge.""}, {""choice_id"": ""B"", ""text"": ""Use only a little accent liquid and leave the solid pieces out.""}, {""choice_id"": ""C"", ""text"": ""Use tiny pieces and work them into the soft base.""}, {""choice_id"": ""D"", ""text"": ""Use larger pieces and keep them visible over the surface.""}]",C,explicit_fact_preference_retrieval,"[{""session_id"": ""food_user_0002_s0027"", ""session_index"": 27, ""signal_type"": ""support"", ""recipe_title"": ""Drunken Fruit Salsa"", ""user"": ""For Drunken Fruit Salsa, can we work the briny pickle-style bite into the mix so it is not sitting there as obvious chunks?"", ""assistant"": ""Yes. Keep that sharp element very fine: if you are using something like pepperoncini, capers, olives, or pickle, chop it almost to a mince and stir it through the rum-and-mint j...""}, {""session_id"": ""food_user_0002_s0047"", ""session_index"": 47, ""signal_type"": ""support"", ""recipe_title"": ""Broccoli Chicken Roli"", ""user"": ""Broccoli Chicken Roli sounds pretty rich, so can we work my little briny add-ins in very finely instead of leaving big chunks?"", ""assistant"": ""Yes. Keep the Broccoli Chicken Roli base the same, and chop any pickle, capers, olives, or pepperoncini into tiny pieces. Stir them into the creamy mixture with the mayonnaise a...""}, {""session_id"": ""food_user_0002_s0049"", ""session_index"": 49, ""signal_type"": ""support"", ""recipe_title"": ""Babis Bean Salad"", ""user"": ""For Babis Bean Salad, could we fold in that little briny pickle-or-caper bite instead of leaving it plain?"", ""assistant"": ""Yes. Cook the black-eyed peas as written, then once they've cooled, finely chop a few capers, pickle, olive, or pepperoncini and fold them through with the celery, carrot, and p...""}, {""session_id"": ""food_user_0002_s0069"", ""session_index"": 69, ""signal_type"": ""support"", ""recipe_title"": ""Bs Cordon Bleu Bundles"", ""user"": ""For Bs Cordon Bleu Bundles, can we work in a tiny chopped caper or pickle bite instead of leaving it plain?"", ""assistant"": ""Yes. Chop a small amount of pickle, caper, olive, or pepperoncini very finely and stir it into the Brie so the briny bits are tucked into the creamy filling, not scattered over...""}]",pass,,
review_food_user_0002_habit_06_fruit_top_sweetness_pattern_p00_direct_use__food_v03,food_v03_probe_1aa97b8327836846,food_user_0002_habit_06_fruit_top_sweetness_pattern_p00_direct_use__food_v03,food_user_0002,test,direct_use,content_constraints,fruit_top_sweetness_pattern,original_food_v03,"I'm making a fruit crisp, pie, muffin, bread, bar, or dessert with sugar, glaze, or sweet topping. How should I finish the top?","[{""choice_id"": ""A"", ""text"": ""Put the sugar, glaze, or sweet topping only around the outer edge.""}, {""choice_id"": ""B"", ""text"": ""Put a small dot of glaze or sweet topping in the center of each portion.""}, {""choice_id"": ""C"", ""text"": ""Spread the sugar, glaze, or sweet topping evenly across the full surface.""}, {""choice_id"": ""D"", ""text"": ""Use a thin full-surface glaze and leave one corner plain.""}]",A,apply_scoped_content_constraint,"[{""session_id"": ""food_user_0002_s0028"", ""session_index"": 28, ""signal_type"": ""support"", ""recipe_title"": ""Deep Fried Turkey"", ""user"": ""When we do Deep Fried Turkey, can we handle any sweet garnish the way I like it—kept to the rim instead of over the bird?"", ""assistant"": ""Yes. We'll keep the turkey itself focused on the Creole seasoning and onion, and if there's any sweet garnish or finishing touch, it can stay around the platter rim rather than...""}, {""session_id"": ""food_user_0002_s0036"", ""session_index"": 36, ""signal_type"": ""support"", ""recipe_title"": ""Eggnog II"", ""user"": ""For Eggnog II, give me that rim-focused sweet finish instead of sweetening the whole surface."", ""assistant"": ""Sure. We'll keep the recipe itself to 6 beaten eggs, 2 1/4 cups milk, 1/3 cup white sugar, and 1 teaspoon vanilla extract, then if you add any sweet finishing touch for serving,...""}, {""session_id"": ""food_user_0002_s0042"", ""session_index"": 42, ""signal_type"": ""support"", ""recipe_title"": ""Dutch Cream Waffles"", ""user"": ""When we make Dutch Cream Waffles, can we put any sugar or sweet topping in a ring near the rim, not all across the middle?"", ""assistant"": ""Yes. I'll guide the waffles with that serving style in mind: if you add sugar, glaze, or another sweet finish, keep it concentrated around the outside edge so the center stays l...""}, {""session_id"": ""food_user_0002_s0066"", ""session_index"": 66, ""signal_type"": ""support"", ""recipe_title"": ""Apple Butter V"", ""user"": ""For Apple Butter V, can we keep my sweeter finish just along the outside edge instead of spreading it over the whole surface?"", ""assistant"": ""Yes. Make the apple butter itself with the listed amounts, and when you present or add any sweet finishing touch, concentrate that sweetness near the outer edge rather than coat...""}]",pass,,
review_food_user_0002_habit_06_fruit_top_sweetness_pattern_p00_direct_use__food_v03_explicit_retrieval,food_v03_probe_af24beec45e60182,food_user_0002_habit_06_fruit_top_sweetness_pattern_p00_direct_use__food_v03_explicit_retrieval,food_user_0002,test,explicit_retrieval,content_constraints,fruit_top_sweetness_pattern,original_food_v03,"In the user's historical cooking sessions involving fruit crisps, pies, muffins, breads, bars, or desserts with sugar, glaze, or sweet topping, which behavior did the user show?","[{""choice_id"": ""A"", ""text"": ""Put the sugar, glaze, or sweet topping only around the outer edge.""}, {""choice_id"": ""B"", ""text"": ""Put a small dot of glaze or sweet topping in the center of each portion.""}, {""choice_id"": ""C"", ""text"": ""Spread the sugar, glaze, or sweet topping evenly across the full surface.""}, {""choice_id"": ""D"", ""text"": ""Use a thin full-surface glaze and leave one corner plain.""}]",A,explicit_fact_preference_retrieval,"[{""session_id"": ""food_user_0002_s0028"", ""session_index"": 28, ""signal_type"": ""support"", ""recipe_title"": ""Deep Fried Turkey"", ""user"": ""When we do Deep Fried Turkey, can we handle any sweet garnish the way I like it—kept to the rim instead of over the bird?"", ""assistant"": ""Yes. We'll keep the turkey itself focused on the Creole seasoning and onion, and if there's any sweet garnish or finishing touch, it can stay around the platter rim rather than...""}, {""session_id"": ""food_user_0002_s0036"", ""session_index"": 36, ""signal_type"": ""support"", ""recipe_title"": ""Eggnog II"", ""user"": ""For Eggnog II, give me that rim-focused sweet finish instead of sweetening the whole surface."", ""assistant"": ""Sure. We'll keep the recipe itself to 6 beaten eggs, 2 1/4 cups milk, 1/3 cup white sugar, and 1 teaspoon vanilla extract, then if you add any sweet finishing touch for serving,...""}, {""session_id"": ""food_user_0002_s0042"", ""session_index"": 42, ""signal_type"": ""support"", ""recipe_title"": ""Dutch Cream Waffles"", ""user"": ""When we make Dutch Cream Waffles, can we put any sugar or sweet topping in a ring near the rim, not all across the middle?"", ""assistant"": ""Yes. I'll guide the waffles with that serving style in mind: if you add sugar, glaze, or another sweet finish, keep it concentrated around the outside edge so the center stays l...""}, {""session_id"": ""food_user_0002_s0066"", ""session_index"": 66, ""signal_type"": ""support"", ""recipe_title"": ""Apple Butter V"", ""user"": ""For Apple Butter V, can we keep my sweeter finish just along the outside edge instead of spreading it over the whole surface?"", ""assistant"": ""Yes. Make the apple butter itself with the listed amounts, and when you present or add any sweet finishing touch, concentrate that sweetness near the outer edge rather than coat...""}]",pass,,
review_food_user_0003_habit_00_starch_liquid_finish_p00_direct_use__food_v03_explicit_retrieval,food_v03_probe_52c3c3fd33abd324,food_user_0003_habit_00_starch_liquid_finish_p00_direct_use__food_v03_explicit_retrieval,food_user_0003,test,explicit_retrieval,content_constraints,starch_liquid_finish,original_food_v03,"In the user's historical cooking sessions involving noodle, pasta, rice, or grain dishes with sauce, broth, or cooking water, which behavior did the user show?","[{""choice_id"": ""A"", ""text"": ""Reduce the liquid fully and serve the starches thick.""}, {""choice_id"": ""B"", ""text"": ""Pack the extra liquid separately and add it after opening the thermos.""}, {""choice_id"": ""C"", ""text"": ""Reduce the sauce slightly thicker and spoon it under the starches.""}, {""choice_id"": ""D"", ""text"": ""Hold back extra liquid and loosen the starches with a small final splash.""}]",D,explicit_fact_preference_retrieval,"[{""session_id"": ""food_user_0003_s0021"", ""session_index"": 21, ""signal_type"": ""support"", ""recipe_title"": ""Aaahh Potato Soup"", ""user"": ""For Aaahh Potato Soup, can we plan to thin it right at the end if the potatoes make it too thick?"", ""assistant"": ""Yes. We'll cook the soup as written, but keep a small splash of broth or water available near the end so you can stir it in only if the texture tightens up.""}, {""session_id"": ""food_user_0003_s0030"", ""session_index"": 30, ""signal_type"": ""support"", ""recipe_title"": ""Grandmas Gnocchi"", ""user"": ""When we make Grandmas Gnocchi, can we keep back a splash of the potato cooking water like I usually do for starchy dishes?"", ""assistant"": ""Yes. Since the potatoes boil in salted water, scoop out a little of that water before draining. Use it only at the end if the mashed potato mixture feels too thick or tight, so...""}, {""session_id"": ""food_user_0003_s0048"", ""session_index"": 48, ""signal_type"": ""support"", ""recipe_title"": ""Baked Aloha Chicken"", ""user"": ""When we make Baked Aloha Chicken, can you build in a way to loosen the sauce near serving so it doesn't end up too tight?"", ""assistant"": ""Yes. We'll keep a small clean spoonful of the pineapple sauce aside before it touches the chicken, then use it only at the end if the sauce, rice, or grains need a little loosen...""}, {""session_id"": ""food_user_0003_s0087"", ""session_index"": 87, ""signal_type"": ""support"", ""recipe_title"": ""Cabbage Kielbasa Supper"", ""user"": ""When we're making a noodle or grain-style dish such as Cabbage Kielbasa Supper, let's keep a bit of the liquid back again so it doesn't get too loose."", ""assistant"": ""Sure. For this slow cooker supper, pour in most of the broth as directed, but reserve a small splash. At the end, stir that reserved broth in only if the cabbage, potatoes, or a...""}]",pass,,
review_food_user_0003_habit_00_starch_liquid_finish_p02_exception__food_v03__unseen_paraphrase,food_v03_probe_ba2b1e330f130cfd,food_user_0003_habit_00_starch_liquid_finish_p02_exception__food_v03__unseen_paraphrase,food_user_0003,test,exception,content_constraints,starch_liquid_finish,unseen_paraphrase,For this requested context: insulated portable meals with starch-based preparations. Which option fits?,"[{""choice_id"": ""A"", ""text"": ""Reduce the liquid fully and serve the starches thick.""}, {""choice_id"": ""B"", ""text"": ""Keep the extra liquid separately and add it at serving.""}, {""choice_id"": ""C"", ""text"": ""Reduce the sauce slightly thicker and spoon it under the starches.""}, {""choice_id"": ""D"", ""text"": ""Hold back extra liquid and loosen the starches with a small final splash.""}]",B,apply_user_scoped_exception,"[{""session_id"": ""food_user_0003_s0095"", ""session_index"": 95, ""signal_type"": ""exception"", ""recipe_title"": ""Broccoli Coleslaw"", ""user"": ""I'm packing Broccoli Coleslaw in a thermos today, and because it has ramen noodles with other grainy lunch add-ins, I don't want it getting soupy before noon. What should I do with the dressing liquid?"", ""assistant"": ""Keep any extra dressing in a separate small container, then pour it in once you open the thermos to eat.""}]",pass,,
review_food_user_0003_habit_01_herb_stem_role_p01_boundary__food_v03__unseen_paraphrase,food_v03_probe_302185dead646ac1,food_user_0003_habit_01_herb_stem_role_p01_boundary__food_v03__unseen_paraphrase,food_user_0003,test,boundary,content_constraints,herb_stem_role,unseen_paraphrase,For this requested context: transparent or strained moisture preparations using tender herb stems. Which option fits?,"[{""choice_id"": ""A"", ""text"": ""Tie the stems into a small bundle and remove the bundle before serving.""}, {""choice_id"": ""B"", ""text"": ""Discard the stems and use only leaves at the end.""}, {""choice_id"": ""C"", ""text"": ""Dice only the most tender stems into the dressing and keep the leaves separate.""}, {""choice_id"": ""D"", ""text"": ""Chop the tender stems finely and simmer them with the base.""}]",A,do_not_overapply_content_constraint,"[{""session_id"": ""food_user_0003_s0043"", ""session_index"": 43, ""signal_type"": ""boundary_counterexample"", ""recipe_title"": ""Baked Chicken Breasts Supreme"", ""user"": ""For Baked Chicken Breasts Supreme today, I'm treating it like a clear broth or smooth sauce and I have cilantro or parsley stems to use. What's the best way to manage the stems?"", ""assistant"": ""Bundle the stems together with kitchen twine, let them flavor the mixture, then lift the bundle out before serving.""}]",pass,,
review_food_user_0003_habit_01_herb_stem_role_p02_exception__food_v03__unseen_paraphrase,food_v03_probe_b5f9f21faff0911a,food_user_0003_habit_01_herb_stem_role_p02_exception__food_v03__unseen_paraphrase,food_user_0003,test,exception,content_constraints,herb_stem_role,unseen_paraphrase,For this requested context: fresh mixes or uncooked add-ons using tender herb stems. Which option fits?,"[{""choice_id"": ""A"", ""text"": ""Tie the stems into a small bundle and remove the bundle before serving.""}, {""choice_id"": ""B"", ""text"": ""Discard the stems and use only leaves at the end.""}, {""choice_id"": ""C"", ""text"": ""Chop the tender stems finely and simmer them with the base.""}, {""choice_id"": ""D"", ""text"": ""Dice only the most tender stems into the dressing and keep the leaves separate.""}]",D,apply_user_scoped_exception,"[{""session_id"": ""food_user_0003_s0092"", ""session_index"": 92, ""signal_type"": ""exception"", ""recipe_title"": ""Garden Potato Salad"", ""user"": ""For this Garden Potato Salad, I'm treating it more like a fresh uncooked topping with cilantro or parsley stems mixed in. How should I use the stems here?"", ""assistant"": ""Mince only the soft, tender stems for the dressing, and keep the leaves separate so they can stay fresh at the end.""}]",pass,,
review_food_user_0003_habit_03_soup_garnish_geometry_p00_direct_use__food_v03_explicit_retrieval,food_v03_probe_ec5f347290b25fa1,food_user_0003_habit_03_soup_garnish_geometry_p00_direct_use__food_v03_explicit_retrieval,food_user_0003,test,explicit_retrieval,content_constraints,soup_garnish_geometry,original_food_v03,"In the user's historical cooking sessions involving soups, stews, beans, or brothy bowls with soft garnishes and crisp garnishes, which behavior did the user show?","[{""choice_id"": ""A"", ""text"": ""Use one tender element as a compact interior mark and set the brittle element in a curved side mark.""}, {""choice_id"": ""B"", ""text"": ""Use both finishing elements as an even surface scatter.""}, {""choice_id"": ""C"", ""text"": ""Use one tender element as a small side mark and place the brittle element beside the serving.""}, {""choice_id"": ""D"", ""text"": ""Use the two finishing elements as separate late additions.""}]",A,explicit_fact_preference_retrieval,"[{""session_id"": ""food_user_0003_s0018"", ""session_index"": 18, ""signal_type"": ""support"", ""recipe_title"": ""Crabby Cliffs Mushroom Puffs"", ""user"": ""For Crabby Cliffs Mushroom Puffs, I want the softer garnish gathered in the middle, with the crunchy garnish placed off to one side."", ""assistant"": ""Got it. When you plate them, keep the soft garnish centered and set the crisp garnish in a neat little arc on the side rather than sprinkling it across the whole top.""}, {""session_id"": ""food_user_0003_s0024"", ""session_index"": 24, ""signal_type"": ""support"", ""recipe_title"": ""Dads BBQ Roast"", ""user"": ""For Dads BBQ Roast, when we plate it, keep the soft garnish gathered in the middle and set the crunchy garnish off to one side."", ""assistant"": ""Got it. I'll keep the roast presentation focused that way: the soft garnish clustered at the center, with the crisp garnish placed to the side in a neat arc rather than spread a...""}, {""session_id"": ""food_user_0003_s0031"", ""session_index"": 31, ""signal_type"": ""support"", ""recipe_title"": ""Chicken Tacos"", ""user"": ""For these Chicken Tacos, can we use my center-and-crescent garnish style when we plate them?"", ""assistant"": ""Yes. For serving, place the softer garnish right in the middle of each taco, then sweep the crisp garnish along one side as a small crescent instead of scattering both across th...""}, {""session_id"": ""food_user_0003_s0040"", ""session_index"": 40, ""signal_type"": ""support"", ""recipe_title"": ""Beths Spicy Oatmeal Raisin Cookies"", ""user"": ""For Beths Spicy Oatmeal Raisin Cookies, can we use that same cozy finishing style I like on soup toppings when we plate them?"", ""assistant"": ""Yes. For the serving plate, keep the softer garnish gathered in the center and set any crisp garnish in a small curved arc rather than spreading it all over.""}]",pass,,
review_food_user_0003_habit_04_briny_accent_form_p00_direct_use__food_v03,food_v03_probe_a2f63e36876a528f,food_user_0003_habit_04_briny_accent_form_p00_direct_use__food_v03,food_user_0003,test,direct_use,content_constraints,briny_accent_form,original_food_v03,"I'm making a rich sandwich, burger, bowl, salad, or creamy dish with pickles, capers, olives, or pepperoncini. How should I handle the briny ingredient?","[{""choice_id"": ""A"", ""text"": ""Use tiny pieces and work them into the soft base.""}, {""choice_id"": ""B"", ""text"": ""Use only a little accent liquid and leave the solid pieces out.""}, {""choice_id"": ""C"", ""text"": ""Use small separate clusters around the outer edge.""}, {""choice_id"": ""D"", ""text"": ""Use larger pieces and keep them visible over the surface.""}]",A,apply_scoped_content_constraint,"[{""session_id"": ""food_user_0003_s0014"", ""session_index"": 14, ""signal_type"": ""support"", ""recipe_title"": ""Chicken Tortilla Soup IV"", ""user"": ""For Chicken Tortilla Soup IV, can we work in that finely chopped pickle-or-caper kind of briny bite I like?"", ""assistant"": ""Yes. Since this soup has a broth base, chop a pickle, caper, olive, or pepperoncini very finely and hold it back for the liquid part, so it comes through as little bright pops i...""}, {""session_id"": ""food_user_0003_s0032"", ""session_index"": 32, ""signal_type"": ""support"", ""recipe_title"": ""apple butter spice cake"", ""user"": ""With a rich apple butter spice cake, I like the salty-briny pieces chopped really fine so they don't take over. Can we do it that way while we bake?"", ""assistant"": ""Yes. For any pickle, caper, olive, or pepperoncini you're using as a briny contrast, mince it very small and stir it into the moist part of the batter with the apple butter or s...""}, {""session_id"": ""food_user_0003_s0036"", ""session_index"": 36, ""signal_type"": ""support"", ""recipe_title"": ""Empanadas"", ""user"": ""For the empanadas, can we work the tangy pickle-style element in finely instead of leaving noticeable pieces?"", ""assistant"": ""Yes. Keep any pickle, caper, olive, or pepperoncini chopped very small, then blend it into the creamy part or filling so the flavor is dotted through rather than showing up as c...""}, {""session_id"": ""food_user_0003_s0045"", ""session_index"": 45, ""signal_type"": ""support"", ""recipe_title"": ""Buttermilk Shake"", ""user"": ""I'm making the Buttermilk Shake, and with creamy things like this I want any salty-briny add-in chopped really tiny, not left in big pieces."", ""assistant"": ""Got it. Keep the shake itself faithful: vanilla ice cream, buttermilk, lemon peel, and vanilla. If you're adding a briny accent alongside it or as a tiny mix-in, chop it very fi...""}]",pass,,
review_food_user_0003_habit_05_flexible_heat_route_p02_exception__food_v03__unseen_paraphrase,food_v03_probe_365df022aa8abe63,food_user_0003_habit_05_flexible_heat_route_p02_exception__food_v03__unseen_paraphrase,food_user_0003,test,exception,content_constraints,flexible_heat_route,unseen_paraphrase,For this requested context: larger-batch preparations with multiple heat-route options. Which option fits?,"[{""choice_id"": ""A"", ""text"": ""Use the stovetop route and finish with a brief covered rest.""}, {""choice_id"": ""B"", ""text"": ""Use the stovetop route and serve straight from the pan.""}, {""choice_id"": ""C"", ""text"": ""Use the oven route, rotate the batch pan once, and skip the final rest.""}, {""choice_id"": ""D"", ""text"": ""Use the oven, broiler, or wide pan route and finish with a short uncovered rest.""}]",C,apply_user_scoped_exception,"[{""session_id"": ""food_user_0003_s0115"", ""session_index"": 115, ""signal_type"": ""exception"", ""recipe_title"": ""Bacon Wrapped Smokies"", ""user"": ""I'm making Bacon Wrapped Smokies for a crowd tonight, and I'm doing 2 trays. I could use the stovetop, oven, broiler, skillet, or sheet-pan route—what's the best move just for this batch?"", ""assistant"": ""Go with the oven for this one. Bake both trays, rotate them once partway through, and don't add a final resting step.""}]",pass,,
review_food_user_0003_habit_06_creamy_sauce_thickness_p00_direct_use__food_v03,food_v03_probe_821314b1b0b7e57f,food_user_0003_habit_06_creamy_sauce_thickness_p00_direct_use__food_v03,food_user_0003,test,direct_use,content_constraints,creamy_sauce_thickness,original_food_v03,"I'm making a creamy sauce, dip, dressing, pasta sauce, or peanut sauce. How should I set the texture?","[{""choice_id"": ""A"", ""text"": ""Thin the creamy sauce until it falls from a spoon in a narrow ribbon.""}, {""choice_id"": ""B"", ""text"": ""Keep the sauce slightly thicker and swirl a small amount of oil or water across the top.""}, {""choice_id"": ""C"", ""text"": ""Keep the creamy sauce thick enough to mound on the spoon.""}, {""choice_id"": ""D"", ""text"": ""Keep the sauce thick and spread it in a thin layer on the bread or wrap.""}]",A,apply_scoped_content_constraint,"[{""session_id"": ""food_user_0003_s0020"", ""session_index"": 20, ""signal_type"": ""support"", ""recipe_title"": ""Eggnog II"", ""user"": ""When we make Eggnog II today, can we keep it at that light ribbon pour I like, rather than letting it get thick and heavy?"", ""assistant"": ""Yes. For this eggnog, cook it only until it coats a metal spoon, then if it feels too dense, loosen it with milk in tiny splashes while stirring until it falls back in a narrow...""}, {""session_id"": ""food_user_0003_s0025"", ""session_index"": 25, ""signal_type"": ""support"", ""recipe_title"": ""Dipping Sauce"", ""user"": ""I'm making Dipping Sauce, and I'd like the creamy sauce texture we usually go for—the kind that drizzles in a thin ribbon instead of sitting thick."", ""assistant"": ""Yes. Mix the sauce as written, then loosen it gradually with tiny splashes of water, broth, citrus juice, vinegar, milk, or cooking water until it drops from a spoon in a slim r...""}, {""session_id"": ""food_user_0003_s0060"", ""session_index"": 60, ""signal_type"": ""support"", ""recipe_title"": ""Dilly Chicken and Potatoes"", ""user"": ""When we make Dilly Chicken and Potatoes, can you steer the creamy sauce toward that narrow ribbon pour I like?"", ""assistant"": ""Yes. Keep the recipe base the same, and once the half-and-half is stirred into the drippings, loosen it only if needed with water, broth, citrus juice, vinegar, milk, or cooking...""}, {""session_id"": ""food_user_0003_s0079"", ""session_index"": 79, ""signal_type"": ""support"", ""recipe_title"": ""Cinnamon Sugar Cookies 2"", ""user"": ""For Cinnamon Sugar Cookies 2, can you loosen the mixture so it leaves only a thin coating instead of sitting heavy?"", ""assistant"": ""Yes. If the mixture needs thinning, add a liquid in tiny splashes and stir between each one. For these cookies, milk or water is the best fit; in other dishes the same light-coa...""}]",pass,,
review_food_user_0003_habit_06_creamy_sauce_thickness_p00_direct_use__food_v03_explicit_retrieval,food_v03_probe_a8bbc1e248ac10d3,food_user_0003_habit_06_creamy_sauce_thickness_p00_direct_use__food_v03_explicit_retrieval,food_user_0003,test,explicit_retrieval,content_constraints,creamy_sauce_thickness,original_food_v03,"In the user's historical cooking sessions involving creamy sauces, dips, dressings, pasta sauces, or peanut sauces, which behavior did the user show?","[{""choice_id"": ""A"", ""text"": ""Thin the creamy sauce until it falls from a spoon in a narrow ribbon.""}, {""choice_id"": ""B"", ""text"": ""Keep the sauce slightly thicker and swirl a small amount of oil or water across the top.""}, {""choice_id"": ""C"", ""text"": ""Keep the creamy sauce thick enough to mound on the spoon.""}, {""choice_id"": ""D"", ""text"": ""Keep the sauce thick and spread it in a thin layer on the bread or wrap.""}]",A,explicit_fact_preference_retrieval,"[{""session_id"": ""food_user_0003_s0020"", ""session_index"": 20, ""signal_type"": ""support"", ""recipe_title"": ""Eggnog II"", ""user"": ""When we make Eggnog II today, can we keep it at that light ribbon pour I like, rather than letting it get thick and heavy?"", ""assistant"": ""Yes. For this eggnog, cook it only until it coats a metal spoon, then if it feels too dense, loosen it with milk in tiny splashes while stirring until it falls back in a narrow...""}, {""session_id"": ""food_user_0003_s0025"", ""session_index"": 25, ""signal_type"": ""support"", ""recipe_title"": ""Dipping Sauce"", ""user"": ""I'm making Dipping Sauce, and I'd like the creamy sauce texture we usually go for—the kind that drizzles in a thin ribbon instead of sitting thick."", ""assistant"": ""Yes. Mix the sauce as written, then loosen it gradually with tiny splashes of water, broth, citrus juice, vinegar, milk, or cooking water until it drops from a spoon in a slim r...""}, {""session_id"": ""food_user_0003_s0060"", ""session_index"": 60, ""signal_type"": ""support"", ""recipe_title"": ""Dilly Chicken and Potatoes"", ""user"": ""When we make Dilly Chicken and Potatoes, can you steer the creamy sauce toward that narrow ribbon pour I like?"", ""assistant"": ""Yes. Keep the recipe base the same, and once the half-and-half is stirred into the drippings, loosen it only if needed with water, broth, citrus juice, vinegar, milk, or cooking...""}, {""session_id"": ""food_user_0003_s0079"", ""session_index"": 79, ""signal_type"": ""support"", ""recipe_title"": ""Cinnamon Sugar Cookies 2"", ""user"": ""For Cinnamon Sugar Cookies 2, can you loosen the mixture so it leaves only a thin coating instead of sitting heavy?"", ""assistant"": ""Yes. If the mixture needs thinning, add a liquid in tiny splashes and stir between each one. For these cookies, milk or water is the best fit; in other dishes the same light-coa...""}]",pass,,
review_food_user_0004_habit_00_sauce_marking_style_p00_direct_use__food_v03_explicit_retrieval,food_v03_probe_d052ceccd1f4348e,food_user_0004_habit_00_sauce_marking_style_p00_direct_use__food_v03_explicit_retrieval,food_user_0004,test,explicit_retrieval,content_constraints,sauce_marking_style,original_food_v03,"In the user's historical cooking sessions involving dishes with sauces, dressings, glazes, drizzles, toppings, or finishing condiments, which behavior did the user show?","[{""choice_id"": ""A"", ""text"": ""Add the sauce as two thin lines across the top and leave extra sauce nearby.""}, {""choice_id"": ""B"", ""text"": ""Put the sauce in two small pools on opposite sides of the bowl.""}, {""choice_id"": ""C"", ""text"": ""Coat the whole dish evenly with the sauce before serving.""}, {""choice_id"": ""D"", ""text"": ""Mix a small amount of sauce into the center and leave the edges mostly plain.""}]",A,explicit_fact_preference_retrieval,"[{""session_id"": ""food_user_0004_s0028"", ""session_index"": 28, ""signal_type"": ""support"", ""recipe_title"": ""Glazed Ham"", ""user"": ""For the Glazed Ham, can you stripe the sauce like we've done before instead of coating the whole top?"", ""assistant"": ""Yes. I'll keep the glaze controlled: two narrow lines of sauce across the serving portion, with the extra honey-brown sugar sauce on the side so the ham isn't completely covered.""}, {""session_id"": ""food_user_0004_s0032"", ""session_index"": 32, ""signal_type"": ""support"", ""recipe_title"": ""Baked Fish and Rice 2"", ""user"": ""I'm making Baked Fish and Rice 2, and I'd like the serving kept mostly uncovered rather than coated all over."", ""assistant"": ""Got it. For the plate, I'll guide you to add just 2 narrow sauce ribbons across the main portion, with the rest set on the side so the fish and rice stay visible.""}, {""session_id"": ""food_user_0004_s0033"", ""session_index"": 33, ""signal_type"": ""support"", ""recipe_title"": ""Chicken Pot Pie II 2"", ""user"": ""For Chicken Pot Pie II 2, can you set up the sauce like we usually do on the plate?"", ""assistant"": ""Yes. For the serving, I'll keep the sauce to two narrow lines over the main portion, with the remaining sauce on the side so the pot pie doesn't get covered.""}, {""session_id"": ""food_user_0004_s0046"", ""session_index"": 46, ""signal_type"": ""support"", ""recipe_title"": ""Absolutely Awesome BBQ Sauce"", ""user"": ""Can you set up Absolutely Awesome BBQ Sauce with my two narrow drizzles for serving?"", ""assistant"": ""Yes. Make the sauce as written, then serve the main plate with 2 slim lines of BBQ sauce and leave the rest in a small bowl on the side so it does not cover everything.""}]",pass,,
review_food_user_0004_habit_00_sauce_marking_style_p01_boundary__food_v03__unseen_paraphrase,food_v03_probe_b1d9edd37479f291,food_user_0004_habit_00_sauce_marking_style_p01_boundary__food_v03__unseen_paraphrase,food_user_0004,test,boundary,content_constraints,sauce_marking_style,unseen_paraphrase,For this requested context: starch-based composed servings with pourable accents and finishing extras. Which option fits?,"[{""choice_id"": ""A"", ""text"": ""Add the sauce as two thin lines across the top and leave extra sauce nearby.""}, {""choice_id"": ""B"", ""text"": ""Put the sauce in two small pools on opposite sides of the serving vessel.""}, {""choice_id"": ""C"", ""text"": ""Coat the whole dish evenly with the sauce before serving.""}, {""choice_id"": ""D"", ""text"": ""Mix a small amount of sauce into the center and leave the edges mostly plain.""}]",B,do_not_overapply_content_constraint,"[{""session_id"": ""food_user_0004_s0048"", ""session_index"": 48, ""signal_type"": ""boundary_counterexample"", ""recipe_title"": ""Beet and Pear Puree"", ""user"": ""Tonight I'm turning Beet and Pear Puree into a rice/grain bowl, and I'll have a sauce or drizzle for serving. Where should that sauce go in the bowl?"", ""assistant"": ""Spoon it into 2 small pools set across from each other on opposite sides of the bowl.""}]",pass,,
review_food_user_0004_habit_01_briny_accent_form_p01_boundary__food_v03__unseen_paraphrase,food_v03_probe_c6f2e6f22827ae95,food_user_0004_habit_01_briny_accent_form_p01_boundary__food_v03__unseen_paraphrase,food_user_0004,test,boundary,content_constraints,briny_accent_form,unseen_paraphrase,"For this requested context: shared-format servings with hearty filled items, composed servings, tossed mixes or velvety preparations. Which option fits?","[{""choice_id"": ""A"", ""text"": ""Use only a little accent liquid and leave the solid pieces out.""}, {""choice_id"": ""B"", ""text"": ""Use small separate clusters around the outer edge.""}, {""choice_id"": ""C"", ""text"": ""Use larger pieces and keep them visible over the surface.""}, {""choice_id"": ""D"", ""text"": ""Use tiny pieces and work them into the soft base.""}]",B,do_not_overapply_content_constraint,"[{""session_id"": ""food_user_0004_s0102"", ""session_index"": 102, ""signal_type"": ""boundary_counterexample"", ""recipe_title"": ""E Z Cheezy Pie"", ""user"": ""I'm serving E Z Cheezy Pie on a shared platter with rich sandwiches, burgers, bowls, salads, and creamy sides. Where should the briny ingredient go for this setup?"", ""assistant"": ""Set the briny bites in small separate mounds around the outside edge of the platter.""}]",pass,,
review_food_user_0004_habit_04_crumb_topping_moment_p01_boundary__food_v03,food_v03_probe_89655db4e9b96254,food_user_0004_habit_04_crumb_topping_moment_p01_boundary__food_v03,food_user_0004,test,boundary,content_constraints,crumb_topping_moment,original_food_v03,"I'm making this recipe as individual ramekins with crumbs, streusel, or a crisp topping. When should I add the topping?","[{""choice_id"": ""A"", ""text"": ""Add the topping at the start and cover the small baking dishes loosely for the first half.""}, {""choice_id"": ""B"", ""text"": ""Add the crumb, streusel, or crisp topping during the final third of cooking.""}, {""choice_id"": ""C"", ""text"": ""Hold the topping separately and add it just before reheating or serving.""}, {""choice_id"": ""D"", ""text"": ""Add the crumb, streusel, or crisp topping at the start.""}]",A,do_not_overapply_content_constraint,"[{""session_id"": ""food_user_0004_s0055"", ""session_index"": 55, ""signal_type"": ""boundary_counterexample"", ""recipe_title"": ""Grand Marnier Chicken"", ""user"": ""I'm doing Grand Marnier Chicken tonight in little ramekins, and I want a crumb, streusel, or crisp-style top on each one. Does that go on right away or later?"", ""assistant"": ""Put the topping on at the beginning, then keep the ramekins loosely covered for the first half of the cooking time.""}]",pass,,
review_food_user_0005_habit_00_crumb_topping_moment_p00_direct_use__food_v03_explicit_retrieval,food_v03_probe_c750c2d6a6e15ee5,food_user_0005_habit_00_crumb_topping_moment_p00_direct_use__food_v03_explicit_retrieval,food_user_0005,test,explicit_retrieval,content_constraints,crumb_topping_moment,original_food_v03,"In the user's historical cooking sessions involving baked, roasted, casserole, pasta, vegetable, or dessert dishes with crumbs, streusel, or crisp topping, which behavior did the user show?","[{""choice_id"": ""A"", ""text"": ""Hold the topping separately and add it just before reheating or serving.""}, {""choice_id"": ""B"", ""text"": ""Add the crumb, streusel, or crisp topping at the start.""}, {""choice_id"": ""C"", ""text"": ""Add the crumb, streusel, or crisp topping during the final third of cooking.""}, {""choice_id"": ""D"", ""text"": ""Add the topping at the start and cover the ramekins loosely for the first half.""}]",C,explicit_fact_preference_retrieval,"[{""session_id"": ""food_user_0005_s0015"", ""session_index"": 15, ""signal_type"": ""support"", ""recipe_title"": ""Fried Chicken Tenders"", ""user"": ""I'm making Fried Chicken Tenders today. Can we handle the breadcrumb coating with our last-third timing again so it doesn't sit on too early?"", ""assistant"": ""Yes. We'll keep the Italian-style seasoned bread crumbs off to the side until the last third of the process, so the coating stays distinct and can pick up just enough color when...""}, {""session_id"": ""food_user_0005_s0020"", ""session_index"": 20, ""signal_type"": ""support"", ""recipe_title"": ""Candy Bar Squares"", ""user"": ""For Candy Bar Squares, use my late-add approach for any crumb or streusel-style topping the recipe includes."", ""assistant"": ""Sure. If there are candy crumbs, a crisp layer, or streusel for the top, we'll leave that off until the last third of baking so it keeps its own texture and only lightly browns.""}, {""session_id"": ""food_user_0005_s0031"", ""session_index"": 31, ""signal_type"": ""support"", ""recipe_title"": ""Chocolate Cream Dessert"", ""user"": ""For Chocolate Cream Dessert, please use my late-crumb approach if there's any crumb or streusel part to add."", ""assistant"": ""Sure. For any separate crumb, crisp topping, or streusel, I'll keep it off until the last third of the bake so it stays distinct and only lightly colors. For the recipe as writt...""}, {""session_id"": ""food_user_0005_s0047"", ""session_index"": 47, ""signal_type"": ""support"", ""recipe_title"": ""Baked Salmon with Herbs"", ""user"": ""I'm making Baked Salmon with Herbs, and I'd like to add the crumb topping late like we usually do—around the last third of the bake."", ""assistant"": ""Sure. We'll prep the herb crumb mixture now, but keep it off the salmon at the start so the topping stays distinct and only browns during the final third of cooking.""}]",pass,,
review_food_user_0005_habit_06_sauce_marking_style_p00_direct_use__food_v03__unseen_paraphrase,food_v03_probe_da955e2cf3b28a16,food_user_0005_habit_06_sauce_marking_style_p00_direct_use__food_v03__unseen_paraphrase,food_user_0005,test,direct_use,content_constraints,sauce_marking_style,unseen_paraphrase,For a new cooking request in this setting: food involving pourable accents and finishing extras. Which option fits?,"[{""choice_id"": ""A"", ""text"": ""Mix a small amount of sauce into the center and leave the edges mostly plain.""}, {""choice_id"": ""B"", ""text"": ""Add the sauce as two thin lines across the top and leave extra sauce nearby.""}, {""choice_id"": ""C"", ""text"": ""Coat the whole dish evenly with the sauce before serving.""}, {""choice_id"": ""D"", ""text"": ""Put the sauce in two small pools on opposite sides of the bowl.""}]",B,apply_scoped_content_constraint,"[{""session_id"": ""food_user_0005_s0016"", ""session_index"": 16, ""signal_type"": ""support"", ""recipe_title"": ""Baked Apple Oatmeal"", ""user"": ""I'm making Baked Apple Oatmeal, and I'd like the topping kept light rather than spread over the entire casserole."", ""assistant"": ""Sure. We'll keep the oatmeal itself true to the recipe, and when serving, I'll drizzle just 2 narrow lines of sauce over the main portion with any extra on the side so it doesn'...""}, {""session_id"": ""food_user_0005_s0036"", ""session_index"": 36, ""signal_type"": ""support"", ""recipe_title"": ""Baked Pork Chops Low Fat Version"", ""user"": ""For Baked Pork Chops Low Fat Version, can we handle the sauce like before—more of an accent than a coating?"", ""assistant"": ""Yes. I'll keep the pork chops the focus: add 2 narrow streaks of sauce on the serving plate, then put any extra sauce in a small dish on the side so it doesn't cover the breaded...""}, {""session_id"": ""food_user_0005_s0037"", ""session_index"": 37, ""signal_type"": ""support"", ""recipe_title"": ""Cheesy Cheddar Potato Boats"", ""user"": ""When we make Cheesy Cheddar Potato Boats, can we avoid covering every potato skin with Ranch? I want the flavor, just not a full coating over the whole dish."", ""assistant"": ""Yes. For the main serving, I'll keep the Ranch to 2 narrow lines and put any extra from the 1/3 cup in a small bowl on the side, so the potatoes stay more lightly dressed.""}, {""session_id"": ""food_user_0005_s0043"", ""session_index"": 43, ""signal_type"": ""support"", ""recipe_title"": ""Chocolate Covered Banana Pie"", ""user"": ""For the Chocolate Covered Banana Pie, can you set it up with the sauce like our last version?"", ""assistant"": ""Yes. I'll plate the main serving with 2 narrow drizzles of sauce, and any extra sauce can stay on the side so the pie doesn't get covered all over.""}]",pass,,
review_food_user_0006_habit_00_soup_garnish_geometry_p01_boundary__food_v03__unseen_paraphrase,food_v03_probe_160beebc2d2fc1be,food_user_0006_habit_00_soup_garnish_geometry_p01_boundary__food_v03__unseen_paraphrase,food_user_0006,test,boundary,content_constraints,soup_garnish_geometry,unseen_paraphrase,"For this requested context: small-vessel servings with liquid-forward, bean-based or simmered servings. Which option fits?","[{""choice_id"": ""A"", ""text"": ""Use one tender element as a compact interior mark and set the brittle element in a curved side mark.""}, {""choice_id"": ""B"", ""text"": ""Use one tender element as a small side mark and place the brittle element beside the serving.""}, {""choice_id"": ""C"", ""text"": ""Use the two finishing elements as separate late additions.""}, {""choice_id"": ""D"", ""text"": ""Use both finishing elements as an even surface scatter.""}]",B,do_not_overapply_content_constraint,"[{""session_id"": ""food_user_0006_s0055"", ""session_index"": 55, ""signal_type"": ""boundary_counterexample"", ""recipe_title"": ""Drunken Fruit Salsa"", ""user"": ""I'm serving Drunken Fruit Salsa in a mug alongside a brothy bowl tonight, so I don't want a crunchy topping sinking into it. What's the best way to finish the cup?"", ""assistant"": ""Add just a small soft garnish on the surface, and serve anything crisp separately on the side.""}]",pass,,
review_food_user_0006_habit_00_soup_garnish_geometry_p02_exception__food_v03,food_v03_probe_e1839f30dd895acf,food_user_0006_habit_00_soup_garnish_geometry_p02_exception__food_v03,food_user_0006,test,exception,content_constraints,soup_garnish_geometry,original_food_v03,"I'm making this recipe as a packed soup, stew, bean dish, or brothy bowl. How should I finish it?","[{""choice_id"": ""A"", ""text"": ""Use one tender element as a compact interior mark and set the brittle element in a curved side mark.""}, {""choice_id"": ""B"", ""text"": ""Use one tender element as a small side mark and place the brittle element beside the serving.""}, {""choice_id"": ""C"", ""text"": ""Use the two finishing elements as separate late additions.""}, {""choice_id"": ""D"", ""text"": ""Use both finishing elements as an even surface scatter.""}]",C,apply_user_scoped_exception,"[{""session_id"": ""food_user_0006_s0103"", ""session_index"": 103, ""signal_type"": ""exception"", ""recipe_title"": ""Fresh Apple Salsa"", ""user"": ""I'm using Fresh Apple Salsa with a packed brothy bowl today, so it'll be reheated later. What's the best way to handle the finishing bits just for this meal?"", ""assistant"": ""Keep the two garnishes in separate little containers, then add them only after the bowl has been reheated.""}]",pass,,
review_food_user_0006_habit_02_raw_veg_cut_pattern_p02_exception__food_v03__unseen_paraphrase,food_v03_probe_4e9a81f8c97a94db,food_user_0006_habit_02_raw_veg_cut_pattern_p02_exception__food_v03__unseen_paraphrase,food_user_0006,test,exception,content_constraints,raw_veg_cut_pattern,unseen_paraphrase,For this requested context: advance-prepped covered servings using brittle uncooked plant item add-ins. Which option fits?,"[{""choice_id"": ""A"", ""text"": ""Use slim pieces and place them in two loose side groups.""}, {""choice_id"": ""B"", ""text"": ""Use medium irregular pieces and keep them in one visible layer.""}, {""choice_id"": ""C"", ""text"": ""Use small uneven pieces and work them through the serving.""}, {""choice_id"": ""D"", ""text"": ""Use larger irregular pieces and keep them visible over the surface.""}]",B,apply_user_scoped_exception,"[{""session_id"": ""food_user_0006_s0085"", ""session_index"": 85, ""signal_type"": ""exception"", ""recipe_title"": ""Caramel Chocolate Corn"", ""user"": ""I'm making Caramel Chocolate Corn for a make-ahead container that will also have raw cucumber, onion, carrot, pepper, or radish. For this batch, what cut works best for the vegetables?"", ""assistant"": ""For this container, cut the raw vegetables into medium-size pieces and pack them as their own separate layer.""}]",pass,,
review_food_user_0006_habit_03_soft_herb_cut_style_p00_direct_use__food_v03_explicit_retrieval,food_v03_probe_b21a00747e7539d3,food_user_0006_habit_03_soft_herb_cut_style_p00_direct_use__food_v03_explicit_retrieval,food_user_0006,test,explicit_retrieval,content_constraints,soft_herb_cut_style,original_food_v03,"In the user's historical cooking sessions involving casual savory dishes with optional cilantro, parsley, basil, mint, or scallions, which behavior did the user show?","[{""choice_id"": ""A"", ""text"": ""Leave the soft herbs in large loose leaves across the top.""}, {""choice_id"": ""B"", ""text"": ""Keep the soft herbs in larger leaves and place them in a small pile at one edge of the bowl.""}, {""choice_id"": ""C"", ""text"": ""Pack the soft herbs in a separate small container and add them after opening the lunch.""}, {""choice_id"": ""D"", ""text"": ""Chop the soft herbs finely, fold half into the warm food, and scatter the rest at the end.""}]",D,explicit_fact_preference_retrieval,"[{""session_id"": ""food_user_0006_s0034"", ""session_index"": 34, ""signal_type"": ""support"", ""recipe_title"": ""Garden Party Salad"", ""user"": ""I'm making Garden Party Salad, and I'd like the parsley and any tender herbs mixed into the salad rather than left as a leafy pile on top."", ""assistant"": ""Sure. Mince the tender herbs finely, fold some through the chicken mixture right before it's dressed, and save a small pinch to brighten the finished bowl.""}, {""session_id"": ""food_user_0006_s0049"", ""session_index"": 49, ""signal_type"": ""support"", ""recipe_title"": ""Badische Schupfnudeln Potato Noodles"", ""user"": ""I'm making Badische Schupfnudeln Potato Noodles, and I'd like the parsley mixed through the potatoes rather than left only on top."", ""assistant"": ""Sure. Keep the parsley finely chopped: fold most of the 1 tablespoon chopped fresh parsley into the potato mixture once it's ready to handle, and save a small pinch to sprinkle...""}, {""session_id"": ""food_user_0006_s0052"", ""session_index"": 52, ""signal_type"": ""support"", ""recipe_title"": ""Chicken Eileen"", ""user"": ""For Chicken Eileen, can you use my tiny chopped herb style again instead of leaving leafy pieces?"", ""assistant"": ""Yes. Keep any tender herbs finely cut, mix a little into the stuffing after it is prepared, and save a small fresh pinch to sprinkle over the chicken at the end. For the base re...""}, {""session_id"": ""food_user_0006_s0077"", ""session_index"": 77, ""signal_type"": ""support"", ""recipe_title"": ""Chicken Tortellini Soup With Zucchini and Tomatoes"", ""user"": ""For Chicken Tortellini Soup With Zucchini and Tomatoes, can we use that very fine herb chop you did before?"", ""assistant"": ""Yes. Keep the recipe's 1 tsp. dried basil for the soup, and if you're adding tender fresh herbs, mince them small so some can go in near the end and the rest can be sprinkled fr...""}]",pass,,
review_food_user_0006_habit_04_browning_distribution_style_p00_direct_use__food_v03__unseen_paraphrase,food_v03_probe_94ba5642c56eba7b,food_user_0006_habit_04_browning_distribution_style_p00_direct_use__food_v03__unseen_paraphrase,food_user_0006,test,direct_use,content_constraints,browning_distribution_style,unseen_paraphrase,"For a new cooking request in this setting: browned tuber, soy curd, plant item, oven-finished, oven-browned or pan-cooked preparations. Which option fits?","[{""choice_id"": ""A"", ""text"": ""Create one noticeably darker side and keep the remaining surfaces lighter.""}, {""choice_id"": ""B"", ""text"": ""Chop the browned pieces smaller and mix the darker bits through the filling.""}, {""choice_id"": ""C"", ""text"": ""Aim for smaller browned freckles across many pieces rather than one dark side.""}, {""choice_id"": ""D"", ""text"": ""Move the food often for moderate color on all sides.""}]",A,apply_scoped_content_constraint,"[{""session_id"": ""food_user_0006_s0028"", ""session_index"": 28, ""signal_type"": ""support"", ""recipe_title"": ""Basic Chicken Stock"", ""user"": ""For Basic Chicken Stock, I want the pieces to pick up deeper color on just one side instead of browning evenly."", ""assistant"": ""Sure—set the chicken parts and vegetables in the pot so they can sit undisturbed at the start, letting the contact side take on more color, then keep the rest gentler before you...""}, {""session_id"": ""food_user_0006_s0043"", ""session_index"": 43, ""signal_type"": ""support"", ""recipe_title"": ""Dads BBQ Roast"", ""user"": ""For Dads BBQ Roast, can we set it up so one side ends up with a deeper color than the rest?"", ""assistant"": ""Yes. Once the mustard-onion coating is on, keep one broad side of the roast facing the strongest heat or contact point a little longer, then handle the rest more gently so the u...""}, {""session_id"": ""food_user_0006_s0047"", ""session_index"": 47, ""signal_type"": ""support"", ""recipe_title"": ""Black Bean Lasagna Rolls"", ""user"": ""For the Black Bean Lasagna Rolls, can we do my darker-on-one-side finish again instead of making them evenly colored?"", ""assistant"": ""Yes. After the rolls are assembled and ready to warm, let one side stay against the hot pan or dish long enough to pick up deeper color, then ease off the heat so the rest stays...""}, {""session_id"": ""food_user_0006_s0062"", ""session_index"": 62, ""signal_type"": ""support"", ""recipe_title"": ""Armadillo Eggs"", ""user"": ""When we make Armadillo Eggs today, can we keep the browning a little lopsided instead of trying for an even color all over?"", ""assistant"": ""Yes. Once they're assembled and baking, let them sit still long enough for one side to deepen in color, then handle the rest more gently so the uneven browning looks intentional.""}]",pass,,
review_food_user_0006_habit_04_browning_distribution_style_p01_boundary__food_v03,food_v03_probe_ef8f3a1230016969,food_user_0006_habit_04_browning_distribution_style_p01_boundary__food_v03,food_user_0006,test,boundary,content_constraints,browning_distribution_style,original_food_v03,I'm making this recipe as a sheet-pan vegetable dish. How should I manage the browning?,"[{""choice_id"": ""A"", ""text"": ""Aim for smaller browned freckles across many pieces rather than one dark side.""}, {""choice_id"": ""B"", ""text"": ""Chop the browned pieces smaller and mix the darker bits through the filling.""}, {""choice_id"": ""C"", ""text"": ""Create one noticeably darker side and keep the remaining surfaces lighter.""}, {""choice_id"": ""D"", ""text"": ""Move the food often for moderate color on all sides.""}]",A,do_not_overapply_content_constraint,"[{""session_id"": ""food_user_0006_s0071"", ""session_index"": 71, ""signal_type"": ""boundary_counterexample"", ""recipe_title"": ""Cupids Cookies"", ""user"": ""For today, I'm treating Cupids Cookies like a sheet-pan vegetable bake—what's the best way to handle browning?"", ""assistant"": ""Let the color develop as lots of little browned spots spread around the pan, rather than pushing for a single deeply browned surface.""}]",pass,,
review_food_user_0006_habit_04_browning_distribution_style_p01_boundary__food_v03__unseen_paraphrase,food_v03_probe_71b8fc2ac0e1d5fc,food_user_0006_habit_04_browning_distribution_style_p01_boundary__food_v03__unseen_paraphrase,food_user_0006,test,boundary,content_constraints,browning_distribution_style,unseen_paraphrase,For this requested context: wide-pan plant item preparations. Which option fits?,"[{""choice_id"": ""A"", ""text"": ""Aim for smaller browned freckles across many pieces rather than one dark side.""}, {""choice_id"": ""B"", ""text"": ""Chop the browned pieces smaller and mix the darker bits through the filling.""}, {""choice_id"": ""C"", ""text"": ""Create one noticeably darker side and keep the remaining surfaces lighter.""}, {""choice_id"": ""D"", ""text"": ""Move the food often for moderate color on all sides.""}]",A,do_not_overapply_content_constraint,"[{""session_id"": ""food_user_0006_s0071"", ""session_index"": 71, ""signal_type"": ""boundary_counterexample"", ""recipe_title"": ""Cupids Cookies"", ""user"": ""For today, I'm treating Cupids Cookies like a sheet-pan vegetable bake—what's the best way to handle browning?"", ""assistant"": ""Let the color develop as lots of little browned spots spread around the pan, rather than pushing for a single deeply browned surface.""}]",pass,,
review_food_user_0006_habit_05_allium_timing_shape_p00_direct_use__food_v03,food_v03_probe_89d8dd15987ef52e,food_user_0006_habit_05_allium_timing_shape_p00_direct_use__food_v03,food_user_0006,test,direct_use,content_constraints,allium_timing_shape,original_food_v03,"I'm making a savory recipe with onion, garlic, scallion, leek, or shallot before liquid. How should I handle the allium?","[{""choice_id"": ""A"", ""text"": ""Dice the allium very small and rinse it briefly before adding it.""}, {""choice_id"": ""B"", ""text"": ""Slice the allium thinly and soften it before adding the liquid.""}, {""choice_id"": ""C"", ""text"": ""Cut the allium in two shapes and add both shapes at the end.""}, {""choice_id"": ""D"", ""text"": ""Dice the allium and add it with the liquid.""}]",B,apply_scoped_content_constraint,"[{""session_id"": ""food_user_0006_s0026"", ""session_index"": 26, ""signal_type"": ""support"", ""recipe_title"": ""Gingery Fish Kabobs"", ""user"": ""For Gingery Fish Kabobs, can we handle the onion-family aromatics my way—thin-cut and softened before the sauce liquids go in?"", ""assistant"": ""Yes. For the onion, garlic, scallion, leek, or shallot piece, cut it thin and let it gently soften in the small saucepan before you add the pineapple-juice mixture. We'll keep t...""}, {""session_id"": ""food_user_0006_s0044"", ""session_index"": 44, ""signal_type"": ""support"", ""recipe_title"": ""Country Fried Chicken"", ""user"": ""For Country Fried Chicken, can you use my gentler sliced onion or garlic approach instead of leaving the aromatics sharp?"", ""assistant"": ""Yes. I'll keep the aromatic mellow: slice onion, garlic, scallion, leek, or shallot very thin, soften it gently, and add it before the wet mixture is worked in so it stays calm...""}, {""session_id"": ""food_user_0006_s0050"", ""session_index"": 50, ""signal_type"": ""support"", ""recipe_title"": ""1 Pot 3 Bean Chicken Stew"", ""user"": ""For 1 Pot 3 Bean Chicken Stew, can we use the gentler thin-sliced allium approach instead of a sharper chopped onion bite?"", ""assistant"": ""Yes. For the 1 large yellow onion, cut it into thin slices and let it mellow in the pot before any broth or other liquid goes in. If you were using garlic, scallion, leek, or sh...""}, {""session_id"": ""food_user_0006_s0065"", ""session_index"": 65, ""signal_type"": ""support"", ""recipe_title"": ""Bocconcini Salad"", ""user"": ""When we make Bocconcini Salad, can we start with that thin allium move I like before building the bowl?"", ""assistant"": ""Yes. Thinly cut a mild allium, such as shallot, scallion, garlic, leek, or onion, and let it soften before any dressing or other liquid is added. Then we'll keep the salad itsel...""}]",pass,,
review_food_user_0006_habit_06_briny_accent_form_p00_direct_use__food_v03__unseen_paraphrase,food_v03_probe_12869c4abb29035e,food_user_0006_habit_06_briny_accent_form_p00_direct_use__food_v03__unseen_paraphrase,food_user_0006,test,direct_use,content_constraints,briny_accent_form,unseen_paraphrase,"For a new cooking request in this setting: hearty filled items, composed servings, tossed mixes or velvety preparations using salty-acid add-ins. Which option fits?","[{""choice_id"": ""A"", ""text"": ""Use small separate clusters around the outer edge.""}, {""choice_id"": ""B"", ""text"": ""Use only a little accent liquid and leave the solid pieces out.""}, {""choice_id"": ""C"", ""text"": ""Use larger pieces and keep them visible over the surface.""}, {""choice_id"": ""D"", ""text"": ""Use tiny pieces and work them into the soft base.""}]",D,apply_scoped_content_constraint,"[{""session_id"": ""food_user_0006_s0016"", ""session_index"": 16, ""signal_type"": ""support"", ""recipe_title"": ""Almond Apricot Bread"", ""user"": ""For Almond Apricot Bread, can I work in that tiny briny bite—like a little pickle, caper, olive, or pepperoncini—without throwing off the loaf?"", ""assistant"": ""Yes. Keep it very small: finely mince a small amount of pickle, caper, olive, or pepperoncini and stir it into the wet mixture with the egg, milk, oil, extract, and apricot baby...""}, {""session_id"": ""food_user_0006_s0032"", ""session_index"": 32, ""signal_type"": ""support"", ""recipe_title"": ""Chicken Tortilla Soup IV"", ""user"": ""For Chicken Tortilla Soup IV, can we work the briny pickle-style ingredient in finely so I don't get noticeable pieces?"", ""assistant"": ""Yes. Keep the soup approach: chop any pickle, caper, olive, or pepperoncini very fine, then stir it into the broth base with the cumin so it reads as little bright bursts rather...""}, {""session_id"": ""food_user_0006_s0048"", ""session_index"": 48, ""signal_type"": ""support"", ""recipe_title"": ""Arroz con Pollo II"", ""user"": ""For Arroz con Pollo II, could we fold in that tiny briny mince—like capers or pickle—so it pops up in little bites?"", ""assistant"": ""Yes. Finely chop a small spoonful of capers, pickle, olive, or pepperoncini and stir it into the tomato-sauce mixture after the onions, garlic, and green bell pepper soften. It...""}, {""session_id"": ""food_user_0006_s0053"", ""session_index"": 53, ""signal_type"": ""support"", ""recipe_title"": ""Eileens Spicy Gingerbread Men"", ""user"": ""With Eileens Spicy Gingerbread Men, can we use my usual briny accent—pickle, capers, olives, or pepperoncini chopped into tiny pieces so the bites stay subtle?"", ""assistant"": ""Yes. For this dough, mince whichever briny piece you're using very finely, then fold a small amount into the molasses mixture after the egg yolk so it's dotted through the rich...""}]",pass,,
review_food_user_0007_habit_00_salad_dressing_layout_p00_direct_use__food_v03,food_v03_probe_5ce87478e7e12b5d,food_user_0007_habit_00_salad_dressing_layout_p00_direct_use__food_v03,food_user_0007,test,direct_use,content_constraints,salad_dressing_layout,original_food_v03,"I'm making a salad, slaw, bowl, or vegetable side with dressing or vinaigrette. How should I dress it?","[{""choice_id"": ""A"", ""text"": ""Dress the grains in two rounds, once while warm and once right before serving.""}, {""choice_id"": ""B"", ""text"": ""Toss lightly and leave a small streak of dressing along one side of the serving dish.""}, {""choice_id"": ""C"", ""text"": ""Dress the salad evenly until every piece is coated.""}, {""choice_id"": ""D"", ""text"": ""Spoon the dressing underneath the greens and leave the top mostly dry.""}]",B,apply_scoped_content_constraint,"[{""session_id"": ""food_user_0007_s0037"", ""session_index"": 37, ""signal_type"": ""support"", ""recipe_title"": ""Applesauce Bread I"", ""user"": ""For Applesauce Bread I, please don't drown it—go with my light toss and a little dressing kept to the side."", ""assistant"": ""Got it. I'll keep that approach: coat things lightly rather than soaking them, and leave a small bit of extra dressing along the side so the bread can stay the focus.""}, {""session_id"": ""food_user_0007_s0046"", ""session_index"": 46, ""signal_type"": ""support"", ""recipe_title"": ""Chocolate Cream Dessert"", ""user"": ""When we make Chocolate Cream Dessert, can you use my light dressing style with a narrow streak on the side?"", ""assistant"": ""Yes. I'll keep the dressing very light and place a slim extra streak along one side when it's served. For the dessert base, we'll start with the crust and keep the Chocolate Cre...""}, {""session_id"": ""food_user_0007_s0058"", ""session_index"": 58, ""signal_type"": ""support"", ""recipe_title"": ""Crabby Cliffs Mushroom Puffs"", ""user"": ""For Crabby Cliffs Mushroom Puffs, please don't drown the greens—keep it to a light toss with the extra dressing on the side."", ""assistant"": ""Got it. We'll cook the mushroom mixture as written, and when you plate the salad, coat it only lightly and put a narrow swipe of extra dressing along the edge for anyone who wan...""}, {""session_id"": ""food_user_0007_s0059"", ""session_index"": 59, ""signal_type"": ""support"", ""recipe_title"": ""Cucumber Sandwiches"", ""user"": ""When we make Cucumber Sandwiches, can you keep the ranch mixture a little uneven the way I like it?"", ""assistant"": ""Yes. I'll keep the recipe intact, but when the cream cheese and ranch mix are combined, spread most slices lightly and leave a slightly richer swipe toward one edge instead of m...""}]",pass,,
review_food_user_0008_habit_00_garnish_selection_rule_p02_exception__food_v03__unseen_paraphrase,food_v03_probe_66359432eaff8cf3,food_user_0008_habit_00_garnish_selection_rule_p02_exception__food_v03__unseen_paraphrase,food_user_0008,test,exception,content_constraints,garnish_selection_rule,unseen_paraphrase,For this requested context: shared-format servings using available final accents. Which option fits?,"[{""choice_id"": ""A"", ""text"": ""Use one garnish only and place it off-center.""}, {""choice_id"": ""B"", ""text"": ""Use every garnish listed in the recipe.""}, {""choice_id"": ""C"", ""text"": ""Use three small garnish clusters spaced around the serving surface.""}, {""choice_id"": ""D"", ""text"": ""Use exactly one garnish with flavor and one garnish with texture.""}]",C,apply_user_scoped_exception,"[{""session_id"": ""food_user_0008_s0110"", ""session_index"": 110, ""signal_type"": ""exception"", ""recipe_title"": ""Fried Beef Ribs"", ""user"": ""Tonight I'm serving Fried Beef Ribs family-style on one big platter, so I want a little decorative garnish moment for this serving. What would you do at the end?"", ""assistant"": ""Make 3 modest garnish groupings around the platter so it looks intentional without covering the ribs.""}]",pass,,
review_food_user_0009_habit_01_browning_distribution_style_p02_exception__food_v03__unseen_paraphrase,food_v03_probe_3f7741e1a1a19ba5,food_user_0009_habit_01_browning_distribution_style_p02_exception__food_v03__unseen_paraphrase,food_user_0009,stress,exception,content_constraints,browning_distribution_style,unseen_paraphrase,"For this requested context: filled-bread elements with pan-browned, oven-browned, oven-finished, tuber, soy curd, plant item or pan-cooked elements. Which option fits?","[{""choice_id"": ""A"", ""text"": ""Chop the browned pieces smaller and mix the darker bits through the filling.""}, {""choice_id"": ""B"", ""text"": ""Aim for smaller browned freckles across many pieces rather than one dark side.""}, {""choice_id"": ""C"", ""text"": ""Create one noticeably darker side and keep the remaining surfaces lighter.""}, {""choice_id"": ""D"", ""text"": ""Move the food often for moderate color on all sides.""}]",A,apply_user_scoped_exception,"[{""session_id"": ""food_user_0009_s0085"", ""session_index"": 85, ""signal_type"": ""exception"", ""recipe_title"": ""Garden Party Salad"", ""user"": ""For this Garden Party Salad, I'm making sandwich filling, and this batch has pan-seared, roasted, baked, potato, tofu, vegetable, or skillet pieces with browned edges. Just for this one, how should I handle that color?"", ""assistant"": ""Cut the browned pieces into smaller bits, then fold those darker edges throughout the filling so they're evenly distributed.""}]",pass,,
review_food_user_0009_habit_06_briny_accent_form_p02_exception__food_v03__unseen_paraphrase,food_v03_probe_4819b5af0594c3ea,food_user_0009_habit_06_briny_accent_form_p02_exception__food_v03__unseen_paraphrase,food_user_0009,stress,exception,content_constraints,briny_accent_form,unseen_paraphrase,For this requested context: surface-contact preparations using salty-acid add-ins. Which option fits?,"[{""choice_id"": ""A"", ""text"": ""Use larger pieces and keep them visible over the surface.""}, {""choice_id"": ""B"", ""text"": ""Use small separate clusters around the outer edge.""}, {""choice_id"": ""C"", ""text"": ""Use only a little accent liquid and leave the solid pieces out.""}, {""choice_id"": ""D"", ""text"": ""Use tiny pieces and work them into the soft base.""}]",C,apply_user_scoped_exception,"[{""session_id"": ""food_user_0009_s0073"", ""session_index"": 73, ""signal_type"": ""exception"", ""recipe_title"": ""Baked Fettuccine Lasagna"", ""user"": ""Tonight I'm doing Baked Fettuccine Lasagna in a warm skillet style, and I have pickles, capers, olives, and pepperoncini around. For this batch, what should I do with that briny element?"", ""assistant"": ""For this skillet version, splash a spoonful of the brine into the warm pan, but keep the chopped pickle, caper, olive, or pepperoncini pieces out of the dish.""}]",pass,,
review_food_user_0010_habit_01_crunch_topping_grain_p00_direct_use__food_v03_explicit_retrieval,food_v03_probe_030158c00aba1d20,food_user_0010_habit_01_crunch_topping_grain_p00_direct_use__food_v03_explicit_retrieval,food_user_0010,dev,explicit_retrieval,content_constraints,crunch_topping_grain,original_food_v03,"In the user's historical cooking sessions involving soups, dips, salads, soft vegetables, or bowls with seeds, nuts, crumbs, chips, or crisp toppings, which behavior did the user show?","[{""choice_id"": ""A"", ""text"": ""Pack the crunchy topping separately and add it after opening the container.""}, {""choice_id"": ""B"", ""text"": ""Crush the crunchy topping into small uneven pieces and scatter it in a narrow band.""}, {""choice_id"": ""C"", ""text"": ""Keep the crunchy topping in larger pieces and put it in the center layer.""}, {""choice_id"": ""D"", ""text"": ""Leave the crunchy topping whole and spread it evenly across the surface.""}]",B,explicit_fact_preference_retrieval,"[{""session_id"": ""food_user_0010_s0038"", ""session_index"": 38, ""signal_type"": ""support"", ""recipe_title"": ""Fried Apple Pies"", ""user"": ""For Fried Apple Pies, can we do my crushed crunchy topping in that thin stripe across each pie instead of covering the whole top?"", ""assistant"": ""Yes. For these Fried Apple Pies, crush the crunchy topping into small, irregular bits and place it in a narrow band so the apples and pastry still come through.""}, {""session_id"": ""food_user_0010_s0043"", ""session_index"": 43, ""signal_type"": ""support"", ""recipe_title"": ""Armadillo Eggs"", ""user"": ""When we make Armadillo Eggs, please keep any crunchy coating in little bits on top instead of covering the whole soft pepper."", ""assistant"": ""Sure — I'll keep the crunchy bits small, uneven, and concentrated in a narrow stripe so the jalapenos and filling stay the focus. For this recipe, set out 24 jalapeno peppers, 1...""}, {""session_id"": ""food_user_0010_s0050"", ""session_index"": 50, ""signal_type"": ""support"", ""recipe_title"": ""Bocconcini Salad"", ""user"": ""For Bocconcini Salad, can we do my crushed crunchy strip on top instead of scattering it everywhere?"", ""assistant"": ""Yes. We'll keep the salad itself faithful: bocconcini, cherry tomatoes, green bell pepper, celery, endive, and arugula. For the crunch, crush it into small irregular bits and pl...""}, {""session_id"": ""food_user_0010_s0057"", ""session_index"": 57, ""signal_type"": ""support"", ""recipe_title"": ""Buffalo Chicken Wings I"", ""user"": ""For Buffalo Chicken Wings I, can we use my narrow crunchy strip on top again where it makes sense?"", ""assistant"": ""Yes. Make the crunchy bits small and irregular, then place them in a tight strip over the finished wings instead of covering the whole platter, so the fried wings and sauce stay...""}]",pass,,
review_food_user_0010_habit_03_creamy_sauce_thickness_p00_direct_use__food_v03__unseen_paraphrase,food_v03_probe_7b5b5e07ed3af285,food_user_0010_habit_03_creamy_sauce_thickness_p00_direct_use__food_v03__unseen_paraphrase,food_user_0010,dev,direct_use,content_constraints,creamy_sauce_thickness,unseen_paraphrase,For a new cooking request in this setting: velvety mixtures. Which option fits?,"[{""choice_id"": ""A"", ""text"": ""Keep the sauce slightly thicker and swirl a small amount of oil or water across the top.""}, {""choice_id"": ""B"", ""text"": ""Keep the creamy sauce thick enough to mound on the spoon.""}, {""choice_id"": ""C"", ""text"": ""Thin the creamy sauce until it falls from a spoon in a narrow ribbon.""}, {""choice_id"": ""D"", ""text"": ""Keep the sauce thick and spread it in a thin layer on the bread or wrap.""}]",C,apply_scoped_content_constraint,"[{""session_id"": ""food_user_0010_s0027"", ""session_index"": 27, ""signal_type"": ""support"", ""recipe_title"": ""BBQ Chicken Wings"", ""user"": ""For these BBQ Chicken Wings, can we make the sauce a little looser than written so it glazes instead of clumping?"", ""assistant"": ""Yes. After you stir the sauce together, thin it gradually with tiny splashes of water, broth, citrus juice, vinegar, milk, or cooking water, stopping when it drizzles off the sp...""}, {""session_id"": ""food_user_0010_s0039"", ""session_index"": 39, ""signal_type"": ""support"", ""recipe_title"": ""Chunky Pizza Dip"", ""user"": ""For Chunky Pizza Dip, can we keep the tomato sauce a little looser than written so it drapes instead of sitting too thick?"", ""assistant"": ""Yes. Make the dip as written, then adjust the texture with tiny splashes of water, broth, citrus juice, vinegar, milk, or cooking water, stirring after each addition, until it s...""}, {""session_id"": ""food_user_0010_s0058"", ""session_index"": 58, ""signal_type"": ""support"", ""recipe_title"": ""German Sweet Chocolate Pie"", ""user"": ""For German Sweet Chocolate Pie, please loosen the filling so it just lightly coats the whisk instead of sitting thick."", ""assistant"": ""Yes. Since the recipe already uses 1/3 cup milk, keep that as your thinning liquid: add it in small splashes and whisk until the chocolate mixture drips off in a slim ribbon and...""}, {""session_id"": ""food_user_0010_s0060"", ""session_index"": 60, ""signal_type"": ""support"", ""recipe_title"": ""Broccoli Coleslaw"", ""user"": ""I'm making Broccoli Coleslaw, and I'd like the dressing to pour in that thin ribbon texture we usually aim for instead of turning thick."", ""assistant"": ""Sure. For this coleslaw dressing, whisk the olive oil, vinegar, sugar, and ramen seasoning together, then loosen it with a tiny splash at a time of water, broth, citrus juice, v...""}]",pass,,
review_food_user_0010_habit_03_creamy_sauce_thickness_p01_boundary__food_v03,food_v03_probe_c10d18be95ba896c,food_user_0010_habit_03_creamy_sauce_thickness_p01_boundary__food_v03,food_user_0010,dev,boundary,content_constraints,creamy_sauce_thickness,original_food_v03,"I'm making this recipe as small dipping bowls with a creamy sauce, dip, dressing, pasta sauce, or peanut sauce. How should I set the texture?","[{""choice_id"": ""A"", ""text"": ""Keep the sauce slightly thicker and swirl a small amount of oil or water across the top.""}, {""choice_id"": ""B"", ""text"": ""Thin the creamy sauce until it falls from a spoon in a narrow ribbon.""}, {""choice_id"": ""C"", ""text"": ""Keep the creamy sauce thick enough to mound on the spoon.""}, {""choice_id"": ""D"", ""text"": ""Keep the sauce thick and spread it in a thin layer on the bread or wrap.""}]",A,do_not_overapply_content_constraint,"[{""session_id"": ""food_user_0010_s0077"", ""session_index"": 77, ""signal_type"": ""boundary_counterexample"", ""recipe_title"": ""Basil Burgers"", ""user"": ""I'm serving Basil Burgers with little dipping bowls of a creamy sauce, dip, dressing, pasta sauce, or peanut sauce. What texture should I aim for in the sauce today?"", ""assistant"": ""Make it a bit thick so it sits neatly in the small bowls, then add a light swirl of oil or water over the surface.""}]",pass,,
review_food_user_0010_habit_05_garnish_selection_rule_p02_exception__food_v03,food_v03_probe_ea908d2dee644370,food_user_0010_habit_05_garnish_selection_rule_p02_exception__food_v03,food_user_0010,dev,exception,content_constraints,garnish_selection_rule,original_food_v03,"I'm making this recipe as a shared platter with optional garnishes, decorative toppings, or finishing flourishes. How should I finish it?","[{""choice_id"": ""A"", ""text"": ""Use exactly one garnish with flavor and one garnish with texture.""}, {""choice_id"": ""B"", ""text"": ""Use every garnish listed in the recipe.""}, {""choice_id"": ""C"", ""text"": ""Use one garnish only and place it off-center.""}, {""choice_id"": ""D"", ""text"": ""Use three small garnish clusters spaced around the serving surface.""}]",D,apply_user_scoped_exception,"[{""session_id"": ""food_user_0010_s0101"", ""session_index"": 101, ""signal_type"": ""exception"", ""recipe_title"": ""Cinnamon Bread I"", ""user"": ""I'm baking Cinnamon Bread I for a one-time shared platter, and I want it to look a little dressed up with garnishes or finishing touches. What would you do for this loaf?"", ""assistant"": ""For this serving, arrange 3 small garnish clusters around the platter so the bread still stays the focus.""}]",pass,,
review_food_user_0011_habit_02_starch_liquid_finish_p00_direct_use__food_v03__unseen_paraphrase,food_v03_probe_22282d3da5846db2,food_user_0011_habit_02_starch_liquid_finish_p00_direct_use__food_v03__unseen_paraphrase,food_user_0011,dev,direct_use,content_constraints,starch_liquid_finish,unseen_paraphrase,For a new cooking request in this setting: starch-based preparations using reserved cooking moisture. Which option fits?,"[{""choice_id"": ""A"", ""text"": ""Hold back extra liquid and loosen the starches with a small final splash.""}, {""choice_id"": ""B"", ""text"": ""Reduce the liquid fully and serve the starches thick.""}, {""choice_id"": ""C"", ""text"": ""Pack the extra liquid separately and add it after opening the thermos.""}, {""choice_id"": ""D"", ""text"": ""Reduce the sauce slightly thicker and spoon it under the starches.""}]",A,apply_scoped_content_constraint,"[{""session_id"": ""food_user_0011_s0051"", ""session_index"": 51, ""signal_type"": ""support"", ""recipe_title"": ""Broccoli Cheese Crepes"", ""user"": ""Since Broccoli Cheese Crepes are in that noodle-or-grain dinner lane for us, can we keep a little liquid back to adjust the texture near the end?"", ""assistant"": ""Yes. Measure the liquid as written, but reserve a small splash to use only if the batter or finished filling feels too tight; the same approach works when noodles, rice, pasta,...""}, {""session_id"": ""food_user_0011_s0054"", ""session_index"": 54, ""signal_type"": ""support"", ""recipe_title"": ""Aaahh Potato Soup"", ""user"": ""When we make Aaahh Potato Soup, can you guide me so it gets thinned right at the end if it starts tightening up?"", ""assistant"": ""Yes. We'll keep the soup true to the recipe, but leave room to adjust the texture: use the potatoes, au gratin mix, condensed chicken broth, and water for the base, then keep a...""}, {""session_id"": ""food_user_0011_s0072"", ""session_index"": 72, ""signal_type"": ""support"", ""recipe_title"": ""Glazed Ham"", ""user"": ""When we make noodle or grain dishes, and for this Glazed Ham too, can we keep some of the liquid back so I can adjust the texture at the end?"", ""assistant"": ""Yes. For noodles, rice, pasta, or grains, keep a bit of the liquid aside and add it only if things need loosening near the end. For this Glazed Ham, use the water only as needed...""}, {""session_id"": ""food_user_0011_s0075"", ""session_index"": 75, ""signal_type"": ""support"", ""recipe_title"": ""Easy Pot Roast"", ""user"": ""When we do dishes that can get thick, including this Easy Pot Roast, please keep a bit of the cooking liquid back like we usually do."", ""assistant"": ""Yes—I'll guide it that way. For the 2 cups water mixed with the soup mix and Worcestershire sauce, pour most of it over the roast but reserve a small splash so you can add it ne...""}]",pass,,
review_food_user_0011_habit_04_component_layout_pattern_p01_boundary__food_v03__unseen_paraphrase,food_v03_probe_7be7ac3996f660ac,food_user_0011_habit_04_component_layout_pattern_p01_boundary__food_v03__unseen_paraphrase,food_user_0011,dev,boundary,content_constraints,component_layout_pattern,unseen_paraphrase,For this requested context: folded handheld items made from separate elements. Which option fits?,"[{""choice_id"": ""A"", ""text"": ""Arrange the components in narrow lanes and let them meet only at the center.""}, {""choice_id"": ""B"", ""text"": ""Layer the components in a fixed order from soft to crisp.""}, {""choice_id"": ""C"", ""text"": ""Combine all components into one evenly mixed dish.""}, {""choice_id"": ""D"", ""text"": ""Mix the components lightly, then reserve one component as a visible stripe on top.""}]",B,do_not_overapply_content_constraint,"[{""session_id"": ""food_user_0011_s0036"", ""session_index"": 36, ""signal_type"": ""boundary_counterexample"", ""recipe_title"": ""Black Bean and Corn Quesadillas"", ""user"": ""Tonight I'm turning Black Bean and Corn Quesadillas into more of a taco or wrap, with the fillings kept separate instead of all mashed together. What's the best way to build that?"", ""assistant"": ""Set up the filling in a consistent soft-to-crisp sequence so each component stays distinct when you fold it.""}]",pass,,
review_food_user_0011_habit_05_soup_garnish_geometry_p00_direct_use__food_v03,food_v03_probe_ee9e81f0e724fb64,food_user_0011_habit_05_soup_garnish_geometry_p00_direct_use__food_v03,food_user_0011,dev,direct_use,content_constraints,soup_garnish_geometry,original_food_v03,"I'm making a soup, stew, bean dish, or brothy bowl with soft garnishes and crisp garnishes. How should I finish it?","[{""choice_id"": ""A"", ""text"": ""Use the two finishing elements as separate late additions.""}, {""choice_id"": ""B"", ""text"": ""Use one tender element as a small side mark and place the brittle element beside the serving.""}, {""choice_id"": ""C"", ""text"": ""Use both finishing elements as an even surface scatter.""}, {""choice_id"": ""D"", ""text"": ""Use one tender element as a compact interior mark and set the brittle element in a curved side mark.""}]",D,apply_scoped_content_constraint,"[{""session_id"": ""food_user_0011_s0014"", ""session_index"": 14, ""signal_type"": ""support"", ""recipe_title"": ""Coconut Ambrosia Salad"", ""user"": ""Could you help me give Coconut Ambrosia Salad the center-and-crescent finish I like?"", ""assistant"": ""Yes. For this salad, keep the creamy fruit mixture as the base, place the soft cherry garnish in the center, and sweep a little shredded coconut into a small crescent instead of...""}, {""session_id"": ""food_user_0011_s0021"", ""session_index"": 21, ""signal_type"": ""support"", ""recipe_title"": ""Easy Punch"", ""user"": ""For Easy Punch, can we do my center-and-crescent garnish on the bowl instead of a full scatter?"", ""assistant"": ""Yes. Once the punch is mixed, keep the softer garnish gathered in the middle and place the crisp garnish in a little crescent off to one side, so the surface stays intentional r...""}, {""session_id"": ""food_user_0011_s0032"", ""session_index"": 32, ""signal_type"": ""support"", ""recipe_title"": ""Garden Party Salad"", ""user"": ""When we plate Garden Party Salad, can we use that garnish arrangement I prefer for chilled salads?"", ""assistant"": ""Yes. For serving, keep the softer garnish gathered in the middle, then place the crunchy pieces in a neat crescent to one side so the top looks intentional rather than sprinkled...""}, {""session_id"": ""food_user_0011_s0065"", ""session_index"": 65, ""signal_type"": ""support"", ""recipe_title"": ""Biga"", ""user"": ""When I make something brothy alongside Biga, I want that garnish arrangement we used before rather than an even sprinkle."", ""assistant"": ""Got it—keep the tender garnish gathered in the middle, with the crunchy bits curved off to one side in a small arc. For the Biga itself, we'll keep it simple: yeast, water, and...""}]",pass,,
review_food_user_0011_habit_06_allium_timing_shape_p01_boundary__food_v03,food_v03_probe_709a5f8bee0a07b8,food_user_0011_habit_06_allium_timing_shape_p01_boundary__food_v03,food_user_0011,dev,boundary,content_constraints,allium_timing_shape,original_food_v03,"I'm making this recipe as a fresh salsa, salad, relish, or raw topping with onion, garlic, scallion, leek, or shallot. How should I handle the allium?","[{""choice_id"": ""A"", ""text"": ""Slice the allium thinly and soften it before adding the liquid.""}, {""choice_id"": ""B"", ""text"": ""Dice the allium and add it with the liquid.""}, {""choice_id"": ""C"", ""text"": ""Dice the allium very small and rinse it briefly before adding it.""}, {""choice_id"": ""D"", ""text"": ""Cut the allium in two shapes and add both shapes at the end.""}]",C,do_not_overapply_content_constraint,"[{""session_id"": ""food_user_0011_s0087"", ""session_index"": 87, ""signal_type"": ""boundary_counterexample"", ""recipe_title"": ""Bocconcini Salad"", ""user"": ""I'm turning Bocconcini Salad into more of a raw topping today, and I may use onion, garlic, scallion, leek, or shallot in it. What's the best way to treat that allium so it doesn't take over?"", ""assistant"": ""Cut the allium into a very fine dice, then give it a quick rinse before it goes into the salad.""}]",pass,,
review_food_user_0012_habit_00_briny_accent_form_p00_direct_use__food_v03__unseen_paraphrase,food_v03_probe_16ac8fa9b5fd967a,food_user_0012_habit_00_briny_accent_form_p00_direct_use__food_v03__unseen_paraphrase,food_user_0012,test,direct_use,content_constraints,briny_accent_form,unseen_paraphrase,"For a new cooking request in this setting: hearty filled items, composed servings, tossed mixes or velvety preparations using salty-acid add-ins. Which option fits?","[{""choice_id"": ""A"", ""text"": ""Use small separate clusters around the outer edge.""}, {""choice_id"": ""B"", ""text"": ""Use only a little accent liquid and leave the solid pieces out.""}, {""choice_id"": ""C"", ""text"": ""Use tiny pieces and work them into the soft base.""}, {""choice_id"": ""D"", ""text"": ""Use larger pieces and keep them visible over the surface.""}]",C,apply_scoped_content_constraint,"[{""session_id"": ""food_user_0012_s0020"", ""session_index"": 20, ""signal_type"": ""support"", ""recipe_title"": ""Date Loaf Cake"", ""user"": ""For the Date Loaf Cake, can you work the briny pickle-style bit in finely instead of keeping it as noticeable pieces?"", ""assistant"": ""Yes. Keep the Date Loaf Cake base the same, and if you're adding a pickle, caper, olive, or pepperoncini note, chop it very small so it blends through the moist date mixture in...""}, {""session_id"": ""food_user_0012_s0033"", ""session_index"": 33, ""signal_type"": ""support"", ""recipe_title"": ""Citrus Infused Guacamole"", ""user"": ""For Citrus Infused Guacamole, can we do my tiny briny bits mixed through it—like minced pickle or capers—instead of just plain guac?"", ""assistant"": ""Yes. Keep the citrus guacamole base intact, and finely chop a small amount of pickle, capers, olive, or pepperoncini so it disappears into the mashed avocado mixture and gives l...""}, {""session_id"": ""food_user_0012_s0039"", ""session_index"": 39, ""signal_type"": ""support"", ""recipe_title"": ""Chocolate Crisps"", ""user"": ""With Chocolate Crisps, I want that rich bite balanced the way I usually like it: any briny add-in should be chopped really tiny, not left in big pieces."", ""assistant"": ""Got it. For this batch, keep any pickle, caper, olive, or pepperoncini minced very fine so it lands as little pops against the butter, sugar, vanilla, and egg white rather than...""}, {""session_id"": ""food_user_0012_s0064"", ""session_index"": 64, ""signal_type"": ""support"", ""recipe_title"": ""Enchilada Style Burritos"", ""user"": ""For Enchilada Style Burritos, can we work in my little chopped pickle-or-caper bite somewhere instead of leaving the sauce plain?"", ""assistant"": ""Yes. Since this recipe has a simple cooked sauce, finely chop a small amount of pickle, capers, olive, or pepperoncini and whisk it into that sauce so the briny bits are tiny an...""}]",pass,,
review_food_user_0012_habit_00_briny_accent_form_p01_boundary__food_v03,food_v03_probe_69abf6fa8fef43e6,food_user_0012_habit_00_briny_accent_form_p01_boundary__food_v03,food_user_0012,test,boundary,content_constraints,briny_accent_form,original_food_v03,"I'm making this recipe as a shared platter with rich sandwiches, burgers, bowls, salads, or creamy dishes. How should I handle the briny ingredient?","[{""choice_id"": ""A"", ""text"": ""Use tiny pieces and work them into the soft base.""}, {""choice_id"": ""B"", ""text"": ""Use larger pieces and keep them visible over the surface.""}, {""choice_id"": ""C"", ""text"": ""Use only a little accent liquid and leave the solid pieces out.""}, {""choice_id"": ""D"", ""text"": ""Use small separate clusters around the outer edge.""}]",D,do_not_overapply_content_constraint,"[{""session_id"": ""food_user_0012_s0059"", ""session_index"": 59, ""signal_type"": ""boundary_counterexample"", ""recipe_title"": ""Curried Winter Squash"", ""user"": ""I'm serving Curried Winter Squash on a shared platter next to rich sandwiches, burgers, bowls, salads, and creamy dishes. For this meal, where should the briny element go?"", ""assistant"": ""Set the briny element in small separate clusters around the outside edge of the platter.""}]",pass,,
review_food_user_0012_habit_00_briny_accent_form_p02_exception__food_v03__unseen_paraphrase,food_v03_probe_407c3feefbc2b733,food_user_0012_habit_00_briny_accent_form_p02_exception__food_v03__unseen_paraphrase,food_user_0012,test,exception,content_constraints,briny_accent_form,unseen_paraphrase,For this requested context: surface-contact preparations using salty-acid add-ins. Which option fits?,"[{""choice_id"": ""A"", ""text"": ""Use larger pieces and keep them visible over the surface.""}, {""choice_id"": ""B"", ""text"": ""Use only a little accent liquid and leave the solid pieces out.""}, {""choice_id"": ""C"", ""text"": ""Use tiny pieces and work them into the soft base.""}, {""choice_id"": ""D"", ""text"": ""Use small separate clusters around the outer edge.""}]",B,apply_user_scoped_exception,"[{""session_id"": ""food_user_0012_s0074"", ""session_index"": 74, ""signal_type"": ""exception"", ""recipe_title"": ""Biga"", ""user"": ""For this batch of Biga, I'm doing a warm skillet take with something briny, like pickles, capers, olives, or pepperoncini. For just this version, how should I use that ingredient?"", ""assistant"": ""Add only a spoonful of the brine to the warm pan, and keep the solid pickle, caper, olive, or pepperoncini pieces out.""}]",pass,,
review_food_user_0012_habit_01_fruit_spice_signature_p02_exception__food_v03__unseen_paraphrase,food_v03_probe_8f8bcfda6daf6da6,food_user_0012_habit_01_fruit_spice_signature_p02_exception__food_v03__unseen_paraphrase,food_user_0012,test,exception,content_constraints,fruit_spice_signature,unseen_paraphrase,For this requested context: cool produce-based sweets using aromatic seasoning blend. Which option fits?,"[{""choice_id"": ""A"", ""text"": ""Use only a tiny pinch of ginger and skip the other warm spices.""}, {""choice_id"": ""B"", ""text"": ""Use a small cardamom-and-ginger note with the fruit.""}, {""choice_id"": ""C"", ""text"": ""Use cinnamon as the only warm spice.""}, {""choice_id"": ""D"", ""text"": ""Use cinnamon and ginger, and leave cardamom out.""}]",A,apply_user_scoped_exception,"[{""session_id"": ""food_user_0012_s0101"", ""session_index"": 101, ""signal_type"": ""exception"", ""recipe_title"": ""Fresh Cranberry Spiced Tea"", ""user"": ""Tonight I'm turning Fresh Cranberry Spiced Tea into a cold fruit-dessert drink, and I was considering cinnamon, cardamom, ginger, or nutmeg. Which of those warm spices should go in this batch?"", ""assistant"": ""For this chilled dessert version, add just the smallest pinch of ginger and leave out the cinnamon, cardamom, and nutmeg.""}]",pass,,
review_food_user_0012_habit_03_crunch_topping_grain_p00_direct_use__food_v03,food_v03_probe_d6a52421826f7fb6,food_user_0012_habit_03_crunch_topping_grain_p00_direct_use__food_v03,food_user_0012,test,direct_use,content_constraints,crunch_topping_grain,original_food_v03,"I'm making a soup, dip, salad, soft vegetable, or bowl with seeds, nuts, crumbs, chips, or a crisp topping. How should I handle the crunchy topping?","[{""choice_id"": ""A"", ""text"": ""Leave the crunchy topping whole and spread it evenly across the surface.""}, {""choice_id"": ""B"", ""text"": ""Crush the crunchy topping into small uneven pieces and scatter it in a narrow band.""}, {""choice_id"": ""C"", ""text"": ""Pack the crunchy topping separately and add it after opening the container.""}, {""choice_id"": ""D"", ""text"": ""Keep the crunchy topping in larger pieces and put it in the center layer.""}]",B,apply_scoped_content_constraint,"[{""session_id"": ""food_user_0012_s0012"", ""session_index"": 12, ""signal_type"": ""support"", ""recipe_title"": ""Eclairs II"", ""user"": ""For Eclairs II, can we do that crushed crunchy strip on top instead of covering the whole thing?"", ""assistant"": ""Yes. Keep the topping in small, irregular crunchy bits and place them in a slim strip down each eclair, leaving the rest of the top mostly clear.""}, {""session_id"": ""food_user_0012_s0019"", ""session_index"": 19, ""signal_type"": ""support"", ""recipe_title"": ""Empanadas"", ""user"": ""For these Empanadas, can we add my crushed-crunch strip instead of leaving the tops plain?"", ""assistant"": ""Yes. Keep it restrained: crumble the crunchy topping into small irregular bits and place it in a narrow strip, not spread all over, so it accents the fruit-preserve filling with...""}, {""session_id"": ""food_user_0012_s0024"", ""session_index"": 24, ""signal_type"": ""support"", ""recipe_title"": ""Chicken Pot Pie II 2"", ""user"": ""When I make Chicken Pot Pie II 2, I like the crisp topping kept in little pieces instead of spread everywhere."", ""assistant"": ""Got it. As we work through Chicken Pot Pie II 2, keep the crisp topping in small, irregular bits and place it in a narrow band so the softer filling still stays the focus.""}, {""session_id"": ""food_user_0012_s0030"", ""session_index"": 30, ""signal_type"": ""support"", ""recipe_title"": ""Cindis Egg Rolls"", ""user"": ""For Cindis Egg Rolls, can you use my thin crunchy stripe across the top again if it works with this batch?"", ""assistant"": ""Yes. Keep the crunch in a slim line: crush or chop it into small irregular bits, then place it in one tight stripe so the egg rolls still show instead of being covered all over.""}]",pass,,
review_food_user_0012_habit_04_soft_herb_cut_style_p01_boundary__food_v03,food_v03_probe_6032e6911f3b66b0,food_user_0012_habit_04_soft_herb_cut_style_p01_boundary__food_v03,food_user_0012,test,boundary,content_constraints,soft_herb_cut_style,original_food_v03,"I'm making this recipe as a rice or noodle bowl with optional cilantro, parsley, basil, mint, or scallions. How should I handle the soft herbs?","[{""choice_id"": ""A"", ""text"": ""Chop the soft herbs finely, fold half into the warm food, and scatter the rest at the end.""}, {""choice_id"": ""B"", ""text"": ""Keep the soft herbs in larger leaves and place them in a small pile at one edge of the serving vessel.""}, {""choice_id"": ""C"", ""text"": ""Leave the soft herbs in large loose leaves across the top.""}, {""choice_id"": ""D"", ""text"": ""Pack the soft herbs in a separate small container and add them after opening the lunch.""}]",B,do_not_overapply_content_constraint,"[{""session_id"": ""food_user_0012_s0044"", ""session_index"": 44, ""signal_type"": ""boundary_counterexample"", ""recipe_title"": ""Bocconcini Salad"", ""user"": ""I'm turning Bocconcini Salad into a rice or noodle bowl today, and I have cilantro, parsley, basil, mint, or scallions as options. What should I do with the tender herbs?"", ""assistant"": ""Leave the tender herbs as larger leaves and tuck them into a little mound along one side of the bowl.""}]",pass,,
review_food_user_0012_habit_04_soft_herb_cut_style_p01_boundary__food_v03__unseen_paraphrase,food_v03_probe_00c18db33fd7f655,food_user_0012_habit_04_soft_herb_cut_style_p01_boundary__food_v03__unseen_paraphrase,food_user_0012,test,boundary,content_constraints,soft_herb_cut_style,unseen_paraphrase,For this requested context: starch-and-strand composed servings with available tender green herbs. Which option fits?,"[{""choice_id"": ""A"", ""text"": ""Chop the soft herbs finely, fold half into the warm food, and scatter the rest at the end.""}, {""choice_id"": ""B"", ""text"": ""Keep the soft herbs in larger leaves and place them in a small pile at one edge of the serving vessel.""}, {""choice_id"": ""C"", ""text"": ""Leave the soft herbs in large loose leaves across the top.""}, {""choice_id"": ""D"", ""text"": ""Pack the soft herbs in a separate small container and add them after opening the lunch.""}]",B,do_not_overapply_content_constraint,"[{""session_id"": ""food_user_0012_s0044"", ""session_index"": 44, ""signal_type"": ""boundary_counterexample"", ""recipe_title"": ""Bocconcini Salad"", ""user"": ""I'm turning Bocconcini Salad into a rice or noodle bowl today, and I have cilantro, parsley, basil, mint, or scallions as options. What should I do with the tender herbs?"", ""assistant"": ""Leave the tender herbs as larger leaves and tuck them into a little mound along one side of the bowl.""}]",pass,,
review_food_user_0012_habit_05_sauce_marking_style_p00_direct_use__food_v03,food_v03_probe_af6b2dfc6f585349,food_user_0012_habit_05_sauce_marking_style_p00_direct_use__food_v03,food_user_0012,test,direct_use,content_constraints,sauce_marking_style,original_food_v03,"I'm making a dish with a sauce, dressing, glaze, drizzle, topping, or finishing condiment. How should I handle the sauce?","[{""choice_id"": ""A"", ""text"": ""Coat the whole dish evenly with the sauce before serving.""}, {""choice_id"": ""B"", ""text"": ""Mix a small amount of sauce into the center and leave the edges mostly plain.""}, {""choice_id"": ""C"", ""text"": ""Add the sauce as two thin lines across the top and leave extra sauce nearby.""}, {""choice_id"": ""D"", ""text"": ""Put the sauce in two small pools on opposite sides of the bowl.""}]",C,apply_scoped_content_constraint,"[{""session_id"": ""food_user_0012_s0013"", ""session_index"": 13, ""signal_type"": ""support"", ""recipe_title"": ""Chicken and Black Bean Chili"", ""user"": ""When we make Chicken and Black Bean Chili, please don't blanket the bowl with sauce; I like the chicken and beans to still show through."", ""assistant"": ""Got it. I'll keep the serving lighter: make 2 narrow lines of sauce over the main portion, then set any extra on the side so the chili doesn't end up fully covered.""}, {""session_id"": ""food_user_0012_s0017"", ""session_index"": 17, ""signal_type"": ""support"", ""recipe_title"": ""Easy Fried Eggplant"", ""user"": ""Can we make Easy Fried Eggplant with the narrow sauce streaks again instead of covering the whole plate?"", ""assistant"": ""Yes. For serving, I'll keep the fried eggplant mostly crisp and finish the main plate with 2 slim lines of sauce, with any extra sauce on the side for dipping.""}, {""session_id"": ""food_user_0012_s0047"", ""session_index"": 47, ""signal_type"": ""support"", ""recipe_title"": ""Garden Party Salad"", ""user"": ""For Garden Party Salad, can we plate it with my usual two narrow dressing streaks instead of tossing everything heavily?"", ""assistant"": ""Yes. I'll guide it so the serving gets two light ribbons of dressing, with the rest held on the side for anyone who wants more, while still making the salad from the recipe.""}, {""session_id"": ""food_user_0012_s0058"", ""session_index"": 58, ""signal_type"": ""support"", ""recipe_title"": ""Easy Pot Roast"", ""user"": ""For Easy Pot Roast, can you plate it with my usual two narrow streaks of the cooking sauce instead of covering the slices?"", ""assistant"": ""Yes. For serving, I'll have you spoon two slim lines of the onion-mushroom Worcestershire sauce over the roast and set the rest on the side, so the meat isn't buried in it.""}]",pass,,
review_food_user_0012_habit_05_sauce_marking_style_p01_boundary__food_v03,food_v03_probe_9d760899db05c874,food_user_0012_habit_05_sauce_marking_style_p01_boundary__food_v03,food_user_0012,test,boundary,content_constraints,sauce_marking_style,original_food_v03,"I'm making this recipe as a rice or grain bowl with a sauce, dressing, glaze, drizzle, topping, or finishing condiment. How should I handle the sauce?","[{""choice_id"": ""A"", ""text"": ""Put the sauce in two small pools on opposite sides of the serving vessel.""}, {""choice_id"": ""B"", ""text"": ""Mix a small amount of sauce into the center and leave the edges mostly plain.""}, {""choice_id"": ""C"", ""text"": ""Add the sauce as two thin lines across the top and leave extra sauce nearby.""}, {""choice_id"": ""D"", ""text"": ""Coat the whole dish evenly with the sauce before serving.""}]",A,do_not_overapply_content_constraint,"[{""session_id"": ""food_user_0012_s0051"", ""session_index"": 51, ""signal_type"": ""boundary_counterexample"", ""recipe_title"": ""Best Macaroni Salad"", ""user"": ""Tonight I'm turning Best Macaroni Salad into a rice/grain bowl situation, with the dressing acting more like a finishing sauce. Where should it go in the bowl?"", ""assistant"": ""Spoon the dressing into two small pools, set on opposite sides of the bowl.""}]",pass,,
review_food_user_0012_habit_06_fruit_top_sweetness_pattern_p02_exception__food_v03__unseen_paraphrase,food_v03_probe_7a18c3731ae1ab48,food_user_0012_habit_06_fruit_top_sweetness_pattern_p02_exception__food_v03__unseen_paraphrase,food_user_0012,test,exception,content_constraints,fruit_top_sweetness_pattern,unseen_paraphrase,For this requested context: portable or shared sweet presentations with produce-led bakes and sweets. Which option fits?,"[{""choice_id"": ""A"", ""text"": ""Use a thin full-surface glaze and leave one corner plain.""}, {""choice_id"": ""B"", ""text"": ""Put the sugar, glaze, or sweet topping only around the outer edge.""}, {""choice_id"": ""C"", ""text"": ""Spread the sugar, glaze, or sweet topping evenly across the full surface.""}, {""choice_id"": ""D"", ""text"": ""Put a small dot of glaze or sweet topping in the center of each portion.""}]",A,apply_user_scoped_exception,"[{""session_id"": ""food_user_0012_s0097"", ""session_index"": 97, ""signal_type"": ""exception"", ""recipe_title"": ""Chicken Tortilla Soup IV"", ""user"": ""I'm putting Chicken Tortilla Soup IV into a one-off gift spread alongside fruit crisps, pies, muffins, breads, bars, and desserts, so I want the presentation to fit that box. What should the top look like?"", ""assistant"": ""For this batch only, cover the surface with a light, thin glaze, but keep one corner unglazed.""}]",pass,,
review_food_user_0013_habit_00_cheese_shape_temperature_p00_direct_use__food_v03__unseen_paraphrase,food_v03_probe_d2d3855e3d75deb5,food_user_0013_habit_00_cheese_shape_temperature_p00_direct_use__food_v03__unseen_paraphrase,food_user_0013,test,direct_use,content_constraints,cheese_shape_temperature,unseen_paraphrase,"For a new cooking request in this setting: cold preparations, filled items, strand starch, egg or plant item preparations using late-added cheese. Which option fits?","[{""choice_id"": ""A"", ""text"": ""Let the cheese lose its refrigerator chill and crumble it irregularly by hand.""}, {""choice_id"": ""B"", ""text"": ""Keep the cheese cold and cut it into even cubes.""}, {""choice_id"": ""C"", ""text"": ""Keep the cheese cool and shave it thinly across only one side of the platter.""}, {""choice_id"": ""D"", ""text"": ""Cut the cheese into small cubes and fold them in off heat.""}]",A,apply_scoped_content_constraint,"[{""session_id"": ""food_user_0013_s0011"", ""session_index"": 11, ""signal_type"": ""support"", ""recipe_title"": ""Easiest Salad Dressing"", ""user"": ""For Easiest Salad Dressing, I'm adding cheese like I usually do—can we let it lose the refrigerator chill a bit before it goes in?"", ""assistant"": ""Yes. Set the cheese on the counter while you make the dressing so it relaxes slightly, then break it into rough hand-torn bits right before serving so it stays distinct from the...""}, {""session_id"": ""food_user_0013_s0031"", ""session_index"": 31, ""signal_type"": ""support"", ""recipe_title"": ""Cheesy Cheddar Potato Boats"", ""user"": ""When we make Cheesy Cheddar Potato Boats, can we do the cheddar in rough hand-crumbled pieces again instead of making it too even?"", ""assistant"": ""Yes. Use the 1 cup shredded Cheddar cheese for the recipe, but let it sit out briefly so it loses the fridge chill, then pinch it by hand into uneven, rustic bits right before t...""}, {""session_id"": ""food_user_0013_s0040"", ""session_index"": 40, ""signal_type"": ""support"", ""recipe_title"": ""Easy Pavlova"", ""user"": ""For Easy Pavlova, is it okay if the cheese loses some fridge chill before I use it?"", ""assistant"": ""Yes—set it out briefly so it is not so cold, and when you are close to serving, break it up by hand into uneven crumbles. For the pavlova itself, keep the egg whites separate an...""}, {""session_id"": ""food_user_0013_s0042"", ""session_index"": 42, ""signal_type"": ""support"", ""recipe_title"": ""British Bread Pudding"", ""user"": ""For British Bread Pudding, is it okay if I pull the cheese from the fridge ahead of time so it is not so cold?"", ""assistant"": ""Yes. Let the cheese lose some of its chill before you need it, and when you get close to serving, break it up by hand into uneven little pieces rather than making it too tidy.""}]",pass,,
review_food_user_0013_habit_01_component_layout_pattern_p00_direct_use__food_v03_explicit_retrieval,food_v03_probe_b25d428348f85435,food_user_0013_habit_01_component_layout_pattern_p00_direct_use__food_v03_explicit_retrieval,food_user_0013,test,explicit_retrieval,content_constraints,component_layout_pattern,original_food_v03,"In the user's historical cooking sessions involving bowls, salads, wraps, tacos, platters, or mixed dishes with distinct components, which behavior did the user show?","[{""choice_id"": ""A"", ""text"": ""Mix the components lightly, then reserve one component as a visible stripe on top.""}, {""choice_id"": ""B"", ""text"": ""Arrange the components in narrow lanes and let them meet only at the center.""}, {""choice_id"": ""C"", ""text"": ""Layer the components in a fixed order from soft to crisp.""}, {""choice_id"": ""D"", ""text"": ""Combine all components into one evenly mixed dish.""}]",B,explicit_fact_preference_retrieval,"[{""session_id"": ""food_user_0013_s0025"", ""session_index"": 25, ""signal_type"": ""support"", ""recipe_title"": ""Chicken Pot Pie II"", ""user"": ""For Chicken Pot Pie II, can you guide me so the different parts stay in neat lanes on the plate rather than all running together?"", ""assistant"": ""Yes. We'll treat the serving arrangement as slim lanes: keep the broth-moistened chicken separate from any crunchy pieces, and let the lanes touch only near the center. For the...""}, {""session_id"": ""food_user_0013_s0041"", ""session_index"": 41, ""signal_type"": ""support"", ""recipe_title"": ""Chicken Salad With Thai Flavored Dressing"", ""user"": ""When we make Chicken Salad With Thai Flavored Dressing as a bowl, please keep the ingredients in separate sections the way I usually like them."", ""assistant"": ""Yes—I'll guide it as a separated bowl. Put the shredded chicken, celery, green onions, peanuts, lettuce, and dressing in slim side-by-side bands, with the saucy parts and crunch...""}, {""session_id"": ""food_user_0013_s0044"", ""session_index"": 44, ""signal_type"": ""support"", ""recipe_title"": ""Drunken Fruit Salsa"", ""user"": ""For Drunken Fruit Salsa, can you set it up so the ingredients stay in separate lanes instead of all mixed right away?"", ""assistant"": ""Yes. Line the diced fruit and jalapeno in slim side-by-side rows in the glass bowl, keeping the juicier fruit apart from the sharper crunchy pepper at first, then pull them toge...""}, {""session_id"": ""food_user_0013_s0056"", ""session_index"": 56, ""signal_type"": ""support"", ""recipe_title"": ""Artichoke Hummus"", ""user"": ""For Artichoke Hummus, can we plate it with the ingredients kept apart until they come together at the center?"", ""assistant"": ""Yes. I'll guide it so the chickpea-artichoke mixture stays in tidy strips, with any wetter dip area and any crunchy serving pieces kept separate, touching only where they meet i...""}]",pass,,
review_food_user_0013_habit_01_component_layout_pattern_p02_exception__food_v03,food_v03_probe_5553280aaa67d7d8,food_user_0013_habit_01_component_layout_pattern_p02_exception__food_v03,food_user_0013,test,exception,content_constraints,component_layout_pattern,original_food_v03,I'm making this recipe as a chopped salad or mixed platter with distinct components. How should I set it up?,"[{""choice_id"": ""A"", ""text"": ""Mix the components lightly, then reserve one component as a visible stripe on top.""}, {""choice_id"": ""B"", ""text"": ""Arrange the components in narrow lanes and let them meet only at the center.""}, {""choice_id"": ""C"", ""text"": ""Layer the components in a fixed order from soft to crisp.""}, {""choice_id"": ""D"", ""text"": ""Combine all components into one evenly mixed dish.""}]",A,apply_user_scoped_exception,"[{""session_id"": ""food_user_0013_s0096"", ""session_index"": 96, ""signal_type"": ""exception"", ""recipe_title"": ""Easy Punch"", ""user"": ""For this Easy Punch, I'm doing the party-table version where it reads like a mixed platter with separate colorful parts, just for this serving. How do I arrange it?"", ""assistant"": ""For this serving, combine everything gently enough that it looks cohesive, and keep one colorful element back to lay across the top as a clear band.""}]",pass,,
review_food_user_0013_habit_02_creamy_sauce_thickness_p02_exception__food_v03,food_v03_probe_a9f0d202ef400a57,food_user_0013_habit_02_creamy_sauce_thickness_p02_exception__food_v03,food_user_0013,test,exception,content_constraints,creamy_sauce_thickness,original_food_v03,"I'm making this recipe as a sandwich or wrap with a creamy sauce, dip, dressing, pasta sauce, or peanut sauce. How should I set the texture?","[{""choice_id"": ""A"", ""text"": ""Thin the creamy sauce until it falls from a spoon in a narrow ribbon.""}, {""choice_id"": ""B"", ""text"": ""Keep the sauce slightly thicker and swirl a small amount of oil or water across the top.""}, {""choice_id"": ""C"", ""text"": ""Keep the sauce thick and spread it in a thin layer on the base.""}, {""choice_id"": ""D"", ""text"": ""Keep the creamy sauce thick enough to mound on the spoon.""}]",C,apply_user_scoped_exception,"[{""session_id"": ""food_user_0013_s0074"", ""session_index"": 74, ""signal_type"": ""exception"", ""recipe_title"": ""Cabin Hash"", ""user"": ""For this batch of Cabin Hash, I'm turning it into wraps with a creamy dressing so it holds together. How thick should I make that sauce right now?"", ""assistant"": ""Make the sauce sturdy rather than runny, then smear just a light, thin coating onto each wrap so the hash does not slide out.""}]",pass,,
review_food_user_0014_habit_02_sauce_marking_style_p02_exception__food_v03,food_v03_probe_f552e01f63777c34,food_user_0014_habit_02_sauce_marking_style_p02_exception__food_v03,food_user_0014,test,exception,content_constraints,sauce_marking_style,original_food_v03,"I'm making this recipe as a skillet or casserole serving with a sauce, dressing, glaze, drizzle, topping, or finishing condiment. How should I handle the sauce?","[{""choice_id"": ""A"", ""text"": ""Put the sauce in two small pools on opposite sides of the bowl.""}, {""choice_id"": ""B"", ""text"": ""Coat the whole dish evenly with the sauce before serving.""}, {""choice_id"": ""C"", ""text"": ""Mix a small amount of sauce into the center and leave the edges mostly plain.""}, {""choice_id"": ""D"", ""text"": ""Add the sauce as two thin lines across the top and leave extra sauce nearby.""}]",C,apply_user_scoped_exception,"[{""session_id"": ""food_user_0014_s0086"", ""session_index"": 86, ""signal_type"": ""exception"", ""recipe_title"": ""Garlic Chicken Stir Fry"", ""user"": ""For tonight's Garlic Chicken Stir Fry, I'm serving it straight from the skillet with a finishing sauce. I only want this batch treated that way—how should I place the sauce?"", ""assistant"": ""For this batch, work just a little sauce through the middle of the serving and keep the outer edges mostly plain.""}]",pass,,
review_food_user_0014_habit_03_soft_herb_cut_style_p02_exception__food_v03__unseen_paraphrase,food_v03_probe_349a318ed2602f1f,food_user_0014_habit_03_soft_herb_cut_style_p02_exception__food_v03__unseen_paraphrase,food_user_0014,test,exception,content_constraints,soft_herb_cut_style,unseen_paraphrase,For this requested context: portable midday meals with available tender green herbs. Which option fits?,"[{""choice_id"": ""A"", ""text"": ""Leave the soft herbs in large loose leaves across the top.""}, {""choice_id"": ""B"", ""text"": ""Chop the soft herbs finely, fold half into the warm food, and scatter the rest at the end.""}, {""choice_id"": ""C"", ""text"": ""Keep the soft herbs in larger leaves and place them in a small pile at one edge of the bowl.""}, {""choice_id"": ""D"", ""text"": ""Keep the soft herbs in a separate small covered cup and add them at serving.""}]",D,apply_user_scoped_exception,"[{""session_id"": ""food_user_0014_s0097"", ""session_index"": 97, ""signal_type"": ""exception"", ""recipe_title"": ""Elizabeths Extreme Chocolate Lovers Cake"", ""user"": ""I'm packing Elizabeths Extreme Chocolate Lovers Cake for lunch today, and I'm adding optional soft herbs like cilantro, parsley, basil, mint, or scallions just for this packed version. What's the best way to deal with..."", ""assistant"": ""Keep those soft herbs in their own little container, then sprinkle them on once you open the lunch so they stay fresh.""}]",pass,,
review_food_user_0014_habit_04_herb_stem_role_p00_direct_use__food_v03,food_v03_probe_7c567bc9f5c3f722,food_user_0014_habit_04_herb_stem_role_p00_direct_use__food_v03,food_user_0014,test,direct_use,content_constraints,herb_stem_role,original_food_v03,"I'm making a soup, stew, sauce, bean dish, or braise with cilantro or parsley stems. How should I handle the stems?","[{""choice_id"": ""A"", ""text"": ""Dice only the most tender stems into the dressing and keep the leaves separate.""}, {""choice_id"": ""B"", ""text"": ""Chop the tender stems finely and simmer them with the base.""}, {""choice_id"": ""C"", ""text"": ""Discard the stems and use only leaves at the end.""}, {""choice_id"": ""D"", ""text"": ""Tie the stems into a small bundle and remove the bundle before serving.""}]",B,apply_scoped_content_constraint,"[{""session_id"": ""food_user_0014_s0018"", ""session_index"": 18, ""signal_type"": ""support"", ""recipe_title"": ""Grandmas Gnocchi"", ""user"": ""For Grandmas Gnocchi, can we work the cilantro stems in like we usually do?"", ""assistant"": ""Yes. Keep the gnocchi plan the same, and finely chop the tender cilantro or parsley stems so they can simmer into the base flavor instead of being saved as a garnish.""}, {""session_id"": ""food_user_0014_s0029"", ""session_index"": 29, ""signal_type"": ""support"", ""recipe_title"": ""Cheddar Artichoke Quiche Cups"", ""user"": ""For Cheddar Artichoke Quiche Cups, can we work in the cilantro stems the way we usually do?"", ""assistant"": ""Yes. Mince the tender cilantro stems very finely—parsley stems would work too—and add them to the skillet with the onion and garlic so they soften in the reserved artichoke mari...""}, {""session_id"": ""food_user_0014_s0033"", ""session_index"": 33, ""signal_type"": ""support"", ""recipe_title"": ""French Spring Soup"", ""user"": ""When I make French Spring Soup or anything similar that simmers, I want the parsley stems included rather than tossed. Can you work them into the cooking plan?"", ""assistant"": ""Yes. Finely chop the tender parsley stems, or cilantro stems if that is what you have, and add them with the leeks and onion so they season the base as it softens in the butter.""}, {""session_id"": ""food_user_0014_s0051"", ""session_index"": 51, ""signal_type"": ""support"", ""recipe_title"": ""Easy Pot Roast"", ""user"": ""I'm making Easy Pot Roast, and I saved the cilantro stems—can we work them in the way we usually do?"", ""assistant"": ""Yes. Finely chop the tender cilantro stems, or parsley stems if that's what you have, and let them simmer with the roast so they act as part of the base flavor without changing...""}]",pass,,
review_food_user_0014_habit_04_herb_stem_role_p00_direct_use__food_v03__unseen_paraphrase,food_v03_probe_daa516318702ca71,food_user_0014_habit_04_herb_stem_role_p00_direct_use__food_v03__unseen_paraphrase,food_user_0014,test,direct_use,content_constraints,herb_stem_role,unseen_paraphrase,For a new cooking request in this setting: simmered or saucy preparations using tender herb stems. Which option fits?,"[{""choice_id"": ""A"", ""text"": ""Dice only the most tender stems into the dressing and keep the leaves separate.""}, {""choice_id"": ""B"", ""text"": ""Chop the tender stems finely and simmer them with the base.""}, {""choice_id"": ""C"", ""text"": ""Discard the stems and use only leaves at the end.""}, {""choice_id"": ""D"", ""text"": ""Tie the stems into a small bundle and remove the bundle before serving.""}]",B,apply_scoped_content_constraint,"[{""session_id"": ""food_user_0014_s0018"", ""session_index"": 18, ""signal_type"": ""support"", ""recipe_title"": ""Grandmas Gnocchi"", ""user"": ""For Grandmas Gnocchi, can we work the cilantro stems in like we usually do?"", ""assistant"": ""Yes. Keep the gnocchi plan the same, and finely chop the tender cilantro or parsley stems so they can simmer into the base flavor instead of being saved as a garnish.""}, {""session_id"": ""food_user_0014_s0029"", ""session_index"": 29, ""signal_type"": ""support"", ""recipe_title"": ""Cheddar Artichoke Quiche Cups"", ""user"": ""For Cheddar Artichoke Quiche Cups, can we work in the cilantro stems the way we usually do?"", ""assistant"": ""Yes. Mince the tender cilantro stems very finely—parsley stems would work too—and add them to the skillet with the onion and garlic so they soften in the reserved artichoke mari...""}, {""session_id"": ""food_user_0014_s0033"", ""session_index"": 33, ""signal_type"": ""support"", ""recipe_title"": ""French Spring Soup"", ""user"": ""When I make French Spring Soup or anything similar that simmers, I want the parsley stems included rather than tossed. Can you work them into the cooking plan?"", ""assistant"": ""Yes. Finely chop the tender parsley stems, or cilantro stems if that is what you have, and add them with the leeks and onion so they season the base as it softens in the butter.""}, {""session_id"": ""food_user_0014_s0051"", ""session_index"": 51, ""signal_type"": ""support"", ""recipe_title"": ""Easy Pot Roast"", ""user"": ""I'm making Easy Pot Roast, and I saved the cilantro stems—can we work them in the way we usually do?"", ""assistant"": ""Yes. Finely chop the tender cilantro stems, or parsley stems if that's what you have, and let them simmer with the roast so they act as part of the base flavor without changing...""}]",pass,,
review_food_user_0014_habit_04_herb_stem_role_p00_direct_use__food_v03_explicit_retrieval,food_v03_probe_962d01746144a925,food_user_0014_habit_04_herb_stem_role_p00_direct_use__food_v03_explicit_retrieval,food_user_0014,test,explicit_retrieval,content_constraints,herb_stem_role,original_food_v03,"In the user's historical cooking sessions involving soups, stews, sauces, beans, or braises with cilantro or parsley stems, which behavior did the user show?","[{""choice_id"": ""A"", ""text"": ""Dice only the most tender stems into the dressing and keep the leaves separate.""}, {""choice_id"": ""B"", ""text"": ""Chop the tender stems finely and simmer them with the base.""}, {""choice_id"": ""C"", ""text"": ""Discard the stems and use only leaves at the end.""}, {""choice_id"": ""D"", ""text"": ""Tie the stems into a small bundle and remove the bundle before serving.""}]",B,explicit_fact_preference_retrieval,"[{""session_id"": ""food_user_0014_s0018"", ""session_index"": 18, ""signal_type"": ""support"", ""recipe_title"": ""Grandmas Gnocchi"", ""user"": ""For Grandmas Gnocchi, can we work the cilantro stems in like we usually do?"", ""assistant"": ""Yes. Keep the gnocchi plan the same, and finely chop the tender cilantro or parsley stems so they can simmer into the base flavor instead of being saved as a garnish.""}, {""session_id"": ""food_user_0014_s0029"", ""session_index"": 29, ""signal_type"": ""support"", ""recipe_title"": ""Cheddar Artichoke Quiche Cups"", ""user"": ""For Cheddar Artichoke Quiche Cups, can we work in the cilantro stems the way we usually do?"", ""assistant"": ""Yes. Mince the tender cilantro stems very finely—parsley stems would work too—and add them to the skillet with the onion and garlic so they soften in the reserved artichoke mari...""}, {""session_id"": ""food_user_0014_s0033"", ""session_index"": 33, ""signal_type"": ""support"", ""recipe_title"": ""French Spring Soup"", ""user"": ""When I make French Spring Soup or anything similar that simmers, I want the parsley stems included rather than tossed. Can you work them into the cooking plan?"", ""assistant"": ""Yes. Finely chop the tender parsley stems, or cilantro stems if that is what you have, and add them with the leeks and onion so they season the base as it softens in the butter.""}, {""session_id"": ""food_user_0014_s0051"", ""session_index"": 51, ""signal_type"": ""support"", ""recipe_title"": ""Easy Pot Roast"", ""user"": ""I'm making Easy Pot Roast, and I saved the cilantro stems—can we work them in the way we usually do?"", ""assistant"": ""Yes. Finely chop the tender cilantro stems, or parsley stems if that's what you have, and let them simmer with the roast so they act as part of the base flavor without changing...""}]",pass,,
review_food_user_0014_habit_05_cheese_shape_temperature_p00_direct_use__food_v03,food_v03_probe_03f5f24ca846c7d3,food_user_0014_habit_05_cheese_shape_temperature_p00_direct_use__food_v03,food_user_0014,test,direct_use,content_constraints,cheese_shape_temperature,original_food_v03,"I'm making a salad, sandwich, pasta, egg, or vegetable dish with cheese added near serving. How should I handle the cheese?","[{""choice_id"": ""A"", ""text"": ""Keep the cheese cool and shave it thinly across only one side of the platter.""}, {""choice_id"": ""B"", ""text"": ""Keep the cheese cold and cut it into even cubes.""}, {""choice_id"": ""C"", ""text"": ""Cut the cheese into small cubes and fold them in off heat.""}, {""choice_id"": ""D"", ""text"": ""Let the cheese lose its refrigerator chill and crumble it irregularly by hand.""}]",D,apply_scoped_content_constraint,"[{""session_id"": ""food_user_0014_s0023"", ""session_index"": 23, ""signal_type"": ""support"", ""recipe_title"": ""Garlic Butter"", ""user"": ""For Garlic Butter, I want the Parmesan to lose a bit of its fridge chill before it goes in."", ""assistant"": ""Sure—set the 1/4 cup grated Parmesan out while you get the rest ready. When it's no longer cold, break it up a little unevenly with your fingers so the garlic butter has those r...""}, {""session_id"": ""food_user_0014_s0037"", ""session_index"": 37, ""signal_type"": ""support"", ""recipe_title"": ""Easy Marinated Vegetables"", ""user"": ""When we make Easy Marinated Vegetables, can we use the cheese the way I prefer it—broken up by hand instead of tidy cubes?"", ""assistant"": ""Yes. Set the cheese out for a little while so the chill eases, then crumble it by hand in uneven pieces close to serving so it stays soft and rustic against the marinated vegeta...""}, {""session_id"": ""food_user_0014_s0049"", ""session_index"": 49, ""signal_type"": ""support"", ""recipe_title"": ""Chicken Salad With Thai Flavored Dressing"", ""user"": ""When we make Chicken Salad With Thai Flavored Dressing, can we do the cheese the way I prefer—softened a bit first and broken up by hand instead of neat pieces?"", ""assistant"": ""Sure. I'll work that in as a serving add-on: let the cheese sit out just long enough to lose the refrigerator chill, then break it into uneven crumbles by hand right before the...""}, {""session_id"": ""food_user_0014_s0053"", ""session_index"": 53, ""signal_type"": ""support"", ""recipe_title"": ""Cookie Jar Sugar Cookies"", ""user"": ""When we do Cookie Jar Sugar Cookies, can we use the rough hand-broken cheese style I prefer instead of neat pieces?"", ""assistant"": ""Sure. For the cookies themselves, we'll keep the jar mix exactly on track, and if you're setting cheese out with them later, let it lose some of its refrigerator chill and break...""}]",pass,,
review_food_user_0015_habit_02_crunch_topping_grain_p01_boundary__food_v03__unseen_paraphrase,food_v03_probe_33d474e3564d004f,food_user_0015_habit_02_crunch_topping_grain_p01_boundary__food_v03__unseen_paraphrase,food_user_0015,test,boundary,content_constraints,crunch_topping_grain,unseen_paraphrase,For this requested context: wrapped or handheld fillings with brittle finishing elements. Which option fits?,"[{""choice_id"": ""A"", ""text"": ""Keep the crunchy topping in larger pieces and put it in the center layer.""}, {""choice_id"": ""B"", ""text"": ""Leave the crunchy topping whole and spread it evenly across the surface.""}, {""choice_id"": ""C"", ""text"": ""Pack the crunchy topping separately and add it after opening the container.""}, {""choice_id"": ""D"", ""text"": ""Crush the crunchy topping into small uneven pieces and scatter it in a narrow band.""}]",A,do_not_overapply_content_constraint,"[{""session_id"": ""food_user_0015_s0060"", ""session_index"": 60, ""signal_type"": ""boundary_counterexample"", ""recipe_title"": ""Crawfish Etouffee III"", ""user"": ""Tonight I'm turning Crawfish Etouffee III into something I can spoon into tortillas or little handheld wraps, and I've got a crunchy topper like chips or crumbs. Where should that crunch go?"", ""assistant"": ""Leave the crunchy pieces fairly chunky and tuck them into the middle of the filling so they stay noticeable.""}]",pass,,
review_food_user_0015_habit_05_chili_marking_style_p00_direct_use__food_v03,food_v03_probe_59c47e387fb4604b,food_user_0015_habit_05_chili_marking_style_p00_direct_use__food_v03,food_user_0015,test,direct_use,content_constraints,chili_marking_style,original_food_v03,"I'm making a savory dish with chili, hot sauce, pepper flakes, spicy oil, jalapeno, or cayenne. How should I handle the chili?","[{""choice_id"": ""A"", ""text"": ""Bloom a small amount of chili in oil at the start and add no extra chili on top.""}, {""choice_id"": ""B"", ""text"": ""Place the chili in a small spot near the rim of the bowl.""}, {""choice_id"": ""C"", ""text"": ""Stir the chili evenly through the whole dish.""}, {""choice_id"": ""D"", ""text"": ""Add the chili as a late streak across only part of the dish.""}]",D,apply_scoped_content_constraint,"[{""session_id"": ""food_user_0015_s0021"", ""session_index"": 21, ""signal_type"": ""support"", ""recipe_title"": ""Broccoflower Risotto with Wild Mushrooms"", ""user"": ""For Broccoflower Risotto with Wild Mushrooms, can we do my chili as a narrow streak over just part of the serving again, instead of mixing heat through the whole pan?"", ""assistant"": ""Yes. We'll keep the risotto itself mellow and balanced, then right before serving add a small streak of chili oil, hot sauce, pepper flakes, jalapeno, or cayenne over only part...""}, {""session_id"": ""food_user_0015_s0048"", ""session_index"": 48, ""signal_type"": ""support"", ""recipe_title"": ""Broccoli Coleslaw"", ""user"": ""For Broccoli Coleslaw, can we keep the heat as a chili stripe on just part of the bowl rather than mixing spice through all of it?"", ""assistant"": ""Yes. We'll leave the slaw and dressing balanced, then near serving time put a narrow streak on one section with chili oil, hot sauce, pepper flakes, jalapeno, or a little cayenn...""}, {""session_id"": ""food_user_0015_s0063"", ""session_index"": 63, ""signal_type"": ""support"", ""recipe_title"": ""Fried Beef Ribs"", ""user"": ""For Fried Beef Ribs, can we do that chili heat as a streak on just part of the platter again, instead of coating every rib?"", ""assistant"": ""Yes. We'll keep the seasoning even for the ribs overall, then concentrate the extra heat in one strip near serving—use a little cayenne-forward dusting, chili oil, hot sauce, pe...""}, {""session_id"": ""food_user_0015_s0071"", ""session_index"": 71, ""signal_type"": ""support"", ""recipe_title"": ""Atomic Canuck Chili"", ""user"": ""Can we make Atomic Canuck Chili with that partial hot stripe like last time, so only part of the pot gets the extra kick?"", ""assistant"": ""Yes. We'll keep the main chili balanced, then near the end build a hotter streak along one side with hot sauce, more crushed red pepper, pepper flakes, chili oil, jalapeño, or c...""}]",pass,,
review_food_user_0015_habit_06_cheese_shape_temperature_p01_boundary__food_v03__unseen_paraphrase,food_v03_probe_f8a66a9032061b27,food_user_0015_habit_06_cheese_shape_temperature_p01_boundary__food_v03__unseen_paraphrase,food_user_0015,test,boundary,content_constraints,cheese_shape_temperature,unseen_paraphrase,For this requested context: large shared tossed mix layouts using late-added cheese. Which option fits?,"[{""choice_id"": ""A"", ""text"": ""Let the cheese lose its refrigerator chill and crumble it irregularly by hand.""}, {""choice_id"": ""B"", ""text"": ""Cut the cheese into small cubes and fold them in off heat.""}, {""choice_id"": ""C"", ""text"": ""Keep the cheese cool and shave it thinly across only one side of the serving surface.""}, {""choice_id"": ""D"", ""text"": ""Keep the cheese cold and cut it into even cubes.""}]",C,do_not_overapply_content_constraint,"[{""session_id"": ""food_user_0015_s0086"", ""session_index"": 86, ""signal_type"": ""boundary_counterexample"", ""recipe_title"": ""Dutch Cream Waffles"", ""user"": ""For Dutch Cream Waffles tonight, I'm serving them like a platter salad and adding cheese right before it goes out. What's the best way to deal with the cheese?"", ""assistant"": ""Hold the cheese in the fridge until serving, then shave it very thin over just one side of the platter.""}]",pass,,
review_food_user_0015_habit_06_cheese_shape_temperature_p02_exception__food_v03,food_v03_probe_11611ea5744b2d15,food_user_0015_habit_06_cheese_shape_temperature_p02_exception__food_v03,food_user_0015,test,exception,content_constraints,cheese_shape_temperature,original_food_v03,I'm making this recipe as a hot egg or pasta dish with cheese added near serving. How should I handle the cheese?,"[{""choice_id"": ""A"", ""text"": ""Keep the cheese cold and cut it into even cubes.""}, {""choice_id"": ""B"", ""text"": ""Cut the cheese into small cubes and fold them in off heat.""}, {""choice_id"": ""C"", ""text"": ""Let the cheese lose its refrigerator chill and crumble it irregularly by hand.""}, {""choice_id"": ""D"", ""text"": ""Keep the cheese cool and shave it thinly across only one side of the platter.""}]",B,apply_user_scoped_exception,"[{""session_id"": ""food_user_0015_s0085"", ""session_index"": 85, ""signal_type"": ""exception"", ""recipe_title"": ""Classic Peanut Butter Cookies"", ""user"": ""For this batch of Classic Peanut Butter Cookies, I'm treating it like a hot egg or pasta-style dish and adding cheese right before serving. What should I do with the cheese?"", ""assistant"": ""For this version, dice the cheese into small cubes, take the dish off the heat, and gently fold the cheese in near serving so it softens without breaking down too much.""}]",pass,,
review_food_user_0016_habit_03_soup_garnish_geometry_p00_direct_use__food_v03__unseen_paraphrase,food_v03_probe_aa5ba83e480509f7,food_user_0016_habit_03_soup_garnish_geometry_p00_direct_use__food_v03__unseen_paraphrase,food_user_0016,test,direct_use,content_constraints,soup_garnish_geometry,unseen_paraphrase,"For a new cooking request in this setting: liquid-forward, bean-based or simmered servings using contrasting final accents. Which option fits?","[{""choice_id"": ""A"", ""text"": ""Use one tender element as a small side mark and place the brittle element beside the serving.""}, {""choice_id"": ""B"", ""text"": ""Use one tender element as a compact interior mark and set the brittle element in a curved side mark.""}, {""choice_id"": ""C"", ""text"": ""Use both finishing elements as an even surface scatter.""}, {""choice_id"": ""D"", ""text"": ""Use the two finishing elements as separate late additions.""}]",B,apply_scoped_content_constraint,"[{""session_id"": ""food_user_0016_s0017"", ""session_index"": 17, ""signal_type"": ""support"", ""recipe_title"": ""Chicken Stuffed Buns"", ""user"": ""For Chicken Stuffed Buns, can we use the garnish style I like with a soft center and a crisp curved edge when we plate them with soup?"", ""assistant"": ""Yes. Keep the creamy element gathered in the middle of the serving, then tuck the crunchy garnish along one side in a neat crescent so it looks intentional rather than sprinkled...""}, {""session_id"": ""food_user_0016_s0051"", ""session_index"": 51, ""signal_type"": ""support"", ""recipe_title"": ""Garden Party Salad"", ""user"": ""For Garden Party Salad, can we keep my serving style: the softer topping gathered in the middle, with the crunchy garnish tucked to one side?"", ""assistant"": ""Yes. When we plate it, I'll have you mound the softer garnish in the center and set the crisp element off on the side in a neat little arc, so it still looks intentional and fit...""}, {""session_id"": ""food_user_0016_s0054"", ""session_index"": 54, ""signal_type"": ""support"", ""recipe_title"": ""Eileens Spicy Gingerbread Men"", ""user"": ""For Eileens Spicy Gingerbread Men, can we plate them with my center-and-crescent garnish style?"", ""assistant"": ""Yes. Once the gingerbread men are ready to serve, keep the softer garnish gathered at the middle and set the crunchy garnish off to one side in a curved crescent, rather than du...""}, {""session_id"": ""food_user_0016_s0056"", ""session_index"": 56, ""signal_type"": ""support"", ""recipe_title"": ""Grandmas Wheat Germ Cookies"", ""user"": ""For Grandmas Wheat Germ Cookies, can we use my center-and-crescent garnish style on the tops?"", ""assistant"": ""Yes. If you save a little topping for the surface, place the softer piece in the center and curve the crisp bits into a small crescent to one side instead of sprinkling them all...""}]",pass,,
review_food_user_0016_habit_04_fruit_spice_signature_p00_direct_use__food_v03,food_v03_probe_cb4fdc6f3ab4b4b7,food_user_0016_habit_04_fruit_spice_signature_p00_direct_use__food_v03,food_user_0016,test,direct_use,content_constraints,fruit_spice_signature,original_food_v03,"I'm making a fruit dessert, muffin, bread, bar, or breakfast sweet with cinnamon, cardamom, ginger, or nutmeg. How should I use the warm spices?","[{""choice_id"": ""A"", ""text"": ""Use only a tiny pinch of ginger and skip the other warm spices.""}, {""choice_id"": ""B"", ""text"": ""Use a small cardamom-and-ginger note with the fruit.""}, {""choice_id"": ""C"", ""text"": ""Use cinnamon as the only warm spice.""}, {""choice_id"": ""D"", ""text"": ""Use cinnamon and ginger, and leave cardamom out.""}]",B,apply_scoped_content_constraint,"[{""session_id"": ""food_user_0016_s0015"", ""session_index"": 15, ""signal_type"": ""support"", ""recipe_title"": ""Apple Butter V"", ""user"": ""Could you work that tiny cardamom touch into Apple Butter V, as long as it won't fight the apples?"", ""assistant"": ""Yes. I'd keep it very quiet: a light cardamom-and-ginger accent behind the tart apples, cider, sugar, and cinnamon so the apple flavor still leads.""}, {""session_id"": ""food_user_0016_s0025"", ""session_index"": 25, ""signal_type"": ""support"", ""recipe_title"": ""French Apple Cream Pie"", ""user"": ""For the French Apple Cream Pie, can you work in my little cardamom touch if it makes sense with the apples?"", ""assistant"": ""Yes. Keep it subtle: a light pinch of cardamom with a tiny ginger accent will warm the filling without taking over the apple, cinnamon, and nutmeg.""}, {""session_id"": ""food_user_0016_s0026"", ""session_index"": 26, ""signal_type"": ""support"", ""recipe_title"": ""Fresh Apple Salsa"", ""user"": ""Can you work that little cardamom touch into Fresh Apple Salsa, as long as it makes sense with the apples and chiles?"", ""assistant"": ""Yes. Keep it very light: a tiny cardamom accent alongside the ginger will warm the salsa without taking over the tart apples, lime, jalapeno, and Anaheim chile.""}, {""session_id"": ""food_user_0016_s0029"", ""session_index"": 29, ""signal_type"": ""support"", ""recipe_title"": ""Chocolate Covered Banana Pie"", ""user"": ""Could you work that gentle cardamom touch into Chocolate Covered Banana Pie, as long as it makes sense with the bananas and chocolate?"", ""assistant"": ""Yes. Keep it restrained: a quiet cardamom-and-ginger accent will sit behind the banana and chocolate rather than taking over. For the base, have 3 cups crushed vanilla wafers, 1...""}]",pass,,
review_food_user_0016_habit_04_fruit_spice_signature_p00_direct_use__food_v03_explicit_retrieval,food_v03_probe_a390182b7ff06f90,food_user_0016_habit_04_fruit_spice_signature_p00_direct_use__food_v03_explicit_retrieval,food_user_0016,test,explicit_retrieval,content_constraints,fruit_spice_signature,original_food_v03,"In the user's historical cooking sessions involving fruit desserts, muffins, breads, bars, or breakfast sweets with cinnamon, cardamom, ginger, or nutmeg, which behavior did the user show?","[{""choice_id"": ""A"", ""text"": ""Use only a tiny pinch of ginger and skip the other warm spices.""}, {""choice_id"": ""B"", ""text"": ""Use a small cardamom-and-ginger note with the fruit.""}, {""choice_id"": ""C"", ""text"": ""Use cinnamon as the only warm spice.""}, {""choice_id"": ""D"", ""text"": ""Use cinnamon and ginger, and leave cardamom out.""}]",B,explicit_fact_preference_retrieval,"[{""session_id"": ""food_user_0016_s0015"", ""session_index"": 15, ""signal_type"": ""support"", ""recipe_title"": ""Apple Butter V"", ""user"": ""Could you work that tiny cardamom touch into Apple Butter V, as long as it won't fight the apples?"", ""assistant"": ""Yes. I'd keep it very quiet: a light cardamom-and-ginger accent behind the tart apples, cider, sugar, and cinnamon so the apple flavor still leads.""}, {""session_id"": ""food_user_0016_s0025"", ""session_index"": 25, ""signal_type"": ""support"", ""recipe_title"": ""French Apple Cream Pie"", ""user"": ""For the French Apple Cream Pie, can you work in my little cardamom touch if it makes sense with the apples?"", ""assistant"": ""Yes. Keep it subtle: a light pinch of cardamom with a tiny ginger accent will warm the filling without taking over the apple, cinnamon, and nutmeg.""}, {""session_id"": ""food_user_0016_s0026"", ""session_index"": 26, ""signal_type"": ""support"", ""recipe_title"": ""Fresh Apple Salsa"", ""user"": ""Can you work that little cardamom touch into Fresh Apple Salsa, as long as it makes sense with the apples and chiles?"", ""assistant"": ""Yes. Keep it very light: a tiny cardamom accent alongside the ginger will warm the salsa without taking over the tart apples, lime, jalapeno, and Anaheim chile.""}, {""session_id"": ""food_user_0016_s0029"", ""session_index"": 29, ""signal_type"": ""support"", ""recipe_title"": ""Chocolate Covered Banana Pie"", ""user"": ""Could you work that gentle cardamom touch into Chocolate Covered Banana Pie, as long as it makes sense with the bananas and chocolate?"", ""assistant"": ""Yes. Keep it restrained: a quiet cardamom-and-ginger accent will sit behind the banana and chocolate rather than taking over. For the base, have 3 cups crushed vanilla wafers, 1...""}]",pass,,
review_food_user_0017_habit_02_chili_marking_style_p00_direct_use__food_v03__unseen_paraphrase,food_v03_probe_d231aaee87c3f1e1,food_user_0017_habit_02_chili_marking_style_p00_direct_use__food_v03__unseen_paraphrase,food_user_0017,test,direct_use,content_constraints,chili_marking_style,unseen_paraphrase,For a new cooking request in this setting: meal-style preparations using a heat element. Which option fits?,"[{""choice_id"": ""A"", ""text"": ""Bloom a small amount of chili in oil at the start and add no extra chili on top.""}, {""choice_id"": ""B"", ""text"": ""Stir the chili evenly through the whole dish.""}, {""choice_id"": ""C"", ""text"": ""Place the chili in a small spot near the rim of the bowl.""}, {""choice_id"": ""D"", ""text"": ""Add the chili as a late streak across only part of the dish.""}]",D,apply_scoped_content_constraint,"[{""session_id"": ""food_user_0017_s0015"", ""session_index"": 15, ""signal_type"": ""support"", ""recipe_title"": ""Dipping Sauce"", ""user"": ""When we make Dipping Sauce, can we keep the spicy bite concentrated in one section instead of blending heat through the whole bowl?"", ""assistant"": ""Yes. We'll make the sauce base evenly creamy, then keep the cayenne-style heat as a small streak along one side near the end so most bites stay balanced and a few have that shar...""}, {""session_id"": ""food_user_0017_s0042"", ""session_index"": 42, ""signal_type"": ""support"", ""recipe_title"": ""Gingery Fish Kabobs"", ""user"": ""When I make Gingery Fish Kabobs, I prefer the spicy kick concentrated on just part of the sauce instead of spread through everything."", ""assistant"": ""Got it. We'll keep the pineapple-soy-vinegar base mellow and balanced, then finish only one section with a narrow ribbon of chili oil, hot sauce, pepper flakes, jalapeno, or cay...""}, {""session_id"": ""food_user_0017_s0057"", ""session_index"": 57, ""signal_type"": ""support"", ""recipe_title"": ""Beths Spicy Oatmeal Raisin Cookies"", ""user"": ""For Beths Spicy Oatmeal Raisin Cookies, can we keep the spice as a chili streak in part of the batch rather than warming the whole dough?"", ""assistant"": ""Yes. We'll make the oatmeal raisin cookie dough as written, keep the main bowl balanced, and near the end season only a narrow portion with something like cayenne, pepper flakes...""}, {""session_id"": ""food_user_0017_s0069"", ""session_index"": 69, ""signal_type"": ""support"", ""recipe_title"": ""Alisons Slow Cooker Vegetable Beef Soup"", ""user"": ""For Alisons Slow Cooker Vegetable Beef Soup, can we handle the spice as my chili streak instead of making the whole slow cooker hot?"", ""assistant"": ""Yes. We'll keep the main soup mellow with the beef, water, onion, crushed tomatoes, mixed vegetables, potatoes, bouillon, pepper, salt, and basil. Near serving, add chili oil, h...""}]",pass,,
review_food_user_0017_habit_04_crunch_topping_grain_p00_direct_use__food_v03__unseen_paraphrase,food_v03_probe_f664d88d760b10f0,food_user_0017_habit_04_crunch_topping_grain_p00_direct_use__food_v03__unseen_paraphrase,food_user_0017,test,direct_use,content_constraints,crunch_topping_grain,unseen_paraphrase,"For a new cooking request in this setting: spoonable preparations, soft plant item servings or composed meals with brittle finishing elements. Which option fits?","[{""choice_id"": ""A"", ""text"": ""Leave the crunchy topping whole and spread it evenly across the surface.""}, {""choice_id"": ""B"", ""text"": ""Keep the crunchy topping in larger pieces and put it in the center layer.""}, {""choice_id"": ""C"", ""text"": ""Crush the crunchy topping into small uneven pieces and scatter it in a narrow band.""}, {""choice_id"": ""D"", ""text"": ""Pack the crunchy topping separately and add it after opening the container.""}]",C,apply_scoped_content_constraint,"[{""session_id"": ""food_user_0017_s0028"", ""session_index"": 28, ""signal_type"": ""support"", ""recipe_title"": ""Cinnamon Crackle Cookies"", ""user"": ""For these Cinnamon Crackle Cookies, can we use my usual narrow strip of crunch on top where it makes sense?"", ""assistant"": ""Yes. For the topping, crush the crunchy bits into irregular little pieces and keep them in a slim stripe instead of spreading them over the whole cookie.""}, {""session_id"": ""food_user_0017_s0036"", ""session_index"": 36, ""signal_type"": ""support"", ""recipe_title"": ""Fig Bars II"", ""user"": ""When we make Fig Bars II, can you keep any crunchy topping in tiny bits instead of spreading it over the whole soft surface?"", ""assistant"": ""Yes. I'll keep the topping as small, uneven crumbs and place it in a narrow band so it adds crunch without covering the bars. For the base, set out 1 cup white sugar, 3 eggs, 7/...""}, {""session_id"": ""food_user_0017_s0040"", ""session_index"": 40, ""signal_type"": ""support"", ""recipe_title"": ""Cranberry Apple Pie II"", ""user"": ""Could we make Cranberry Apple Pie II with my crushed crunchy strip across the top?"", ""assistant"": ""Yes. For Cranberry Apple Pie II, keep the topping in small, jagged bits and place it in one narrow band so the apple-cranberry filling still shows on both sides.""}, {""session_id"": ""food_user_0017_s0045"", ""session_index"": 45, ""signal_type"": ""support"", ""recipe_title"": ""Cinnamon Sugar Cookies 2"", ""user"": ""For Cinnamon Sugar Cookies 2, can we do my crushed crunchy stripe on top instead of spreading it everywhere?"", ""assistant"": ""Yes. Make the crunchy topping into small, irregular bits and place it in one narrow stripe so the cookies keep a clear cinnamon-sugar base with that concentrated crunch. For the...""}]",pass,,
review_food_user_0017_habit_04_crunch_topping_grain_p02_exception__food_v03,food_v03_probe_031b605152124316,food_user_0017_habit_04_crunch_topping_grain_p02_exception__food_v03,food_user_0017,test,exception,content_constraints,crunch_topping_grain,original_food_v03,"I'm making this recipe as a packed container with seeds, nuts, crumbs, chips, or a crisp topping. How should I handle the crunchy topping?","[{""choice_id"": ""A"", ""text"": ""Leave the crunchy topping whole and spread it evenly across the surface.""}, {""choice_id"": ""B"", ""text"": ""Crush the crunchy topping into small uneven pieces and scatter it in a narrow band.""}, {""choice_id"": ""C"", ""text"": ""Keep the crunchy topping separately and add it at serving.""}, {""choice_id"": ""D"", ""text"": ""Keep the crunchy topping in larger pieces and put it in the center layer.""}]",C,apply_user_scoped_exception,"[{""session_id"": ""food_user_0017_s0108"", ""session_index"": 108, ""signal_type"": ""exception"", ""recipe_title"": ""Apple Blueberry Tarts"", ""user"": ""For this batch of Apple Blueberry Tarts, I'm packing them in containers and adding a crunchy seed, nut, crumb, chip, or crisp-style topping just this time. How do I keep that topping from getting soggy?"", ""assistant"": ""Keep the crunchy topping in its own small packet or cup, then sprinkle it on after the container is opened.""}]",pass,,
review_food_user_0017_habit_06_crumb_topping_moment_p02_exception__food_v03,food_v03_probe_783339fa6bebae03,food_user_0017_habit_06_crumb_topping_moment_p02_exception__food_v03,food_user_0017,test,exception,content_constraints,crumb_topping_moment,original_food_v03,"I'm making this recipe as a make-ahead dish with crumbs, streusel, or a crisp topping. When should I add the topping?","[{""choice_id"": ""A"", ""text"": ""Add the crumb, streusel, or crisp topping during the final third of cooking.""}, {""choice_id"": ""B"", ""text"": ""Add the crumb, streusel, or crisp topping at the start.""}, {""choice_id"": ""C"", ""text"": ""Add the topping at the start and cover the ramekins loosely for the first half.""}, {""choice_id"": ""D"", ""text"": ""Hold the topping separately and add it just before reheating or serving.""}]",D,apply_user_scoped_exception,"[{""session_id"": ""food_user_0017_s0092"", ""session_index"": 92, ""signal_type"": ""exception"", ""recipe_title"": ""Banana Kiwi Strawberry Tart"", ""user"": ""I'm prepping Banana Kiwi Strawberry Tart ahead, and just for tonight I want it with a crumb, streusel, or crisp-style topping. Should that go on before it sits, or later?"", ""assistant"": ""Keep the topping separate, then scatter it on right before you reheat it or bring it to the table.""}]",pass,,
review_food_user_0018_habit_00_fruit_spice_signature_p01_boundary__food_v03__unseen_paraphrase,food_v03_probe_dbd6ce7547adafdf,food_user_0018_habit_00_fruit_spice_signature_p01_boundary__food_v03__unseen_paraphrase,food_user_0018,test,boundary,content_constraints,fruit_spice_signature,unseen_paraphrase,For this requested context: morning bakes or loaf-style sweets using produce and aromatic seasoning blend. Which option fits?,"[{""choice_id"": ""A"", ""text"": ""Use a small cardamom-and-ginger note with the fruit.""}, {""choice_id"": ""B"", ""text"": ""Use cinnamon as the only warm spice.""}, {""choice_id"": ""C"", ""text"": ""Use cinnamon and ginger, and leave cardamom out.""}, {""choice_id"": ""D"", ""text"": ""Use only a tiny pinch of ginger and skip the other warm spices.""}]",C,do_not_overapply_content_constraint,"[{""session_id"": ""food_user_0018_s0043"", ""session_index"": 43, ""signal_type"": ""boundary_counterexample"", ""recipe_title"": ""BBQ Chuck Roast"", ""user"": ""Today I'm turning BBQ Chuck Roast into a breakfast-style muffin or quick bread with fruit and warm spices; for that version, which spices should go in?"", ""assistant"": ""Go with cinnamon and ginger for this bake, and skip the cardamom.""}]",pass,,
review_food_user_0018_habit_01_flexible_heat_route_p00_direct_use__food_v03__unseen_paraphrase,food_v03_probe_fd0c40c787ebf49c,food_user_0018_habit_01_flexible_heat_route_p00_direct_use__food_v03__unseen_paraphrase,food_user_0018,test,direct_use,content_constraints,flexible_heat_route,unseen_paraphrase,For a new cooking request in this setting: preparations with multiple heat-route options. Which option fits?,"[{""choice_id"": ""A"", ""text"": ""Use the stovetop route and serve straight from the pan.""}, {""choice_id"": ""B"", ""text"": ""Use the oven route, rotate the trays once, and skip the final rest.""}, {""choice_id"": ""C"", ""text"": ""Use the stovetop route and finish with a brief covered rest.""}, {""choice_id"": ""D"", ""text"": ""Use the oven, broiler, or sheet-pan route and finish with a short uncovered rest.""}]",D,apply_scoped_content_constraint,"[{""session_id"": ""food_user_0018_s0036"", ""session_index"": 36, ""signal_type"": ""support"", ""recipe_title"": ""Chicken and Herbs in White Wine"", ""user"": ""Could I take Chicken and Herbs in White Wine in more of an oven direction, as long as the dish still comes out right?"", ""assistant"": ""Yes. Keep the recipe's stovetop browning in the Dutch oven for flavor, then you can use the oven, a broiler, or a sheet pan to finish the chicken more hands-off. Let the pieces...""}, {""session_id"": ""food_user_0018_s0040"", ""session_index"": 40, ""signal_type"": ""support"", ""recipe_title"": ""Arroz con Pollo II"", ""user"": ""Can we do Arroz con Pollo II with the sheet-pan or broiler approach like I usually prefer?"", ""assistant"": ""Yes. We'll keep the recipe's flavors and order, but use the sheet pan and broiler to reduce stovetop time: brown the chicken with high heat, soften the vegetables, then let ever...""}, {""session_id"": ""food_user_0018_s0069"", ""session_index"": 69, ""signal_type"": ""support"", ""recipe_title"": ""Chocolate Crisps"", ""user"": ""For Chocolate Crisps, can we keep this on the oven-and-sheet-pan path as long as it still turns out right?"", ""assistant"": ""Yes. We'll bake with greased cookie sheets in a 300 degrees F (150 degrees C) oven. If you need that style of setup, the oven, broiler, or sheet pan can be part of the plan, and...""}, {""session_id"": ""food_user_0018_s0070"", ""session_index"": 70, ""signal_type"": ""support"", ""recipe_title"": ""Elizabeths Extreme Chocolate Lovers Cake"", ""user"": ""Could Elizabeths Extreme Chocolate Lovers Cake stay with an oven-based approach and still turn out right?"", ""assistant"": ""Yes, keep it centered on the oven. If you end up using a sheet pan or a brief broiler-style finish later, let it rest uncovered for a short moment before serving so the surface...""}]",pass,,
review_food_user_0018_habit_01_flexible_heat_route_p01_boundary__food_v03__unseen_paraphrase,food_v03_probe_aa7795c02aff97e8,food_user_0018_habit_01_flexible_heat_route_p01_boundary__food_v03__unseen_paraphrase,food_user_0018,test,boundary,content_constraints,flexible_heat_route,unseen_paraphrase,For this requested context: small-scale preparations with multiple heat-route options. Which option fits?,"[{""choice_id"": ""A"", ""text"": ""Use the stovetop route and serve straight from the pan.""}, {""choice_id"": ""B"", ""text"": ""Use the oven route, rotate the batch pan once, and skip the final rest.""}, {""choice_id"": ""C"", ""text"": ""Use the stovetop route and finish with a brief covered rest.""}, {""choice_id"": ""D"", ""text"": ""Use the oven, broiler, or wide pan route and finish with a short uncovered rest.""}]",C,do_not_overapply_content_constraint,"[{""session_id"": ""food_user_0018_s0046"", ""session_index"": 46, ""signal_type"": ""boundary_counterexample"", ""recipe_title"": ""Adobo Chicken with Ginger"", ""user"": ""Today I'm cooking Adobo Chicken with Ginger for one, and I'm choosing between stovetop, oven, broiler, skillet, or sheet-pan. Which path fits this batch best?"", ""assistant"": ""Go with the stovetop method, then let it sit covered for a short rest at the end.""}]",pass,,
review_food_user_0018_habit_02_garnish_selection_rule_p00_direct_use__food_v03,food_v03_probe_ce803c3eee690c87,food_user_0018_habit_02_garnish_selection_rule_p00_direct_use__food_v03,food_user_0018,test,direct_use,content_constraints,garnish_selection_rule,original_food_v03,"I'm making an everyday dish with optional garnishes, decorative toppings, or finishing flourishes. How should I finish it?","[{""choice_id"": ""A"", ""text"": ""Use one garnish only and place it off-center.""}, {""choice_id"": ""B"", ""text"": ""Use three small garnish clusters spaced around the platter.""}, {""choice_id"": ""C"", ""text"": ""Use exactly one garnish with flavor and one garnish with texture.""}, {""choice_id"": ""D"", ""text"": ""Use every garnish listed in the recipe.""}]",C,apply_scoped_content_constraint,"[{""session_id"": ""food_user_0018_s0018"", ""session_index"": 18, ""signal_type"": ""support"", ""recipe_title"": ""Dads BBQ Roast"", ""user"": ""For Dad's BBQ Roast, leave off any little finishing touches unless they work as one flavor boost and one crunchy or textured contrast."", ""assistant"": ""Got it. We'll keep the roast itself centered on the recipe, and if you add anything at the end, it should be just those two purposeful touches: one for flavor and one for texture.""}, {""session_id"": ""food_user_0018_s0027"", ""session_index"": 27, ""signal_type"": ""support"", ""recipe_title"": ""Awesome Turkey Sandwich"", ""user"": ""For the Awesome Turkey Sandwich, can we keep the garnish pared down to my 2-part finish instead of loading on every extra?"", ""assistant"": ""Yes. We'll choose 1 flavorful topping and 1 fresh or crunchy topping, then leave off the rest of the decorative add-ons while keeping the sandwich built around whole wheat bread...""}, {""session_id"": ""food_user_0018_s0030"", ""session_index"": 30, ""signal_type"": ""support"", ""recipe_title"": ""Dilly Chicken and Potatoes"", ""user"": ""For Dilly Chicken and Potatoes, can we keep the garnish pared down to just two parts? I'm getting the skillet out now."", ""assistant"": ""Yes. For the garnish, choose a single bright flavor accent and one bit of texture, and leave off any extra decorative toppings. For the cooking, use a large skillet and have the...""}, {""session_id"": ""food_user_0018_s0066"", ""session_index"": 66, ""signal_type"": ""support"", ""recipe_title"": ""Biriyani"", ""user"": ""For Biriyani, leave off any extra toppers unless they earn a spot as either flavor or texture."", ""assistant"": ""Got it. We'll keep the finish restrained: if you add anything at the end, choose 1 flavor boost and 1 textural accent, and skip the rest. For the cooking, have a large skillet r...""}]",pass,,
review_food_user_0018_habit_03_fruit_top_sweetness_pattern_p00_direct_use__food_v03__unseen_paraphrase,food_v03_probe_f83198d3159ec66a,food_user_0018_habit_03_fruit_top_sweetness_pattern_p00_direct_use__food_v03__unseen_paraphrase,food_user_0018,test,direct_use,content_constraints,fruit_top_sweetness_pattern,unseen_paraphrase,For a new cooking request in this setting: produce-led bakes and sweets using a sweet surface finish. Which option fits?,"[{""choice_id"": ""A"", ""text"": ""Put the sugar, glaze, or sweet topping only around the outer edge.""}, {""choice_id"": ""B"", ""text"": ""Spread the sugar, glaze, or sweet topping evenly across the full surface.""}, {""choice_id"": ""C"", ""text"": ""Use a thin full-surface glaze and leave one corner plain.""}, {""choice_id"": ""D"", ""text"": ""Put a small dot of glaze or sweet topping in the center of each portion.""}]",A,apply_scoped_content_constraint,"[{""session_id"": ""food_user_0018_s0034"", ""session_index"": 34, ""signal_type"": ""support"", ""recipe_title"": ""Cheesy Sweet and Savory Spuds"", ""user"": ""For Cheesy Sweet and Savory Spuds, can you do my outer-rim glaze style instead of spreading the sweet topping across the whole dish?"", ""assistant"": ""Yes. For this batch, put any sugar, glaze, or sweet finish mainly around the outside edge, leaving the center more savory so the potatoes stay balanced.""}, {""session_id"": ""food_user_0018_s0062"", ""session_index"": 62, ""signal_type"": ""support"", ""recipe_title"": ""Butterscotch Brownies in a Jar"", ""user"": ""For Butterscotch Brownies in a Jar, can we use the glaze just around the outside edge instead of across the whole pan?"", ""assistant"": ""Yes. We'll keep the sweet finish focused on the perimeter, so the center stays lighter while the edges get that butterscotch-style topping.""}, {""session_id"": ""food_user_0018_s0067"", ""session_index"": 67, ""signal_type"": ""support"", ""recipe_title"": ""Dutch Cream Waffles"", ""user"": ""For Dutch Cream Waffles, can you do my usual glazed rim instead of coating the whole waffle?"", ""assistant"": ""Yes. We'll make the Dutch Cream Waffles and save any sugar, glaze, or sweet topping for mostly the outside edge, leaving the center lighter.""}, {""session_id"": ""food_user_0018_s0080"", ""session_index"": 80, ""signal_type"": ""support"", ""recipe_title"": ""Easy Punch"", ""user"": ""When we do Easy Punch, please handle the sweet finish my regular way: keep any sugary rim or fruit topping mostly to the outside edge, not spread across the whole surface."", ""assistant"": ""Got it. The punch itself still uses the full 3 cups white sugar dissolved into the bowl, and if you add a sugared rim or sweet garnish, I'll keep that concentrated around the ed...""}]",pass,,
review_food_user_0018_habit_03_fruit_top_sweetness_pattern_p01_boundary__food_v03__unseen_paraphrase,food_v03_probe_21296b4328a33205,food_user_0018_habit_03_fruit_top_sweetness_pattern_p01_boundary__food_v03__unseen_paraphrase,food_user_0018,test,boundary,content_constraints,fruit_top_sweetness_pattern,unseen_paraphrase,For this requested context: small-format produce-led bakes and sweets. Which option fits?,"[{""choice_id"": ""A"", ""text"": ""Put a small dot of glaze or sweet topping in the center of each portion.""}, {""choice_id"": ""B"", ""text"": ""Use a thin full-surface glaze and leave one corner plain.""}, {""choice_id"": ""C"", ""text"": ""Put the sugar, glaze, or sweet topping only around the outer edge.""}, {""choice_id"": ""D"", ""text"": ""Spread the sugar, glaze, or sweet topping evenly across the full surface.""}]",A,do_not_overapply_content_constraint,"[{""session_id"": ""food_user_0018_s0090"", ""session_index"": 90, ""signal_type"": ""boundary_counterexample"", ""recipe_title"": ""Cookie Jar Gingersnaps"", ""user"": ""Today I'm turning Cookie Jar Gingersnaps into little dessert-style portions—more like mini crisps, pies, muffins, breads, or bars. What's a good way to dress the tops?"", ""assistant"": ""Add a tiny dab of glaze or another sweet topping right in the middle of each portion.""}]",pass,,
review_food_user_0018_habit_04_starch_liquid_finish_p01_boundary__food_v03__unseen_paraphrase,food_v03_probe_f72a06bbb15be94a,food_user_0018_habit_04_starch_liquid_finish_p01_boundary__food_v03__unseen_paraphrase,food_user_0018,test,boundary,content_constraints,starch_liquid_finish,unseen_paraphrase,For this requested context: wide low serving vessels with starch-based preparations. Which option fits?,"[{""choice_id"": ""A"", ""text"": ""Reduce the sauce slightly thicker and spoon it under the starches.""}, {""choice_id"": ""B"", ""text"": ""Reduce the liquid fully and serve the starches thick.""}, {""choice_id"": ""C"", ""text"": ""Hold back extra liquid and loosen the starches with a small final splash.""}, {""choice_id"": ""D"", ""text"": ""Pack the extra liquid separately and add it after opening the thermos.""}]",A,do_not_overapply_content_constraint,"[{""session_id"": ""food_user_0018_s0099"", ""session_index"": 99, ""signal_type"": ""boundary_counterexample"", ""recipe_title"": ""Garden Party Salad"", ""user"": ""I'm turning Garden Party Salad into a wide, shallow bowl over noodles, pasta, rice, or grains tonight. What should I do with the dressing so it doesn't flood everything?"", ""assistant"": ""Let the dressing cook down or thicken a bit more than usual, then spoon it beneath the starches rather than pouring it all over the top.""}]",pass,,
review_food_user_0018_habit_05_allium_timing_shape_p00_direct_use__food_v03__unseen_paraphrase,food_v03_probe_3e905eda3e88052c,food_user_0018_habit_05_allium_timing_shape_p00_direct_use__food_v03__unseen_paraphrase,food_user_0018,test,direct_use,content_constraints,allium_timing_shape,unseen_paraphrase,For a new cooking request in this setting: meal-style preparations building the aromatic base ahead of adding moisture. Which option fits?,"[{""choice_id"": ""A"", ""text"": ""Slice the allium thinly and soften it before adding the liquid.""}, {""choice_id"": ""B"", ""text"": ""Dice the allium and add it with the liquid.""}, {""choice_id"": ""C"", ""text"": ""Cut the allium in two shapes and add both shapes at the end.""}, {""choice_id"": ""D"", ""text"": ""Dice the allium very small and rinse it briefly before adding it.""}]",A,apply_scoped_content_constraint,"[{""session_id"": ""food_user_0018_s0035"", ""session_index"": 35, ""signal_type"": ""support"", ""recipe_title"": ""Broccoflower Risotto with Wild Mushrooms"", ""user"": ""For Broccoflower Risotto with Wild Mushrooms, can we handle the white onion by cutting it thin and getting it soft before the stock stage?"", ""assistant"": ""Yes. Use the 1/2 white onion in thin slices rather than a rough chop, and let it soften gently in the butter with the broccoflower, wild mushrooms, and garlic before any chicken...""}, {""session_id"": ""food_user_0018_s0038"", ""session_index"": 38, ""signal_type"": ""support"", ""recipe_title"": ""Asparagus Sandwiches"", ""user"": ""When we make Asparagus Sandwiches, can we use that approach where the onion gets cut very thin right at the start?"", ""assistant"": ""Yes. I'll work that in: finely slice or chop the onion first, then give it a quick chance to mellow before it goes into the mayonnaise mixture, so the filling stays smooth and g...""}, {""session_id"": ""food_user_0018_s0042"", ""session_index"": 42, ""signal_type"": ""support"", ""recipe_title"": ""Feta Chicken Salad"", ""user"": ""On the Feta Chicken Salad, can we start the red onion the way I like it—cut thin and mellowed before it goes into the bowl?"", ""assistant"": ""Yes. Since this uses 1/2 red onion, slice it very thin instead of leaving it chunky, then soften the bite before the dressing goes over the salad. After that, we'll build it wit...""}, {""session_id"": ""food_user_0018_s0048"", ""session_index"": 48, ""signal_type"": ""support"", ""recipe_title"": ""Campagnard Sauce"", ""user"": ""For Campagnard Sauce, can we handle the onion-like part by slicing it thin and softening it before mixing?"", ""assistant"": ""Yes. Since this sauce lists garlic rather than onion, treat the 2 cloves garlic as the allium: slice it very thin, soften it gently in a little olive oil, then let it cool befor...""}]",pass,,
review_food_user_0018_habit_06_chili_marking_style_p01_boundary__food_v03,food_v03_probe_ca9f22bbdd715507,food_user_0018_habit_06_chili_marking_style_p01_boundary__food_v03,food_user_0018,test,boundary,content_constraints,chili_marking_style,original_food_v03,"I'm making this recipe as a rice or noodle bowl with chili, hot sauce, pepper flakes, spicy oil, jalapeno, or cayenne. How should I handle the chili?","[{""choice_id"": ""A"", ""text"": ""Place the chili in a small spot near the rim of the serving vessel.""}, {""choice_id"": ""B"", ""text"": ""Bloom a small amount of chili in oil at the start and add no extra chili on top.""}, {""choice_id"": ""C"", ""text"": ""Add the chili as a late streak across only part of the dish.""}, {""choice_id"": ""D"", ""text"": ""Stir the chili evenly through the whole dish.""}]",A,do_not_overapply_content_constraint,"[{""session_id"": ""food_user_0018_s0054"", ""session_index"": 54, ""signal_type"": ""boundary_counterexample"", ""recipe_title"": ""Fiery Fish Tacos with Crunchy Corn Salsa"", ""user"": ""Tonight I'm turning Fiery Fish Tacos with Crunchy Corn Salsa into a rice bowl, and I'm using chili as the heat. Where should the chili go in the bowl?"", ""assistant"": ""Keep the chili gathered in a little area up by the edge of the bowl.""}]",pass,,
review_food_user_0018_habit_06_chili_marking_style_p02_exception__food_v03,food_v03_probe_9c4479531e30eeb3,food_user_0018_habit_06_chili_marking_style_p02_exception__food_v03,food_user_0018,test,exception,content_constraints,chili_marking_style,original_food_v03,"I'm making this recipe as simmered beans, sauce, or stew with chili, hot sauce, pepper flakes, spicy oil, jalapeno, or cayenne. How should I handle the chili?","[{""choice_id"": ""A"", ""text"": ""Add the chili as a late streak across only part of the dish.""}, {""choice_id"": ""B"", ""text"": ""Place the chili in a small spot near the rim of the bowl.""}, {""choice_id"": ""C"", ""text"": ""Bloom a small amount of chili in oil at the start and add no extra chili on top.""}, {""choice_id"": ""D"", ""text"": ""Stir the chili evenly through the whole dish.""}]",C,apply_user_scoped_exception,"[{""session_id"": ""food_user_0018_s0081"", ""session_index"": 81, ""signal_type"": ""exception"", ""recipe_title"": ""Black Bean and Corn Quesadillas"", ""user"": ""For this batch of Black Bean and Corn Quesadillas, I want the simmered-bean style with some heat from chili, hot sauce, pepper flakes, spicy oil, jalapeno, or cayenne. What should I do with the chili here?"", ""assistant"": ""For this one, warm a small pinch of chili in the olive oil right at the beginning, then skip any extra chili sprinkled on top later.""}]",pass,,
review_food_user_0019_habit_00_salad_dressing_layout_p00_direct_use__food_v03_explicit_retrieval,food_v03_probe_e64788e4c6dde427,food_user_0019_habit_00_salad_dressing_layout_p00_direct_use__food_v03_explicit_retrieval,food_user_0019,stress,explicit_retrieval,content_constraints,salad_dressing_layout,original_food_v03,"In the user's historical cooking sessions involving salads, slaws, bowls, or vegetable sides with dressing or vinaigrette, which behavior did the user show?","[{""choice_id"": ""A"", ""text"": ""Dress the salad evenly until every piece is coated.""}, {""choice_id"": ""B"", ""text"": ""Toss lightly and leave a small streak of dressing along one side of the serving dish.""}, {""choice_id"": ""C"", ""text"": ""Spoon the dressing underneath the greens and leave the top mostly dry.""}, {""choice_id"": ""D"", ""text"": ""Dress the grains in two rounds, once while warm and once right before serving.""}]",B,explicit_fact_preference_retrieval,"[{""session_id"": ""food_user_0019_s0024"", ""session_index"": 24, ""signal_type"": ""support"", ""recipe_title"": ""Coconut Ambrosia Salad"", ""user"": ""For Coconut Ambrosia Salad, I don't want it drenched; please do my lighter toss with the extra dressing kept to the side."", ""assistant"": ""Got it. I'll have you fold in only enough of the whipped topping mixture to coat the fruit and coconut lightly, then leave a narrow bit of extra dressing along the side for anyo...""}, {""session_id"": ""food_user_0019_s0038"", ""session_index"": 38, ""signal_type"": ""support"", ""recipe_title"": ""Dziriat Algerian Almond Tarts"", ""user"": ""For the Dziriat Algerian Almond Tarts, please keep my usual plating style: nothing drenched, just a light toss for any salad alongside and a little extra dressing off to the side."", ""assistant"": ""Got it. I'll guide the tarts as written, and for serving I'll keep the side salad lightly coated with a small side accent of dressing rather than soaking anything on the plate.""}, {""session_id"": ""food_user_0019_s0041"", ""session_index"": 41, ""signal_type"": ""support"", ""recipe_title"": ""Famous Caramel Cookie Bars"", ""user"": ""When we make Famous Caramel Cookie Bars, can we keep the topping light and leave that little side streak rather than covering everything?"", ""assistant"": ""Yes. I'll guide it with a restrained caramel line on each shortbread cookie, plus a small extra streak along one side so the cookies stay neat instead of fully coated.""}, {""session_id"": ""food_user_0019_s0056"", ""session_index"": 56, ""signal_type"": ""support"", ""recipe_title"": ""Artichoke Hummus"", ""user"": ""When we make Artichoke Hummus, can you do my light coating with a narrow extra swipe on the side?"", ""assistant"": ""Yes. I'll keep the hummus-style mix from feeling overdone: coat it lightly, then place a slim side streak of the extra dressing so it's there without taking over.""}]",pass,,
review_food_user_0019_habit_01_soft_herb_cut_style_p00_direct_use__food_v03__unseen_paraphrase,food_v03_probe_71aeda105321d006,food_user_0019_habit_01_soft_herb_cut_style_p00_direct_use__food_v03__unseen_paraphrase,food_user_0019,stress,direct_use,content_constraints,soft_herb_cut_style,unseen_paraphrase,For a new cooking request in this setting: informal meal-style cooking with available tender green herbs. Which option fits?,"[{""choice_id"": ""A"", ""text"": ""Leave the soft herbs in large loose leaves across the top.""}, {""choice_id"": ""B"", ""text"": ""Keep the soft herbs in larger leaves and place them in a small pile at one edge of the bowl.""}, {""choice_id"": ""C"", ""text"": ""Pack the soft herbs in a separate small container and add them after opening the lunch.""}, {""choice_id"": ""D"", ""text"": ""Chop the soft herbs finely, fold half into the warm food, and scatter the rest at the end.""}]",D,apply_scoped_content_constraint,"[{""session_id"": ""food_user_0019_s0015"", ""session_index"": 15, ""signal_type"": ""support"", ""recipe_title"": ""Black Bean Lasagna Rolls"", ""user"": ""For Black Bean Lasagna Rolls, can we do the cilantro or parsley in that split style I always prefer here—some worked in and some saved for the top?"", ""assistant"": ""Yes. Mince the cilantro or parsley finely, fold a portion in late so it stays bright, and hold the rest back to scatter fresh over the rolls at the end. We'll keep the rest of t...""}, {""session_id"": ""food_user_0019_s0017"", ""session_index"": 17, ""signal_type"": ""support"", ""recipe_title"": ""Broiled Slow Roasted Butterflied Leg of Lamb With Cumin and Garlic"", ""user"": ""For Broiled Slow Roasted Butterflied Leg of Lamb With Cumin and Garlic, can we do the cilantro or parsley in my usual finely chopped, partly mixed-in style?"", ""assistant"": ""Yes. Keep the lamb recipe as written, and handle the tender herbs by chopping them small, adding some near the end so they cling to the sliced lamb or juices, and saving the res...""}, {""session_id"": ""food_user_0019_s0029"", ""session_index"": 29, ""signal_type"": ""support"", ""recipe_title"": ""Basil Burgers"", ""user"": ""I'm making Basil Burgers tonight, and for cilantro or parsley I want the small-cut, mixed-in-and-fresh-on-top approach I usually go for."", ""assistant"": ""Got it. For these Basil Burgers, mince the cilantro or parsley finely, work a little of it in toward the end of assembling or serving so it blends in, and save the rest to sprin...""}, {""session_id"": ""food_user_0019_s0070"", ""session_index"": 70, ""signal_type"": ""support"", ""recipe_title"": ""Dads Best Burgers"", ""user"": ""For Dads Best Burgers, can we do the cilantro or parsley in the small-chopped, partly mixed-in way I usually like?"", ""assistant"": ""Yes. Mince the cilantro or parsley finely, fold a little into the burger mixture so it seasons without taking over, and save some fresh herbs to sprinkle on the cooked patties a...""}]",pass,,
review_food_user_0019_habit_02_starch_liquid_finish_p00_direct_use__food_v03,food_v03_probe_a53b160d9b4b731d,food_user_0019_habit_02_starch_liquid_finish_p00_direct_use__food_v03,food_user_0019,stress,direct_use,content_constraints,starch_liquid_finish,original_food_v03,"I'm making a noodle, pasta, rice, or grain dish with sauce, broth, or cooking water. How should I manage the liquid?","[{""choice_id"": ""A"", ""text"": ""Reduce the liquid fully and serve the starches thick.""}, {""choice_id"": ""B"", ""text"": ""Pack the extra liquid separately and add it after opening the thermos.""}, {""choice_id"": ""C"", ""text"": ""Hold back extra liquid and loosen the starches with a small final splash.""}, {""choice_id"": ""D"", ""text"": ""Reduce the sauce slightly thicker and spoon it under the starches.""}]",C,apply_scoped_content_constraint,"[{""session_id"": ""food_user_0019_s0016"", ""session_index"": 16, ""signal_type"": ""support"", ""recipe_title"": ""Baked Spaghetti Squash Lasagna Style"", ""user"": ""When we make Baked Spaghetti Squash Lasagna Style, can you help keep it from getting tight or dry right at the end?"", ""assistant"": ""Yes. I'll have you save a little liquid from the stewed tomatoes, or another small splash of sauce if you're using one, and only stir it in at the end if the squash strands need...""}, {""session_id"": ""food_user_0019_s0028"", ""session_index"": 28, ""signal_type"": ""support"", ""recipe_title"": ""Badische Schupfnudeln Potato Noodles"", ""user"": ""When we make Badische Schupfnudeln Potato Noodles, can we keep a little potato water aside before draining? I like doing that with noodle or grain dishes in case the mixture needs loosening."", ""assistant"": ""Yes. Before the water is discarded, dip out a small cup of the potato cooking water. Use only a tiny splash near the end if the potato noodles seem too tight or dry; if the text...""}, {""session_id"": ""food_user_0019_s0048"", ""session_index"": 48, ""signal_type"": ""support"", ""recipe_title"": ""Cheddar Artichoke Quiche Cups"", ""user"": ""I'm making Cheddar Artichoke Quiche Cups, and when a dish has noodles or grains involved, keep doing the save-a-little-liquid move so I can loosen it at the end if needed."", ""assistant"": ""Sure. I'll keep that approach in play: reserve a small amount of useful liquid, like broth, cooking water, or sauce, and only stir in a splash at the end if noodles, rice, pasta...""}, {""session_id"": ""food_user_0019_s0053"", ""session_index"": 53, ""signal_type"": ""support"", ""recipe_title"": ""Chicken Marsala with Portobello Mushrooms"", ""user"": ""When I serve Chicken Marsala with Portobello Mushrooms over pasta or rice, can we keep a little liquid back again for loosening at the end?"", ""assistant"": ""Yes. Follow the recipe as written, and if you're making noodles, rice, pasta, or grains alongside it, reserve a small splash of their cooking water or any extra sauce before ser...""}]",pass,,
review_food_user_0019_habit_02_starch_liquid_finish_p01_boundary__food_v03,food_v03_probe_55c8d558f091151f,food_user_0019_habit_02_starch_liquid_finish_p01_boundary__food_v03,food_user_0019,stress,boundary,content_constraints,starch_liquid_finish,original_food_v03,"I'm making this recipe as a wide shallow bowl with noodles, pasta, rice, or grains. How should I manage the liquid?","[{""choice_id"": ""A"", ""text"": ""Pack the extra liquid separately and add it after opening the thermos.""}, {""choice_id"": ""B"", ""text"": ""Hold back extra liquid and loosen the starches with a small final splash.""}, {""choice_id"": ""C"", ""text"": ""Reduce the liquid fully and serve the starches thick.""}, {""choice_id"": ""D"", ""text"": ""Reduce the sauce slightly thicker and spoon it under the starches.""}]",D,do_not_overapply_content_constraint,"[{""session_id"": ""food_user_0019_s0077"", ""session_index"": 77, ""signal_type"": ""boundary_counterexample"", ""recipe_title"": ""Biriyani"", ""user"": ""For tonight's Biriyani, I'm serving it in a wide, shallow bowl over noodles, pasta, rice, or grains. What should I do so the sauce doesn't make everything soupy?"", ""assistant"": ""Let the sauce cook down until it's a little thicker, then spoon it beneath the starches so the bowl stays layered instead of loose.""}]",pass,,
review_food_user_0019_habit_02_starch_liquid_finish_p02_exception__food_v03,food_v03_probe_e5d432ef250a75a1,food_user_0019_habit_02_starch_liquid_finish_p02_exception__food_v03,food_user_0019,stress,exception,content_constraints,starch_liquid_finish,original_food_v03,"I'm making this recipe as a thermos lunch with noodles, pasta, rice, or grains. How should I manage the liquid?","[{""choice_id"": ""A"", ""text"": ""Keep the extra liquid separately and add it at serving.""}, {""choice_id"": ""B"", ""text"": ""Reduce the liquid fully and serve the starches thick.""}, {""choice_id"": ""C"", ""text"": ""Hold back extra liquid and loosen the starches with a small final splash.""}, {""choice_id"": ""D"", ""text"": ""Reduce the sauce slightly thicker and spoon it under the starches.""}]",A,apply_user_scoped_exception,"[{""session_id"": ""food_user_0019_s0100"", ""session_index"": 100, ""signal_type"": ""exception"", ""recipe_title"": ""Broccoli Cheese Crepes"", ""user"": ""For Broccoli Cheese Crepes today, I'm packing it in a thermos with noodles, pasta, rice, or grains, so I need the looser version just for this lunch. What should I do with the liquid?"", ""assistant"": ""Keep any extra liquid in its own small container, then stir it in after you open the thermos to eat.""}]",pass,,
review_food_user_0019_habit_03_briny_accent_form_p02_exception__food_v03,food_v03_probe_add3f1508150a0d5,food_user_0019_habit_03_briny_accent_form_p02_exception__food_v03,food_user_0019,stress,exception,content_constraints,briny_accent_form,original_food_v03,"I'm making this recipe as a warm skillet version with pickles, capers, olives, or pepperoncini. How should I handle the briny ingredient?","[{""choice_id"": ""A"", ""text"": ""Use tiny pieces and work them into the soft base.""}, {""choice_id"": ""B"", ""text"": ""Use only a little accent liquid and leave the solid pieces out.""}, {""choice_id"": ""C"", ""text"": ""Use small separate clusters around the outer edge.""}, {""choice_id"": ""D"", ""text"": ""Use larger pieces and keep them visible over the surface.""}]",B,apply_user_scoped_exception,"[{""session_id"": ""food_user_0019_s0084"", ""session_index"": 84, ""signal_type"": ""exception"", ""recipe_title"": ""Escargots Vol au Vent"", ""user"": ""I'm doing Escargots Vol au Vent tonight as a warm skillet spin, and just for this batch I want the bright edge from pickles, capers, olives, or pepperoncini. What should I do with that briny part?"", ""assistant"": ""Add a small spoonful of the brine to the warm pan, but keep the pickle, caper, olive, or pepperoncini pieces themselves out of the dish.""}]",pass,,
review_food_user_0019_habit_04_raw_veg_cut_pattern_p01_boundary__food_v03,food_v03_probe_d070538b855f7aba,food_user_0019_habit_04_raw_veg_cut_pattern_p01_boundary__food_v03,food_user_0019,stress,boundary,content_constraints,raw_veg_cut_pattern,original_food_v03,"I'm making this recipe as an assembled snack plate with raw cucumber, onion, carrot, pepper, or radish. How should I cut and place the raw vegetables?","[{""choice_id"": ""A"", ""text"": ""Use slim pieces and place them in two loose side groups.""}, {""choice_id"": ""B"", ""text"": ""Use larger irregular pieces and keep them visible over the surface.""}, {""choice_id"": ""C"", ""text"": ""Use small uneven pieces and work them through the serving.""}, {""choice_id"": ""D"", ""text"": ""Use medium irregular pieces and keep them in one visible layer.""}]",A,do_not_overapply_content_constraint,"[{""session_id"": ""food_user_0019_s0088"", ""session_index"": 88, ""signal_type"": ""boundary_counterexample"", ""recipe_title"": ""Cindis Egg Rolls"", ""user"": ""For Cindis Egg Rolls, I'm putting out a raw vegetable platter with cucumber, onion, carrot, pepper, and radish alongside it. What cuts will look best for the raw pieces?"", ""assistant"": ""Slice the raw vegetables into slim, long batons and arrange them in separate color groups on the platter.""}]",pass,,
review_food_user_0019_habit_05_component_layout_pattern_p01_boundary__food_v03,food_v03_probe_da5b08d063eaf787,food_user_0019_habit_05_component_layout_pattern_p01_boundary__food_v03,food_user_0019,stress,boundary,content_constraints,component_layout_pattern,original_food_v03,I'm making this recipe as a wrap or taco with distinct components. How should I set it up?,"[{""choice_id"": ""A"", ""text"": ""Arrange the components in narrow lanes and let them meet only at the center.""}, {""choice_id"": ""B"", ""text"": ""Layer the components in a fixed order from soft to crisp.""}, {""choice_id"": ""C"", ""text"": ""Mix the components lightly, then reserve one component as a visible stripe on top.""}, {""choice_id"": ""D"", ""text"": ""Combine all components into one evenly mixed dish.""}]",B,do_not_overapply_content_constraint,"[{""session_id"": ""food_user_0019_s0062"", ""session_index"": 62, ""signal_type"": ""boundary_counterexample"", ""recipe_title"": ""E Z Cheezy Pie"", ""user"": ""I'm turning E Z Cheezy Pie into a taco-style setup today, with the filling and shell staying distinct. What's the assembly idea?"", ""assistant"": ""Build each serving from the softest element to the crispest: creamy filling down first, baked shell pieces added last.""}]",pass,,
review_food_user_0019_habit_06_allium_timing_shape_p01_boundary__food_v03__unseen_paraphrase,food_v03_probe_2da8f51c1475695c,food_user_0019_habit_06_allium_timing_shape_p01_boundary__food_v03__unseen_paraphrase,food_user_0019,stress,boundary,content_constraints,allium_timing_shape,unseen_paraphrase,For this requested context: fresh chopped mixtures or uncooked add-ons using an aromatic base. Which option fits?,"[{""choice_id"": ""A"", ""text"": ""Slice the allium thinly and soften it before adding the liquid.""}, {""choice_id"": ""B"", ""text"": ""Cut the allium in two shapes and add both shapes at the end.""}, {""choice_id"": ""C"", ""text"": ""Dice the allium and add it with the liquid.""}, {""choice_id"": ""D"", ""text"": ""Dice the allium very small and rinse it briefly before adding it.""}]",D,do_not_overapply_content_constraint,"[{""session_id"": ""food_user_0019_s0086"", ""session_index"": 86, ""signal_type"": ""boundary_counterexample"", ""recipe_title"": ""Babis Bean Salad"", ""user"": ""For Babis Bean Salad today, I'm serving it like a fresh salsa-style salad or relish, with onion, garlic, scallion, leek, or shallot as a raw topping. What should I do with that allium so it doesn't take over?"", ""assistant"": ""Cut the allium into a very fine dice, then give it a quick rinse before you mix it in.""}]",pass,,
review_food_user_0020_habit_00_allium_timing_shape_p02_exception__food_v03__unseen_paraphrase,food_v03_probe_ee94810523826427,food_user_0020_habit_00_allium_timing_shape_p02_exception__food_v03__unseen_paraphrase,food_user_0020,dev,exception,content_constraints,allium_timing_shape,unseen_paraphrase,For this requested context: fast liquid-forward or strand starch servings using an aromatic base. Which option fits?,"[{""choice_id"": ""A"", ""text"": ""Slice the allium thinly and soften it before adding the liquid.""}, {""choice_id"": ""B"", ""text"": ""Dice the allium very small and rinse it briefly before adding it.""}, {""choice_id"": ""C"", ""text"": ""Dice the allium and add it with the liquid.""}, {""choice_id"": ""D"", ""text"": ""Cut the allium in two shapes and add both shapes at the end.""}]",D,apply_user_scoped_exception,"[{""session_id"": ""food_user_0020_s0067"", ""session_index"": 67, ""signal_type"": ""exception"", ""recipe_title"": ""A 1 Chicken Soup"", ""user"": ""Tonight I'm making A 1 Chicken Soup as a quick broth or noodle bowl, and for this pot I want to treat onion, garlic, scallion, leek, or shallot in a special way. How should I handle that allium?"", ""assistant"": ""For this batch, cut the allium into two different shapes, then keep both cuts back and add them right at the end.""}]",pass,,
review_food_user_0020_habit_01_component_layout_pattern_p00_direct_use__food_v03__unseen_paraphrase,food_v03_probe_609bd5ce4fda4ecf,food_user_0020_habit_01_component_layout_pattern_p00_direct_use__food_v03__unseen_paraphrase,food_user_0020,dev,direct_use,content_constraints,component_layout_pattern,unseen_paraphrase,"For a new cooking request in this setting: composed servings, handheld items, shared layouts or mixed preparations made from separate elements. Which option fits?","[{""choice_id"": ""A"", ""text"": ""Arrange the components in narrow lanes and let them meet only at the center.""}, {""choice_id"": ""B"", ""text"": ""Mix the components lightly, then reserve one component as a visible stripe on top.""}, {""choice_id"": ""C"", ""text"": ""Layer the components in a fixed order from soft to crisp.""}, {""choice_id"": ""D"", ""text"": ""Combine all components into one evenly mixed dish.""}]",A,apply_scoped_content_constraint,"[{""session_id"": ""food_user_0020_s0030"", ""session_index"": 30, ""signal_type"": ""support"", ""recipe_title"": ""Chicken Fiesta Salad"", ""user"": ""When we make Chicken Fiesta Salad as a bowl, can you keep the chicken, beans, and toppings in their own sections instead of mixing everything together?"", ""assistant"": ""Yes. I'll guide it as a separated bowl: sliced fajita chicken in one lane, the warm bean mixture in another, and any wetter salsa-style parts kept apart from crunchier toppings...""}, {""session_id"": ""food_user_0020_s0031"", ""session_index"": 31, ""signal_type"": ""support"", ""recipe_title"": ""Broccoli Coleslaw"", ""user"": ""For Broccoli Coleslaw, can we set it up in lanes so the crunchy parts and dressing do not get mixed too early?"", ""assistant"": ""Yes. I'll guide it that way: keep the dressing in its own lane, group the broccoli, carrots, green onions, and sunflower seeds separately, and hold the crushed ramen as a crunch...""}, {""session_id"": ""food_user_0020_s0049"", ""session_index"": 49, ""signal_type"": ""support"", ""recipe_title"": ""Asparagus Sandwiches"", ""user"": ""When we make Asparagus Sandwiches in a bowl-style setup, can you keep the asparagus, spread, and bread elements separated like I usually prefer?"", ""assistant"": ""Yes. I'll guide it as a separated assembly: drained asparagus tips in one strip, the mayonnaise-onion mixture in its own strip, and trimmed bread slices off to the side, with ev...""}, {""session_id"": ""food_user_0020_s0057"", ""session_index"": 57, ""signal_type"": ""support"", ""recipe_title"": ""Cinnamon Bread I"", ""user"": ""For Cinnamon Bread I, can you stage the dry mix and the wetter ingredients apart so they only come together in the center?"", ""assistant"": ""Yes. I'll set it up as two slim work zones: flour, sugar, baking powder, and baking soda on the dry side, the wet ingredients held back on the other side, and everything moves i...""}]",pass,,
review_food_user_0020_habit_03_raw_veg_cut_pattern_p02_exception__food_v03,food_v03_probe_013a7a9f4615f302,food_user_0020_habit_03_raw_veg_cut_pattern_p02_exception__food_v03,food_user_0020,dev,exception,content_constraints,raw_veg_cut_pattern,original_food_v03,"I'm making this recipe as an advance-prepped filling or topping with raw cucumber, onion, carrot, pepper, or radish. How should I cut and place the raw vegetables?","[{""choice_id"": ""A"", ""text"": ""Use larger irregular pieces and keep them visible over the surface.""}, {""choice_id"": ""B"", ""text"": ""Use medium irregular pieces and keep them in one visible layer.""}, {""choice_id"": ""C"", ""text"": ""Use slim pieces and place them in two loose side groups.""}, {""choice_id"": ""D"", ""text"": ""Use small uneven pieces and work them through the serving.""}]",B,apply_user_scoped_exception,"[{""session_id"": ""food_user_0020_s0098"", ""session_index"": 98, ""signal_type"": ""exception"", ""recipe_title"": ""British Bread Pudding"", ""user"": ""For this batch of British Bread Pudding, I'm packing it as a make-ahead container alongside raw cucumber, onion, carrot, pepper, or radish. What size should I cut those vegetables?"", ""assistant"": ""For this container, cut the raw vegetables into medium pieces and place them in their own separate layer.""}]",pass,,
review_food_user_0020_habit_04_briny_accent_form_p00_direct_use__food_v03_explicit_retrieval,food_v03_probe_bf94076d1d4e9a99,food_user_0020_habit_04_briny_accent_form_p00_direct_use__food_v03_explicit_retrieval,food_user_0020,dev,explicit_retrieval,content_constraints,briny_accent_form,original_food_v03,"In the user's historical cooking sessions involving rich sandwiches, burgers, bowls, salads, or creamy dishes with pickles, capers, olives, or pepperoncini, which behavior did the user show?","[{""choice_id"": ""A"", ""text"": ""Use only a little accent liquid and leave the solid pieces out.""}, {""choice_id"": ""B"", ""text"": ""Use small separate clusters around the outer edge.""}, {""choice_id"": ""C"", ""text"": ""Use tiny pieces and work them into the soft base.""}, {""choice_id"": ""D"", ""text"": ""Use larger pieces and keep them visible over the surface.""}]",C,explicit_fact_preference_retrieval,"[{""session_id"": ""food_user_0020_s0051"", ""session_index"": 51, ""signal_type"": ""support"", ""recipe_title"": ""Grandmas Wheat Germ Cookies"", ""user"": ""For Grandmas Wheat Germ Cookies, could we work in that tiny chopped pickle or caper-style bite instead of leaving it separate?"", ""assistant"": ""Yes. Because these are cookies, chop a small amount of pickle, caper, olive, or pepperoncini very finely and stir it into the wet mixture with the applesauce, oil, and eggs so t...""}, {""session_id"": ""food_user_0020_s0063"", ""session_index"": 63, ""signal_type"": ""support"", ""recipe_title"": ""Gingered Mango Salsa"", ""user"": ""For Gingered Mango Salsa, can we work in my little briny add-in—like minced caper or pickle—so it's scattered through the salsa?"", ""assistant"": ""Yes. Keep the salsa base the same, and finely mince a small bit of caper, pickle, olive, or pepperoncini before folding it in with the mango, onion, cilantro, and lime juice so...""}, {""session_id"": ""food_user_0020_s0066"", ""session_index"": 66, ""signal_type"": ""support"", ""recipe_title"": ""Baked Spaghetti Squash Lasagna Style"", ""user"": ""For Baked Spaghetti Squash Lasagna Style, can you work the briny bits in finely rather than leaving noticeable pieces?"", ""assistant"": ""Yes. If you're using something like pickle, capers, olives, or pepperoncini, chop it very fine and stir it into the tomato mixture so the flavor is scattered through the dish in...""}, {""session_id"": ""food_user_0020_s0068"", ""session_index"": 68, ""signal_type"": ""support"", ""recipe_title"": ""Fruit Dip 2"", ""user"": ""When I make a rich dip like Fruit Dip 2, I like a few salty-briny bits chopped very fine so they don't take over. Can you work that in while we make it?"", ""assistant"": ""Yes. Keep the Fruit Dip 2 base the same, and if you're adding pickle, capers, olives, or pepperoncini, chop just a small amount very finely and fold it into the creamy mixture s...""}]",pass,,
review_food_user_0020_habit_06_chili_marking_style_p02_exception__food_v03__unseen_paraphrase,food_v03_probe_a013ca53f44be7d7,food_user_0020_habit_06_chili_marking_style_p02_exception__food_v03__unseen_paraphrase,food_user_0020,dev,exception,content_constraints,chili_marking_style,unseen_paraphrase,For this requested context: longer-cooked saucy preparations using a heat element. Which option fits?,"[{""choice_id"": ""A"", ""text"": ""Place the chili in a small spot near the rim of the bowl.""}, {""choice_id"": ""B"", ""text"": ""Add the chili as a late streak across only part of the dish.""}, {""choice_id"": ""C"", ""text"": ""Stir the chili evenly through the whole dish.""}, {""choice_id"": ""D"", ""text"": ""Bloom a small amount of chili in oil at the start and add no extra chili on top.""}]",D,apply_user_scoped_exception,"[{""session_id"": ""food_user_0020_s0076"", ""session_index"": 76, ""signal_type"": ""exception"", ""recipe_title"": ""Chicken with Vegetables"", ""user"": ""For this batch of Chicken with Vegetables, I want to treat it more like a cozy stew with a little heat from chili or pepper flakes. What should I do with the chili this time?"", ""assistant"": ""At the beginning, warm a little oil and briefly sizzle a small pinch of chili in it, then skip any extra chili sprinkled on top later.""}]",pass,,
review_food_user_0021_habit_00_soup_garnish_geometry_p01_boundary__food_v03,food_v03_probe_fd28fbe8a5a13177,food_user_0021_habit_00_soup_garnish_geometry_p01_boundary__food_v03,food_user_0021,dev,boundary,content_constraints,soup_garnish_geometry,original_food_v03,"I'm making this recipe as a mug serving with soup, stew, beans, or a brothy bowl. How should I finish it?","[{""choice_id"": ""A"", ""text"": ""Use the two finishing elements as separate late additions.""}, {""choice_id"": ""B"", ""text"": ""Use one tender element as a small side mark and place the brittle element beside the serving.""}, {""choice_id"": ""C"", ""text"": ""Use both finishing elements as an even surface scatter.""}, {""choice_id"": ""D"", ""text"": ""Use one tender element as a compact interior mark and set the brittle element in a curved side mark.""}]",B,do_not_overapply_content_constraint,"[{""session_id"": ""food_user_0021_s0094"", ""session_index"": 94, ""signal_type"": ""boundary_counterexample"", ""recipe_title"": ""Fig Bars II"", ""user"": ""I'm doing Fig Bars II today in a mug-style portion to go with soup, stew, beans, or another brothy bowl. What should the topping look like for this serving?"", ""assistant"": ""Put a small, soft garnish directly on top, and serve anything crisp off to the side.""}]",pass,,
review_food_user_0021_habit_00_soup_garnish_geometry_p02_exception__food_v03__unseen_paraphrase,food_v03_probe_f41c257aef8d56ca,food_user_0021_habit_00_soup_garnish_geometry_p02_exception__food_v03__unseen_paraphrase,food_user_0021,dev,exception,content_constraints,soup_garnish_geometry,unseen_paraphrase,"For this requested context: portable liquid-forward, bean-based or simmered servings. Which option fits?","[{""choice_id"": ""A"", ""text"": ""Use one tender element as a small side mark and place the brittle element beside the serving.""}, {""choice_id"": ""B"", ""text"": ""Use the two finishing elements as separate late additions.""}, {""choice_id"": ""C"", ""text"": ""Use both finishing elements as an even surface scatter.""}, {""choice_id"": ""D"", ""text"": ""Use one tender element as a compact interior mark and set the brittle element in a curved side mark.""}]",B,apply_user_scoped_exception,"[{""session_id"": ""food_user_0021_s0103"", ""session_index"": 103, ""signal_type"": ""exception"", ""recipe_title"": ""Dipping Sauce"", ""user"": ""I'm packing this Dipping Sauce to go with a brothy bean bowl today, so I only want the travel version for this batch. How should I handle the finish?"", ""assistant"": ""For this batch, keep the two garnishes in separate containers and add them only after the bowl has been reheated.""}]",pass,,
review_food_user_0021_habit_03_chili_marking_style_p00_direct_use__food_v03_explicit_retrieval,food_v03_probe_ba82693b313ba754,food_user_0021_habit_03_chili_marking_style_p00_direct_use__food_v03_explicit_retrieval,food_user_0021,dev,explicit_retrieval,content_constraints,chili_marking_style,original_food_v03,"In the user's historical cooking sessions involving savory dishes with chili, hot sauce, pepper flakes, spicy oil, jalapeno, or cayenne, which behavior did the user show?","[{""choice_id"": ""A"", ""text"": ""Stir the chili evenly through the whole dish.""}, {""choice_id"": ""B"", ""text"": ""Add the chili as a late streak across only part of the dish.""}, {""choice_id"": ""C"", ""text"": ""Bloom a small amount of chili in oil at the start and add no extra chili on top.""}, {""choice_id"": ""D"", ""text"": ""Place the chili in a small spot near the rim of the bowl.""}]",B,explicit_fact_preference_retrieval,"[{""session_id"": ""food_user_0021_s0019"", ""session_index"": 19, ""signal_type"": ""support"", ""recipe_title"": ""Chicken with Vegetables"", ""user"": ""For Chicken with Vegetables, can we keep the warmth mostly mild and put the chile as a narrow streak instead of seasoning the whole slow cooker with it?"", ""assistant"": ""Yes. We'll keep the mushrooms, chicken, celery, zucchini, carrots, onion, tomato juice, broth, garlic, paprika, and pepper mellow in the cooker, then add a small line of chili o...""}, {""session_id"": ""food_user_0021_s0026"", ""session_index"": 26, ""signal_type"": ""support"", ""recipe_title"": ""Crawfish Etouffee III"", ""user"": ""When we make Crawfish Etouffee III, can we leave most of it mild and put the spicy kick off to one side instead of stirring it through the whole pan?"", ""assistant"": ""Yes. Build the etouffee as written so the onion, tomato soup, cream of mushroom soup, tomatoes with green chile peppers, and crawfish stay balanced. Near the end, add a narrow s...""}, {""session_id"": ""food_user_0021_s0033"", ""session_index"": 33, ""signal_type"": ""support"", ""recipe_title"": ""Crabby Cliffs Mushroom Puffs"", ""user"": ""When I make Crabby Cliffs Mushroom Puffs, I prefer the spicy kick concentrated in just one patch instead of mixed through every bite."", ""assistant"": ""Got it. We'll keep the mushroom mixture mostly balanced, then use the cayenne pepper as a small streak near the end so only part of the filling carries the heat.""}, {""session_id"": ""food_user_0021_s0043"", ""session_index"": 43, ""signal_type"": ""support"", ""recipe_title"": ""Arroz con Pollo II"", ""user"": ""For Arroz con Pollo II, can you do that thing where the heat goes on just part of the pan at the end instead of through the whole dish?"", ""assistant"": ""Yes. We'll keep the main chicken and rice mellow, then near serving add a narrow streak of heat—chili oil, hot sauce, pepper flakes, jalapeno, or cayenne—over only one section s...""}]",pass,,
review_food_user_0021_habit_04_salad_dressing_layout_p00_direct_use__food_v03__unseen_paraphrase,food_v03_probe_4cfa5b9e9ab6bbd7,food_user_0021_habit_04_salad_dressing_layout_p00_direct_use__food_v03__unseen_paraphrase,food_user_0021,dev,direct_use,content_constraints,salad_dressing_layout,unseen_paraphrase,"For a new cooking request in this setting: tossed mixes, shredded sides, composed servings or plant item sides using a tart seasoned dressing. Which option fits?","[{""choice_id"": ""A"", ""text"": ""Spoon the dressing underneath the greens and leave the top mostly dry.""}, {""choice_id"": ""B"", ""text"": ""Dress the salad evenly until every piece is coated.""}, {""choice_id"": ""C"", ""text"": ""Toss lightly and leave a small streak of dressing along one side of the serving dish.""}, {""choice_id"": ""D"", ""text"": ""Dress the grains in two rounds, once while warm and once right before serving.""}]",C,apply_scoped_content_constraint,"[{""session_id"": ""food_user_0021_s0014"", ""session_index"": 14, ""signal_type"": ""support"", ""recipe_title"": ""Alisons Slow Cooker Vegetable Beef Soup"", ""user"": ""For Alisons Slow Cooker Vegetable Beef Soup, can we still do my light salad dressing with that little stripe of extra dressing on the side?"", ""assistant"": ""Yes. We'll keep the soup itself as written, and for the salad alongside it, toss it very lightly with dressing and run a narrow extra stripe along one edge of the plate.""}, {""session_id"": ""food_user_0021_s0015"", ""session_index"": 15, ""signal_type"": ""support"", ""recipe_title"": ""Buffalo Chicken Wings I"", ""user"": ""For Buffalo Chicken Wings I, please don't leave the wings sitting in sauce. I want them lightly tossed, with a little extra sauce served off to the side."", ""assistant"": ""Got it. We'll fry the wings, make the butter-vinegar-hot sauce mixture, give the chicken only a quick light coating, and keep extra sauce separate for dipping instead of soaking...""}, {""session_id"": ""food_user_0021_s0027"", ""session_index"": 27, ""signal_type"": ""support"", ""recipe_title"": ""Bakers Secret Pie Crust"", ""user"": ""When we do Bakers Secret Pie Crust, please keep it from getting saturated; I like a light toss with the dressing kept mostly to the side."", ""assistant"": ""Got it. I'll keep the pie crust prep on track, and for the dressed part I'll coat it lightly rather than drenching it, with a small bit of extra dressing off to one side.""}, {""session_id"": ""food_user_0021_s0055"", ""session_index"": 55, ""signal_type"": ""support"", ""recipe_title"": ""Biga"", ""user"": ""When I use Biga in a salad-style plate, can we keep the dressing a little uneven again instead of coating everything the same?"", ""assistant"": ""Yes. We'll keep the Biga itself to the recipe, and when you plate it, toss only lightly so the surface is barely coated, then run a narrow extra ribbon of dressing along one side.""}]",pass,,
review_food_user_0021_habit_04_salad_dressing_layout_p02_exception__food_v03,food_v03_probe_16e441ceb5987778,food_user_0021_habit_04_salad_dressing_layout_p02_exception__food_v03,food_user_0021,dev,exception,content_constraints,salad_dressing_layout,original_food_v03,I'm making this recipe as a plated salad with dressing or vinaigrette. How should I dress it?,"[{""choice_id"": ""A"", ""text"": ""Dress the grains in two rounds, once while warm and once right before serving.""}, {""choice_id"": ""B"", ""text"": ""Toss lightly and leave a small streak of dressing along one side of the serving dish.""}, {""choice_id"": ""C"", ""text"": ""Spoon the dressing underneath the greens and leave the top mostly dry.""}, {""choice_id"": ""D"", ""text"": ""Dress the salad evenly until every piece is coated.""}]",C,apply_user_scoped_exception,"[{""session_id"": ""food_user_0021_s0099"", ""session_index"": 99, ""signal_type"": ""exception"", ""recipe_title"": ""Babis Bean Salad"", ""user"": ""For this Babis Bean Salad, I'm serving it plated with a vinaigrette rather than tossed in a bowl. Where should the dressing go?"", ""assistant"": ""Put a little vinaigrette on the plate below the salad components, then keep the upper layer mostly undressed so it looks clean and fresh.""}]",pass,,
review_food_user_0021_habit_04_salad_dressing_layout_p02_exception__food_v03__unseen_paraphrase,food_v03_probe_b0210968a608822c,food_user_0021_habit_04_salad_dressing_layout_p02_exception__food_v03__unseen_paraphrase,food_user_0021,dev,exception,content_constraints,salad_dressing_layout,unseen_paraphrase,For this requested context: single-portion tossed mix servings using a tart seasoned dressing. Which option fits?,"[{""choice_id"": ""A"", ""text"": ""Dress the grains in two rounds, once while warm and once right before serving.""}, {""choice_id"": ""B"", ""text"": ""Toss lightly and leave a small streak of dressing along one side of the serving dish.""}, {""choice_id"": ""C"", ""text"": ""Spoon the dressing underneath the greens and leave the top mostly dry.""}, {""choice_id"": ""D"", ""text"": ""Dress the salad evenly until every piece is coated.""}]",C,apply_user_scoped_exception,"[{""session_id"": ""food_user_0021_s0099"", ""session_index"": 99, ""signal_type"": ""exception"", ""recipe_title"": ""Babis Bean Salad"", ""user"": ""For this Babis Bean Salad, I'm serving it plated with a vinaigrette rather than tossed in a bowl. Where should the dressing go?"", ""assistant"": ""Put a little vinaigrette on the plate below the salad components, then keep the upper layer mostly undressed so it looks clean and fresh.""}]",pass,,
review_food_user_0021_habit_05_cheese_shape_temperature_p02_exception__food_v03__unseen_paraphrase,food_v03_probe_7ace4c7d083a2996,food_user_0021_habit_05_cheese_shape_temperature_p02_exception__food_v03__unseen_paraphrase,food_user_0021,dev,exception,content_constraints,cheese_shape_temperature,unseen_paraphrase,For this requested context: heated egg or strand starch preparations using late-added cheese. Which option fits?,"[{""choice_id"": ""A"", ""text"": ""Keep the cheese cold and cut it into even cubes.""}, {""choice_id"": ""B"", ""text"": ""Keep the cheese cool and shave it thinly across only one side of the platter.""}, {""choice_id"": ""C"", ""text"": ""Let the cheese lose its refrigerator chill and crumble it irregularly by hand.""}, {""choice_id"": ""D"", ""text"": ""Cut the cheese into small cubes and fold them in off heat.""}]",D,apply_user_scoped_exception,"[{""session_id"": ""food_user_0021_s0077"", ""session_index"": 77, ""signal_type"": ""exception"", ""recipe_title"": ""Baked French Toast 2"", ""user"": ""For this batch of Baked French Toast 2, I'm treating it like a hot eggy dish and want to add cheese right near serving. What's the best way to do that just for tonight?"", ""assistant"": ""Dice the cheese small, then gently fold it in away from the heat so it softens without getting greasy or stringy.""}]",pass,,
review_food_user_0021_habit_06_crunch_topping_grain_p01_boundary__food_v03,food_v03_probe_af1d8a2d34198288,food_user_0021_habit_06_crunch_topping_grain_p01_boundary__food_v03,food_user_0021,dev,boundary,content_constraints,crunch_topping_grain,original_food_v03,"I'm making this recipe as a wrap, taco, or hand-held filling with seeds, nuts, crumbs, chips, or a crisp topping. How should I handle the crunchy topping?","[{""choice_id"": ""A"", ""text"": ""Keep the crunchy topping in larger pieces and put it in the center layer.""}, {""choice_id"": ""B"", ""text"": ""Leave the crunchy topping whole and spread it evenly across the surface.""}, {""choice_id"": ""C"", ""text"": ""Crush the crunchy topping into small uneven pieces and scatter it in a narrow band.""}, {""choice_id"": ""D"", ""text"": ""Pack the crunchy topping separately and add it after opening the container.""}]",A,do_not_overapply_content_constraint,"[{""session_id"": ""food_user_0021_s0056"", ""session_index"": 56, ""signal_type"": ""boundary_counterexample"", ""recipe_title"": ""Gingered Mango Salsa"", ""user"": ""Today I'm using Gingered Mango Salsa as a hand-held taco or wrap filling, and I'm adding a crunchy seed-or-chip topping. Where should that crunch sit so it works in the filling?"", ""assistant"": ""Leave the crunchy pieces fairly big and tuck them into the middle of the filling so they stay contained.""}]",pass,,
review_food_user_0022_habit_00_herb_stem_role_p01_boundary__food_v03,food_v03_probe_c8f731c8c9ba533d,food_user_0022_habit_00_herb_stem_role_p01_boundary__food_v03,food_user_0022,test,boundary,content_constraints,herb_stem_role,original_food_v03,I'm making this recipe as a clear broth or smooth sauce with cilantro or parsley stems. How should I handle the stems?,"[{""choice_id"": ""A"", ""text"": ""Chop the tender stems finely and simmer them with the base.""}, {""choice_id"": ""B"", ""text"": ""Tie the stems into a small bundle and remove the bundle before serving.""}, {""choice_id"": ""C"", ""text"": ""Discard the stems and use only leaves at the end.""}, {""choice_id"": ""D"", ""text"": ""Dice only the most tender stems into the dressing and keep the leaves separate.""}]",B,do_not_overapply_content_constraint,"[{""session_id"": ""food_user_0022_s0092"", ""session_index"": 92, ""signal_type"": ""boundary_counterexample"", ""recipe_title"": ""Cheesy Cheddar Potato Boats"", ""user"": ""For today's Cheesy Cheddar Potato Boats, I'm working them into a clear broth or smooth sauce and I have cilantro or parsley stems to use. What's the cleanest way to deal with the stems?"", ""assistant"": ""Bundle the stems with kitchen twine, let them flavor the broth or sauce, then lift the bundle out before you serve.""}]",pass,,
review_food_user_0022_habit_05_fruit_spice_signature_p00_direct_use__food_v03__unseen_paraphrase,food_v03_probe_1166b0ff11ac00e4,food_user_0022_habit_05_fruit_spice_signature_p00_direct_use__food_v03__unseen_paraphrase,food_user_0022,test,direct_use,content_constraints,fruit_spice_signature,unseen_paraphrase,For a new cooking request in this setting: produce-led bakes or sweets using aromatic seasoning blend. Which option fits?,"[{""choice_id"": ""A"", ""text"": ""Use only a tiny pinch of ginger and skip the other warm spices.""}, {""choice_id"": ""B"", ""text"": ""Use cinnamon as the only warm spice.""}, {""choice_id"": ""C"", ""text"": ""Use a small cardamom-and-ginger note with the fruit.""}, {""choice_id"": ""D"", ""text"": ""Use cinnamon and ginger, and leave cardamom out.""}]",C,apply_scoped_content_constraint,"[{""session_id"": ""food_user_0022_s0024"", ""session_index"": 24, ""signal_type"": ""support"", ""recipe_title"": ""Grandmas Carrot Cake"", ""user"": ""For Grandmas Carrot Cake, can you work in my light cardamom touch if it suits the cake?"", ""assistant"": ""Yes. Keep it gentle: a small pinch of cardamom with a little ginger will sit behind the cinnamon and let the carrot-cake sweetness stay out front.""}, {""session_id"": ""food_user_0022_s0038"", ""session_index"": 38, ""signal_type"": ""support"", ""recipe_title"": ""Fresh Apple Cake"", ""user"": ""I'm making Fresh Apple Cake, and for apple desserts I like a gentle warmer-spice lift. Can we work that in without changing the cake too much?"", ""assistant"": ""Yes. Keep the Fresh Apple Cake base as written, then add just a restrained touch of cardamom and ginger alongside the cinnamon and nutmeg so the apple flavor still stays out front.""}, {""session_id"": ""food_user_0022_s0054"", ""session_index"": 54, ""signal_type"": ""support"", ""recipe_title"": ""Fruit Dip 2"", ""user"": ""When I make fruit desserts like Fruit Dip 2, can we bring in that gentle warm-spice layer I usually enjoy?"", ""assistant"": ""Yes. Keep Fruit Dip 2 centered on the creamy fruit-dip base, then add just a light cardamom-and-ginger accent so the pineapple and fruit you serve with it still come through cle...""}, {""session_id"": ""food_user_0022_s0059"", ""session_index"": 59, ""signal_type"": ""support"", ""recipe_title"": ""A Surprise Inside French Toast"", ""user"": ""For A Surprise Inside French Toast, can we work in my usual cardamom and ginger accent this time?"", ""assistant"": ""Yes. Keep the cardamom and ginger gentle—more of a warm background note—so any fruit you serve with the French toast still comes through clearly.""}]",pass,,
review_food_user_0022_habit_05_fruit_spice_signature_p02_exception__food_v03,food_v03_probe_e90b272ceee61549,food_user_0022_habit_05_fruit_spice_signature_p02_exception__food_v03,food_user_0022,test,exception,content_constraints,fruit_spice_signature,original_food_v03,"I'm making this recipe as a chilled fruit dessert with cinnamon, cardamom, ginger, or nutmeg. How should I use the warm spices?","[{""choice_id"": ""A"", ""text"": ""Use cinnamon and ginger, and leave cardamom out.""}, {""choice_id"": ""B"", ""text"": ""Use cinnamon as the only warm spice.""}, {""choice_id"": ""C"", ""text"": ""Use only a tiny pinch of ginger and skip the other warm spices.""}, {""choice_id"": ""D"", ""text"": ""Use a small cardamom-and-ginger note with the fruit.""}]",C,apply_user_scoped_exception,"[{""session_id"": ""food_user_0022_s0105"", ""session_index"": 105, ""signal_type"": ""exception"", ""recipe_title"": ""Fresh Apple Walnut Cake"", ""user"": ""For this batch of Fresh Apple Walnut Cake, I'm serving it chilled and fruit-forward. If I have cinnamon, cardamom, ginger, and nutmeg in mind, which warm spices should actually go in?"", ""assistant"": ""For this one, keep it very light: add just a tiny pinch of ginger, and leave out the cardamom, nutmeg, and extra warm spice.""}]",pass,,
review_food_user_0022_habit_06_allium_timing_shape_p00_direct_use__food_v03_explicit_retrieval,food_v03_probe_32ce7017167bc43d,food_user_0022_habit_06_allium_timing_shape_p00_direct_use__food_v03_explicit_retrieval,food_user_0022,test,explicit_retrieval,content_constraints,allium_timing_shape,original_food_v03,"In the user's historical cooking sessions involving savory recipes with onion, garlic, scallion, leek, or shallot before liquid, which behavior did the user show?","[{""choice_id"": ""A"", ""text"": ""Slice the allium thinly and soften it before adding the liquid.""}, {""choice_id"": ""B"", ""text"": ""Dice the allium very small and rinse it briefly before adding it.""}, {""choice_id"": ""C"", ""text"": ""Dice the allium and add it with the liquid.""}, {""choice_id"": ""D"", ""text"": ""Cut the allium in two shapes and add both shapes at the end.""}]",A,explicit_fact_preference_retrieval,"[{""session_id"": ""food_user_0022_s0040"", ""session_index"": 40, ""signal_type"": ""support"", ""recipe_title"": ""Chicken Stuffed Buns"", ""user"": ""For Chicken Stuffed Buns, can we use my gentler approach with thin-sliced garlic or onion instead of a sharper chopped bite?"", ""assistant"": ""Yes. Keep it mellow: thinly slice the garlic, or a little onion if you're adding it, and warm it gently until soft before it goes into the filling with the chicken and cheeses.""}, {""session_id"": ""food_user_0022_s0042"", ""session_index"": 42, ""signal_type"": ""support"", ""recipe_title"": ""Chicken with Vegetables"", ""user"": ""For Chicken with Vegetables, can we do the onion the way I like it—thinly sliced and softened before the slow cooker liquid goes in?"", ""assistant"": ""Yes. For the onion, and any garlic, scallion, leek, or shallot you're using in that same family, cut it thin and give it a brief softening before you add the tomato juice and br...""}, {""session_id"": ""food_user_0022_s0045"", ""session_index"": 45, ""signal_type"": ""support"", ""recipe_title"": ""Cawl Traditional Welsh Broth"", ""user"": ""I'm making Cawl Traditional Welsh Broth, and I want to start it the way I usually prefer: with the alliums sliced thin and softened before the broth liquid goes in."", ""assistant"": ""That works here. Use the 2 large onions as the allium: slice them thin instead of leaving them chunky, soften them gently in the large pot, then add the 2 quarts water and bring...""}, {""session_id"": ""food_user_0022_s0064"", ""session_index"": 64, ""signal_type"": ""support"", ""recipe_title"": ""Easy Marinated Vegetables"", ""user"": ""When we make Easy Marinated Vegetables, can we start with the very thin allium prep I usually like before anything wet gets added?"", ""assistant"": ""Yes. If you're adding onion, garlic, scallion, leek, or shallot, cut it very thin and gently soften it first, then set it aside to join the vegetables with the dressing later.""}]",pass,,
review_food_user_0022_habit_06_allium_timing_shape_p02_exception__food_v03,food_v03_probe_336cf00845bf9316,food_user_0022_habit_06_allium_timing_shape_p02_exception__food_v03,food_user_0022,test,exception,content_constraints,allium_timing_shape,original_food_v03,"I'm making this recipe as a quick broth or noodle bowl with onion, garlic, scallion, leek, or shallot. How should I handle the allium?","[{""choice_id"": ""A"", ""text"": ""Dice the allium and add it with the liquid.""}, {""choice_id"": ""B"", ""text"": ""Cut the allium in two shapes and add both shapes at the end.""}, {""choice_id"": ""C"", ""text"": ""Dice the allium very small and rinse it briefly before adding it.""}, {""choice_id"": ""D"", ""text"": ""Slice the allium thinly and soften it before adding the liquid.""}]",B,apply_user_scoped_exception,"[{""session_id"": ""food_user_0022_s0088"", ""session_index"": 88, ""signal_type"": ""exception"", ""recipe_title"": ""Cornbread Dressing I"", ""user"": ""I'm turning Cornbread Dressing I into a quick broth or noodle bowl tonight, and this time I want to use onion, garlic, scallion, leek, or shallot in that bowl style. What should I do with the allium for this one?"", ""assistant"": ""For this version, prep the allium two ways—one finer cut and one sliced or larger cut—and add both right at the end.""}]",pass,,
review_food_user_0023_habit_00_salad_dressing_layout_p01_boundary__food_v03__unseen_paraphrase,food_v03_probe_8fcbcc81a27285c5,food_user_0023_habit_00_salad_dressing_layout_p01_boundary__food_v03__unseen_paraphrase,food_user_0023,test,boundary,content_constraints,salad_dressing_layout,unseen_paraphrase,For this requested context: cooked grain base-based tossed mixes using a tart seasoned dressing. Which option fits?,"[{""choice_id"": ""A"", ""text"": ""Dress the salad evenly until every piece is coated.""}, {""choice_id"": ""B"", ""text"": ""Dress the grains in two rounds, once while warm and once right before serving.""}, {""choice_id"": ""C"", ""text"": ""Spoon the dressing underneath the greens and leave the top mostly dry.""}, {""choice_id"": ""D"", ""text"": ""Toss lightly and leave a small streak of dressing along one side of the serving dish.""}]",B,do_not_overapply_content_constraint,"[{""session_id"": ""food_user_0023_s0054"", ""session_index"": 54, ""signal_type"": ""boundary_counterexample"", ""recipe_title"": ""Chicken Fried Chops 2"", ""user"": ""Tonight I'm turning Chicken Fried Chops 2 into a grain salad with a vinaigrette-style dressing. What's the best way to add the dressing?"", ""assistant"": ""Add it in two passes: toss some with the grains while they're still warm, then refresh with a little more right before serving.""}]",pass,,
review_food_user_0023_habit_04_cheese_shape_temperature_p00_direct_use__food_v03_explicit_retrieval,food_v03_probe_0f2f79e0ca2949c7,food_user_0023_habit_04_cheese_shape_temperature_p00_direct_use__food_v03_explicit_retrieval,food_user_0023,test,explicit_retrieval,content_constraints,cheese_shape_temperature,original_food_v03,"In the user's historical cooking sessions involving salads, sandwiches, pastas, eggs, or vegetable dishes with cheese added near serving, which behavior did the user show?","[{""choice_id"": ""A"", ""text"": ""Cut the cheese into small cubes and fold them in off heat.""}, {""choice_id"": ""B"", ""text"": ""Let the cheese lose its refrigerator chill and crumble it irregularly by hand.""}, {""choice_id"": ""C"", ""text"": ""Keep the cheese cold and cut it into even cubes.""}, {""choice_id"": ""D"", ""text"": ""Keep the cheese cool and shave it thinly across only one side of the platter.""}]",B,explicit_fact_preference_retrieval,"[{""session_id"": ""food_user_0023_s0041"", ""session_index"": 41, ""signal_type"": ""support"", ""recipe_title"": ""Gelatin Fruit Salad"", ""user"": ""When we make Gelatin Fruit Salad, can we do the cheese the way I prefer it—slightly less cold and broken into rough pieces by hand?"", ""assistant"": ""Yes. If you're serving cheese alongside it, set it out briefly so the refrigerator chill eases, then break it into uneven crumbles by hand right before serving. For the salad it...""}, {""session_id"": ""food_user_0023_s0063"", ""session_index"": 63, ""signal_type"": ""support"", ""recipe_title"": ""Best Macaroni Salad"", ""user"": ""For Best Macaroni Salad, can we pull the cheese from the fridge ahead of time so it loses some of the chill before it goes in?"", ""assistant"": ""Yes. Set the cheese out while you cook and cool the macaroni; when the salad is nearly ready, break it into rough hand-torn pieces so it folds in with those uneven bits you like.""}, {""session_id"": ""food_user_0023_s0065"", ""session_index"": 65, ""signal_type"": ""support"", ""recipe_title"": ""Almond Apricot Bread"", ""user"": ""Before I start Almond Apricot Bread, is it okay if the cheese comes out of the fridge for a short while so it is not so cold?"", ""assistant"": ""Yes. Let the cheese lose some of its chill before serving, then break it by hand into uneven pieces at the end so it keeps that rustic crumble you like.""}, {""session_id"": ""food_user_0023_s0075"", ""session_index"": 75, ""signal_type"": ""support"", ""recipe_title"": ""Fig Bars II"", ""user"": ""For Fig Bars II, is it okay if I pull the cheese from the fridge ahead of time so it isn't so cold when I crumble it?"", ""assistant"": ""Yes—set the cheese out for a short while so the chill eases, then break it up by hand into uneven crumbles close to serving time. While that rests, we can start the bars.""}]",pass,,
review_food_user_0024_habit_00_flexible_heat_route_p01_boundary__food_v03,food_v03_probe_adf41c000ff41f9a,food_user_0024_habit_00_flexible_heat_route_p01_boundary__food_v03,food_user_0024,test,boundary,content_constraints,flexible_heat_route,original_food_v03,"I'm making this recipe as a single-serving recipe with stovetop, oven, broiler, skillet, or sheet-pan routes. Which route should I take?","[{""choice_id"": ""A"", ""text"": ""Use the oven route, rotate the batch pan once, and skip the final rest.""}, {""choice_id"": ""B"", ""text"": ""Use the oven, broiler, or wide pan route and finish with a short uncovered rest.""}, {""choice_id"": ""C"", ""text"": ""Use the stovetop route and serve straight from the pan.""}, {""choice_id"": ""D"", ""text"": ""Use the stovetop route and finish with a brief covered rest.""}]",D,do_not_overapply_content_constraint,"[{""session_id"": ""food_user_0024_s0102"", ""session_index"": 102, ""signal_type"": ""boundary_counterexample"", ""recipe_title"": ""Cupids Cookies"", ""user"": ""For Cupids Cookies today, I'm scaling to a single serving and can use the stovetop, oven, broiler, skillet, or sheet-pan. Which path makes sense right now?"", ""assistant"": ""Go with the stovetop route, then let it sit covered for a short rest at the end.""}]",pass,,
review_food_user_0024_habit_02_soft_herb_cut_style_p00_direct_use__food_v03,food_v03_probe_f53e1fe40f980ac9,food_user_0024_habit_02_soft_herb_cut_style_p00_direct_use__food_v03,food_user_0024,test,direct_use,content_constraints,soft_herb_cut_style,original_food_v03,"I'm making a casual savory dish with optional cilantro, parsley, basil, mint, or scallions. How should I handle the soft herbs?","[{""choice_id"": ""A"", ""text"": ""Leave the soft herbs in large loose leaves across the top.""}, {""choice_id"": ""B"", ""text"": ""Chop the soft herbs finely, fold half into the warm food, and scatter the rest at the end.""}, {""choice_id"": ""C"", ""text"": ""Keep the soft herbs in larger leaves and place them in a small pile at one edge of the bowl.""}, {""choice_id"": ""D"", ""text"": ""Pack the soft herbs in a separate small container and add them after opening the lunch.""}]",B,apply_scoped_content_constraint,"[{""session_id"": ""food_user_0024_s0015"", ""session_index"": 15, ""signal_type"": ""support"", ""recipe_title"": ""Fancy Brussels Sprouts"", ""user"": ""I'm making Fancy Brussels Sprouts, and I'd like the parsley to be mixed through the sprouts instead of only sitting on top. Can we handle the herbs that way?"", ""assistant"": ""Yes. Mince the 1/4 cup fresh parsley very finely, use most of it in the saucepan with the 1 cup water, 1 teaspoon sugar, and 1/2 teaspoon salt, then keep a little back to fold i...""}, {""session_id"": ""food_user_0024_s0018"", ""session_index"": 18, ""signal_type"": ""support"", ""recipe_title"": ""Argentine Chimichurri Bread"", ""user"": ""For Argentine Chimichurri Bread, can we use that fine-minced herb approach again?"", ""assistant"": ""Yes. For the chimichurri-style herbs, mince the tender leaves very small, work some in late so they spread through the loaf, and save a little fresh bit to sprinkle on at the end.""}, {""session_id"": ""food_user_0024_s0043"", ""session_index"": 43, ""signal_type"": ""support"", ""recipe_title"": ""Cheddar Artichoke Quiche Cups"", ""user"": ""For Cheddar Artichoke Quiche Cups, can we use my extra-fine herb chop again?"", ""assistant"": ""Yes. I'll keep the herbs in tiny pieces: mix a little into the filling so it disappears into the quiche cups, then save just a small fresh pinch to scatter at the end.""}, {""session_id"": ""food_user_0024_s0046"", ""session_index"": 46, ""signal_type"": ""support"", ""recipe_title"": ""Broccoflower Risotto with Wild Mushrooms"", ""user"": ""For Broccoflower Risotto with Wild Mushrooms, can we do the cilantro or parsley in that split fresh-and-stirred-in style I always prefer?"", ""assistant"": ""Yes. I'll mince the tender herbs finely, fold some into the risotto right at the end, and save the rest to sprinkle over the bowls so it stays bright.""}]",pass,,
review_food_user_0024_habit_03_briny_accent_form_p00_direct_use__food_v03,food_v03_probe_f4ad23dc452bec32,food_user_0024_habit_03_briny_accent_form_p00_direct_use__food_v03,food_user_0024,test,direct_use,content_constraints,briny_accent_form,original_food_v03,"I'm making a rich sandwich, burger, bowl, salad, or creamy dish with pickles, capers, olives, or pepperoncini. How should I handle the briny ingredient?","[{""choice_id"": ""A"", ""text"": ""Use small separate clusters around the outer edge.""}, {""choice_id"": ""B"", ""text"": ""Use larger pieces and keep them visible over the surface.""}, {""choice_id"": ""C"", ""text"": ""Use tiny pieces and work them into the soft base.""}, {""choice_id"": ""D"", ""text"": ""Use only a little accent liquid and leave the solid pieces out.""}]",C,apply_scoped_content_constraint,"[{""session_id"": ""food_user_0024_s0024"", ""session_index"": 24, ""signal_type"": ""support"", ""recipe_title"": ""Best Macaroni Salad"", ""user"": ""For Best Macaroni Salad, can we work in my little chopped pickle-or-caper style briny bits instead of leaving it plain?"", ""assistant"": ""Yes. Keep the salad base the same, and finely chop a small amount of pickle, capers, olive, or pepperoncini so it disappears into the mayonnaise coating and gives little salty p...""}, {""session_id"": ""food_user_0024_s0026"", ""session_index"": 26, ""signal_type"": ""support"", ""recipe_title"": ""Crawfish Chowder"", ""user"": ""For Crawfish Chowder, can we work the pickle-caper-olive kind of briny note in finely instead of leaving obvious pieces?"", ""assistant"": ""Yes. Chop any pickle, caper, olive, or pepperoncini very small and stir it into the buttery chowder base so it comes through as tiny bright flecks rather than big bites.""}, {""session_id"": ""food_user_0024_s0044"", ""session_index"": 44, ""signal_type"": ""support"", ""recipe_title"": ""Baked Halibut Steaks"", ""user"": ""I'm making Baked Halibut Steaks, and with rich fish like this I prefer any briny add-ins chopped tiny so they don't take over. Can you guide me that way?"", ""assistant"": ""Yes. If you're adding capers, pickle, olive, or pepperoncini, chop it very finely and stir it into the tomato-basil mixture rather than leaving pieces on top. To get started, pr...""}, {""session_id"": ""food_user_0024_s0060"", ""session_index"": 60, ""signal_type"": ""support"", ""recipe_title"": ""A Surprise Inside French Toast"", ""user"": ""When I make something as creamy as A Surprise Inside French Toast, I like a little salty-briny accent chopped very fine instead of big pieces. Can you work that in while you guide me?"", ""assistant"": ""Yes. Keep the base recipe the same, and if you're adding a briny accent, chop a small amount of pickle, caper, olive, or pepperoncini very finely, then fold it into the cheese f...""}]",pass,,
review_food_user_0024_habit_03_briny_accent_form_p01_boundary__food_v03__unseen_paraphrase,food_v03_probe_ed40cab85ffb1213,food_user_0024_habit_03_briny_accent_form_p01_boundary__food_v03__unseen_paraphrase,food_user_0024,test,boundary,content_constraints,briny_accent_form,unseen_paraphrase,"For this requested context: shared-format servings with hearty filled items, composed servings, tossed mixes or velvety preparations. Which option fits?","[{""choice_id"": ""A"", ""text"": ""Use small separate clusters around the outer edge.""}, {""choice_id"": ""B"", ""text"": ""Use larger pieces and keep them visible over the surface.""}, {""choice_id"": ""C"", ""text"": ""Use tiny pieces and work them into the soft base.""}, {""choice_id"": ""D"", ""text"": ""Use only a little accent liquid and leave the solid pieces out.""}]",A,do_not_overapply_content_constraint,"[{""session_id"": ""food_user_0024_s0105"", ""session_index"": 105, ""signal_type"": ""boundary_counterexample"", ""recipe_title"": ""Famous Caramel Cookie Bars"", ""user"": ""I'm serving Famous Caramel Cookie Bars on a shared platter alongside rich sandwiches, burgers, bowls, salads, or creamy dishes. For this setup, what should I do with the briny ingredient?"", ""assistant"": ""Set the briny ingredient out in little separate piles around the outer edge of the platter.""}]",pass,,
review_food_user_0024_habit_03_briny_accent_form_p02_exception__food_v03,food_v03_probe_dc6264dcac48b7d0,food_user_0024_habit_03_briny_accent_form_p02_exception__food_v03,food_user_0024,test,exception,content_constraints,briny_accent_form,original_food_v03,"I'm making this recipe as a warm skillet version with pickles, capers, olives, or pepperoncini. How should I handle the briny ingredient?","[{""choice_id"": ""A"", ""text"": ""Use small separate clusters around the outer edge.""}, {""choice_id"": ""B"", ""text"": ""Use tiny pieces and work them into the soft base.""}, {""choice_id"": ""C"", ""text"": ""Use larger pieces and keep them visible over the surface.""}, {""choice_id"": ""D"", ""text"": ""Use only a little accent liquid and leave the solid pieces out.""}]",D,apply_user_scoped_exception,"[{""session_id"": ""food_user_0024_s0100"", ""session_index"": 100, ""signal_type"": ""exception"", ""recipe_title"": ""Chicken Fried Chops 2"", ""user"": ""Tonight I'm doing Chicken Fried Chops 2 in the warm pan and I've got pickles, capers, olives, and pepperoncini nearby. For this version, what should happen with the briny stuff?"", ""assistant"": ""Add a small spoonful of the brine to the warm skillet for tang, but keep the pickle, caper, olive, or pepperoncini pieces themselves out of the chops.""}]",pass,,
review_food_user_0024_habit_04_garnish_selection_rule_p00_direct_use__food_v03__unseen_paraphrase,food_v03_probe_fa9ad83c7a01fc72,food_user_0024_habit_04_garnish_selection_rule_p00_direct_use__food_v03__unseen_paraphrase,food_user_0024,test,direct_use,content_constraints,garnish_selection_rule,unseen_paraphrase,For a new cooking request in this setting: ordinary meal preparations using available final accents. Which option fits?,"[{""choice_id"": ""A"", ""text"": ""Use exactly one garnish with flavor and one garnish with texture.""}, {""choice_id"": ""B"", ""text"": ""Use three small garnish clusters spaced around the platter.""}, {""choice_id"": ""C"", ""text"": ""Use one garnish only and place it off-center.""}, {""choice_id"": ""D"", ""text"": ""Use every garnish listed in the recipe.""}]",A,apply_scoped_content_constraint,"[{""session_id"": ""food_user_0024_s0017"", ""session_index"": 17, ""signal_type"": ""support"", ""recipe_title"": ""apple butter spice cake"", ""user"": ""For the apple butter spice cake, can we keep the garnish pared down to just two parts instead of adding lots of extras?"", ""assistant"": ""Yes. For the finish, I'll keep it to one flavor accent and one texture accent—think warm spice from the topping and chopped pecans for crunch, with no extra decorative add-ons.""}, {""session_id"": ""food_user_0024_s0035"", ""session_index"": 35, ""signal_type"": ""support"", ""recipe_title"": ""Candy Coated Milk Chocolate Pieces Cookies I"", ""user"": ""For Candy Coated Milk Chocolate Pieces Cookies I, leave off any extra toppings unless they clearly add one flavor note and one bit of crunch or texture."", ""assistant"": ""Got it. We'll keep the cookies focused: if there's a finishing touch, we'll choose just one flavorful option and one texture-boosting one, and leave the rest off.""}, {""session_id"": ""food_user_0024_s0039"", ""session_index"": 39, ""signal_type"": ""support"", ""recipe_title"": ""Fruit Dip 2"", ""user"": ""For Fruit Dip 2, keep the finishing touches minimal unless they clearly add one flavor note and one bit of texture."", ""assistant"": ""Got it. We'll keep the dip itself the focus: if you add anything at serving time, choose just one flavor accent and one texture accent, and leave the rest off.""}, {""session_id"": ""food_user_0024_s0062"", ""session_index"": 62, ""signal_type"": ""support"", ""recipe_title"": ""Biriyani"", ""user"": ""For Biriyani, can we stay with my simple garnish style: just 2 elements instead of a pile of toppings?"", ""assistant"": ""Yes. For the garnish, we'll keep it to 1 flavorful accent and 1 crunchy or fresh accent, and leave off the extra decorative bits so the Biriyani stays focused.""}]",pass,,
review_food_user_0024_habit_04_garnish_selection_rule_p01_boundary__food_v03__unseen_paraphrase,food_v03_probe_5752376acc3f099d,food_user_0024_habit_04_garnish_selection_rule_p01_boundary__food_v03__unseen_paraphrase,food_user_0024,test,boundary,content_constraints,garnish_selection_rule,unseen_paraphrase,For this requested context: single-portion dinner servings using available final accents. Which option fits?,"[{""choice_id"": ""A"", ""text"": ""Use three small garnish clusters spaced around the serving surface.""}, {""choice_id"": ""B"", ""text"": ""Use every garnish listed in the recipe.""}, {""choice_id"": ""C"", ""text"": ""Use exactly one garnish with flavor and one garnish with texture.""}, {""choice_id"": ""D"", ""text"": ""Use one garnish only and place it off-center.""}]",D,do_not_overapply_content_constraint,"[{""session_id"": ""food_user_0024_s0083"", ""session_index"": 83, ""signal_type"": ""boundary_counterexample"", ""recipe_title"": ""Deep Fried Turkey"", ""user"": ""I'm serving Deep Fried Turkey as a plated dinner tonight, with room for a little garnish or finishing touch. What should the plate look like?"", ""assistant"": ""Choose just one garnish, and set it slightly off center so the turkey stays the focus.""}]",pass,,
review_food_user_0024_habit_05_raw_veg_cut_pattern_p00_direct_use__food_v03,food_v03_probe_ec4a6b89f5ff3619,food_user_0024_habit_05_raw_veg_cut_pattern_p00_direct_use__food_v03,food_user_0024,test,direct_use,content_constraints,raw_veg_cut_pattern,original_food_v03,"I'm making a salad, salsa, bowl, wrap, or topping with raw cucumber, onion, carrot, pepper, or radish. How should I cut and place the raw vegetables?","[{""choice_id"": ""A"", ""text"": ""Use slim pieces and place them in two loose side groups.""}, {""choice_id"": ""B"", ""text"": ""Use small uneven pieces and work them through the serving.""}, {""choice_id"": ""C"", ""text"": ""Use medium irregular pieces and keep them in one visible layer.""}, {""choice_id"": ""D"", ""text"": ""Use larger irregular pieces and keep them visible over the surface.""}]",B,apply_scoped_content_constraint,"[{""session_id"": ""food_user_0024_s0025"", ""session_index"": 25, ""signal_type"": ""support"", ""recipe_title"": ""Caramelized Apple Bites"", ""user"": ""I'm making Caramelized Apple Bites, and I want those cucumber-or-onion-style raw chunks kept very small like before."", ""assistant"": ""Got it. For this one, the raw pieces are the apples, so peel, core, and dice them quite small so they spread through the caramel coating evenly without becoming mushy.""}, {""session_id"": ""food_user_0024_s0028"", ""session_index"": 28, ""signal_type"": ""support"", ""recipe_title"": ""Chicken Fiesta Salad"", ""user"": ""I'm making Chicken Fiesta Salad, and I'd like the cucumber, onion, and any similar crunchy add-ins cut really small like we usually do."", ""assistant"": ""Yes—keep those raw crunchy pieces finely diced so they scatter through the salad evenly, but stop before they get mushy or paste-like. For the cooked part, pull out 2 skinless,...""}, {""session_id"": ""food_user_0024_s0048"", ""session_index"": 48, ""signal_type"": ""support"", ""recipe_title"": ""Easy Marinated Vegetables"", ""user"": ""I'm making Easy Marinated Vegetables, and I'd like the cucumber plus any onion-style crunchy bits cut very small like I usually prefer."", ""assistant"": ""Yes—keep the peeled, seeded cucumber finely diced, and do the same for any raw onion-type pieces such as carrot, bell pepper, or radish: small enough to spread through every bit...""}, {""session_id"": ""food_user_0024_s0079"", ""session_index"": 79, ""signal_type"": ""support"", ""recipe_title"": ""Carrot and Coriander Soup II"", ""user"": ""I'm making Carrot and Coriander Soup II, and I'd like the onion-style bits cut very tiny like we usually do so they don't stand out."", ""assistant"": ""Sure. For this soup, keep the 1/4 large onion chopped fine so it blends evenly into the broth, and cut the 4 large carrots into the recipe's 1 inch pieces since they'll be cooke...""}]",pass,,
review_food_user_0024_habit_06_browning_distribution_style_p00_direct_use__food_v03,food_v03_probe_5daf4111c2c09ba0,food_user_0024_habit_06_browning_distribution_style_p00_direct_use__food_v03,food_user_0024,test,direct_use,content_constraints,browning_distribution_style,original_food_v03,"I'm making a pan-seared, roasted, baked, potato, tofu, vegetable, or skillet dish. How should I manage the browning?","[{""choice_id"": ""A"", ""text"": ""Chop the browned pieces smaller and mix the darker bits through the filling.""}, {""choice_id"": ""B"", ""text"": ""Aim for smaller browned freckles across many pieces rather than one dark side.""}, {""choice_id"": ""C"", ""text"": ""Move the food often for moderate color on all sides.""}, {""choice_id"": ""D"", ""text"": ""Create one noticeably darker side and keep the remaining surfaces lighter.""}]",D,apply_scoped_content_constraint,"[{""session_id"": ""food_user_0024_s0041"", ""session_index"": 41, ""signal_type"": ""support"", ""recipe_title"": ""Chicken Eileen"", ""user"": ""Can we make Chicken Eileen so one side gets noticeably darker than the rest?"", ""assistant"": ""Yes. Once the chicken is assembled, keep it settled instead of turning it around early, letting one side take on more color, then ease it through the rest of cooking so the unev...""}, {""session_id"": ""food_user_0024_s0057"", ""session_index"": 57, ""signal_type"": ""support"", ""recipe_title"": ""Cookie Jar Gingersnaps"", ""user"": ""When we make Cookie Jar Gingersnaps today, can we keep that slightly lopsided browning I prefer instead of trying for an even color?"", ""assistant"": ""Yes. Once the dough balls are baking, let them sit in place long enough for one side to pick up deeper color, then ease them along more gently so the batch keeps that intentiona...""}, {""session_id"": ""food_user_0024_s0067"", ""session_index"": 67, ""signal_type"": ""support"", ""recipe_title"": ""Gerrys Chicken Enchiladas"", ""user"": ""For Gerrys Chicken Enchiladas, can you guide me so one side gets a deeper sear than the rest instead of browning evenly?"", ""assistant"": ""Yes. When the chicken strips reach the skillet, let them sit still long enough for one side to take on a darker color, then turn them and cook more gently so the uneven browning...""}, {""session_id"": ""food_user_0024_s0070"", ""session_index"": 70, ""signal_type"": ""support"", ""recipe_title"": ""Cheesy Sweet and Savory Spuds"", ""user"": ""When we make Cheesy Sweet and Savory Spuds, can we push the browning so one side gets noticeably deeper than the rest?"", ""assistant"": ""Yes. After the potatoes are cooked and drained, keep the mixture settled under the broiler long enough for one area to take on extra color, then ease up so the rest stays softer...""}]",pass,,
review_food_user_0024_habit_06_browning_distribution_style_p00_direct_use__food_v03_explicit_retrieval,food_v03_probe_422f68d4b7f1e1e2,food_user_0024_habit_06_browning_distribution_style_p00_direct_use__food_v03_explicit_retrieval,food_user_0024,test,explicit_retrieval,content_constraints,browning_distribution_style,original_food_v03,"In the user's historical cooking sessions involving pan-seared, roasted, baked, potato, tofu, vegetable, or skillet dishes, which behavior did the user show?","[{""choice_id"": ""A"", ""text"": ""Chop the browned pieces smaller and mix the darker bits through the filling.""}, {""choice_id"": ""B"", ""text"": ""Aim for smaller browned freckles across many pieces rather than one dark side.""}, {""choice_id"": ""C"", ""text"": ""Move the food often for moderate color on all sides.""}, {""choice_id"": ""D"", ""text"": ""Create one noticeably darker side and keep the remaining surfaces lighter.""}]",D,explicit_fact_preference_retrieval,"[{""session_id"": ""food_user_0024_s0041"", ""session_index"": 41, ""signal_type"": ""support"", ""recipe_title"": ""Chicken Eileen"", ""user"": ""Can we make Chicken Eileen so one side gets noticeably darker than the rest?"", ""assistant"": ""Yes. Once the chicken is assembled, keep it settled instead of turning it around early, letting one side take on more color, then ease it through the rest of cooking so the unev...""}, {""session_id"": ""food_user_0024_s0057"", ""session_index"": 57, ""signal_type"": ""support"", ""recipe_title"": ""Cookie Jar Gingersnaps"", ""user"": ""When we make Cookie Jar Gingersnaps today, can we keep that slightly lopsided browning I prefer instead of trying for an even color?"", ""assistant"": ""Yes. Once the dough balls are baking, let them sit in place long enough for one side to pick up deeper color, then ease them along more gently so the batch keeps that intentiona...""}, {""session_id"": ""food_user_0024_s0067"", ""session_index"": 67, ""signal_type"": ""support"", ""recipe_title"": ""Gerrys Chicken Enchiladas"", ""user"": ""For Gerrys Chicken Enchiladas, can you guide me so one side gets a deeper sear than the rest instead of browning evenly?"", ""assistant"": ""Yes. When the chicken strips reach the skillet, let them sit still long enough for one side to take on a darker color, then turn them and cook more gently so the uneven browning...""}, {""session_id"": ""food_user_0024_s0070"", ""session_index"": 70, ""signal_type"": ""support"", ""recipe_title"": ""Cheesy Sweet and Savory Spuds"", ""user"": ""When we make Cheesy Sweet and Savory Spuds, can we push the browning so one side gets noticeably deeper than the rest?"", ""assistant"": ""Yes. After the potatoes are cooked and drained, keep the mixture settled under the broiler long enough for one area to take on extra color, then ease up so the rest stays softer...""}]",pass,,
review_food_user_0024_habit_06_browning_distribution_style_p02_exception__food_v03,food_v03_probe_7edefa580f275f63,food_user_0024_habit_06_browning_distribution_style_p02_exception__food_v03,food_user_0024,test,exception,content_constraints,browning_distribution_style,original_food_v03,"I'm making this recipe as a sandwich filling with pan-seared, roasted, baked, potato, tofu, vegetable, or skillet components. How should I manage the browning?","[{""choice_id"": ""A"", ""text"": ""Chop the browned pieces smaller and mix the darker bits through the filling.""}, {""choice_id"": ""B"", ""text"": ""Move the food often for moderate color on all sides.""}, {""choice_id"": ""C"", ""text"": ""Create one noticeably darker side and keep the remaining surfaces lighter.""}, {""choice_id"": ""D"", ""text"": ""Aim for smaller browned freckles across many pieces rather than one dark side.""}]",A,apply_user_scoped_exception,"[{""session_id"": ""food_user_0024_s0091"", ""session_index"": 91, ""signal_type"": ""exception"", ""recipe_title"": ""Fab Summer Blackened Chicken Salad"", ""user"": ""For this batch of Fab Summer Blackened Chicken Salad, I'm turning the chicken into sandwich filling, and there may be pan-seared, roasted, baked, potato, tofu, vegetable, or skillet bits in the mix. What should I do w..."", ""assistant"": ""Cut the browned pieces down small and fold those darker bits evenly into the sandwich filling so they season the whole mixture.""}]",pass,,
review_food_user_0025_habit_00_raw_veg_cut_pattern_p00_direct_use__food_v03__unseen_paraphrase,food_v03_probe_38eef471e004df6a,food_user_0025_habit_00_raw_veg_cut_pattern_p00_direct_use__food_v03__unseen_paraphrase,food_user_0025,test,direct_use,content_constraints,raw_veg_cut_pattern,unseen_paraphrase,"For a new cooking request in this setting: fresh mixes, composed servings, handheld fillings or add-on elements using brittle uncooked plant item add-ins. Which option fits?","[{""choice_id"": ""A"", ""text"": ""Use slim pieces and place them in two loose side groups.""}, {""choice_id"": ""B"", ""text"": ""Use medium irregular pieces and keep them in one visible layer.""}, {""choice_id"": ""C"", ""text"": ""Use larger irregular pieces and keep them visible over the surface.""}, {""choice_id"": ""D"", ""text"": ""Use small uneven pieces and work them through the serving.""}]",D,apply_scoped_content_constraint,"[{""session_id"": ""food_user_0025_s0018"", ""session_index"": 18, ""signal_type"": ""support"", ""recipe_title"": ""Chicken Tacos"", ""user"": ""For Chicken Tacos, can you keep the raw pieces cut small so they spread evenly in each tortilla?"", ""assistant"": ""Yes. Cut the skinless, boneless chicken breast into small bite-size pieces before it goes in the skillet, keeping them even enough to cook through without mincing them into mush.""}, {""session_id"": ""food_user_0025_s0026"", ""session_index"": 26, ""signal_type"": ""support"", ""recipe_title"": ""Bacon Wrapped Hamburgers"", ""user"": ""I'm making Bacon Wrapped Hamburgers tonight; can we keep the onion and cucumber-style crunchy bits extra small like we usually do?"", ""assistant"": ""Yes. For this burger mix, finely mince the small onion so it spreads through the patties evenly; if you add any raw cucumber-like crunchy pieces on the side, cut them tiny too,...""}, {""session_id"": ""food_user_0025_s0032"", ""session_index"": 32, ""signal_type"": ""support"", ""recipe_title"": ""Crustless Spinach Quiche 2"", ""user"": ""For Crustless Spinach Quiche 2, can we chop any raw add-ins very small before they go into the filling?"", ""assistant"": ""Yes. Cut raw cucumber, onion, carrot, bell pepper, or radish into a fine dice so the pieces spread through the quiche without being mashed into a paste.""}, {""session_id"": ""food_user_0025_s0034"", ""session_index"": 34, ""signal_type"": ""support"", ""recipe_title"": ""Cookie Jar Gingersnaps"", ""user"": ""I'm making Cookie Jar Gingersnaps, and I'd like any cucumber-and-onion-style crunchy pieces cut very fine like we usually do."", ""assistant"": ""Sure. If you're adding raw cucumber, onion, carrot, pepper, or radish on the side or as tiny mix-ins, chop them finely so they spread evenly without becoming mush. For the ginge...""}]",pass,,
review_food_user_0025_habit_02_garnish_selection_rule_p01_boundary__food_v03,food_v03_probe_f54bb06f1ffe73b2,food_user_0025_habit_02_garnish_selection_rule_p01_boundary__food_v03,food_user_0025,test,boundary,content_constraints,garnish_selection_rule,original_food_v03,"I'm making this recipe as a plated dinner with optional garnishes, decorative toppings, or finishing flourishes. How should I finish it?","[{""choice_id"": ""A"", ""text"": ""Use exactly one garnish with flavor and one garnish with texture.""}, {""choice_id"": ""B"", ""text"": ""Use every garnish listed in the recipe.""}, {""choice_id"": ""C"", ""text"": ""Use three small garnish clusters spaced around the serving surface.""}, {""choice_id"": ""D"", ""text"": ""Use one garnish only and place it off-center.""}]",D,do_not_overapply_content_constraint,"[{""session_id"": ""food_user_0025_s0093"", ""session_index"": 93, ""signal_type"": ""boundary_counterexample"", ""recipe_title"": ""Adobo Chicken with Ginger"", ""user"": ""I'm serving Adobo Chicken with Ginger as a plated dinner tonight, and I might add a small garnish or finishing touch. What's the cleanest way to present it?"", ""assistant"": ""Choose a single garnish and set it slightly off-center on the plate.""}]",pass,,
review_food_user_0025_habit_04_crumb_topping_moment_p00_direct_use__food_v03,food_v03_probe_dd2b13f22b4f7e52,food_user_0025_habit_04_crumb_topping_moment_p00_direct_use__food_v03,food_user_0025,test,direct_use,content_constraints,crumb_topping_moment,original_food_v03,"I'm making a baked, roasted, casserole, pasta, vegetable, or dessert dish with crumbs, streusel, or a crisp topping. When should I add the topping?","[{""choice_id"": ""A"", ""text"": ""Add the crumb, streusel, or crisp topping during the final third of cooking.""}, {""choice_id"": ""B"", ""text"": ""Add the topping at the start and cover the ramekins loosely for the first half.""}, {""choice_id"": ""C"", ""text"": ""Hold the topping separately and add it just before reheating or serving.""}, {""choice_id"": ""D"", ""text"": ""Add the crumb, streusel, or crisp topping at the start.""}]",A,apply_scoped_content_constraint,"[{""session_id"": ""food_user_0025_s0016"", ""session_index"": 16, ""signal_type"": ""support"", ""recipe_title"": ""Cheesy Cheddar Potato Boats"", ""user"": ""For Cheesy Cheddar Potato Boats, can we use the late-topping approach again and save the topping for the last third of the oven time?"", ""assistant"": ""Yes. We'll get the Ranch-coated potato boats set up first, then keep the shredded Cheddar off until the final third of warming so the topping stays separate and only gets lightl...""}, {""session_id"": ""food_user_0025_s0039"", ""session_index"": 39, ""signal_type"": ""support"", ""recipe_title"": ""Chicken Spinach Bake"", ""user"": ""For Chicken Spinach Bake, can we wait to put on the bread crumb mixture instead of adding it early?"", ""assistant"": ""Yes. I'll have you keep the bread crumbs and remaining Parmesan aside until the last third of baking, so the topping stays distinct and only browns toward the end.""}, {""session_id"": ""food_user_0025_s0049"", ""session_index"": 49, ""signal_type"": ""support"", ""recipe_title"": ""Grand Marnier Chicken"", ""user"": ""For Grand Marnier Chicken, can we use my late-crumb approach if this version includes bread crumbs?"", ""assistant"": ""Yes. This recipe does include 1 cup dry bread crumbs, so keep those aside with the 1 cup grated Parmesan cheese and add that crumb finish late in the cooking stage, when it can...""}, {""session_id"": ""food_user_0025_s0071"", ""session_index"": 71, ""signal_type"": ""support"", ""recipe_title"": ""Chocolate Cream Dessert"", ""user"": ""For Chocolate Cream Dessert, can we save the crumb-style part until late in the bake instead of putting it all on right away?"", ""assistant"": ""Yes. For this dessert, make the flour-and-margarine mixture, but if you're treating part of it as a loose crumb topping, keep that portion back and add it during the last third...""}]",pass,,
review_food_user_0025_habit_04_crumb_topping_moment_p01_boundary__food_v03__unseen_paraphrase,food_v03_probe_2ec75bf6d6f766e7,food_user_0025_habit_04_crumb_topping_moment_p01_boundary__food_v03__unseen_paraphrase,food_user_0025,test,boundary,content_constraints,crumb_topping_moment,unseen_paraphrase,"For this requested context: small single-portion baking preparations with coarse bits, sweet crumble or brittle add-on. Which option fits?","[{""choice_id"": ""A"", ""text"": ""Add the topping at the start and cover the small baking dishes loosely for the first half.""}, {""choice_id"": ""B"", ""text"": ""Add the crumb, streusel, or crisp topping at the start.""}, {""choice_id"": ""C"", ""text"": ""Hold the topping separately and add it just before reheating or serving.""}, {""choice_id"": ""D"", ""text"": ""Add the crumb, streusel, or crisp topping during the final third of cooking.""}]",A,do_not_overapply_content_constraint,"[{""session_id"": ""food_user_0025_s0063"", ""session_index"": 63, ""signal_type"": ""boundary_counterexample"", ""recipe_title"": ""Carrots and Onions Au Gratin"", ""user"": ""I'm doing Carrots and Onions Au Gratin in small ramekins today, and I want a crumbly crisp topping on each one. Does that topping go on before baking or later?"", ""assistant"": ""Put the topping on before the ramekins go in, then keep them loosely covered for the first half so the tops don't brown too fast.""}]",pass,,
review_food_user_0025_habit_04_crumb_topping_moment_p02_exception__food_v03__unseen_paraphrase,food_v03_probe_fc8309b6678a66a5,food_user_0025_habit_04_crumb_topping_moment_p02_exception__food_v03__unseen_paraphrase,food_user_0025,test,exception,content_constraints,crumb_topping_moment,unseen_paraphrase,"For this requested context: advance-prepped food involving coarse bits, sweet crumble or brittle add-on. Which option fits?","[{""choice_id"": ""A"", ""text"": ""Add the crumb, streusel, or crisp topping at the start.""}, {""choice_id"": ""B"", ""text"": ""Add the crumb, streusel, or crisp topping during the final third of cooking.""}, {""choice_id"": ""C"", ""text"": ""Hold the topping separately and add it just before reheating or serving.""}, {""choice_id"": ""D"", ""text"": ""Add the topping at the start and cover the ramekins loosely for the first half.""}]",C,apply_user_scoped_exception,"[{""session_id"": ""food_user_0025_s0095"", ""session_index"": 95, ""signal_type"": ""exception"", ""recipe_title"": ""German Sweet Chocolate Pie"", ""user"": ""I'm doing German Sweet Chocolate Pie ahead of time today, and I want to use a crumb, streusel, or crisp-style topping for this batch. Should it go on before it sits?"", ""assistant"": ""Keep that topping in its own container for now, then sprinkle it on right before you reheat or serve this pie so it stays crisp.""}]",pass,,
review_food_user_0025_habit_05_fruit_top_sweetness_pattern_p02_exception__food_v03,food_v03_probe_27daed7572932c3d,food_user_0025_habit_05_fruit_top_sweetness_pattern_p02_exception__food_v03,food_user_0025,test,exception,content_constraints,fruit_top_sweetness_pattern,original_food_v03,"I'm making this recipe for a gift box or dessert platter with fruit crisps, pies, muffins, breads, bars, or desserts. How should I finish the top?","[{""choice_id"": ""A"", ""text"": ""Spread the sugar, glaze, or sweet topping evenly across the full surface.""}, {""choice_id"": ""B"", ""text"": ""Use a thin full-surface glaze and leave one corner plain.""}, {""choice_id"": ""C"", ""text"": ""Put the sugar, glaze, or sweet topping only around the outer edge.""}, {""choice_id"": ""D"", ""text"": ""Put a small dot of glaze or sweet topping in the center of each portion.""}]",B,apply_user_scoped_exception,"[{""session_id"": ""food_user_0025_s0092"", ""session_index"": 92, ""signal_type"": ""exception"", ""recipe_title"": ""Asian Turkey Burgers"", ""user"": ""I'm making Asian Turkey Burgers for a one-off gift-box style spread alongside fruit crisps, pies, muffins, breads, bars, or desserts. What kind of top finish should I use here?"", ""assistant"": ""For this batch, use a thin glaze across the full surface and keep one corner plain.""}]",pass,,
review_food_user_0025_habit_06_crunch_topping_grain_p02_exception__food_v03__unseen_paraphrase,food_v03_probe_ed2cfd58191dd046,food_user_0025_habit_06_crunch_topping_grain_p02_exception__food_v03__unseen_paraphrase,food_user_0025,test,exception,content_constraints,crunch_topping_grain,unseen_paraphrase,For this requested context: portable covered servings with brittle finishing elements. Which option fits?,"[{""choice_id"": ""A"", ""text"": ""Keep the crunchy topping separately and add it at serving.""}, {""choice_id"": ""B"", ""text"": ""Leave the crunchy topping whole and spread it evenly across the surface.""}, {""choice_id"": ""C"", ""text"": ""Crush the crunchy topping into small uneven pieces and scatter it in a narrow band.""}, {""choice_id"": ""D"", ""text"": ""Keep the crunchy topping in larger pieces and put it in the center layer.""}]",A,apply_user_scoped_exception,"[{""session_id"": ""food_user_0025_s0087"", ""session_index"": 87, ""signal_type"": ""exception"", ""recipe_title"": ""Aaahh Potato Soup"", ""user"": ""I'm packing Aaahh Potato Soup in a container today and adding a crunchy topping like seeds, nuts, crumbs, chips, or something crisp just for this serving. What should I do with that topping?"", ""assistant"": ""Keep the crunchy topping in its own little packet or cup, then sprinkle it on only after you open the soup container to eat.""}]",pass,,
review_food_user_0026_habit_00_component_layout_pattern_p00_direct_use__food_v03,food_v03_probe_e3354ff49766160a,food_user_0026_habit_00_component_layout_pattern_p00_direct_use__food_v03,food_user_0026,test,direct_use,content_constraints,component_layout_pattern,original_food_v03,"I'm making a bowl, salad, wrap, taco, platter, or mixed dish with distinct components. How should I set it up?","[{""choice_id"": ""A"", ""text"": ""Arrange the components in narrow lanes and let them meet only at the center.""}, {""choice_id"": ""B"", ""text"": ""Mix the components lightly, then reserve one component as a visible stripe on top.""}, {""choice_id"": ""C"", ""text"": ""Layer the components in a fixed order from soft to crisp.""}, {""choice_id"": ""D"", ""text"": ""Combine all components into one evenly mixed dish.""}]",A,apply_scoped_content_constraint,"[{""session_id"": ""food_user_0026_s0012"", ""session_index"": 12, ""signal_type"": ""support"", ""recipe_title"": ""Bs Cordon Bleu Bundles"", ""user"": ""When we make Bs Cordon Bleu Bundles as a bowl-style plate, can you keep the chicken, cheese, and crescent parts from getting piled together?"", ""assistant"": ""Yes. I'll guide it so the chicken, Brie, and crescent pieces are plated in slim separate strips, with softer or juicy bits away from anything flaky, and the sections only touchi...""}, {""session_id"": ""food_user_0026_s0018"", ""session_index"": 18, ""signal_type"": ""support"", ""recipe_title"": ""German Chocolate Brownie Cookies"", ""user"": ""For German Chocolate Brownie Cookies, can we organize the mixing so the separate parts come together only at the center of the bowl?"", ""assistant"": ""Yes. I'll guide it that way: keep the brown sugar-shortening mixture in one clear lane, the dry cocoa-flour mixture in another, and bring them together only in the middle when i...""}, {""session_id"": ""food_user_0026_s0031"", ""session_index"": 31, ""signal_type"": ""support"", ""recipe_title"": ""Cookie Paints"", ""user"": ""For Cookie Paints, can you help me set it up in tidy lanes instead of mixing the cookie area all together?"", ""assistant"": ""Yes. Keep a slim lane for the paint mixture, a separate lane for the unbaked cookies, and a clear spot in the middle where the brush can move from bowl to cookie without drips s...""}, {""session_id"": ""food_user_0026_s0041"", ""session_index"": 41, ""signal_type"": ""support"", ""recipe_title"": ""Baked French Toast 2"", ""user"": ""For Baked French Toast 2, can you set it up in separate lanes instead of having every part run together?"", ""assistant"": ""Yes. I'll keep the French bread lane distinct from the egg, milk, and cream custard lane, then have them meet only when the custard is poured over the bread in the baking dish.""}]",pass,,
review_food_user_0026_habit_00_component_layout_pattern_p02_exception__food_v03__unseen_paraphrase,food_v03_probe_3dbaa57f9e2fd5a9,food_user_0026_habit_00_component_layout_pattern_p02_exception__food_v03__unseen_paraphrase,food_user_0026,test,exception,content_constraints,component_layout_pattern,unseen_paraphrase,For this requested context: chopped mixes or shared mixed layouts made from separate elements. Which option fits?,"[{""choice_id"": ""A"", ""text"": ""Mix the components lightly, then reserve one component as a visible stripe on top.""}, {""choice_id"": ""B"", ""text"": ""Combine all components into one evenly mixed dish.""}, {""choice_id"": ""C"", ""text"": ""Arrange the components in narrow lanes and let them meet only at the center.""}, {""choice_id"": ""D"", ""text"": ""Layer the components in a fixed order from soft to crisp.""}]",A,apply_user_scoped_exception,"[{""session_id"": ""food_user_0026_s0100"", ""session_index"": 100, ""signal_type"": ""exception"", ""recipe_title"": ""A Surprise Inside French Toast"", ""user"": ""For this brunch, I'm treating A Surprise Inside French Toast like a chopped salad or mixed platter, with the parts still easy to see. What layout would work?"", ""assistant"": ""Toss the pieces together gently so they feel unified, and keep one element back to lay across the top as a clear stripe.""}]",pass,,
review_food_user_0026_habit_01_cheese_shape_temperature_p01_boundary__food_v03,food_v03_probe_df8725e6d71416b8,food_user_0026_habit_01_cheese_shape_temperature_p01_boundary__food_v03,food_user_0026,test,boundary,content_constraints,cheese_shape_temperature,original_food_v03,I'm making this recipe as a platter salad with cheese added near serving. How should I handle the cheese?,"[{""choice_id"": ""A"", ""text"": ""Let the cheese lose its refrigerator chill and crumble it irregularly by hand.""}, {""choice_id"": ""B"", ""text"": ""Keep the cheese cool and shave it thinly across only one side of the serving surface.""}, {""choice_id"": ""C"", ""text"": ""Keep the cheese cold and cut it into even cubes.""}, {""choice_id"": ""D"", ""text"": ""Cut the cheese into small cubes and fold them in off heat.""}]",B,do_not_overapply_content_constraint,"[{""session_id"": ""food_user_0026_s0096"", ""session_index"": 96, ""signal_type"": ""boundary_counterexample"", ""recipe_title"": ""Crab Quiche"", ""user"": ""Today I'm turning Crab Quiche into a platter-style salad, with cheese going on right before it goes out. What's the best way to add the cheese?"", ""assistant"": ""Leave the cheese chilled, then at serving time make very thin shavings over just one side of the platter.""}]",pass,,
review_food_user_0026_habit_03_creamy_sauce_thickness_p02_exception__food_v03__unseen_paraphrase,food_v03_probe_2a8101f4660518e4,food_user_0026_habit_03_creamy_sauce_thickness_p02_exception__food_v03__unseen_paraphrase,food_user_0026,test,exception,content_constraints,creamy_sauce_thickness,unseen_paraphrase,For this requested context: filled handheld items with velvety mixtures. Which option fits?,"[{""choice_id"": ""A"", ""text"": ""Keep the creamy sauce thick enough to mound on the spoon.""}, {""choice_id"": ""B"", ""text"": ""Thin the creamy sauce until it falls from a spoon in a narrow ribbon.""}, {""choice_id"": ""C"", ""text"": ""Keep the sauce thick and spread it in a thin layer on the base.""}, {""choice_id"": ""D"", ""text"": ""Keep the sauce slightly thicker and swirl a small amount of oil or water across the top.""}]",C,apply_user_scoped_exception,"[{""session_id"": ""food_user_0026_s0109"", ""session_index"": 109, ""signal_type"": ""exception"", ""recipe_title"": ""Garlic Crab Artichoke Dip"", ""user"": ""For tonight, I'm turning Garlic Crab Artichoke Dip into a wrap filling with its creamy dip texture doing the work. Should I loosen it up or keep it more spreadable?"", ""assistant"": ""Keep it sturdy and thick, then smear only a thin layer onto the wrap or bread so it doesn't soak through.""}]",pass,,
review_food_user_0026_habit_05_fruit_top_sweetness_pattern_p01_boundary__food_v03,food_v03_probe_b6e4c7e1cc9ec668,food_user_0026_habit_05_fruit_top_sweetness_pattern_p01_boundary__food_v03,food_user_0026,test,boundary,content_constraints,fruit_top_sweetness_pattern,original_food_v03,"I'm making this recipe as mini fruit crisps, pies, muffins, breads, bars, or desserts. How should I finish the top?","[{""choice_id"": ""A"", ""text"": ""Spread the sugar, glaze, or sweet topping evenly across the full surface.""}, {""choice_id"": ""B"", ""text"": ""Put the sugar, glaze, or sweet topping only around the outer edge.""}, {""choice_id"": ""C"", ""text"": ""Put a small dot of glaze or sweet topping in the center of each portion.""}, {""choice_id"": ""D"", ""text"": ""Use a thin full-surface glaze and leave one corner plain.""}]",C,do_not_overapply_content_constraint,"[{""session_id"": ""food_user_0026_s0087"", ""session_index"": 87, ""signal_type"": ""boundary_counterexample"", ""recipe_title"": ""Golden Cheese Yeast Bread"", ""user"": ""Today I'm turning Golden Cheese Yeast Bread into little individual dessert-style portions—like mini crisps, pies, muffins, breads, bars, or other sweets. What should go on top?"", ""assistant"": ""Add just a tiny centered dab of glaze or another sweet topping to each portion.""}]",pass,,
review_food_user_0027_habit_02_soft_herb_cut_style_p02_exception__food_v03,food_v03_probe_834462abf9ad5677,food_user_0027_habit_02_soft_herb_cut_style_p02_exception__food_v03,food_user_0027,test,exception,content_constraints,soft_herb_cut_style,original_food_v03,"I'm making this recipe as a packed lunch with optional cilantro, parsley, basil, mint, or scallions. How should I handle the soft herbs?","[{""choice_id"": ""A"", ""text"": ""Leave the soft herbs in large loose leaves across the top.""}, {""choice_id"": ""B"", ""text"": ""Chop the soft herbs finely, fold half into the warm food, and scatter the rest at the end.""}, {""choice_id"": ""C"", ""text"": ""Keep the soft herbs in larger leaves and place them in a small pile at one edge of the bowl.""}, {""choice_id"": ""D"", ""text"": ""Keep the soft herbs in a separate small covered cup and add them at serving.""}]",D,apply_user_scoped_exception,"[{""session_id"": ""food_user_0027_s0090"", ""session_index"": 90, ""signal_type"": ""exception"", ""recipe_title"": ""Arroz con Pollo II"", ""user"": ""I'm cooking Arroz con Pollo II to take as lunch today, and I'll have cilantro, parsley, basil, mint, or scallions on the side. What's the best way to deal with those tender herbs so they don't wilt?"", ""assistant"": ""Keep the tender herbs separate in a small container, then scatter them over the arroz con pollo after you open the lunch.""}]",pass,,
review_food_user_0027_habit_04_herb_stem_role_p02_exception__food_v03,food_v03_probe_69fac2108a64403e,food_user_0027_habit_04_herb_stem_role_p02_exception__food_v03,food_user_0027,test,exception,content_constraints,herb_stem_role,original_food_v03,"I'm making this recipe as a raw salad, salsa, or uncooked topping with cilantro or parsley stems. How should I handle the stems?","[{""choice_id"": ""A"", ""text"": ""Chop the tender stems finely and simmer them with the base.""}, {""choice_id"": ""B"", ""text"": ""Discard the stems and use only leaves at the end.""}, {""choice_id"": ""C"", ""text"": ""Dice only the most tender stems into the dressing and keep the leaves separate.""}, {""choice_id"": ""D"", ""text"": ""Tie the stems into a small bundle and remove the bundle before serving.""}]",C,apply_user_scoped_exception,"[{""session_id"": ""food_user_0027_s0095"", ""session_index"": 95, ""signal_type"": ""exception"", ""recipe_title"": ""Baked Salmon with Herbs"", ""user"": ""For this Baked Salmon with Herbs, I'm doing a one-off raw topping, almost like a salsa, and I've got cilantro or parsley stems in the mix. What should I do with the stems this time?"", ""assistant"": ""For this version, mince just the softest, thinnest stems into the dressing, and hold the leaves aside so they stay fresh.""}]",pass,,
review_food_user_0027_habit_05_flexible_heat_route_p00_direct_use__food_v03,food_v03_probe_d5309e1b45373e10,food_user_0027_habit_05_flexible_heat_route_p00_direct_use__food_v03,food_user_0027,test,direct_use,content_constraints,flexible_heat_route,original_food_v03,"I'm making a recipe with stovetop, oven, broiler, skillet, or sheet-pan routes. Which route should I take?","[{""choice_id"": ""A"", ""text"": ""Use the stovetop route and finish with a brief covered rest.""}, {""choice_id"": ""B"", ""text"": ""Use the stovetop route and serve straight from the pan.""}, {""choice_id"": ""C"", ""text"": ""Use the oven route, rotate the trays once, and skip the final rest.""}, {""choice_id"": ""D"", ""text"": ""Use the oven, broiler, or sheet-pan route and finish with a short uncovered rest.""}]",D,apply_scoped_content_constraint,"[{""session_id"": ""food_user_0027_s0016"", ""session_index"": 16, ""signal_type"": ""support"", ""recipe_title"": ""Empanadas"", ""user"": ""When I make Empanadas, I prefer the hands-off route rather than standing over a pan. Can you guide me that way?"", ""assistant"": ""Yes. We'll keep this batch oriented around a sheet pan or oven-style finish, with a brief uncovered rest before serving so you aren't constantly watching a skillet.""}, {""session_id"": ""food_user_0027_s0024"", ""session_index"": 24, ""signal_type"": ""support"", ""recipe_title"": ""Double Fudge Brownie Mix"", ""user"": ""When a recipe has options, including Double Fudge Brownie Mix, steer me toward the version that needs less stovetop-watching."", ""assistant"": ""Got it. For this one, I'll keep the work hands-off: favor oven, broiler, or sheet-pan handling if there's a choice, and let the finished food rest uncovered for a short bit befo...""}, {""session_id"": ""food_user_0027_s0025"", ""session_index"": 25, ""signal_type"": ""support"", ""recipe_title"": ""Fig Bars II"", ""user"": ""When I make a forgiving bake like Fig Bars II, I prefer the hands-off oven route instead of hovering over a pan. Can you guide me that way?"", ""assistant"": ""Yes—this is a good fit for that approach. We'll rely on the oven and the 9x13 inch pan, and once the bars are done, let them rest uncovered for a short bit before serving so you...""}, {""session_id"": ""food_user_0027_s0051"", ""session_index"": 51, ""signal_type"": ""support"", ""recipe_title"": ""1 Pot 3 Bean Chicken Stew"", ""user"": ""Could I steer 1 Pot 3 Bean Chicken Stew toward an oven-style finish, as long as that will still work with the recipe?"", ""assistant"": ""Yes. Start it on the stovetop as written so the chicken browns and the onions soften, then you can shift the covered pot into the oven for the long simmer. If you want a little...""}]",pass,,
review_food_user_0027_habit_06_raw_veg_cut_pattern_p01_boundary__food_v03__unseen_paraphrase,food_v03_probe_1cc883780879a256,food_user_0027_habit_06_raw_veg_cut_pattern_p01_boundary__food_v03__unseen_paraphrase,food_user_0027,test,boundary,content_constraints,raw_veg_cut_pattern,unseen_paraphrase,For this requested context: uncooked-plant item serving layouts using brittle uncooked plant item add-ins. Which option fits?,"[{""choice_id"": ""A"", ""text"": ""Use small uneven pieces and work them through the serving.""}, {""choice_id"": ""B"", ""text"": ""Use larger irregular pieces and keep them visible over the surface.""}, {""choice_id"": ""C"", ""text"": ""Use medium irregular pieces and keep them in one visible layer.""}, {""choice_id"": ""D"", ""text"": ""Use slim pieces and place them in two loose side groups.""}]",D,do_not_overapply_content_constraint,"[{""session_id"": ""food_user_0027_s0082"", ""session_index"": 82, ""signal_type"": ""boundary_counterexample"", ""recipe_title"": ""Broiled Slow Roasted Butterflied Leg of Lamb With Cumin and Garlic"", ""user"": ""I'm making Broiled Slow Roasted Butterflied Leg of Lamb With Cumin and Garlic and serving it today as a platter with raw cucumber, onion, carrot, pepper, and radish. What's the best way to cut the vegetables for that..."", ""assistant"": ""Slice the raw vegetables into slim, long baton-style strips, then arrange them in separate color groups on the platter.""}]",pass,,
review_food_user_0028_habit_00_creamy_sauce_thickness_p01_boundary__food_v03__unseen_paraphrase,food_v03_probe_cf591e11471a170a,food_user_0028_habit_00_creamy_sauce_thickness_p01_boundary__food_v03__unseen_paraphrase,food_user_0028,test,boundary,content_constraints,creamy_sauce_thickness,unseen_paraphrase,For this requested context: small dip servings with velvety mixtures. Which option fits?,"[{""choice_id"": ""A"", ""text"": ""Keep the creamy sauce thick enough to mound on the spoon.""}, {""choice_id"": ""B"", ""text"": ""Keep the sauce thick and spread it in a thin layer on the bread or wrap.""}, {""choice_id"": ""C"", ""text"": ""Thin the creamy sauce until it falls from a spoon in a narrow ribbon.""}, {""choice_id"": ""D"", ""text"": ""Keep the sauce slightly thicker and swirl a small amount of oil or water across the top.""}]",D,do_not_overapply_content_constraint,"[{""session_id"": ""food_user_0028_s0064"", ""session_index"": 64, ""signal_type"": ""boundary_counterexample"", ""recipe_title"": ""Broccoli Coleslaw"", ""user"": ""I'm serving Broccoli Coleslaw in small dipping bowls alongside a creamy sauce, dip, dressing, pasta sauce, or peanut sauce. What texture should I aim for?"", ""assistant"": ""Make the sauce a little thicker than pourable, then add a light swirl of oil or water over the surface.""}]",pass,,
review_food_user_0028_habit_02_fruit_spice_signature_p01_boundary__food_v03,food_v03_probe_caed7062ef628629,food_user_0028_habit_02_fruit_spice_signature_p01_boundary__food_v03,food_user_0028,test,boundary,content_constraints,fruit_spice_signature,original_food_v03,I'm making this recipe as a breakfast muffin or quick bread with fruit and warm spices. How should I use the warm spices?,"[{""choice_id"": ""A"", ""text"": ""Use a small cardamom-and-ginger note with the fruit.""}, {""choice_id"": ""B"", ""text"": ""Use cinnamon and ginger, and leave cardamom out.""}, {""choice_id"": ""C"", ""text"": ""Use only a tiny pinch of ginger and skip the other warm spices.""}, {""choice_id"": ""D"", ""text"": ""Use cinnamon as the only warm spice.""}]",B,do_not_overapply_content_constraint,"[{""session_id"": ""food_user_0028_s0049"", ""session_index"": 49, ""signal_type"": ""boundary_counterexample"", ""recipe_title"": ""Awesome Turkey Sandwich"", ""user"": ""I'm doing Awesome Turkey Sandwich in a one-off breakfast muffin or quick-bread style with fruit and warm spices today. Which spices should go in?"", ""assistant"": ""Go with cinnamon and ginger for this batch, and skip the cardamom.""}]",pass,,
review_food_user_0028_habit_03_salad_dressing_layout_p01_boundary__food_v03,food_v03_probe_7162c6d401d48422,food_user_0028_habit_03_salad_dressing_layout_p01_boundary__food_v03,food_user_0028,test,boundary,content_constraints,salad_dressing_layout,original_food_v03,I'm making this recipe as a grain salad with dressing or vinaigrette. How should I dress it?,"[{""choice_id"": ""A"", ""text"": ""Dress the salad evenly until every piece is coated.""}, {""choice_id"": ""B"", ""text"": ""Toss lightly and leave a small streak of dressing along one side of the serving dish.""}, {""choice_id"": ""C"", ""text"": ""Spoon the dressing underneath the greens and leave the top mostly dry.""}, {""choice_id"": ""D"", ""text"": ""Dress the grains in two rounds, once while warm and once right before serving.""}]",D,do_not_overapply_content_constraint,"[{""session_id"": ""food_user_0028_s0042"", ""session_index"": 42, ""signal_type"": ""boundary_counterexample"", ""recipe_title"": ""Candy Coated Milk Chocolate Pieces Cookies I"", ""user"": ""Today I'm turning Candy Coated Milk Chocolate Pieces Cookies I into a grain salad with a dressing or vinaigrette. What's the best way to add it?"", ""assistant"": ""Toss the warm grains with part of the vinaigrette so they absorb it, then add a fresh splash just before serving.""}]",pass,,
review_food_user_0028_habit_05_raw_veg_cut_pattern_p00_direct_use__food_v03_explicit_retrieval,food_v03_probe_a5d27408439ccf0c,food_user_0028_habit_05_raw_veg_cut_pattern_p00_direct_use__food_v03_explicit_retrieval,food_user_0028,test,explicit_retrieval,content_constraints,raw_veg_cut_pattern,original_food_v03,"In the user's historical cooking sessions involving salads, salsas, bowls, wraps, or toppings with raw cucumber, onion, carrot, pepper, or radish, which behavior did the user show?","[{""choice_id"": ""A"", ""text"": ""Use slim pieces and place them in two loose side groups.""}, {""choice_id"": ""B"", ""text"": ""Use medium irregular pieces and keep them in one visible layer.""}, {""choice_id"": ""C"", ""text"": ""Use small uneven pieces and work them through the serving.""}, {""choice_id"": ""D"", ""text"": ""Use larger irregular pieces and keep them visible over the surface.""}]",C,explicit_fact_preference_retrieval,"[{""session_id"": ""food_user_0028_s0013"", ""session_index"": 13, ""signal_type"": ""support"", ""recipe_title"": ""Eggplant Mixed Grill"", ""user"": ""For Eggplant Mixed Grill, I want the raw add-ins to scatter through the vegetables more evenly instead of ending up in big pockets."", ""assistant"": ""Got it. Keep the onion and bell pepper pieces cut small and consistent so they spread through the bag with the asparagus, mushrooms, and eggplant, but stop short of mincing them...""}, {""session_id"": ""food_user_0028_s0031"", ""session_index"": 31, ""signal_type"": ""support"", ""recipe_title"": ""Chicken Pot Pie II"", ""user"": ""For Chicken Pot Pie II, can you chop the raw chicken into smaller pieces than usual so it spreads through the filling better?"", ""assistant"": ""Yes. Cut the 1 1/2 pounds of skinless, boneless chicken breast into small, even pieces—small enough to distribute well, but not so tiny that it turns mushy while simmering.""}, {""session_id"": ""food_user_0028_s0044"", ""session_index"": 44, ""signal_type"": ""support"", ""recipe_title"": ""Black Bean Lasagna Rolls"", ""user"": ""For Black Bean Lasagna Rolls, can you help me get any raw add-ins spread through the filling more evenly?"", ""assistant"": ""Yes. Keep the raw cucumber, onion, carrot, pepper, or radish cut very small so the bits can scatter through the cheese and bean filling, but stop before they get mushy or paste-...""}, {""session_id"": ""food_user_0028_s0057"", ""session_index"": 57, ""signal_type"": ""support"", ""recipe_title"": ""Cornbread Dressing I"", ""user"": ""I'm making Cornbread Dressing I, and I'd like those crisp vegetable bits—the cucumber-and-onion sort of pieces—cut very small like we usually do."", ""assistant"": ""Sure. For this dressing, keep the onion and celery in a tiny dice so they spread through the biscuit and cornbread crumbs evenly without becoming mushy or paste-like.""}]",pass,,
review_food_user_0029_habit_00_briny_accent_form_p01_boundary__food_v03,food_v03_probe_f556487db69b3dbc,food_user_0029_habit_00_briny_accent_form_p01_boundary__food_v03,food_user_0029,stress,boundary,content_constraints,briny_accent_form,original_food_v03,"I'm making this recipe as a shared platter with rich sandwiches, burgers, bowls, salads, or creamy dishes. How should I handle the briny ingredient?","[{""choice_id"": ""A"", ""text"": ""Use tiny pieces and work them into the soft base.""}, {""choice_id"": ""B"", ""text"": ""Use only a little accent liquid and leave the solid pieces out.""}, {""choice_id"": ""C"", ""text"": ""Use small separate clusters around the outer edge.""}, {""choice_id"": ""D"", ""text"": ""Use larger pieces and keep them visible over the surface.""}]",C,do_not_overapply_content_constraint,"[{""session_id"": ""food_user_0029_s0082"", ""session_index"": 82, ""signal_type"": ""boundary_counterexample"", ""recipe_title"": ""Biga"", ""user"": ""For today, I'm serving Biga on a big platter alongside rich sandwiches, burgers, bowls, salads, and creamy dishes. Where should the briny bits go?"", ""assistant"": ""Set the briny bits in little separate piles around the outside of the platter so people can take them as they want.""}]",pass,,
review_food_user_0029_habit_06_chili_marking_style_p01_boundary__food_v03__unseen_paraphrase,food_v03_probe_625aa59ab00629b2,food_user_0029_habit_06_chili_marking_style_p01_boundary__food_v03__unseen_paraphrase,food_user_0029,stress,boundary,content_constraints,chili_marking_style,unseen_paraphrase,For this requested context: starch-and-strand composed servings using a heat element. Which option fits?,"[{""choice_id"": ""A"", ""text"": ""Add the chili as a late streak across only part of the dish.""}, {""choice_id"": ""B"", ""text"": ""Bloom a small amount of chili in oil at the start and add no extra chili on top.""}, {""choice_id"": ""C"", ""text"": ""Stir the chili evenly through the whole dish.""}, {""choice_id"": ""D"", ""text"": ""Place the chili in a small spot near the rim of the serving vessel.""}]",D,do_not_overapply_content_constraint,"[{""session_id"": ""food_user_0029_s0067"", ""session_index"": 67, ""signal_type"": ""boundary_counterexample"", ""recipe_title"": ""Dads Kickin Jamaican Wings Mon"", ""user"": ""I'm turning Dads Kickin Jamaican Wings Mon into a rice or noodle bowl today, with options like chili, hot sauce, pepper flakes, spicy oil, jalapeno, or cayenne. Where should the chili go in the bowl?"", ""assistant"": ""Keep the chili gathered in one small area along the edge of the bowl so it stays easy to mix in or avoid.""}]",pass,,
