user_id,domain,habit_id,habit_family,condition,active_variant_id,active_variant_label,active_variant_action,is_drift_updated,old_variant_id,old_variant_label,support_evidence_count,old_evidence_count,new_evidence_count,boundary_evidence_count,exception_evidence_count,composition_evidence_count,priority_evidence_count,evidence_session_ids_json
mdgo_v05_fin_user_0000,finance,finance_confirm_money_movement,risk_threshold,"a transfer, bill payment, scheduled payment, or other money movement would be submitted",itemized_final_yes,itemized readback then one final yes,"read back amount, source, destination or payee, and timing, then wait for one final yes",False,,,5,0,0,1,1,1,3,"[""mdgo_v05_fin_user_0000_s0023"", ""mdgo_v05_fin_user_0000_s0087"", ""mdgo_v05_fin_user_0000_s0163"", ""mdgo_v05_fin_user_0000_s0234"", ""mdgo_v05_fin_user_0000_s0278"", ""mdgo_v05_fin_user_0000_s0122"", ""mdgo_v05_fin_user_0000_s0198"", ""mdgo_v05_fin_user_0000_s0258"", ""mdgo_v05_fin_user_0000_s0185"", ""mdgo_v05_fin_user_0000_s0223"", ""mdgo_v05_fin_user_0000_s0261""]"
mdgo_v05_fin_user_0000,finance,finance_minimal_pii_secure_verification,privacy_consent,"finance support requires identity, card, account, SSN-like, PIN, or one-time-code verification",secure_message_center,secure message-center verification,move verification to the secure message center and use only masked identifiers in chat,False,,,5,0,0,1,1,4,0,"[""mdgo_v05_fin_user_0000_s0022"", ""mdgo_v05_fin_user_0000_s0086"", ""mdgo_v05_fin_user_0000_s0162"", ""mdgo_v05_fin_user_0000_s0233"", ""mdgo_v05_fin_user_0000_s0277"", ""mdgo_v05_fin_user_0000_s0121"", ""mdgo_v05_fin_user_0000_s0197"", ""mdgo_v05_fin_user_0000_s0108"", ""mdgo_v05_fin_user_0000_s0143"", ""mdgo_v05_fin_user_0000_s0178"", ""mdgo_v05_fin_user_0000_s0258""]"
mdgo_v05_fin_user_0000,finance,finance_balance_statement_summary_first,format_style,"the user asks for a balance, statement, or transaction review",merchant_category_rollup,merchant and category rollup,group relevant entries by merchant or category and connect each group to the conclusion,False,,,0,0,0,0,0,1,0,"[""mdgo_v05_fin_user_0000_s0258""]"
mdgo_v05_fin_user_0000,finance,finance_credit_loan_cautious_no_commitment,risk_threshold,"the user asks about loan, mortgage, credit-limit, or credit eligibility decisions",side_by_side_scenarios,side-by-side scenarios,compare several financing scenarios and leave the decision unsubmitted,True,requirements_and_ranges,requirements and scenario ranges,0,1,4,1,1,1,3,"[""mdgo_v05_fin_user_0000_s0019"", ""mdgo_v05_fin_user_0000_s0210"", ""mdgo_v05_fin_user_0000_s0239"", ""mdgo_v05_fin_user_0000_s0274"", ""mdgo_v05_fin_user_0000_s0303"", ""mdgo_v05_fin_user_0000_s0127"", ""mdgo_v05_fin_user_0000_s0290"", ""mdgo_v05_fin_user_0000_s0178"", ""mdgo_v05_fin_user_0000_s0185"", ""mdgo_v05_fin_user_0000_s0223"", ""mdgo_v05_fin_user_0000_s0261""]"
mdgo_v05_fin_user_0000,finance,finance_confirm_card_account_changes,risk_threshold,"a card or account setting would be blocked, replaced, opened, closed, or edited",before_after_comparison,before-and-after comparison,show a before-and-after comparison and wait for approval,False,,,4,0,0,0,1,1,0,"[""mdgo_v05_fin_user_0000_s0028"", ""mdgo_v05_fin_user_0000_s0092"", ""mdgo_v05_fin_user_0000_s0168"", ""mdgo_v05_fin_user_0000_s0283"", ""mdgo_v05_fin_user_0000_s0203"", ""mdgo_v05_fin_user_0000_s0143""]"
mdgo_v05_fin_user_0000,finance,finance_fraud_lost_card_urgent_escalation,tool_action,"the user reports a lost or stolen card, suspected fraud, or an unauthorized transaction",lock_then_fraud_team,immediate lock then fraud team,lock the affected card immediately and route the incident to the fraud team,True,card_controls_timeline,card controls plus incident timeline,0,2,4,1,1,1,0,"[""mdgo_v05_fin_user_0000_s0016"", ""mdgo_v05_fin_user_0000_s0051"", ""mdgo_v05_fin_user_0000_s0207"", ""mdgo_v05_fin_user_0000_s0236"", ""mdgo_v05_fin_user_0000_s0271"", ""mdgo_v05_fin_user_0000_s0300"", ""mdgo_v05_fin_user_0000_s0124"", ""mdgo_v05_fin_user_0000_s0287"", ""mdgo_v05_fin_user_0000_s0108""]"
mdgo_v05_fin_user_0001,finance,finance_fraud_lost_card_urgent_escalation,tool_action,"the user reports a lost or stolen card, suspected fraud, or an unauthorized transaction",verify_incident_then_lock,verify incident details then lock,"verify the last known legitimate activity, lock the card, and escalate",False,,,5,0,0,1,1,2,0,"[""mdgo_v05_fin_user_0001_s0023"", ""mdgo_v05_fin_user_0001_s0087"", ""mdgo_v05_fin_user_0001_s0163"", ""mdgo_v05_fin_user_0001_s0234"", ""mdgo_v05_fin_user_0001_s0278"", ""mdgo_v05_fin_user_0001_s0122"", ""mdgo_v05_fin_user_0001_s0198"", ""mdgo_v05_fin_user_0001_s0108"", ""mdgo_v05_fin_user_0001_s0258""]"
mdgo_v05_fin_user_0001,finance,finance_fee_dispute_evidence_then_case,risk_threshold,the user wants to dispute a charge or fee or open a transaction case,charge_timeline_threshold,charge timeline and escalation threshold,build a charge timeline and use an agreed threshold before opening a case,False,,,5,0,0,1,1,3,4,"[""mdgo_v05_fin_user_0001_s0024"", ""mdgo_v05_fin_user_0001_s0088"", ""mdgo_v05_fin_user_0001_s0164"", ""mdgo_v05_fin_user_0001_s0235"", ""mdgo_v05_fin_user_0001_s0279"", ""mdgo_v05_fin_user_0001_s0123"", ""mdgo_v05_fin_user_0001_s0199"", ""mdgo_v05_fin_user_0001_s0178"", ""mdgo_v05_fin_user_0001_s0248"", ""mdgo_v05_fin_user_0001_s0258"", ""mdgo_v05_fin_user_0001_s0185"", ""mdgo_v05_fin_user_0001_s0223"", ""mdgo_v05_fin_user_0001_s0261"", ""mdgo_v05_fin_user_0001_s0288""]"
mdgo_v05_fin_user_0001,finance,finance_payment_status_latest_check,tool_action,"the answer depends on the current status of a payment, transfer, balance, due date, or posting state",secure_status_page,secure status-page interpretation,use the secure status page and explain the current state with a timestamp,True,ledger_notification_crosscheck,ledger and notification cross-check,0,2,4,1,1,3,1,"[""mdgo_v05_fin_user_0001_s0016"", ""mdgo_v05_fin_user_0001_s0051"", ""mdgo_v05_fin_user_0001_s0207"", ""mdgo_v05_fin_user_0001_s0236"", ""mdgo_v05_fin_user_0001_s0271"", ""mdgo_v05_fin_user_0001_s0300"", ""mdgo_v05_fin_user_0001_s0124"", ""mdgo_v05_fin_user_0001_s0287"", ""mdgo_v05_fin_user_0001_s0213"", ""mdgo_v05_fin_user_0001_s0248"", ""mdgo_v05_fin_user_0001_s0258"", ""mdgo_v05_fin_user_0001_s0288""]"
mdgo_v05_fin_user_0001,finance,finance_confirm_card_account_changes,risk_threshold,"a card or account setting would be blocked, replaced, opened, closed, or edited",secure_change_preview,secure in-app change preview,create a secure in-app change preview and require device approval,False,,,0,0,0,0,0,1,4,"[""mdgo_v05_fin_user_0001_s0143"", ""mdgo_v05_fin_user_0001_s0185"", ""mdgo_v05_fin_user_0001_s0223"", ""mdgo_v05_fin_user_0001_s0261"", ""mdgo_v05_fin_user_0001_s0288""]"
mdgo_v05_fin_user_0001,finance,finance_balance_statement_summary_first,format_style,"the user asks for a balance, statement, or transaction review",headline_then_evidence,headline then evidence,lead with the account-level finding and then list supporting entries,True,exceptions_first_table,exceptions-first table,0,0,0,0,0,1,0,"[""mdgo_v05_fin_user_0001_s0213""]"
mdgo_v05_fin_user_0001,finance,finance_minimal_pii_secure_verification,privacy_consent,"finance support requires identity, card, account, SSN-like, PIN, or one-time-code verification",minimal_secure_panel,minimal secure panel,request only minimum fields in an in-app secure panel,False,,,0,0,0,0,0,3,0,"[""mdgo_v05_fin_user_0001_s0108"", ""mdgo_v05_fin_user_0001_s0143"", ""mdgo_v05_fin_user_0001_s0178""]"
mdgo_v05_fin_user_0002,finance,finance_credit_loan_cautious_no_commitment,risk_threshold,"the user asks about loan, mortgage, credit-limit, or credit eligibility decisions",requirements_and_ranges,requirements and scenario ranges,explain requirements and scenario ranges without predicting approval,False,,,5,0,0,1,1,2,4,"[""mdgo_v05_fin_user_0002_s0023"", ""mdgo_v05_fin_user_0002_s0087"", ""mdgo_v05_fin_user_0002_s0163"", ""mdgo_v05_fin_user_0002_s0234"", ""mdgo_v05_fin_user_0002_s0278"", ""mdgo_v05_fin_user_0002_s0122"", ""mdgo_v05_fin_user_0002_s0198"", ""mdgo_v05_fin_user_0002_s0178"", ""mdgo_v05_fin_user_0002_s0258"", ""mdgo_v05_fin_user_0002_s0185"", ""mdgo_v05_fin_user_0002_s0223"", ""mdgo_v05_fin_user_0002_s0261"", ""mdgo_v05_fin_user_0002_s0287""]"
mdgo_v05_fin_user_0002,finance,finance_confirm_money_movement,risk_threshold,"a transfer, bill payment, scheduled payment, or other money movement would be submitted",draft_transaction_card,unsubmitted transaction card,prepare an unsubmitted transaction card and use its single approval control,True,two_checkpoint_confirmation,two-checkpoint confirmation,0,2,4,1,1,2,1,"[""mdgo_v05_fin_user_0002_s0018"", ""mdgo_v05_fin_user_0002_s0053"", ""mdgo_v05_fin_user_0002_s0209"", ""mdgo_v05_fin_user_0002_s0238"", ""mdgo_v05_fin_user_0002_s0273"", ""mdgo_v05_fin_user_0002_s0302"", ""mdgo_v05_fin_user_0002_s0126"", ""mdgo_v05_fin_user_0002_s0289"", ""mdgo_v05_fin_user_0002_s0108"", ""mdgo_v05_fin_user_0002_s0258"", ""mdgo_v05_fin_user_0002_s0287""]"
mdgo_v05_fin_user_0002,finance,finance_minimal_pii_secure_verification,privacy_consent,"finance support requires identity, card, account, SSN-like, PIN, or one-time-code verification",authenticated_app_callback,authenticated app callback,start a verified callback from the authenticated app,False,,,5,0,0,1,1,3,0,"[""mdgo_v05_fin_user_0002_s0026"", ""mdgo_v05_fin_user_0002_s0090"", ""mdgo_v05_fin_user_0002_s0166"", ""mdgo_v05_fin_user_0002_s0237"", ""mdgo_v05_fin_user_0002_s0281"", ""mdgo_v05_fin_user_0002_s0125"", ""mdgo_v05_fin_user_0002_s0201"", ""mdgo_v05_fin_user_0002_s0143"", ""mdgo_v05_fin_user_0002_s0178"", ""mdgo_v05_fin_user_0002_s0258""]"
mdgo_v05_fin_user_0002,finance,finance_balance_statement_summary_first,format_style,"the user asks for a balance, statement, or transaction review",exceptions_first_table,exceptions-first table,show unusual entries first in a compact table and close with the overall finding,False,,,0,0,0,0,0,1,0,"[""mdgo_v05_fin_user_0002_s0213""]"
mdgo_v05_fin_user_0002,finance,finance_payment_status_latest_check,tool_action,"the answer depends on the current status of a payment, transfer, balance, due date, or posting state",ledger_notification_crosscheck,ledger and notification cross-check,cross-check the official ledger with account notifications,False,,,0,0,0,0,0,2,0,"[""mdgo_v05_fin_user_0002_s0108"", ""mdgo_v05_fin_user_0002_s0213""]"
mdgo_v05_fin_user_0002,finance,finance_confirm_card_account_changes,risk_threshold,"a card or account setting would be blocked, replaced, opened, closed, or edited",change_checklist_callback,change checklist plus verified callback,complete a change-impact checklist and confirm through an authenticated callback,True,precise_change_readback,precise change readback,0,2,4,1,1,1,4,"[""mdgo_v05_fin_user_0002_s0021"", ""mdgo_v05_fin_user_0002_s0056"", ""mdgo_v05_fin_user_0002_s0212"", ""mdgo_v05_fin_user_0002_s0241"", ""mdgo_v05_fin_user_0002_s0276"", ""mdgo_v05_fin_user_0002_s0305"", ""mdgo_v05_fin_user_0002_s0129"", ""mdgo_v05_fin_user_0002_s0292"", ""mdgo_v05_fin_user_0002_s0143"", ""mdgo_v05_fin_user_0002_s0185"", ""mdgo_v05_fin_user_0002_s0223"", ""mdgo_v05_fin_user_0002_s0261"", ""mdgo_v05_fin_user_0002_s0287""]"
mdgo_v05_fin_user_0003,finance,finance_confirm_card_account_changes,risk_threshold,"a card or account setting would be blocked, replaced, opened, closed, or edited",precise_change_readback,precise change readback,"restate the exact setting and consequence, then obtain one final approval",False,,,5,0,0,1,1,2,0,"[""mdgo_v05_fin_user_0003_s0025"", ""mdgo_v05_fin_user_0003_s0089"", ""mdgo_v05_fin_user_0003_s0165"", ""mdgo_v05_fin_user_0003_s0236"", ""mdgo_v05_fin_user_0003_s0280"", ""mdgo_v05_fin_user_0003_s0124"", ""mdgo_v05_fin_user_0003_s0200"", ""mdgo_v05_fin_user_0003_s0143"", ""mdgo_v05_fin_user_0003_s0258""]"
mdgo_v05_fin_user_0003,finance,finance_fraud_lost_card_urgent_escalation,tool_action,"the user reports a lost or stolen card, suspected fraud, or an unauthorized transaction",temporary_freeze_review,temporary freeze and secure review,"place a temporary freeze, perform a secure review, then decide replacement",True,lock_then_fraud_team,immediate lock then fraud team,0,2,3,0,1,2,3,"[""mdgo_v05_fin_user_0003_s0016"", ""mdgo_v05_fin_user_0003_s0051"", ""mdgo_v05_fin_user_0003_s0207"", ""mdgo_v05_fin_user_0003_s0271"", ""mdgo_v05_fin_user_0003_s0300"", ""mdgo_v05_fin_user_0003_s0287"", ""mdgo_v05_fin_user_0003_s0108"", ""mdgo_v05_fin_user_0003_s0258"", ""mdgo_v05_fin_user_0003_s0185"", ""mdgo_v05_fin_user_0003_s0223"", ""mdgo_v05_fin_user_0003_s0261""]"
mdgo_v05_fin_user_0003,finance,finance_fee_dispute_evidence_then_case,risk_threshold,the user wants to dispute a charge or fee or open a transaction case,evidence_pack_then_approval,evidence pack then approval,"assemble the evidence pack, summarize it, and ask before filing",False,,,5,0,0,1,1,3,0,"[""mdgo_v05_fin_user_0003_s0022"", ""mdgo_v05_fin_user_0003_s0086"", ""mdgo_v05_fin_user_0003_s0162"", ""mdgo_v05_fin_user_0003_s0233"", ""mdgo_v05_fin_user_0003_s0277"", ""mdgo_v05_fin_user_0003_s0121"", ""mdgo_v05_fin_user_0003_s0197"", ""mdgo_v05_fin_user_0003_s0178"", ""mdgo_v05_fin_user_0003_s0248"", ""mdgo_v05_fin_user_0003_s0258""]"
mdgo_v05_fin_user_0003,finance,finance_payment_status_latest_check,tool_action,"the answer depends on the current status of a payment, transfer, balance, due date, or posting state",processing_timeline_refresh,processing timeline plus refresh point,show the current processing stage and the next refresh checkpoint,True,secure_status_page,secure status-page interpretation,0,2,4,1,1,2,3,"[""mdgo_v05_fin_user_0003_s0018"", ""mdgo_v05_fin_user_0003_s0053"", ""mdgo_v05_fin_user_0003_s0209"", ""mdgo_v05_fin_user_0003_s0238"", ""mdgo_v05_fin_user_0003_s0273"", ""mdgo_v05_fin_user_0003_s0302"", ""mdgo_v05_fin_user_0003_s0126"", ""mdgo_v05_fin_user_0003_s0289"", ""mdgo_v05_fin_user_0003_s0213"", ""mdgo_v05_fin_user_0003_s0248"", ""mdgo_v05_fin_user_0003_s0185"", ""mdgo_v05_fin_user_0003_s0223"", ""mdgo_v05_fin_user_0003_s0261""]"
mdgo_v05_fin_user_0003,finance,finance_minimal_pii_secure_verification,privacy_consent,"finance support requires identity, card, account, SSN-like, PIN, or one-time-code verification",device_passkey_approval,device or passkey approval,use a device or passkey approval with minimal fallback information,False,,,1,0,0,1,0,3,0,"[""mdgo_v05_fin_user_0003_s0237"", ""mdgo_v05_fin_user_0003_s0125"", ""mdgo_v05_fin_user_0003_s0108"", ""mdgo_v05_fin_user_0003_s0143"", ""mdgo_v05_fin_user_0003_s0178""]"
mdgo_v05_fin_user_0003,finance,finance_balance_statement_summary_first,format_style,"the user asks for a balance, statement, or transaction review",chronological_timeline,chronological review timeline,present a chronological transaction timeline followed by the conclusion,False,,,5,0,0,1,1,1,0,"[""mdgo_v05_fin_user_0003_s0024"", ""mdgo_v05_fin_user_0003_s0088"", ""mdgo_v05_fin_user_0003_s0164"", ""mdgo_v05_fin_user_0003_s0235"", ""mdgo_v05_fin_user_0003_s0279"", ""mdgo_v05_fin_user_0003_s0123"", ""mdgo_v05_fin_user_0003_s0199"", ""mdgo_v05_fin_user_0003_s0213""]"
mdgo_v05_fin_user_0004,finance,finance_balance_statement_summary_first,format_style,"the user asks for a balance, statement, or transaction review",merchant_category_rollup,merchant and category rollup,group relevant entries by merchant or category and connect each group to the conclusion,False,,,5,0,0,1,1,2,0,"[""mdgo_v05_fin_user_0004_s0022"", ""mdgo_v05_fin_user_0004_s0086"", ""mdgo_v05_fin_user_0004_s0162"", ""mdgo_v05_fin_user_0004_s0233"", ""mdgo_v05_fin_user_0004_s0277"", ""mdgo_v05_fin_user_0004_s0121"", ""mdgo_v05_fin_user_0004_s0197"", ""mdgo_v05_fin_user_0004_s0213"", ""mdgo_v05_fin_user_0004_s0258""]"
mdgo_v05_fin_user_0004,finance,finance_credit_loan_cautious_no_commitment,risk_threshold,"the user asks about loan, mortgage, credit-limit, or credit eligibility decisions",budget_stress_test,budget stress test first,run a budget stress test and list documentation without submitting,False,,,0,0,0,0,0,2,1,"[""mdgo_v05_fin_user_0004_s0178"", ""mdgo_v05_fin_user_0004_s0258"", ""mdgo_v05_fin_user_0004_s0287""]"
mdgo_v05_fin_user_0004,finance,finance_confirm_money_movement,risk_threshold,"a transfer, bill payment, scheduled payment, or other money movement would be submitted",two_checkpoint_confirmation,two-checkpoint confirmation,confirm the destination first and the amount and timing second,True,draft_transaction_card,unsubmitted transaction card,0,2,4,1,1,2,4,"[""mdgo_v05_fin_user_0004_s0020"", ""mdgo_v05_fin_user_0004_s0055"", ""mdgo_v05_fin_user_0004_s0211"", ""mdgo_v05_fin_user_0004_s0240"", ""mdgo_v05_fin_user_0004_s0275"", ""mdgo_v05_fin_user_0004_s0304"", ""mdgo_v05_fin_user_0004_s0128"", ""mdgo_v05_fin_user_0004_s0291"", ""mdgo_v05_fin_user_0004_s0108"", ""mdgo_v05_fin_user_0004_s0258"", ""mdgo_v05_fin_user_0004_s0185"", ""mdgo_v05_fin_user_0004_s0223"", ""mdgo_v05_fin_user_0004_s0261"", ""mdgo_v05_fin_user_0004_s0287""]"
mdgo_v05_fin_user_0004,finance,finance_minimal_pii_secure_verification,privacy_consent,"finance support requires identity, card, account, SSN-like, PIN, or one-time-code verification",secure_message_center,secure message-center verification,move verification to the secure message center and use only masked identifiers in chat,False,,,5,0,0,1,1,2,0,"[""mdgo_v05_fin_user_0004_s0027"", ""mdgo_v05_fin_user_0004_s0091"", ""mdgo_v05_fin_user_0004_s0167"", ""mdgo_v05_fin_user_0004_s0238"", ""mdgo_v05_fin_user_0004_s0282"", ""mdgo_v05_fin_user_0004_s0126"", ""mdgo_v05_fin_user_0004_s0202"", ""mdgo_v05_fin_user_0004_s0143"", ""mdgo_v05_fin_user_0004_s0178""]"
mdgo_v05_fin_user_0004,finance,finance_fee_dispute_evidence_then_case,risk_threshold,the user wants to dispute a charge or fee or open a transaction case,unsubmitted_case_draft,unsubmitted case draft,prepare an unsubmitted dispute draft and request approval on the draft,False,,,0,0,0,0,0,2,4,"[""mdgo_v05_fin_user_0004_s0143"", ""mdgo_v05_fin_user_0004_s0248"", ""mdgo_v05_fin_user_0004_s0185"", ""mdgo_v05_fin_user_0004_s0223"", ""mdgo_v05_fin_user_0004_s0261"", ""mdgo_v05_fin_user_0004_s0287""]"
mdgo_v05_fin_user_0004,finance,finance_payment_status_latest_check,tool_action,"the answer depends on the current status of a payment, transfer, balance, due date, or posting state",live_lookup_timestamp,live lookup with timestamp,check the live account state and label it with an as-of time,True,processing_timeline_refresh,processing timeline plus refresh point,0,2,4,1,1,3,0,"[""mdgo_v05_fin_user_0004_s0019"", ""mdgo_v05_fin_user_0004_s0054"", ""mdgo_v05_fin_user_0004_s0210"", ""mdgo_v05_fin_user_0004_s0239"", ""mdgo_v05_fin_user_0004_s0274"", ""mdgo_v05_fin_user_0004_s0303"", ""mdgo_v05_fin_user_0004_s0127"", ""mdgo_v05_fin_user_0004_s0290"", ""mdgo_v05_fin_user_0004_s0108"", ""mdgo_v05_fin_user_0004_s0213"", ""mdgo_v05_fin_user_0004_s0248""]"
mdgo_v05_fin_user_0005,finance,finance_payment_status_latest_check,tool_action,"the answer depends on the current status of a payment, transfer, balance, due date, or posting state",secure_status_page,secure status-page interpretation,use the secure status page and explain the current state with a timestamp,True,ledger_notification_crosscheck,ledger and notification cross-check,0,2,4,1,1,3,0,"[""mdgo_v05_fin_user_0005_s0018"", ""mdgo_v05_fin_user_0005_s0053"", ""mdgo_v05_fin_user_0005_s0209"", ""mdgo_v05_fin_user_0005_s0238"", ""mdgo_v05_fin_user_0005_s0273"", ""mdgo_v05_fin_user_0005_s0302"", ""mdgo_v05_fin_user_0005_s0126"", ""mdgo_v05_fin_user_0005_s0289"", ""mdgo_v05_fin_user_0005_s0108"", ""mdgo_v05_fin_user_0005_s0248"", ""mdgo_v05_fin_user_0005_s0258""]"
mdgo_v05_fin_user_0005,finance,finance_confirm_card_account_changes,risk_threshold,"a card or account setting would be blocked, replaced, opened, closed, or edited",before_after_comparison,before-and-after comparison,show a before-and-after comparison and wait for approval,False,,,5,0,0,1,1,2,1,"[""mdgo_v05_fin_user_0005_s0022"", ""mdgo_v05_fin_user_0005_s0086"", ""mdgo_v05_fin_user_0005_s0162"", ""mdgo_v05_fin_user_0005_s0233"", ""mdgo_v05_fin_user_0005_s0277"", ""mdgo_v05_fin_user_0005_s0121"", ""mdgo_v05_fin_user_0005_s0197"", ""mdgo_v05_fin_user_0005_s0178"", ""mdgo_v05_fin_user_0005_s0258"", ""mdgo_v05_fin_user_0005_s0287""]"
mdgo_v05_fin_user_0005,finance,finance_fraud_lost_card_urgent_escalation,tool_action,"the user reports a lost or stolen card, suspected fraud, or an unauthorized transaction",card_controls_timeline,card controls plus incident timeline,activate card controls and send a concise incident timeline to fraud support,True,verify_incident_then_lock,verify incident details then lock,0,2,4,1,1,2,0,"[""mdgo_v05_fin_user_0005_s0020"", ""mdgo_v05_fin_user_0005_s0055"", ""mdgo_v05_fin_user_0005_s0211"", ""mdgo_v05_fin_user_0005_s0240"", ""mdgo_v05_fin_user_0005_s0275"", ""mdgo_v05_fin_user_0005_s0304"", ""mdgo_v05_fin_user_0005_s0128"", ""mdgo_v05_fin_user_0005_s0291"", ""mdgo_v05_fin_user_0005_s0143"", ""mdgo_v05_fin_user_0005_s0258""]"
mdgo_v05_fin_user_0005,finance,finance_fee_dispute_evidence_then_case,risk_threshold,the user wants to dispute a charge or fee or open a transaction case,merchant_reconciliation_first,merchant reconciliation first,reconcile the merchant record first and file only if the mismatch remains,False,,,5,0,0,1,1,2,4,"[""mdgo_v05_fin_user_0005_s0028"", ""mdgo_v05_fin_user_0005_s0092"", ""mdgo_v05_fin_user_0005_s0168"", ""mdgo_v05_fin_user_0005_s0239"", ""mdgo_v05_fin_user_0005_s0283"", ""mdgo_v05_fin_user_0005_s0127"", ""mdgo_v05_fin_user_0005_s0203"", ""mdgo_v05_fin_user_0005_s0213"", ""mdgo_v05_fin_user_0005_s0248"", ""mdgo_v05_fin_user_0005_s0185"", ""mdgo_v05_fin_user_0005_s0223"", ""mdgo_v05_fin_user_0005_s0261"", ""mdgo_v05_fin_user_0005_s0287""]"
mdgo_v05_fin_user_0005,finance,finance_confirm_money_movement,risk_threshold,"a transfer, bill payment, scheduled payment, or other money movement would be submitted",secure_preview_confirmation,secure preview confirmation,open a secure preview and require approval inside that preview,False,,,0,0,0,0,0,1,4,"[""mdgo_v05_fin_user_0005_s0108"", ""mdgo_v05_fin_user_0005_s0185"", ""mdgo_v05_fin_user_0005_s0223"", ""mdgo_v05_fin_user_0005_s0261"", ""mdgo_v05_fin_user_0005_s0287""]"
mdgo_v05_fin_user_0005,finance,finance_minimal_pii_secure_verification,privacy_consent,"finance support requires identity, card, account, SSN-like, PIN, or one-time-code verification",minimal_secure_panel,minimal secure panel,request only minimum fields in an in-app secure panel,False,,,5,0,0,1,1,3,0,"[""mdgo_v05_fin_user_0005_s0025"", ""mdgo_v05_fin_user_0005_s0089"", ""mdgo_v05_fin_user_0005_s0165"", ""mdgo_v05_fin_user_0005_s0236"", ""mdgo_v05_fin_user_0005_s0280"", ""mdgo_v05_fin_user_0005_s0124"", ""mdgo_v05_fin_user_0005_s0200"", ""mdgo_v05_fin_user_0005_s0143"", ""mdgo_v05_fin_user_0005_s0178"", ""mdgo_v05_fin_user_0005_s0213""]"
mdgo_v05_fin_user_0006,finance,finance_minimal_pii_secure_verification,privacy_consent,"finance support requires identity, card, account, SSN-like, PIN, or one-time-code verification",authenticated_app_callback,authenticated app callback,start a verified callback from the authenticated app,False,,,5,0,0,1,1,4,0,"[""mdgo_v05_fin_user_0006_s0023"", ""mdgo_v05_fin_user_0006_s0087"", ""mdgo_v05_fin_user_0006_s0163"", ""mdgo_v05_fin_user_0006_s0234"", ""mdgo_v05_fin_user_0006_s0278"", ""mdgo_v05_fin_user_0006_s0122"", ""mdgo_v05_fin_user_0006_s0198"", ""mdgo_v05_fin_user_0006_s0108"", ""mdgo_v05_fin_user_0006_s0143"", ""mdgo_v05_fin_user_0006_s0178"", ""mdgo_v05_fin_user_0006_s0258""]"
mdgo_v05_fin_user_0006,finance,finance_balance_statement_summary_first,format_style,"the user asks for a balance, statement, or transaction review",headline_then_evidence,headline then evidence,lead with the account-level finding and then list supporting entries,True,exceptions_first_table,exceptions-first table,0,1,4,1,1,1,0,"[""mdgo_v05_fin_user_0006_s0017"", ""mdgo_v05_fin_user_0006_s0208"", ""mdgo_v05_fin_user_0006_s0237"", ""mdgo_v05_fin_user_0006_s0272"", ""mdgo_v05_fin_user_0006_s0301"", ""mdgo_v05_fin_user_0006_s0125"", ""mdgo_v05_fin_user_0006_s0288"", ""mdgo_v05_fin_user_0006_s0258""]"
mdgo_v05_fin_user_0006,finance,finance_credit_loan_cautious_no_commitment,risk_threshold,"the user asks about loan, mortgage, credit-limit, or credit eligibility decisions",lender_question_checklist,lender-question checklist,prepare a lender-question checklist and mark unknowns,False,,,5,0,0,1,1,2,4,"[""mdgo_v05_fin_user_0006_s0025"", ""mdgo_v05_fin_user_0006_s0089"", ""mdgo_v05_fin_user_0006_s0165"", ""mdgo_v05_fin_user_0006_s0236"", ""mdgo_v05_fin_user_0006_s0280"", ""mdgo_v05_fin_user_0006_s0124"", ""mdgo_v05_fin_user_0006_s0200"", ""mdgo_v05_fin_user_0006_s0178"", ""mdgo_v05_fin_user_0006_s0258"", ""mdgo_v05_fin_user_0006_s0185"", ""mdgo_v05_fin_user_0006_s0223"", ""mdgo_v05_fin_user_0006_s0261"", ""mdgo_v05_fin_user_0006_s0287""]"
mdgo_v05_fin_user_0006,finance,finance_confirm_money_movement,risk_threshold,"a transfer, bill payment, scheduled payment, or other money movement would be submitted",itemized_final_yes,itemized readback then one final yes,"read back amount, source, destination or payee, and timing, then wait for one final yes",False,,,4,0,0,0,1,0,1,"[""mdgo_v05_fin_user_0006_s0026"", ""mdgo_v05_fin_user_0006_s0090"", ""mdgo_v05_fin_user_0006_s0166"", ""mdgo_v05_fin_user_0006_s0281"", ""mdgo_v05_fin_user_0006_s0201"", ""mdgo_v05_fin_user_0006_s0287""]"
mdgo_v05_fin_user_0006,finance,finance_fraud_lost_card_urgent_escalation,tool_action,"the user reports a lost or stolen card, suspected fraud, or an unauthorized transaction",lock_then_fraud_team,immediate lock then fraud team,lock the affected card immediately and route the incident to the fraud team,True,temporary_freeze_review,temporary freeze and secure review,0,2,4,1,1,1,0,"[""mdgo_v05_fin_user_0006_s0021"", ""mdgo_v05_fin_user_0006_s0056"", ""mdgo_v05_fin_user_0006_s0212"", ""mdgo_v05_fin_user_0006_s0241"", ""mdgo_v05_fin_user_0006_s0276"", ""mdgo_v05_fin_user_0006_s0305"", ""mdgo_v05_fin_user_0006_s0129"", ""mdgo_v05_fin_user_0006_s0292"", ""mdgo_v05_fin_user_0006_s0108""]"
mdgo_v05_fin_user_0006,finance,finance_fee_dispute_evidence_then_case,risk_threshold,the user wants to dispute a charge or fee or open a transaction case,charge_timeline_threshold,charge timeline and escalation threshold,build a charge timeline and use an agreed threshold before opening a case,False,,,0,0,0,0,0,1,4,"[""mdgo_v05_fin_user_0006_s0143"", ""mdgo_v05_fin_user_0006_s0185"", ""mdgo_v05_fin_user_0006_s0223"", ""mdgo_v05_fin_user_0006_s0261"", ""mdgo_v05_fin_user_0006_s0287""]"
mdgo_v05_fin_user_0007,finance,finance_fee_dispute_evidence_then_case,risk_threshold,the user wants to dispute a charge or fee or open a transaction case,evidence_pack_then_approval,evidence pack then approval,"assemble the evidence pack, summarize it, and ask before filing",True,unsubmitted_case_draft,unsubmitted case draft,0,2,4,1,1,3,1,"[""mdgo_v05_fin_user_0007_s0019"", ""mdgo_v05_fin_user_0007_s0054"", ""mdgo_v05_fin_user_0007_s0210"", ""mdgo_v05_fin_user_0007_s0239"", ""mdgo_v05_fin_user_0007_s0274"", ""mdgo_v05_fin_user_0007_s0303"", ""mdgo_v05_fin_user_0007_s0127"", ""mdgo_v05_fin_user_0007_s0290"", ""mdgo_v05_fin_user_0007_s0178"", ""mdgo_v05_fin_user_0007_s0248"", ""mdgo_v05_fin_user_0007_s0258"", ""mdgo_v05_fin_user_0007_s0287""]"
mdgo_v05_fin_user_0007,finance,finance_payment_status_latest_check,tool_action,"the answer depends on the current status of a payment, transfer, balance, due date, or posting state",ledger_notification_crosscheck,ledger and notification cross-check,cross-check the official ledger with account notifications,False,,,5,0,0,1,1,2,0,"[""mdgo_v05_fin_user_0007_s0023"", ""mdgo_v05_fin_user_0007_s0087"", ""mdgo_v05_fin_user_0007_s0163"", ""mdgo_v05_fin_user_0007_s0234"", ""mdgo_v05_fin_user_0007_s0278"", ""mdgo_v05_fin_user_0007_s0122"", ""mdgo_v05_fin_user_0007_s0198"", ""mdgo_v05_fin_user_0007_s0248"", ""mdgo_v05_fin_user_0007_s0258""]"
mdgo_v05_fin_user_0007,finance,finance_confirm_card_account_changes,risk_threshold,"a card or account setting would be blocked, replaced, opened, closed, or edited",secure_change_preview,secure in-app change preview,create a secure in-app change preview and require device approval,True,before_after_comparison,before-and-after comparison,0,2,4,1,1,2,4,"[""mdgo_v05_fin_user_0007_s0021"", ""mdgo_v05_fin_user_0007_s0056"", ""mdgo_v05_fin_user_0007_s0212"", ""mdgo_v05_fin_user_0007_s0241"", ""mdgo_v05_fin_user_0007_s0276"", ""mdgo_v05_fin_user_0007_s0305"", ""mdgo_v05_fin_user_0007_s0129"", ""mdgo_v05_fin_user_0007_s0292"", ""mdgo_v05_fin_user_0007_s0143"", ""mdgo_v05_fin_user_0007_s0258"", ""mdgo_v05_fin_user_0007_s0185"", ""mdgo_v05_fin_user_0007_s0223"", ""mdgo_v05_fin_user_0007_s0261"", ""mdgo_v05_fin_user_0007_s0287""]"
mdgo_v05_fin_user_0007,finance,finance_fraud_lost_card_urgent_escalation,tool_action,"the user reports a lost or stolen card, suspected fraud, or an unauthorized transaction",verify_incident_then_lock,verify incident details then lock,"verify the last known legitimate activity, lock the card, and escalate",False,,,5,0,0,1,1,1,0,"[""mdgo_v05_fin_user_0007_s0026"", ""mdgo_v05_fin_user_0007_s0090"", ""mdgo_v05_fin_user_0007_s0166"", ""mdgo_v05_fin_user_0007_s0237"", ""mdgo_v05_fin_user_0007_s0281"", ""mdgo_v05_fin_user_0007_s0125"", ""mdgo_v05_fin_user_0007_s0201"", ""mdgo_v05_fin_user_0007_s0108""]"
mdgo_v05_fin_user_0007,finance,finance_credit_loan_cautious_no_commitment,risk_threshold,"the user asks about loan, mortgage, credit-limit, or credit eligibility decisions",side_by_side_scenarios,side-by-side scenarios,compare several financing scenarios and leave the decision unsubmitted,False,,,4,0,0,0,1,1,4,"[""mdgo_v05_fin_user_0007_s0028"", ""mdgo_v05_fin_user_0007_s0092"", ""mdgo_v05_fin_user_0007_s0168"", ""mdgo_v05_fin_user_0007_s0283"", ""mdgo_v05_fin_user_0007_s0203"", ""mdgo_v05_fin_user_0007_s0213"", ""mdgo_v05_fin_user_0007_s0185"", ""mdgo_v05_fin_user_0007_s0223"", ""mdgo_v05_fin_user_0007_s0261"", ""mdgo_v05_fin_user_0007_s0287""]"
mdgo_v05_fin_user_0007,finance,finance_minimal_pii_secure_verification,privacy_consent,"finance support requires identity, card, account, SSN-like, PIN, or one-time-code verification",device_passkey_approval,device or passkey approval,use a device or passkey approval with minimal fallback information,False,,,5,0,0,1,1,4,0,"[""mdgo_v05_fin_user_0007_s0027"", ""mdgo_v05_fin_user_0007_s0091"", ""mdgo_v05_fin_user_0007_s0167"", ""mdgo_v05_fin_user_0007_s0238"", ""mdgo_v05_fin_user_0007_s0282"", ""mdgo_v05_fin_user_0007_s0126"", ""mdgo_v05_fin_user_0007_s0202"", ""mdgo_v05_fin_user_0007_s0108"", ""mdgo_v05_fin_user_0007_s0143"", ""mdgo_v05_fin_user_0007_s0178"", ""mdgo_v05_fin_user_0007_s0213""]"
mdgo_v05_fin_user_0008,finance,finance_confirm_card_account_changes,risk_threshold,"a card or account setting would be blocked, replaced, opened, closed, or edited",change_checklist_callback,change checklist plus verified callback,complete a change-impact checklist and confirm through an authenticated callback,True,before_after_comparison,before-and-after comparison,0,2,4,1,1,2,4,"[""mdgo_v05_fin_user_0008_s0020"", ""mdgo_v05_fin_user_0008_s0055"", ""mdgo_v05_fin_user_0008_s0211"", ""mdgo_v05_fin_user_0008_s0240"", ""mdgo_v05_fin_user_0008_s0275"", ""mdgo_v05_fin_user_0008_s0304"", ""mdgo_v05_fin_user_0008_s0128"", ""mdgo_v05_fin_user_0008_s0291"", ""mdgo_v05_fin_user_0008_s0143"", ""mdgo_v05_fin_user_0008_s0258"", ""mdgo_v05_fin_user_0008_s0185"", ""mdgo_v05_fin_user_0008_s0223"", ""mdgo_v05_fin_user_0008_s0261"", ""mdgo_v05_fin_user_0008_s0287""]"
mdgo_v05_fin_user_0008,finance,finance_fraud_lost_card_urgent_escalation,tool_action,"the user reports a lost or stolen card, suspected fraud, or an unauthorized transaction",temporary_freeze_review,temporary freeze and secure review,"place a temporary freeze, perform a secure review, then decide replacement",False,,,5,0,0,1,1,2,0,"[""mdgo_v05_fin_user_0008_s0027"", ""mdgo_v05_fin_user_0008_s0091"", ""mdgo_v05_fin_user_0008_s0167"", ""mdgo_v05_fin_user_0008_s0238"", ""mdgo_v05_fin_user_0008_s0282"", ""mdgo_v05_fin_user_0008_s0126"", ""mdgo_v05_fin_user_0008_s0202"", ""mdgo_v05_fin_user_0008_s0108"", ""mdgo_v05_fin_user_0008_s0258""]"
mdgo_v05_fin_user_0008,finance,finance_fee_dispute_evidence_then_case,risk_threshold,the user wants to dispute a charge or fee or open a transaction case,unsubmitted_case_draft,unsubmitted case draft,prepare an unsubmitted dispute draft and request approval on the draft,False,,,5,0,0,1,1,3,3,"[""mdgo_v05_fin_user_0008_s0028"", ""mdgo_v05_fin_user_0008_s0092"", ""mdgo_v05_fin_user_0008_s0168"", ""mdgo_v05_fin_user_0008_s0239"", ""mdgo_v05_fin_user_0008_s0283"", ""mdgo_v05_fin_user_0008_s0127"", ""mdgo_v05_fin_user_0008_s0203"", ""mdgo_v05_fin_user_0008_s0178"", ""mdgo_v05_fin_user_0008_s0248"", ""mdgo_v05_fin_user_0008_s0258"", ""mdgo_v05_fin_user_0008_s0185"", ""mdgo_v05_fin_user_0008_s0223"", ""mdgo_v05_fin_user_0008_s0261""]"
mdgo_v05_fin_user_0008,finance,finance_payment_status_latest_check,tool_action,"the answer depends on the current status of a payment, transfer, balance, due date, or posting state",processing_timeline_refresh,processing timeline plus refresh point,show the current processing stage and the next refresh checkpoint,True,live_lookup_timestamp,live lookup with timestamp,0,2,4,1,1,2,1,"[""mdgo_v05_fin_user_0008_s0021"", ""mdgo_v05_fin_user_0008_s0056"", ""mdgo_v05_fin_user_0008_s0212"", ""mdgo_v05_fin_user_0008_s0241"", ""mdgo_v05_fin_user_0008_s0276"", ""mdgo_v05_fin_user_0008_s0305"", ""mdgo_v05_fin_user_0008_s0129"", ""mdgo_v05_fin_user_0008_s0292"", ""mdgo_v05_fin_user_0008_s0213"", ""mdgo_v05_fin_user_0008_s0248"", ""mdgo_v05_fin_user_0008_s0287""]"
mdgo_v05_fin_user_0008,finance,finance_minimal_pii_secure_verification,privacy_consent,"finance support requires identity, card, account, SSN-like, PIN, or one-time-code verification",secure_message_center,secure message-center verification,move verification to the secure message center and use only masked identifiers in chat,False,,,0,0,0,0,0,3,0,"[""mdgo_v05_fin_user_0008_s0108"", ""mdgo_v05_fin_user_0008_s0143"", ""mdgo_v05_fin_user_0008_s0178""]"
mdgo_v05_fin_user_0008,finance,finance_balance_statement_summary_first,format_style,"the user asks for a balance, statement, or transaction review",exceptions_first_table,exceptions-first table,show unusual entries first in a compact table and close with the overall finding,False,,,4,0,0,0,1,1,1,"[""mdgo_v05_fin_user_0008_s0029"", ""mdgo_v05_fin_user_0008_s0093"", ""mdgo_v05_fin_user_0008_s0169"", ""mdgo_v05_fin_user_0008_s0284"", ""mdgo_v05_fin_user_0008_s0204"", ""mdgo_v05_fin_user_0008_s0213"", ""mdgo_v05_fin_user_0008_s0287""]"
mdgo_v05_fin_user_0009,finance,finance_balance_statement_summary_first,format_style,"the user asks for a balance, statement, or transaction review",chronological_timeline,chronological review timeline,present a chronological transaction timeline followed by the conclusion,False,,,5,0,0,1,1,1,0,"[""mdgo_v05_fin_user_0009_s0022"", ""mdgo_v05_fin_user_0009_s0086"", ""mdgo_v05_fin_user_0009_s0162"", ""mdgo_v05_fin_user_0009_s0233"", ""mdgo_v05_fin_user_0009_s0277"", ""mdgo_v05_fin_user_0009_s0121"", ""mdgo_v05_fin_user_0009_s0197"", ""mdgo_v05_fin_user_0009_s0258""]"
mdgo_v05_fin_user_0009,finance,finance_credit_loan_cautious_no_commitment,risk_threshold,"the user asks about loan, mortgage, credit-limit, or credit eligibility decisions",requirements_and_ranges,requirements and scenario ranges,explain requirements and scenario ranges without predicting approval,True,side_by_side_scenarios,side-by-side scenarios,0,1,3,1,1,2,4,"[""mdgo_v05_fin_user_0009_s0057"", ""mdgo_v05_fin_user_0009_s0213"", ""mdgo_v05_fin_user_0009_s0242"", ""mdgo_v05_fin_user_0009_s0306"", ""mdgo_v05_fin_user_0009_s0130"", ""mdgo_v05_fin_user_0009_s0293"", ""mdgo_v05_fin_user_0009_s0178"", ""mdgo_v05_fin_user_0009_s0258"", ""mdgo_v05_fin_user_0009_s0185"", ""mdgo_v05_fin_user_0009_s0223"", ""mdgo_v05_fin_user_0009_s0261"", ""mdgo_v05_fin_user_0009_s0287""]"
mdgo_v05_fin_user_0009,finance,finance_confirm_money_movement,risk_threshold,"a transfer, bill payment, scheduled payment, or other money movement would be submitted",draft_transaction_card,unsubmitted transaction card,prepare an unsubmitted transaction card and use its single approval control,False,,,5,0,0,1,1,2,1,"[""mdgo_v05_fin_user_0009_s0027"", ""mdgo_v05_fin_user_0009_s0091"", ""mdgo_v05_fin_user_0009_s0167"", ""mdgo_v05_fin_user_0009_s0238"", ""mdgo_v05_fin_user_0009_s0282"", ""mdgo_v05_fin_user_0009_s0126"", ""mdgo_v05_fin_user_0009_s0202"", ""mdgo_v05_fin_user_0009_s0108"", ""mdgo_v05_fin_user_0009_s0258"", ""mdgo_v05_fin_user_0009_s0287""]"
mdgo_v05_fin_user_0009,finance,finance_minimal_pii_secure_verification,privacy_consent,"finance support requires identity, card, account, SSN-like, PIN, or one-time-code verification",minimal_secure_panel,minimal secure panel,request only minimum fields in an in-app secure panel,False,,,0,0,0,0,0,2,0,"[""mdgo_v05_fin_user_0009_s0143"", ""mdgo_v05_fin_user_0009_s0178""]"
mdgo_v05_fin_user_0009,finance,finance_fee_dispute_evidence_then_case,risk_threshold,the user wants to dispute a charge or fee or open a transaction case,merchant_reconciliation_first,merchant reconciliation first,reconcile the merchant record first and file only if the mismatch remains,False,,,5,0,0,1,1,2,4,"[""mdgo_v05_fin_user_0009_s0024"", ""mdgo_v05_fin_user_0009_s0088"", ""mdgo_v05_fin_user_0009_s0164"", ""mdgo_v05_fin_user_0009_s0235"", ""mdgo_v05_fin_user_0009_s0279"", ""mdgo_v05_fin_user_0009_s0123"", ""mdgo_v05_fin_user_0009_s0199"", ""mdgo_v05_fin_user_0009_s0143"", ""mdgo_v05_fin_user_0009_s0248"", ""mdgo_v05_fin_user_0009_s0185"", ""mdgo_v05_fin_user_0009_s0223"", ""mdgo_v05_fin_user_0009_s0261"", ""mdgo_v05_fin_user_0009_s0287""]"
mdgo_v05_fin_user_0009,finance,finance_payment_status_latest_check,tool_action,"the answer depends on the current status of a payment, transfer, balance, due date, or posting state",live_lookup_timestamp,live lookup with timestamp,check the live account state and label it with an as-of time,True,processing_timeline_refresh,processing timeline plus refresh point,0,2,4,1,1,2,0,"[""mdgo_v05_fin_user_0009_s0020"", ""mdgo_v05_fin_user_0009_s0055"", ""mdgo_v05_fin_user_0009_s0211"", ""mdgo_v05_fin_user_0009_s0240"", ""mdgo_v05_fin_user_0009_s0275"", ""mdgo_v05_fin_user_0009_s0304"", ""mdgo_v05_fin_user_0009_s0128"", ""mdgo_v05_fin_user_0009_s0291"", ""mdgo_v05_fin_user_0009_s0108"", ""mdgo_v05_fin_user_0009_s0248""]"
mdgo_v05_fin_user_0010,finance,finance_payment_status_latest_check,tool_action,"the answer depends on the current status of a payment, transfer, balance, due date, or posting state",secure_status_page,secure status-page interpretation,use the secure status page and explain the current state with a timestamp,True,ledger_notification_crosscheck,ledger and notification cross-check,0,2,4,1,1,3,3,"[""mdgo_v05_fin_user_0010_s0020"", ""mdgo_v05_fin_user_0010_s0055"", ""mdgo_v05_fin_user_0010_s0211"", ""mdgo_v05_fin_user_0010_s0240"", ""mdgo_v05_fin_user_0010_s0275"", ""mdgo_v05_fin_user_0010_s0304"", ""mdgo_v05_fin_user_0010_s0128"", ""mdgo_v05_fin_user_0010_s0291"", ""mdgo_v05_fin_user_0010_s0108"", ""mdgo_v05_fin_user_0010_s0248"", ""mdgo_v05_fin_user_0010_s0258"", ""mdgo_v05_fin_user_0010_s0185"", ""mdgo_v05_fin_user_0010_s0223"", ""mdgo_v05_fin_user_0010_s0261""]"
mdgo_v05_fin_user_0010,finance,finance_confirm_card_account_changes,risk_threshold,"a card or account setting would be blocked, replaced, opened, closed, or edited",precise_change_readback,precise change readback,"restate the exact setting and consequence, then obtain one final approval",False,,,5,0,0,1,1,2,0,"[""mdgo_v05_fin_user_0010_s0022"", ""mdgo_v05_fin_user_0010_s0086"", ""mdgo_v05_fin_user_0010_s0162"", ""mdgo_v05_fin_user_0010_s0233"", ""mdgo_v05_fin_user_0010_s0277"", ""mdgo_v05_fin_user_0010_s0121"", ""mdgo_v05_fin_user_0010_s0197"", ""mdgo_v05_fin_user_0010_s0178"", ""mdgo_v05_fin_user_0010_s0258""]"
mdgo_v05_fin_user_0010,finance,finance_fraud_lost_card_urgent_escalation,tool_action,"the user reports a lost or stolen card, suspected fraud, or an unauthorized transaction",card_controls_timeline,card controls plus incident timeline,activate card controls and send a concise incident timeline to fraud support,True,temporary_freeze_review,temporary freeze and secure review,0,1,4,1,1,2,3,"[""mdgo_v05_fin_user_0010_s0016"", ""mdgo_v05_fin_user_0010_s0207"", ""mdgo_v05_fin_user_0010_s0236"", ""mdgo_v05_fin_user_0010_s0271"", ""mdgo_v05_fin_user_0010_s0300"", ""mdgo_v05_fin_user_0010_s0124"", ""mdgo_v05_fin_user_0010_s0287"", ""mdgo_v05_fin_user_0010_s0143"", ""mdgo_v05_fin_user_0010_s0258"", ""mdgo_v05_fin_user_0010_s0185"", ""mdgo_v05_fin_user_0010_s0223"", ""mdgo_v05_fin_user_0010_s0261""]"
mdgo_v05_fin_user_0010,finance,finance_fee_dispute_evidence_then_case,risk_threshold,the user wants to dispute a charge or fee or open a transaction case,charge_timeline_threshold,charge timeline and escalation threshold,build a charge timeline and use an agreed threshold before opening a case,False,,,5,0,0,1,1,2,0,"[""mdgo_v05_fin_user_0010_s0028"", ""mdgo_v05_fin_user_0010_s0092"", ""mdgo_v05_fin_user_0010_s0168"", ""mdgo_v05_fin_user_0010_s0239"", ""mdgo_v05_fin_user_0010_s0283"", ""mdgo_v05_fin_user_0010_s0127"", ""mdgo_v05_fin_user_0010_s0203"", ""mdgo_v05_fin_user_0010_s0213"", ""mdgo_v05_fin_user_0010_s0248""]"
mdgo_v05_fin_user_0010,finance,finance_confirm_money_movement,risk_threshold,"a transfer, bill payment, scheduled payment, or other money movement would be submitted",two_checkpoint_confirmation,two-checkpoint confirmation,confirm the destination first and the amount and timing second,False,,,4,0,0,0,1,1,0,"[""mdgo_v05_fin_user_0010_s0025"", ""mdgo_v05_fin_user_0010_s0089"", ""mdgo_v05_fin_user_0010_s0165"", ""mdgo_v05_fin_user_0010_s0280"", ""mdgo_v05_fin_user_0010_s0200"", ""mdgo_v05_fin_user_0010_s0108""]"
mdgo_v05_fin_user_0010,finance,finance_minimal_pii_secure_verification,privacy_consent,"finance support requires identity, card, account, SSN-like, PIN, or one-time-code verification",authenticated_app_callback,authenticated app callback,start a verified callback from the authenticated app,False,,,5,0,0,1,1,3,0,"[""mdgo_v05_fin_user_0010_s0024"", ""mdgo_v05_fin_user_0010_s0088"", ""mdgo_v05_fin_user_0010_s0164"", ""mdgo_v05_fin_user_0010_s0235"", ""mdgo_v05_fin_user_0010_s0279"", ""mdgo_v05_fin_user_0010_s0123"", ""mdgo_v05_fin_user_0010_s0199"", ""mdgo_v05_fin_user_0010_s0143"", ""mdgo_v05_fin_user_0010_s0178"", ""mdgo_v05_fin_user_0010_s0213""]"
mdgo_v05_fin_user_0011,finance,finance_minimal_pii_secure_verification,privacy_consent,"finance support requires identity, card, account, SSN-like, PIN, or one-time-code verification",device_passkey_approval,device or passkey approval,use a device or passkey approval with minimal fallback information,False,,,5,0,0,1,1,4,0,"[""mdgo_v05_fin_user_0011_s0025"", ""mdgo_v05_fin_user_0011_s0089"", ""mdgo_v05_fin_user_0011_s0165"", ""mdgo_v05_fin_user_0011_s0236"", ""mdgo_v05_fin_user_0011_s0280"", ""mdgo_v05_fin_user_0011_s0124"", ""mdgo_v05_fin_user_0011_s0200"", ""mdgo_v05_fin_user_0011_s0108"", ""mdgo_v05_fin_user_0011_s0143"", ""mdgo_v05_fin_user_0011_s0178"", ""mdgo_v05_fin_user_0011_s0258""]"
mdgo_v05_fin_user_0011,finance,finance_balance_statement_summary_first,format_style,"the user asks for a balance, statement, or transaction review",merchant_category_rollup,merchant and category rollup,group relevant entries by merchant or category and connect each group to the conclusion,False,,,5,0,0,1,1,1,0,"[""mdgo_v05_fin_user_0011_s0026"", ""mdgo_v05_fin_user_0011_s0090"", ""mdgo_v05_fin_user_0011_s0166"", ""mdgo_v05_fin_user_0011_s0237"", ""mdgo_v05_fin_user_0011_s0281"", ""mdgo_v05_fin_user_0011_s0125"", ""mdgo_v05_fin_user_0011_s0201"", ""mdgo_v05_fin_user_0011_s0258""]"
mdgo_v05_fin_user_0011,finance,finance_credit_loan_cautious_no_commitment,risk_threshold,"the user asks about loan, mortgage, credit-limit, or credit eligibility decisions",budget_stress_test,budget stress test first,run a budget stress test and list documentation without submitting,True,requirements_and_ranges,requirements and scenario ranges,0,2,3,0,1,2,3,"[""mdgo_v05_fin_user_0011_s0016"", ""mdgo_v05_fin_user_0011_s0051"", ""mdgo_v05_fin_user_0011_s0207"", ""mdgo_v05_fin_user_0011_s0271"", ""mdgo_v05_fin_user_0011_s0300"", ""mdgo_v05_fin_user_0011_s0287"", ""mdgo_v05_fin_user_0011_s0178"", ""mdgo_v05_fin_user_0011_s0258"", ""mdgo_v05_fin_user_0011_s0185"", ""mdgo_v05_fin_user_0011_s0223"", ""mdgo_v05_fin_user_0011_s0261""]"
mdgo_v05_fin_user_0011,finance,finance_confirm_money_movement,risk_threshold,"a transfer, bill payment, scheduled payment, or other money movement would be submitted",secure_preview_confirmation,secure preview confirmation,open a secure preview and require approval inside that preview,False,,,5,0,0,1,1,0,3,"[""mdgo_v05_fin_user_0011_s0027"", ""mdgo_v05_fin_user_0011_s0091"", ""mdgo_v05_fin_user_0011_s0167"", ""mdgo_v05_fin_user_0011_s0238"", ""mdgo_v05_fin_user_0011_s0282"", ""mdgo_v05_fin_user_0011_s0126"", ""mdgo_v05_fin_user_0011_s0202"", ""mdgo_v05_fin_user_0011_s0185"", ""mdgo_v05_fin_user_0011_s0223"", ""mdgo_v05_fin_user_0011_s0261""]"
mdgo_v05_fin_user_0011,finance,finance_fraud_lost_card_urgent_escalation,tool_action,"the user reports a lost or stolen card, suspected fraud, or an unauthorized transaction",lock_then_fraud_team,immediate lock then fraud team,lock the affected card immediately and route the incident to the fraud team,False,,,5,0,0,1,1,1,0,"[""mdgo_v05_fin_user_0011_s0023"", ""mdgo_v05_fin_user_0011_s0087"", ""mdgo_v05_fin_user_0011_s0163"", ""mdgo_v05_fin_user_0011_s0234"", ""mdgo_v05_fin_user_0011_s0278"", ""mdgo_v05_fin_user_0011_s0122"", ""mdgo_v05_fin_user_0011_s0198"", ""mdgo_v05_fin_user_0011_s0108""]"
mdgo_v05_fin_user_0011,finance,finance_fee_dispute_evidence_then_case,risk_threshold,the user wants to dispute a charge or fee or open a transaction case,evidence_pack_then_approval,evidence pack then approval,"assemble the evidence pack, summarize it, and ask before filing",True,merchant_reconciliation_first,merchant reconciliation first,0,2,4,1,1,1,0,"[""mdgo_v05_fin_user_0011_s0022"", ""mdgo_v05_fin_user_0011_s0057"", ""mdgo_v05_fin_user_0011_s0213"", ""mdgo_v05_fin_user_0011_s0242"", ""mdgo_v05_fin_user_0011_s0277"", ""mdgo_v05_fin_user_0011_s0306"", ""mdgo_v05_fin_user_0011_s0130"", ""mdgo_v05_fin_user_0011_s0293"", ""mdgo_v05_fin_user_0011_s0143""]"
mdgo_v05_fin_user_0012,finance,finance_fee_dispute_evidence_then_case,risk_threshold,the user wants to dispute a charge or fee or open a transaction case,unsubmitted_case_draft,unsubmitted case draft,prepare an unsubmitted dispute draft and request approval on the draft,True,charge_timeline_threshold,charge timeline and escalation threshold,0,2,4,1,1,3,1,"[""mdgo_v05_fin_user_0012_s0020"", ""mdgo_v05_fin_user_0012_s0055"", ""mdgo_v05_fin_user_0012_s0211"", ""mdgo_v05_fin_user_0012_s0240"", ""mdgo_v05_fin_user_0012_s0275"", ""mdgo_v05_fin_user_0012_s0304"", ""mdgo_v05_fin_user_0012_s0128"", ""mdgo_v05_fin_user_0012_s0291"", ""mdgo_v05_fin_user_0012_s0178"", ""mdgo_v05_fin_user_0012_s0248"", ""mdgo_v05_fin_user_0012_s0258"", ""mdgo_v05_fin_user_0012_s0287""]"
mdgo_v05_fin_user_0012,finance,finance_payment_status_latest_check,tool_action,"the answer depends on the current status of a payment, transfer, balance, due date, or posting state",ledger_notification_crosscheck,ledger and notification cross-check,cross-check the official ledger with account notifications,False,,,5,0,0,1,1,2,3,"[""mdgo_v05_fin_user_0012_s0023"", ""mdgo_v05_fin_user_0012_s0087"", ""mdgo_v05_fin_user_0012_s0163"", ""mdgo_v05_fin_user_0012_s0234"", ""mdgo_v05_fin_user_0012_s0278"", ""mdgo_v05_fin_user_0012_s0122"", ""mdgo_v05_fin_user_0012_s0198"", ""mdgo_v05_fin_user_0012_s0248"", ""mdgo_v05_fin_user_0012_s0258"", ""mdgo_v05_fin_user_0012_s0185"", ""mdgo_v05_fin_user_0012_s0223"", ""mdgo_v05_fin_user_0012_s0261""]"
mdgo_v05_fin_user_0012,finance,finance_confirm_card_account_changes,risk_threshold,"a card or account setting would be blocked, replaced, opened, closed, or edited",before_after_comparison,before-and-after comparison,show a before-and-after comparison and wait for approval,False,,,5,0,0,1,1,2,1,"[""mdgo_v05_fin_user_0012_s0025"", ""mdgo_v05_fin_user_0012_s0089"", ""mdgo_v05_fin_user_0012_s0165"", ""mdgo_v05_fin_user_0012_s0236"", ""mdgo_v05_fin_user_0012_s0280"", ""mdgo_v05_fin_user_0012_s0124"", ""mdgo_v05_fin_user_0012_s0200"", ""mdgo_v05_fin_user_0012_s0143"", ""mdgo_v05_fin_user_0012_s0258"", ""mdgo_v05_fin_user_0012_s0287""]"
mdgo_v05_fin_user_0012,finance,finance_fraud_lost_card_urgent_escalation,tool_action,"the user reports a lost or stolen card, suspected fraud, or an unauthorized transaction",verify_incident_then_lock,verify incident details then lock,"verify the last known legitimate activity, lock the card, and escalate",True,lock_then_fraud_team,immediate lock then fraud team,0,1,4,1,1,1,3,"[""mdgo_v05_fin_user_0012_s0018"", ""mdgo_v05_fin_user_0012_s0209"", ""mdgo_v05_fin_user_0012_s0238"", ""mdgo_v05_fin_user_0012_s0273"", ""mdgo_v05_fin_user_0012_s0302"", ""mdgo_v05_fin_user_0012_s0126"", ""mdgo_v05_fin_user_0012_s0289"", ""mdgo_v05_fin_user_0012_s0108"", ""mdgo_v05_fin_user_0012_s0185"", ""mdgo_v05_fin_user_0012_s0223"", ""mdgo_v05_fin_user_0012_s0261""]"
mdgo_v05_fin_user_0012,finance,finance_credit_loan_cautious_no_commitment,risk_threshold,"the user asks about loan, mortgage, credit-limit, or credit eligibility decisions",lender_question_checklist,lender-question checklist,prepare a lender-question checklist and mark unknowns,False,,,5,0,0,1,1,1,1,"[""mdgo_v05_fin_user_0012_s0028"", ""mdgo_v05_fin_user_0012_s0092"", ""mdgo_v05_fin_user_0012_s0168"", ""mdgo_v05_fin_user_0012_s0239"", ""mdgo_v05_fin_user_0012_s0283"", ""mdgo_v05_fin_user_0012_s0127"", ""mdgo_v05_fin_user_0012_s0203"", ""mdgo_v05_fin_user_0012_s0213"", ""mdgo_v05_fin_user_0012_s0287""]"
mdgo_v05_fin_user_0012,finance,finance_minimal_pii_secure_verification,privacy_consent,"finance support requires identity, card, account, SSN-like, PIN, or one-time-code verification",secure_message_center,secure message-center verification,move verification to the secure message center and use only masked identifiers in chat,False,,,5,0,0,1,1,4,0,"[""mdgo_v05_fin_user_0012_s0022"", ""mdgo_v05_fin_user_0012_s0086"", ""mdgo_v05_fin_user_0012_s0162"", ""mdgo_v05_fin_user_0012_s0233"", ""mdgo_v05_fin_user_0012_s0277"", ""mdgo_v05_fin_user_0012_s0121"", ""mdgo_v05_fin_user_0012_s0197"", ""mdgo_v05_fin_user_0012_s0108"", ""mdgo_v05_fin_user_0012_s0143"", ""mdgo_v05_fin_user_0012_s0178"", ""mdgo_v05_fin_user_0012_s0213""]"
mdgo_v05_fin_user_0013,finance,finance_confirm_money_movement,risk_threshold,"a transfer, bill payment, scheduled payment, or other money movement would be submitted",itemized_final_yes,itemized readback then one final yes,"read back amount, source, destination or payee, and timing, then wait for one final yes",False,,,5,0,0,1,1,1,4,"[""mdgo_v05_fin_user_0013_s0022"", ""mdgo_v05_fin_user_0013_s0086"", ""mdgo_v05_fin_user_0013_s0162"", ""mdgo_v05_fin_user_0013_s0233"", ""mdgo_v05_fin_user_0013_s0277"", ""mdgo_v05_fin_user_0013_s0121"", ""mdgo_v05_fin_user_0013_s0197"", ""mdgo_v05_fin_user_0013_s0258"", ""mdgo_v05_fin_user_0013_s0185"", ""mdgo_v05_fin_user_0013_s0223"", ""mdgo_v05_fin_user_0013_s0261"", ""mdgo_v05_fin_user_0013_s0287""]"
mdgo_v05_fin_user_0013,finance,finance_minimal_pii_secure_verification,privacy_consent,"finance support requires identity, card, account, SSN-like, PIN, or one-time-code verification",minimal_secure_panel,minimal secure panel,request only minimum fields in an in-app secure panel,False,,,0,0,0,0,0,4,0,"[""mdgo_v05_fin_user_0013_s0108"", ""mdgo_v05_fin_user_0013_s0143"", ""mdgo_v05_fin_user_0013_s0178"", ""mdgo_v05_fin_user_0013_s0258""]"
mdgo_v05_fin_user_0013,finance,finance_balance_statement_summary_first,format_style,"the user asks for a balance, statement, or transaction review",headline_then_evidence,headline then evidence,lead with the account-level finding and then list supporting entries,True,chronological_timeline,chronological review timeline,0,2,4,1,1,1,0,"[""mdgo_v05_fin_user_0013_s0023"", ""mdgo_v05_fin_user_0013_s0057"", ""mdgo_v05_fin_user_0013_s0213"", ""mdgo_v05_fin_user_0013_s0242"", ""mdgo_v05_fin_user_0013_s0278"", ""mdgo_v05_fin_user_0013_s0306"", ""mdgo_v05_fin_user_0013_s0130"", ""mdgo_v05_fin_user_0013_s0293"", ""mdgo_v05_fin_user_0013_s0258""]"
mdgo_v05_fin_user_0013,finance,finance_credit_loan_cautious_no_commitment,risk_threshold,"the user asks about loan, mortgage, credit-limit, or credit eligibility decisions",side_by_side_scenarios,side-by-side scenarios,compare several financing scenarios and leave the decision unsubmitted,False,,,5,0,0,1,1,1,1,"[""mdgo_v05_fin_user_0013_s0027"", ""mdgo_v05_fin_user_0013_s0091"", ""mdgo_v05_fin_user_0013_s0167"", ""mdgo_v05_fin_user_0013_s0238"", ""mdgo_v05_fin_user_0013_s0282"", ""mdgo_v05_fin_user_0013_s0126"", ""mdgo_v05_fin_user_0013_s0202"", ""mdgo_v05_fin_user_0013_s0178"", ""mdgo_v05_fin_user_0013_s0287""]"
mdgo_v05_fin_user_0013,finance,finance_confirm_card_account_changes,risk_threshold,"a card or account setting would be blocked, replaced, opened, closed, or edited",secure_change_preview,secure in-app change preview,create a secure in-app change preview and require device approval,False,,,5,0,0,1,1,1,4,"[""mdgo_v05_fin_user_0013_s0025"", ""mdgo_v05_fin_user_0013_s0089"", ""mdgo_v05_fin_user_0013_s0165"", ""mdgo_v05_fin_user_0013_s0236"", ""mdgo_v05_fin_user_0013_s0280"", ""mdgo_v05_fin_user_0013_s0124"", ""mdgo_v05_fin_user_0013_s0200"", ""mdgo_v05_fin_user_0013_s0143"", ""mdgo_v05_fin_user_0013_s0185"", ""mdgo_v05_fin_user_0013_s0223"", ""mdgo_v05_fin_user_0013_s0261"", ""mdgo_v05_fin_user_0013_s0287""]"
mdgo_v05_fin_user_0013,finance,finance_fraud_lost_card_urgent_escalation,tool_action,"the user reports a lost or stolen card, suspected fraud, or an unauthorized transaction",temporary_freeze_review,temporary freeze and secure review,"place a temporary freeze, perform a secure review, then decide replacement",True,lock_then_fraud_team,immediate lock then fraud team,0,1,4,1,1,1,0,"[""mdgo_v05_fin_user_0013_s0017"", ""mdgo_v05_fin_user_0013_s0208"", ""mdgo_v05_fin_user_0013_s0237"", ""mdgo_v05_fin_user_0013_s0272"", ""mdgo_v05_fin_user_0013_s0301"", ""mdgo_v05_fin_user_0013_s0125"", ""mdgo_v05_fin_user_0013_s0288"", ""mdgo_v05_fin_user_0013_s0108""]"
mdgo_v05_fin_user_0014,finance,finance_fraud_lost_card_urgent_escalation,tool_action,"the user reports a lost or stolen card, suspected fraud, or an unauthorized transaction",card_controls_timeline,card controls plus incident timeline,activate card controls and send a concise incident timeline to fraud support,False,,,5,0,0,1,1,2,0,"[""mdgo_v05_fin_user_0014_s0026"", ""mdgo_v05_fin_user_0014_s0090"", ""mdgo_v05_fin_user_0014_s0166"", ""mdgo_v05_fin_user_0014_s0237"", ""mdgo_v05_fin_user_0014_s0281"", ""mdgo_v05_fin_user_0014_s0125"", ""mdgo_v05_fin_user_0014_s0201"", ""mdgo_v05_fin_user_0014_s0108"", ""mdgo_v05_fin_user_0014_s0258""]"
mdgo_v05_fin_user_0014,finance,finance_fee_dispute_evidence_then_case,risk_threshold,the user wants to dispute a charge or fee or open a transaction case,merchant_reconciliation_first,merchant reconciliation first,reconcile the merchant record first and file only if the mismatch remains,False,,,5,0,0,1,1,3,3,"[""mdgo_v05_fin_user_0014_s0024"", ""mdgo_v05_fin_user_0014_s0088"", ""mdgo_v05_fin_user_0014_s0164"", ""mdgo_v05_fin_user_0014_s0235"", ""mdgo_v05_fin_user_0014_s0279"", ""mdgo_v05_fin_user_0014_s0123"", ""mdgo_v05_fin_user_0014_s0199"", ""mdgo_v05_fin_user_0014_s0178"", ""mdgo_v05_fin_user_0014_s0248"", ""mdgo_v05_fin_user_0014_s0258"", ""mdgo_v05_fin_user_0014_s0185"", ""mdgo_v05_fin_user_0014_s0223"", ""mdgo_v05_fin_user_0014_s0261""]"
mdgo_v05_fin_user_0014,finance,finance_payment_status_latest_check,tool_action,"the answer depends on the current status of a payment, transfer, balance, due date, or posting state",processing_timeline_refresh,processing timeline plus refresh point,show the current processing stage and the next refresh checkpoint,True,ledger_notification_crosscheck,ledger and notification cross-check,0,2,3,0,1,3,0,"[""mdgo_v05_fin_user_0014_s0017"", ""mdgo_v05_fin_user_0014_s0052"", ""mdgo_v05_fin_user_0014_s0208"", ""mdgo_v05_fin_user_0014_s0272"", ""mdgo_v05_fin_user_0014_s0301"", ""mdgo_v05_fin_user_0014_s0288"", ""mdgo_v05_fin_user_0014_s0213"", ""mdgo_v05_fin_user_0014_s0248"", ""mdgo_v05_fin_user_0014_s0258""]"
mdgo_v05_fin_user_0014,finance,finance_confirm_card_account_changes,risk_threshold,"a card or account setting would be blocked, replaced, opened, closed, or edited",change_checklist_callback,change checklist plus verified callback,complete a change-impact checklist and confirm through an authenticated callback,False,,,5,0,0,1,1,1,3,"[""mdgo_v05_fin_user_0014_s0025"", ""mdgo_v05_fin_user_0014_s0089"", ""mdgo_v05_fin_user_0014_s0165"", ""mdgo_v05_fin_user_0014_s0236"", ""mdgo_v05_fin_user_0014_s0280"", ""mdgo_v05_fin_user_0014_s0124"", ""mdgo_v05_fin_user_0014_s0200"", ""mdgo_v05_fin_user_0014_s0143"", ""mdgo_v05_fin_user_0014_s0185"", ""mdgo_v05_fin_user_0014_s0223"", ""mdgo_v05_fin_user_0014_s0261""]"
mdgo_v05_fin_user_0014,finance,finance_balance_statement_summary_first,format_style,"the user asks for a balance, statement, or transaction review",exceptions_first_table,exceptions-first table,show unusual entries first in a compact table and close with the overall finding,True,chronological_timeline,chronological review timeline,0,2,3,0,1,1,0,"[""mdgo_v05_fin_user_0014_s0016"", ""mdgo_v05_fin_user_0014_s0051"", ""mdgo_v05_fin_user_0014_s0207"", ""mdgo_v05_fin_user_0014_s0271"", ""mdgo_v05_fin_user_0014_s0300"", ""mdgo_v05_fin_user_0014_s0287"", ""mdgo_v05_fin_user_0014_s0213""]"
mdgo_v05_fin_user_0014,finance,finance_minimal_pii_secure_verification,privacy_consent,"finance support requires identity, card, account, SSN-like, PIN, or one-time-code verification",authenticated_app_callback,authenticated app callback,start a verified callback from the authenticated app,False,,,5,0,0,1,1,3,0,"[""mdgo_v05_fin_user_0014_s0028"", ""mdgo_v05_fin_user_0014_s0092"", ""mdgo_v05_fin_user_0014_s0168"", ""mdgo_v05_fin_user_0014_s0239"", ""mdgo_v05_fin_user_0014_s0283"", ""mdgo_v05_fin_user_0014_s0127"", ""mdgo_v05_fin_user_0014_s0203"", ""mdgo_v05_fin_user_0014_s0108"", ""mdgo_v05_fin_user_0014_s0143"", ""mdgo_v05_fin_user_0014_s0178""]"
mdgo_v05_fin_user_0015,finance,finance_credit_loan_cautious_no_commitment,risk_threshold,"the user asks about loan, mortgage, credit-limit, or credit eligibility decisions",requirements_and_ranges,requirements and scenario ranges,explain requirements and scenario ranges without predicting approval,False,,,5,0,0,1,1,2,4,"[""mdgo_v05_fin_user_0015_s0026"", ""mdgo_v05_fin_user_0015_s0090"", ""mdgo_v05_fin_user_0015_s0166"", ""mdgo_v05_fin_user_0015_s0237"", ""mdgo_v05_fin_user_0015_s0281"", ""mdgo_v05_fin_user_0015_s0125"", ""mdgo_v05_fin_user_0015_s0201"", ""mdgo_v05_fin_user_0015_s0178"", ""mdgo_v05_fin_user_0015_s0258"", ""mdgo_v05_fin_user_0015_s0185"", ""mdgo_v05_fin_user_0015_s0223"", ""mdgo_v05_fin_user_0015_s0261"", ""mdgo_v05_fin_user_0015_s0287""]"
mdgo_v05_fin_user_0015,finance,finance_confirm_money_movement,risk_threshold,"a transfer, bill payment, scheduled payment, or other money movement would be submitted",draft_transaction_card,unsubmitted transaction card,prepare an unsubmitted transaction card and use its single approval control,True,secure_preview_confirmation,secure preview confirmation,0,2,4,1,1,2,1,"[""mdgo_v05_fin_user_0015_s0018"", ""mdgo_v05_fin_user_0015_s0053"", ""mdgo_v05_fin_user_0015_s0209"", ""mdgo_v05_fin_user_0015_s0238"", ""mdgo_v05_fin_user_0015_s0273"", ""mdgo_v05_fin_user_0015_s0302"", ""mdgo_v05_fin_user_0015_s0126"", ""mdgo_v05_fin_user_0015_s0289"", ""mdgo_v05_fin_user_0015_s0108"", ""mdgo_v05_fin_user_0015_s0258"", ""mdgo_v05_fin_user_0015_s0287""]"
mdgo_v05_fin_user_0015,finance,finance_minimal_pii_secure_verification,privacy_consent,"finance support requires identity, card, account, SSN-like, PIN, or one-time-code verification",device_passkey_approval,device or passkey approval,use a device or passkey approval with minimal fallback information,False,,,0,0,0,0,0,3,0,"[""mdgo_v05_fin_user_0015_s0143"", ""mdgo_v05_fin_user_0015_s0178"", ""mdgo_v05_fin_user_0015_s0258""]"
mdgo_v05_fin_user_0015,finance,finance_balance_statement_summary_first,format_style,"the user asks for a balance, statement, or transaction review",chronological_timeline,chronological review timeline,present a chronological transaction timeline followed by the conclusion,False,,,5,0,0,1,1,1,0,"[""mdgo_v05_fin_user_0015_s0028"", ""mdgo_v05_fin_user_0015_s0092"", ""mdgo_v05_fin_user_0015_s0168"", ""mdgo_v05_fin_user_0015_s0239"", ""mdgo_v05_fin_user_0015_s0283"", ""mdgo_v05_fin_user_0015_s0127"", ""mdgo_v05_fin_user_0015_s0203"", ""mdgo_v05_fin_user_0015_s0213""]"
mdgo_v05_fin_user_0015,finance,finance_payment_status_latest_check,tool_action,"the answer depends on the current status of a payment, transfer, balance, due date, or posting state",live_lookup_timestamp,live lookup with timestamp,check the live account state and label it with an as-of time,True,ledger_notification_crosscheck,ledger and notification cross-check,0,2,3,0,1,2,0,"[""mdgo_v05_fin_user_0015_s0017"", ""mdgo_v05_fin_user_0015_s0052"", ""mdgo_v05_fin_user_0015_s0208"", ""mdgo_v05_fin_user_0015_s0272"", ""mdgo_v05_fin_user_0015_s0301"", ""mdgo_v05_fin_user_0015_s0288"", ""mdgo_v05_fin_user_0015_s0108"", ""mdgo_v05_fin_user_0015_s0213""]"
mdgo_v05_fin_user_0015,finance,finance_confirm_card_account_changes,risk_threshold,"a card or account setting would be blocked, replaced, opened, closed, or edited",precise_change_readback,precise change readback,"restate the exact setting and consequence, then obtain one final approval",False,,,5,0,0,1,1,1,4,"[""mdgo_v05_fin_user_0015_s0025"", ""mdgo_v05_fin_user_0015_s0089"", ""mdgo_v05_fin_user_0015_s0165"", ""mdgo_v05_fin_user_0015_s0236"", ""mdgo_v05_fin_user_0015_s0280"", ""mdgo_v05_fin_user_0015_s0124"", ""mdgo_v05_fin_user_0015_s0200"", ""mdgo_v05_fin_user_0015_s0143"", ""mdgo_v05_fin_user_0015_s0185"", ""mdgo_v05_fin_user_0015_s0223"", ""mdgo_v05_fin_user_0015_s0261"", ""mdgo_v05_fin_user_0015_s0287""]"
mdgo_v05_fin_user_0016,finance,finance_minimal_pii_secure_verification,privacy_consent,"finance support requires identity, card, account, SSN-like, PIN, or one-time-code verification",secure_message_center,secure message-center verification,move verification to the secure message center and use only masked identifiers in chat,False,,,5,0,0,1,1,4,0,"[""mdgo_v05_fin_user_0016_s0026"", ""mdgo_v05_fin_user_0016_s0090"", ""mdgo_v05_fin_user_0016_s0166"", ""mdgo_v05_fin_user_0016_s0237"", ""mdgo_v05_fin_user_0016_s0281"", ""mdgo_v05_fin_user_0016_s0125"", ""mdgo_v05_fin_user_0016_s0201"", ""mdgo_v05_fin_user_0016_s0108"", ""mdgo_v05_fin_user_0016_s0143"", ""mdgo_v05_fin_user_0016_s0178"", ""mdgo_v05_fin_user_0016_s0258""]"
mdgo_v05_fin_user_0016,finance,finance_balance_statement_summary_first,format_style,"the user asks for a balance, statement, or transaction review",merchant_category_rollup,merchant and category rollup,group relevant entries by merchant or category and connect each group to the conclusion,True,chronological_timeline,chronological review timeline,0,2,4,1,1,1,0,"[""mdgo_v05_fin_user_0016_s0021"", ""mdgo_v05_fin_user_0016_s0056"", ""mdgo_v05_fin_user_0016_s0212"", ""mdgo_v05_fin_user_0016_s0241"", ""mdgo_v05_fin_user_0016_s0276"", ""mdgo_v05_fin_user_0016_s0305"", ""mdgo_v05_fin_user_0016_s0129"", ""mdgo_v05_fin_user_0016_s0292"", ""mdgo_v05_fin_user_0016_s0258""]"
mdgo_v05_fin_user_0016,finance,finance_credit_loan_cautious_no_commitment,risk_threshold,"the user asks about loan, mortgage, credit-limit, or credit eligibility decisions",budget_stress_test,budget stress test first,run a budget stress test and list documentation without submitting,False,,,0,0,0,0,0,2,4,"[""mdgo_v05_fin_user_0016_s0178"", ""mdgo_v05_fin_user_0016_s0258"", ""mdgo_v05_fin_user_0016_s0185"", ""mdgo_v05_fin_user_0016_s0223"", ""mdgo_v05_fin_user_0016_s0261"", ""mdgo_v05_fin_user_0016_s0287""]"
mdgo_v05_fin_user_0016,finance,finance_confirm_money_movement,risk_threshold,"a transfer, bill payment, scheduled payment, or other money movement would be submitted",two_checkpoint_confirmation,two-checkpoint confirmation,confirm the destination first and the amount and timing second,False,,,5,0,0,1,1,0,1,"[""mdgo_v05_fin_user_0016_s0024"", ""mdgo_v05_fin_user_0016_s0088"", ""mdgo_v05_fin_user_0016_s0164"", ""mdgo_v05_fin_user_0016_s0235"", ""mdgo_v05_fin_user_0016_s0279"", ""mdgo_v05_fin_user_0016_s0123"", ""mdgo_v05_fin_user_0016_s0199"", ""mdgo_v05_fin_user_0016_s0287""]"
mdgo_v05_fin_user_0016,finance,finance_fraud_lost_card_urgent_escalation,tool_action,"the user reports a lost or stolen card, suspected fraud, or an unauthorized transaction",lock_then_fraud_team,immediate lock then fraud team,lock the affected card immediately and route the incident to the fraud team,True,card_controls_timeline,card controls plus incident timeline,0,2,4,1,1,1,0,"[""mdgo_v05_fin_user_0016_s0022"", ""mdgo_v05_fin_user_0016_s0057"", ""mdgo_v05_fin_user_0016_s0213"", ""mdgo_v05_fin_user_0016_s0242"", ""mdgo_v05_fin_user_0016_s0277"", ""mdgo_v05_fin_user_0016_s0306"", ""mdgo_v05_fin_user_0016_s0130"", ""mdgo_v05_fin_user_0016_s0293"", ""mdgo_v05_fin_user_0016_s0108""]"
mdgo_v05_fin_user_0016,finance,finance_fee_dispute_evidence_then_case,risk_threshold,the user wants to dispute a charge or fee or open a transaction case,charge_timeline_threshold,charge timeline and escalation threshold,build a charge timeline and use an agreed threshold before opening a case,False,,,3,0,0,1,1,1,4,"[""mdgo_v05_fin_user_0016_s0086"", ""mdgo_v05_fin_user_0016_s0162"", ""mdgo_v05_fin_user_0016_s0233"", ""mdgo_v05_fin_user_0016_s0121"", ""mdgo_v05_fin_user_0016_s0197"", ""mdgo_v05_fin_user_0016_s0143"", ""mdgo_v05_fin_user_0016_s0185"", ""mdgo_v05_fin_user_0016_s0223"", ""mdgo_v05_fin_user_0016_s0261"", ""mdgo_v05_fin_user_0016_s0287""]"
mdgo_v05_fin_user_0017,finance,finance_fee_dispute_evidence_then_case,risk_threshold,the user wants to dispute a charge or fee or open a transaction case,evidence_pack_then_approval,evidence pack then approval,"assemble the evidence pack, summarize it, and ask before filing",False,,,5,0,0,1,1,3,1,"[""mdgo_v05_fin_user_0017_s0028"", ""mdgo_v05_fin_user_0017_s0092"", ""mdgo_v05_fin_user_0017_s0168"", ""mdgo_v05_fin_user_0017_s0239"", ""mdgo_v05_fin_user_0017_s0283"", ""mdgo_v05_fin_user_0017_s0127"", ""mdgo_v05_fin_user_0017_s0203"", ""mdgo_v05_fin_user_0017_s0178"", ""mdgo_v05_fin_user_0017_s0248"", ""mdgo_v05_fin_user_0017_s0258"", ""mdgo_v05_fin_user_0017_s0287""]"
mdgo_v05_fin_user_0017,finance,finance_payment_status_latest_check,tool_action,"the answer depends on the current status of a payment, transfer, balance, due date, or posting state",secure_status_page,secure status-page interpretation,use the secure status page and explain the current state with a timestamp,False,,,5,0,0,1,1,2,3,"[""mdgo_v05_fin_user_0017_s0024"", ""mdgo_v05_fin_user_0017_s0088"", ""mdgo_v05_fin_user_0017_s0164"", ""mdgo_v05_fin_user_0017_s0235"", ""mdgo_v05_fin_user_0017_s0279"", ""mdgo_v05_fin_user_0017_s0123"", ""mdgo_v05_fin_user_0017_s0199"", ""mdgo_v05_fin_user_0017_s0248"", ""mdgo_v05_fin_user_0017_s0258"", ""mdgo_v05_fin_user_0017_s0185"", ""mdgo_v05_fin_user_0017_s0223"", ""mdgo_v05_fin_user_0017_s0261""]"
mdgo_v05_fin_user_0017,finance,finance_confirm_card_account_changes,risk_threshold,"a card or account setting would be blocked, replaced, opened, closed, or edited",before_after_comparison,before-and-after comparison,show a before-and-after comparison and wait for approval,True,precise_change_readback,precise change readback,0,2,4,1,1,2,1,"[""mdgo_v05_fin_user_0017_s0020"", ""mdgo_v05_fin_user_0017_s0055"", ""mdgo_v05_fin_user_0017_s0211"", ""mdgo_v05_fin_user_0017_s0240"", ""mdgo_v05_fin_user_0017_s0275"", ""mdgo_v05_fin_user_0017_s0304"", ""mdgo_v05_fin_user_0017_s0128"", ""mdgo_v05_fin_user_0017_s0291"", ""mdgo_v05_fin_user_0017_s0143"", ""mdgo_v05_fin_user_0017_s0258"", ""mdgo_v05_fin_user_0017_s0287""]"
mdgo_v05_fin_user_0017,finance,finance_fraud_lost_card_urgent_escalation,tool_action,"the user reports a lost or stolen card, suspected fraud, or an unauthorized transaction",verify_incident_then_lock,verify incident details then lock,"verify the last known legitimate activity, lock the card, and escalate",False,,,5,0,0,1,1,1,3,"[""mdgo_v05_fin_user_0017_s0027"", ""mdgo_v05_fin_user_0017_s0091"", ""mdgo_v05_fin_user_0017_s0167"", ""mdgo_v05_fin_user_0017_s0238"", ""mdgo_v05_fin_user_0017_s0282"", ""mdgo_v05_fin_user_0017_s0126"", ""mdgo_v05_fin_user_0017_s0202"", ""mdgo_v05_fin_user_0017_s0108"", ""mdgo_v05_fin_user_0017_s0185"", ""mdgo_v05_fin_user_0017_s0223"", ""mdgo_v05_fin_user_0017_s0261""]"
mdgo_v05_fin_user_0017,finance,finance_credit_loan_cautious_no_commitment,risk_threshold,"the user asks about loan, mortgage, credit-limit, or credit eligibility decisions",lender_question_checklist,lender-question checklist,prepare a lender-question checklist and mark unknowns,True,budget_stress_test,budget stress test first,0,2,3,0,1,1,1,"[""mdgo_v05_fin_user_0017_s0018"", ""mdgo_v05_fin_user_0017_s0053"", ""mdgo_v05_fin_user_0017_s0209"", ""mdgo_v05_fin_user_0017_s0273"", ""mdgo_v05_fin_user_0017_s0302"", ""mdgo_v05_fin_user_0017_s0289"", ""mdgo_v05_fin_user_0017_s0213"", ""mdgo_v05_fin_user_0017_s0287""]"
mdgo_v05_fin_user_0017,finance,finance_minimal_pii_secure_verification,privacy_consent,"finance support requires identity, card, account, SSN-like, PIN, or one-time-code verification",minimal_secure_panel,minimal secure panel,request only minimum fields in an in-app secure panel,False,,,5,0,0,1,1,4,0,"[""mdgo_v05_fin_user_0017_s0023"", ""mdgo_v05_fin_user_0017_s0087"", ""mdgo_v05_fin_user_0017_s0163"", ""mdgo_v05_fin_user_0017_s0234"", ""mdgo_v05_fin_user_0017_s0278"", ""mdgo_v05_fin_user_0017_s0122"", ""mdgo_v05_fin_user_0017_s0198"", ""mdgo_v05_fin_user_0017_s0108"", ""mdgo_v05_fin_user_0017_s0143"", ""mdgo_v05_fin_user_0017_s0178"", ""mdgo_v05_fin_user_0017_s0213""]"
mdgo_v05_fin_user_0018,finance,finance_confirm_money_movement,risk_threshold,"a transfer, bill payment, scheduled payment, or other money movement would be submitted",secure_preview_confirmation,secure preview confirmation,open a secure preview and require approval inside that preview,True,itemized_final_yes,itemized readback then one final yes,0,2,4,1,1,1,4,"[""mdgo_v05_fin_user_0018_s0022"", ""mdgo_v05_fin_user_0018_s0057"", ""mdgo_v05_fin_user_0018_s0213"", ""mdgo_v05_fin_user_0018_s0242"", ""mdgo_v05_fin_user_0018_s0277"", ""mdgo_v05_fin_user_0018_s0306"", ""mdgo_v05_fin_user_0018_s0130"", ""mdgo_v05_fin_user_0018_s0293"", ""mdgo_v05_fin_user_0018_s0258"", ""mdgo_v05_fin_user_0018_s0185"", ""mdgo_v05_fin_user_0018_s0223"", ""mdgo_v05_fin_user_0018_s0261"", ""mdgo_v05_fin_user_0018_s0287""]"
mdgo_v05_fin_user_0018,finance,finance_minimal_pii_secure_verification,privacy_consent,"finance support requires identity, card, account, SSN-like, PIN, or one-time-code verification",authenticated_app_callback,authenticated app callback,start a verified callback from the authenticated app,False,,,3,0,0,1,1,4,0,"[""mdgo_v05_fin_user_0018_s0086"", ""mdgo_v05_fin_user_0018_s0162"", ""mdgo_v05_fin_user_0018_s0233"", ""mdgo_v05_fin_user_0018_s0121"", ""mdgo_v05_fin_user_0018_s0197"", ""mdgo_v05_fin_user_0018_s0108"", ""mdgo_v05_fin_user_0018_s0143"", ""mdgo_v05_fin_user_0018_s0178"", ""mdgo_v05_fin_user_0018_s0258""]"
mdgo_v05_fin_user_0018,finance,finance_balance_statement_summary_first,format_style,"the user asks for a balance, statement, or transaction review",headline_then_evidence,headline then evidence,lead with the account-level finding and then list supporting entries,False,,,5,0,0,1,1,1,0,"[""mdgo_v05_fin_user_0018_s0026"", ""mdgo_v05_fin_user_0018_s0090"", ""mdgo_v05_fin_user_0018_s0166"", ""mdgo_v05_fin_user_0018_s0237"", ""mdgo_v05_fin_user_0018_s0281"", ""mdgo_v05_fin_user_0018_s0125"", ""mdgo_v05_fin_user_0018_s0201"", ""mdgo_v05_fin_user_0018_s0258""]"
mdgo_v05_fin_user_0018,finance,finance_credit_loan_cautious_no_commitment,risk_threshold,"the user asks about loan, mortgage, credit-limit, or credit eligibility decisions",side_by_side_scenarios,side-by-side scenarios,compare several financing scenarios and leave the decision unsubmitted,False,,,2,0,0,0,0,1,4,"[""mdgo_v05_fin_user_0018_s0023"", ""mdgo_v05_fin_user_0018_s0278"", ""mdgo_v05_fin_user_0018_s0178"", ""mdgo_v05_fin_user_0018_s0185"", ""mdgo_v05_fin_user_0018_s0223"", ""mdgo_v05_fin_user_0018_s0261"", ""mdgo_v05_fin_user_0018_s0287""]"
mdgo_v05_fin_user_0018,finance,finance_confirm_card_account_changes,risk_threshold,"a card or account setting would be blocked, replaced, opened, closed, or edited",secure_change_preview,secure in-app change preview,create a secure in-app change preview and require device approval,True,change_checklist_callback,change checklist plus verified callback,0,2,4,1,1,1,1,"[""mdgo_v05_fin_user_0018_s0021"", ""mdgo_v05_fin_user_0018_s0056"", ""mdgo_v05_fin_user_0018_s0212"", ""mdgo_v05_fin_user_0018_s0241"", ""mdgo_v05_fin_user_0018_s0276"", ""mdgo_v05_fin_user_0018_s0305"", ""mdgo_v05_fin_user_0018_s0129"", ""mdgo_v05_fin_user_0018_s0292"", ""mdgo_v05_fin_user_0018_s0143"", ""mdgo_v05_fin_user_0018_s0287""]"
mdgo_v05_fin_user_0018,finance,finance_fraud_lost_card_urgent_escalation,tool_action,"the user reports a lost or stolen card, suspected fraud, or an unauthorized transaction",temporary_freeze_review,temporary freeze and secure review,"place a temporary freeze, perform a secure review, then decide replacement",False,,,5,0,0,1,1,1,0,"[""mdgo_v05_fin_user_0018_s0028"", ""mdgo_v05_fin_user_0018_s0092"", ""mdgo_v05_fin_user_0018_s0168"", ""mdgo_v05_fin_user_0018_s0239"", ""mdgo_v05_fin_user_0018_s0283"", ""mdgo_v05_fin_user_0018_s0127"", ""mdgo_v05_fin_user_0018_s0203"", ""mdgo_v05_fin_user_0018_s0108""]"
mdgo_v05_fin_user_0019,finance,finance_fraud_lost_card_urgent_escalation,tool_action,"the user reports a lost or stolen card, suspected fraud, or an unauthorized transaction",card_controls_timeline,card controls plus incident timeline,activate card controls and send a concise incident timeline to fraud support,True,verify_incident_then_lock,verify incident details then lock,0,2,4,1,1,2,0,"[""mdgo_v05_fin_user_0019_s0020"", ""mdgo_v05_fin_user_0019_s0055"", ""mdgo_v05_fin_user_0019_s0211"", ""mdgo_v05_fin_user_0019_s0240"", ""mdgo_v05_fin_user_0019_s0275"", ""mdgo_v05_fin_user_0019_s0304"", ""mdgo_v05_fin_user_0019_s0128"", ""mdgo_v05_fin_user_0019_s0291"", ""mdgo_v05_fin_user_0019_s0108"", ""mdgo_v05_fin_user_0019_s0258""]"
mdgo_v05_fin_user_0019,finance,finance_fee_dispute_evidence_then_case,risk_threshold,the user wants to dispute a charge or fee or open a transaction case,unsubmitted_case_draft,unsubmitted case draft,prepare an unsubmitted dispute draft and request approval on the draft,False,,,5,0,0,1,1,3,3,"[""mdgo_v05_fin_user_0019_s0027"", ""mdgo_v05_fin_user_0019_s0091"", ""mdgo_v05_fin_user_0019_s0167"", ""mdgo_v05_fin_user_0019_s0238"", ""mdgo_v05_fin_user_0019_s0282"", ""mdgo_v05_fin_user_0019_s0126"", ""mdgo_v05_fin_user_0019_s0202"", ""mdgo_v05_fin_user_0019_s0178"", ""mdgo_v05_fin_user_0019_s0248"", ""mdgo_v05_fin_user_0019_s0258"", ""mdgo_v05_fin_user_0019_s0185"", ""mdgo_v05_fin_user_0019_s0223"", ""mdgo_v05_fin_user_0019_s0261""]"
mdgo_v05_fin_user_0019,finance,finance_payment_status_latest_check,tool_action,"the answer depends on the current status of a payment, transfer, balance, due date, or posting state",ledger_notification_crosscheck,ledger and notification cross-check,cross-check the official ledger with account notifications,False,,,5,0,0,1,1,3,1,"[""mdgo_v05_fin_user_0019_s0026"", ""mdgo_v05_fin_user_0019_s0090"", ""mdgo_v05_fin_user_0019_s0166"", ""mdgo_v05_fin_user_0019_s0237"", ""mdgo_v05_fin_user_0019_s0281"", ""mdgo_v05_fin_user_0019_s0125"", ""mdgo_v05_fin_user_0019_s0201"", ""mdgo_v05_fin_user_0019_s0213"", ""mdgo_v05_fin_user_0019_s0248"", ""mdgo_v05_fin_user_0019_s0258"", ""mdgo_v05_fin_user_0019_s0287""]"
mdgo_v05_fin_user_0019,finance,finance_confirm_card_account_changes,risk_threshold,"a card or account setting would be blocked, replaced, opened, closed, or edited",change_checklist_callback,change checklist plus verified callback,complete a change-impact checklist and confirm through an authenticated callback,True,before_after_comparison,before-and-after comparison,0,0,0,0,0,1,4,"[""mdgo_v05_fin_user_0019_s0143"", ""mdgo_v05_fin_user_0019_s0185"", ""mdgo_v05_fin_user_0019_s0223"", ""mdgo_v05_fin_user_0019_s0261"", ""mdgo_v05_fin_user_0019_s0287""]"
mdgo_v05_fin_user_0019,finance,finance_balance_statement_summary_first,format_style,"the user asks for a balance, statement, or transaction review",exceptions_first_table,exceptions-first table,show unusual entries first in a compact table and close with the overall finding,False,,,5,0,0,1,1,1,1,"[""mdgo_v05_fin_user_0019_s0028"", ""mdgo_v05_fin_user_0019_s0092"", ""mdgo_v05_fin_user_0019_s0168"", ""mdgo_v05_fin_user_0019_s0239"", ""mdgo_v05_fin_user_0019_s0283"", ""mdgo_v05_fin_user_0019_s0127"", ""mdgo_v05_fin_user_0019_s0203"", ""mdgo_v05_fin_user_0019_s0213"", ""mdgo_v05_fin_user_0019_s0287""]"
mdgo_v05_fin_user_0019,finance,finance_minimal_pii_secure_verification,privacy_consent,"finance support requires identity, card, account, SSN-like, PIN, or one-time-code verification",device_passkey_approval,device or passkey approval,use a device or passkey approval with minimal fallback information,False,,,5,0,0,1,1,3,0,"[""mdgo_v05_fin_user_0019_s0024"", ""mdgo_v05_fin_user_0019_s0088"", ""mdgo_v05_fin_user_0019_s0164"", ""mdgo_v05_fin_user_0019_s0235"", ""mdgo_v05_fin_user_0019_s0279"", ""mdgo_v05_fin_user_0019_s0123"", ""mdgo_v05_fin_user_0019_s0199"", ""mdgo_v05_fin_user_0019_s0108"", ""mdgo_v05_fin_user_0019_s0143"", ""mdgo_v05_fin_user_0019_s0178""]"
mdgo_v05_fin_user_0020,finance,finance_credit_loan_cautious_no_commitment,risk_threshold,"the user asks about loan, mortgage, credit-limit, or credit eligibility decisions",requirements_and_ranges,requirements and scenario ranges,explain requirements and scenario ranges without predicting approval,False,,,5,0,0,1,1,2,4,"[""mdgo_v05_fin_user_0020_s0022"", ""mdgo_v05_fin_user_0020_s0086"", ""mdgo_v05_fin_user_0020_s0162"", ""mdgo_v05_fin_user_0020_s0233"", ""mdgo_v05_fin_user_0020_s0277"", ""mdgo_v05_fin_user_0020_s0121"", ""mdgo_v05_fin_user_0020_s0197"", ""mdgo_v05_fin_user_0020_s0178"", ""mdgo_v05_fin_user_0020_s0258"", ""mdgo_v05_fin_user_0020_s0185"", ""mdgo_v05_fin_user_0020_s0223"", ""mdgo_v05_fin_user_0020_s0261"", ""mdgo_v05_fin_user_0020_s0287""]"
mdgo_v05_fin_user_0020,finance,finance_confirm_money_movement,risk_threshold,"a transfer, bill payment, scheduled payment, or other money movement would be submitted",itemized_final_yes,itemized readback then one final yes,"read back amount, source, destination or payee, and timing, then wait for one final yes",True,secure_preview_confirmation,secure preview confirmation,0,2,4,1,1,2,4,"[""mdgo_v05_fin_user_0020_s0018"", ""mdgo_v05_fin_user_0020_s0053"", ""mdgo_v05_fin_user_0020_s0209"", ""mdgo_v05_fin_user_0020_s0238"", ""mdgo_v05_fin_user_0020_s0273"", ""mdgo_v05_fin_user_0020_s0302"", ""mdgo_v05_fin_user_0020_s0126"", ""mdgo_v05_fin_user_0020_s0289"", ""mdgo_v05_fin_user_0020_s0108"", ""mdgo_v05_fin_user_0020_s0258"", ""mdgo_v05_fin_user_0020_s0185"", ""mdgo_v05_fin_user_0020_s0223"", ""mdgo_v05_fin_user_0020_s0261"", ""mdgo_v05_fin_user_0020_s0287""]"
mdgo_v05_fin_user_0020,finance,finance_minimal_pii_secure_verification,privacy_consent,"finance support requires identity, card, account, SSN-like, PIN, or one-time-code verification",secure_message_center,secure message-center verification,move verification to the secure message center and use only masked identifiers in chat,False,,,5,0,0,1,1,3,0,"[""mdgo_v05_fin_user_0020_s0024"", ""mdgo_v05_fin_user_0020_s0088"", ""mdgo_v05_fin_user_0020_s0164"", ""mdgo_v05_fin_user_0020_s0235"", ""mdgo_v05_fin_user_0020_s0279"", ""mdgo_v05_fin_user_0020_s0123"", ""mdgo_v05_fin_user_0020_s0199"", ""mdgo_v05_fin_user_0020_s0143"", ""mdgo_v05_fin_user_0020_s0178"", ""mdgo_v05_fin_user_0020_s0258""]"
mdgo_v05_fin_user_0020,finance,finance_balance_statement_summary_first,format_style,"the user asks for a balance, statement, or transaction review",chronological_timeline,chronological review timeline,present a chronological transaction timeline followed by the conclusion,False,,,5,0,0,1,1,1,0,"[""mdgo_v05_fin_user_0020_s0028"", ""mdgo_v05_fin_user_0020_s0092"", ""mdgo_v05_fin_user_0020_s0168"", ""mdgo_v05_fin_user_0020_s0239"", ""mdgo_v05_fin_user_0020_s0283"", ""mdgo_v05_fin_user_0020_s0127"", ""mdgo_v05_fin_user_0020_s0203"", ""mdgo_v05_fin_user_0020_s0213""]"
mdgo_v05_fin_user_0020,finance,finance_payment_status_latest_check,tool_action,"the answer depends on the current status of a payment, transfer, balance, due date, or posting state",processing_timeline_refresh,processing timeline plus refresh point,show the current processing stage and the next refresh checkpoint,False,,,0,0,0,0,0,2,0,"[""mdgo_v05_fin_user_0020_s0108"", ""mdgo_v05_fin_user_0020_s0213""]"
mdgo_v05_fin_user_0020,finance,finance_confirm_card_account_changes,risk_threshold,"a card or account setting would be blocked, replaced, opened, closed, or edited",precise_change_readback,precise change readback,"restate the exact setting and consequence, then obtain one final approval",True,secure_change_preview,secure in-app change preview,0,0,0,0,0,1,1,"[""mdgo_v05_fin_user_0020_s0143"", ""mdgo_v05_fin_user_0020_s0287""]"
mdgo_v05_fin_user_0021,finance,finance_confirm_card_account_changes,risk_threshold,"a card or account setting would be blocked, replaced, opened, closed, or edited",before_after_comparison,before-and-after comparison,show a before-and-after comparison and wait for approval,False,,,5,0,0,1,1,2,3,"[""mdgo_v05_fin_user_0021_s0023"", ""mdgo_v05_fin_user_0021_s0087"", ""mdgo_v05_fin_user_0021_s0163"", ""mdgo_v05_fin_user_0021_s0234"", ""mdgo_v05_fin_user_0021_s0278"", ""mdgo_v05_fin_user_0021_s0122"", ""mdgo_v05_fin_user_0021_s0198"", ""mdgo_v05_fin_user_0021_s0143"", ""mdgo_v05_fin_user_0021_s0258"", ""mdgo_v05_fin_user_0021_s0185"", ""mdgo_v05_fin_user_0021_s0223"", ""mdgo_v05_fin_user_0021_s0261""]"
mdgo_v05_fin_user_0021,finance,finance_fraud_lost_card_urgent_escalation,tool_action,"the user reports a lost or stolen card, suspected fraud, or an unauthorized transaction",lock_then_fraud_team,immediate lock then fraud team,lock the affected card immediately and route the incident to the fraud team,False,,,0,0,0,0,0,2,1,"[""mdgo_v05_fin_user_0021_s0108"", ""mdgo_v05_fin_user_0021_s0258"", ""mdgo_v05_fin_user_0021_s0287""]"
mdgo_v05_fin_user_0021,finance,finance_fee_dispute_evidence_then_case,risk_threshold,the user wants to dispute a charge or fee or open a transaction case,merchant_reconciliation_first,merchant reconciliation first,reconcile the merchant record first and file only if the mismatch remains,True,unsubmitted_case_draft,unsubmitted case draft,0,2,4,1,1,3,4,"[""mdgo_v05_fin_user_0021_s0020"", ""mdgo_v05_fin_user_0021_s0055"", ""mdgo_v05_fin_user_0021_s0211"", ""mdgo_v05_fin_user_0021_s0240"", ""mdgo_v05_fin_user_0021_s0275"", ""mdgo_v05_fin_user_0021_s0304"", ""mdgo_v05_fin_user_0021_s0128"", ""mdgo_v05_fin_user_0021_s0291"", ""mdgo_v05_fin_user_0021_s0178"", ""mdgo_v05_fin_user_0021_s0248"", ""mdgo_v05_fin_user_0021_s0258"", ""mdgo_v05_fin_user_0021_s0185"", ""mdgo_v05_fin_user_0021_s0223"", ""mdgo_v05_fin_user_0021_s0261"", ""mdgo_v05_fin_user_0021_s0287""]"
mdgo_v05_fin_user_0021,finance,finance_payment_status_latest_check,tool_action,"the answer depends on the current status of a payment, transfer, balance, due date, or posting state",live_lookup_timestamp,live lookup with timestamp,check the live account state and label it with an as-of time,False,,,5,0,0,1,1,2,1,"[""mdgo_v05_fin_user_0021_s0022"", ""mdgo_v05_fin_user_0021_s0086"", ""mdgo_v05_fin_user_0021_s0162"", ""mdgo_v05_fin_user_0021_s0233"", ""mdgo_v05_fin_user_0021_s0277"", ""mdgo_v05_fin_user_0021_s0121"", ""mdgo_v05_fin_user_0021_s0197"", ""mdgo_v05_fin_user_0021_s0213"", ""mdgo_v05_fin_user_0021_s0248"", ""mdgo_v05_fin_user_0021_s0287""]"
mdgo_v05_fin_user_0021,finance,finance_minimal_pii_secure_verification,privacy_consent,"finance support requires identity, card, account, SSN-like, PIN, or one-time-code verification",minimal_secure_panel,minimal secure panel,request only minimum fields in an in-app secure panel,False,,,5,0,0,1,1,3,0,"[""mdgo_v05_fin_user_0021_s0024"", ""mdgo_v05_fin_user_0021_s0088"", ""mdgo_v05_fin_user_0021_s0164"", ""mdgo_v05_fin_user_0021_s0235"", ""mdgo_v05_fin_user_0021_s0279"", ""mdgo_v05_fin_user_0021_s0123"", ""mdgo_v05_fin_user_0021_s0199"", ""mdgo_v05_fin_user_0021_s0108"", ""mdgo_v05_fin_user_0021_s0143"", ""mdgo_v05_fin_user_0021_s0178""]"
mdgo_v05_fin_user_0021,finance,finance_balance_statement_summary_first,format_style,"the user asks for a balance, statement, or transaction review",merchant_category_rollup,merchant and category rollup,group relevant entries by merchant or category and connect each group to the conclusion,True,chronological_timeline,chronological review timeline,0,2,4,1,1,1,0,"[""mdgo_v05_fin_user_0021_s0018"", ""mdgo_v05_fin_user_0021_s0053"", ""mdgo_v05_fin_user_0021_s0209"", ""mdgo_v05_fin_user_0021_s0238"", ""mdgo_v05_fin_user_0021_s0273"", ""mdgo_v05_fin_user_0021_s0302"", ""mdgo_v05_fin_user_0021_s0126"", ""mdgo_v05_fin_user_0021_s0289"", ""mdgo_v05_fin_user_0021_s0213""]"
mdgo_v05_fin_user_0022,finance,finance_balance_statement_summary_first,format_style,"the user asks for a balance, statement, or transaction review",headline_then_evidence,headline then evidence,lead with the account-level finding and then list supporting entries,False,,,5,0,0,1,1,2,0,"[""mdgo_v05_fin_user_0022_s0024"", ""mdgo_v05_fin_user_0022_s0088"", ""mdgo_v05_fin_user_0022_s0164"", ""mdgo_v05_fin_user_0022_s0235"", ""mdgo_v05_fin_user_0022_s0279"", ""mdgo_v05_fin_user_0022_s0123"", ""mdgo_v05_fin_user_0022_s0199"", ""mdgo_v05_fin_user_0022_s0213"", ""mdgo_v05_fin_user_0022_s0258""]"
mdgo_v05_fin_user_0022,finance,finance_credit_loan_cautious_no_commitment,risk_threshold,"the user asks about loan, mortgage, credit-limit, or credit eligibility decisions",budget_stress_test,budget stress test first,run a budget stress test and list documentation without submitting,True,lender_question_checklist,lender-question checklist,0,2,4,1,1,2,1,"[""mdgo_v05_fin_user_0022_s0020"", ""mdgo_v05_fin_user_0022_s0055"", ""mdgo_v05_fin_user_0022_s0211"", ""mdgo_v05_fin_user_0022_s0240"", ""mdgo_v05_fin_user_0022_s0275"", ""mdgo_v05_fin_user_0022_s0304"", ""mdgo_v05_fin_user_0022_s0128"", ""mdgo_v05_fin_user_0022_s0291"", ""mdgo_v05_fin_user_0022_s0178"", ""mdgo_v05_fin_user_0022_s0258"", ""mdgo_v05_fin_user_0022_s0287""]"
mdgo_v05_fin_user_0022,finance,finance_confirm_money_movement,risk_threshold,"a transfer, bill payment, scheduled payment, or other money movement would be submitted",draft_transaction_card,unsubmitted transaction card,prepare an unsubmitted transaction card and use its single approval control,False,,,5,0,0,1,1,2,4,"[""mdgo_v05_fin_user_0022_s0028"", ""mdgo_v05_fin_user_0022_s0092"", ""mdgo_v05_fin_user_0022_s0168"", ""mdgo_v05_fin_user_0022_s0239"", ""mdgo_v05_fin_user_0022_s0283"", ""mdgo_v05_fin_user_0022_s0127"", ""mdgo_v05_fin_user_0022_s0203"", ""mdgo_v05_fin_user_0022_s0108"", ""mdgo_v05_fin_user_0022_s0258"", ""mdgo_v05_fin_user_0022_s0185"", ""mdgo_v05_fin_user_0022_s0223"", ""mdgo_v05_fin_user_0022_s0261"", ""mdgo_v05_fin_user_0022_s0287""]"
mdgo_v05_fin_user_0022,finance,finance_minimal_pii_secure_verification,privacy_consent,"finance support requires identity, card, account, SSN-like, PIN, or one-time-code verification",authenticated_app_callback,authenticated app callback,start a verified callback from the authenticated app,False,,,5,0,0,1,1,2,0,"[""mdgo_v05_fin_user_0022_s0025"", ""mdgo_v05_fin_user_0022_s0089"", ""mdgo_v05_fin_user_0022_s0165"", ""mdgo_v05_fin_user_0022_s0236"", ""mdgo_v05_fin_user_0022_s0280"", ""mdgo_v05_fin_user_0022_s0124"", ""mdgo_v05_fin_user_0022_s0200"", ""mdgo_v05_fin_user_0022_s0143"", ""mdgo_v05_fin_user_0022_s0178""]"
mdgo_v05_fin_user_0022,finance,finance_fee_dispute_evidence_then_case,risk_threshold,the user wants to dispute a charge or fee or open a transaction case,charge_timeline_threshold,charge timeline and escalation threshold,build a charge timeline and use an agreed threshold before opening a case,False,,,0,0,0,0,0,2,4,"[""mdgo_v05_fin_user_0022_s0143"", ""mdgo_v05_fin_user_0022_s0248"", ""mdgo_v05_fin_user_0022_s0185"", ""mdgo_v05_fin_user_0022_s0223"", ""mdgo_v05_fin_user_0022_s0261"", ""mdgo_v05_fin_user_0022_s0287""]"
mdgo_v05_fin_user_0022,finance,finance_payment_status_latest_check,tool_action,"the answer depends on the current status of a payment, transfer, balance, due date, or posting state",secure_status_page,secure status-page interpretation,use the secure status page and explain the current state with a timestamp,True,ledger_notification_crosscheck,ledger and notification cross-check,0,1,4,1,1,3,0,"[""mdgo_v05_fin_user_0022_s0017"", ""mdgo_v05_fin_user_0022_s0208"", ""mdgo_v05_fin_user_0022_s0237"", ""mdgo_v05_fin_user_0022_s0272"", ""mdgo_v05_fin_user_0022_s0301"", ""mdgo_v05_fin_user_0022_s0125"", ""mdgo_v05_fin_user_0022_s0288"", ""mdgo_v05_fin_user_0022_s0108"", ""mdgo_v05_fin_user_0022_s0213"", ""mdgo_v05_fin_user_0022_s0248""]"
mdgo_v05_fin_user_0023,finance,finance_payment_status_latest_check,tool_action,"the answer depends on the current status of a payment, transfer, balance, due date, or posting state",ledger_notification_crosscheck,ledger and notification cross-check,cross-check the official ledger with account notifications,False,,,5,0,0,1,1,3,0,"[""mdgo_v05_fin_user_0023_s0024"", ""mdgo_v05_fin_user_0023_s0088"", ""mdgo_v05_fin_user_0023_s0164"", ""mdgo_v05_fin_user_0023_s0235"", ""mdgo_v05_fin_user_0023_s0279"", ""mdgo_v05_fin_user_0023_s0123"", ""mdgo_v05_fin_user_0023_s0199"", ""mdgo_v05_fin_user_0023_s0108"", ""mdgo_v05_fin_user_0023_s0248"", ""mdgo_v05_fin_user_0023_s0258""]"
mdgo_v05_fin_user_0023,finance,finance_confirm_card_account_changes,risk_threshold,"a card or account setting would be blocked, replaced, opened, closed, or edited",secure_change_preview,secure in-app change preview,create a secure in-app change preview and require device approval,True,precise_change_readback,precise change readback,0,1,4,1,1,2,4,"[""mdgo_v05_fin_user_0023_s0017"", ""mdgo_v05_fin_user_0023_s0208"", ""mdgo_v05_fin_user_0023_s0237"", ""mdgo_v05_fin_user_0023_s0272"", ""mdgo_v05_fin_user_0023_s0301"", ""mdgo_v05_fin_user_0023_s0125"", ""mdgo_v05_fin_user_0023_s0288"", ""mdgo_v05_fin_user_0023_s0178"", ""mdgo_v05_fin_user_0023_s0258"", ""mdgo_v05_fin_user_0023_s0185"", ""mdgo_v05_fin_user_0023_s0223"", ""mdgo_v05_fin_user_0023_s0261"", ""mdgo_v05_fin_user_0023_s0287""]"
mdgo_v05_fin_user_0023,finance,finance_fraud_lost_card_urgent_escalation,tool_action,"the user reports a lost or stolen card, suspected fraud, or an unauthorized transaction",verify_incident_then_lock,verify incident details then lock,"verify the last known legitimate activity, lock the card, and escalate",False,,,5,0,0,1,1,2,0,"[""mdgo_v05_fin_user_0023_s0023"", ""mdgo_v05_fin_user_0023_s0087"", ""mdgo_v05_fin_user_0023_s0163"", ""mdgo_v05_fin_user_0023_s0234"", ""mdgo_v05_fin_user_0023_s0278"", ""mdgo_v05_fin_user_0023_s0122"", ""mdgo_v05_fin_user_0023_s0198"", ""mdgo_v05_fin_user_0023_s0143"", ""mdgo_v05_fin_user_0023_s0258""]"
mdgo_v05_fin_user_0023,finance,finance_fee_dispute_evidence_then_case,risk_threshold,the user wants to dispute a charge or fee or open a transaction case,evidence_pack_then_approval,evidence pack then approval,"assemble the evidence pack, summarize it, and ask before filing",True,charge_timeline_threshold,charge timeline and escalation threshold,0,2,4,1,1,2,1,"[""mdgo_v05_fin_user_0023_s0020"", ""mdgo_v05_fin_user_0023_s0055"", ""mdgo_v05_fin_user_0023_s0211"", ""mdgo_v05_fin_user_0023_s0240"", ""mdgo_v05_fin_user_0023_s0275"", ""mdgo_v05_fin_user_0023_s0304"", ""mdgo_v05_fin_user_0023_s0128"", ""mdgo_v05_fin_user_0023_s0291"", ""mdgo_v05_fin_user_0023_s0213"", ""mdgo_v05_fin_user_0023_s0248"", ""mdgo_v05_fin_user_0023_s0287""]"
mdgo_v05_fin_user_0023,finance,finance_confirm_money_movement,risk_threshold,"a transfer, bill payment, scheduled payment, or other money movement would be submitted",two_checkpoint_confirmation,two-checkpoint confirmation,confirm the destination first and the amount and timing second,False,,,5,0,0,1,1,1,4,"[""mdgo_v05_fin_user_0023_s0027"", ""mdgo_v05_fin_user_0023_s0091"", ""mdgo_v05_fin_user_0023_s0167"", ""mdgo_v05_fin_user_0023_s0238"", ""mdgo_v05_fin_user_0023_s0282"", ""mdgo_v05_fin_user_0023_s0126"", ""mdgo_v05_fin_user_0023_s0202"", ""mdgo_v05_fin_user_0023_s0108"", ""mdgo_v05_fin_user_0023_s0185"", ""mdgo_v05_fin_user_0023_s0223"", ""mdgo_v05_fin_user_0023_s0261"", ""mdgo_v05_fin_user_0023_s0287""]"
mdgo_v05_fin_user_0023,finance,finance_minimal_pii_secure_verification,privacy_consent,"finance support requires identity, card, account, SSN-like, PIN, or one-time-code verification",device_passkey_approval,device or passkey approval,use a device or passkey approval with minimal fallback information,False,,,0,0,0,0,0,3,0,"[""mdgo_v05_fin_user_0023_s0143"", ""mdgo_v05_fin_user_0023_s0178"", ""mdgo_v05_fin_user_0023_s0213""]"
mdgo_v05_fin_user_0024,finance,finance_fraud_lost_card_urgent_escalation,tool_action,"the user reports a lost or stolen card, suspected fraud, or an unauthorized transaction",temporary_freeze_review,temporary freeze and secure review,"place a temporary freeze, perform a secure review, then decide replacement",False,,,5,0,0,1,1,2,4,"[""mdgo_v05_fin_user_0024_s0022"", ""mdgo_v05_fin_user_0024_s0086"", ""mdgo_v05_fin_user_0024_s0162"", ""mdgo_v05_fin_user_0024_s0233"", ""mdgo_v05_fin_user_0024_s0277"", ""mdgo_v05_fin_user_0024_s0121"", ""mdgo_v05_fin_user_0024_s0197"", ""mdgo_v05_fin_user_0024_s0108"", ""mdgo_v05_fin_user_0024_s0258"", ""mdgo_v05_fin_user_0024_s0185"", ""mdgo_v05_fin_user_0024_s0223"", ""mdgo_v05_fin_user_0024_s0261"", ""mdgo_v05_fin_user_0024_s0287""]"
mdgo_v05_fin_user_0024,finance,finance_fee_dispute_evidence_then_case,risk_threshold,the user wants to dispute a charge or fee or open a transaction case,unsubmitted_case_draft,unsubmitted case draft,prepare an unsubmitted dispute draft and request approval on the draft,True,merchant_reconciliation_first,merchant reconciliation first,0,1,3,1,1,3,0,"[""mdgo_v05_fin_user_0024_s0057"", ""mdgo_v05_fin_user_0024_s0213"", ""mdgo_v05_fin_user_0024_s0242"", ""mdgo_v05_fin_user_0024_s0306"", ""mdgo_v05_fin_user_0024_s0130"", ""mdgo_v05_fin_user_0024_s0293"", ""mdgo_v05_fin_user_0024_s0178"", ""mdgo_v05_fin_user_0024_s0248"", ""mdgo_v05_fin_user_0024_s0258""]"
mdgo_v05_fin_user_0024,finance,finance_payment_status_latest_check,tool_action,"the answer depends on the current status of a payment, transfer, balance, due date, or posting state",processing_timeline_refresh,processing timeline plus refresh point,show the current processing stage and the next refresh checkpoint,False,,,5,0,0,1,1,2,3,"[""mdgo_v05_fin_user_0024_s0027"", ""mdgo_v05_fin_user_0024_s0091"", ""mdgo_v05_fin_user_0024_s0167"", ""mdgo_v05_fin_user_0024_s0238"", ""mdgo_v05_fin_user_0024_s0282"", ""mdgo_v05_fin_user_0024_s0126"", ""mdgo_v05_fin_user_0024_s0202"", ""mdgo_v05_fin_user_0024_s0248"", ""mdgo_v05_fin_user_0024_s0258"", ""mdgo_v05_fin_user_0024_s0185"", ""mdgo_v05_fin_user_0024_s0223"", ""mdgo_v05_fin_user_0024_s0261""]"
mdgo_v05_fin_user_0024,finance,finance_confirm_card_account_changes,risk_threshold,"a card or account setting would be blocked, replaced, opened, closed, or edited",change_checklist_callback,change checklist plus verified callback,complete a change-impact checklist and confirm through an authenticated callback,True,before_after_comparison,before-and-after comparison,0,2,4,1,1,1,1,"[""mdgo_v05_fin_user_0024_s0019"", ""mdgo_v05_fin_user_0024_s0054"", ""mdgo_v05_fin_user_0024_s0210"", ""mdgo_v05_fin_user_0024_s0239"", ""mdgo_v05_fin_user_0024_s0274"", ""mdgo_v05_fin_user_0024_s0303"", ""mdgo_v05_fin_user_0024_s0127"", ""mdgo_v05_fin_user_0024_s0290"", ""mdgo_v05_fin_user_0024_s0143"", ""mdgo_v05_fin_user_0024_s0287""]"
mdgo_v05_fin_user_0024,finance,finance_balance_statement_summary_first,format_style,"the user asks for a balance, statement, or transaction review",exceptions_first_table,exceptions-first table,show unusual entries first in a compact table and close with the overall finding,False,,,5,0,0,1,1,0,1,"[""mdgo_v05_fin_user_0024_s0026"", ""mdgo_v05_fin_user_0024_s0090"", ""mdgo_v05_fin_user_0024_s0166"", ""mdgo_v05_fin_user_0024_s0237"", ""mdgo_v05_fin_user_0024_s0281"", ""mdgo_v05_fin_user_0024_s0125"", ""mdgo_v05_fin_user_0024_s0201"", ""mdgo_v05_fin_user_0024_s0287""]"
mdgo_v05_fin_user_0024,finance,finance_minimal_pii_secure_verification,privacy_consent,"finance support requires identity, card, account, SSN-like, PIN, or one-time-code verification",secure_message_center,secure message-center verification,move verification to the secure message center and use only masked identifiers in chat,False,,,2,0,0,0,0,3,0,"[""mdgo_v05_fin_user_0024_s0023"", ""mdgo_v05_fin_user_0024_s0278"", ""mdgo_v05_fin_user_0024_s0108"", ""mdgo_v05_fin_user_0024_s0143"", ""mdgo_v05_fin_user_0024_s0178""]"
mdgo_v05_fin_user_0025,finance,finance_credit_loan_cautious_no_commitment,risk_threshold,"the user asks about loan, mortgage, credit-limit, or credit eligibility decisions",lender_question_checklist,lender-question checklist,prepare a lender-question checklist and mark unknowns,True,budget_stress_test,budget stress test first,0,2,4,1,1,2,4,"[""mdgo_v05_fin_user_0025_s0021"", ""mdgo_v05_fin_user_0025_s0056"", ""mdgo_v05_fin_user_0025_s0212"", ""mdgo_v05_fin_user_0025_s0241"", ""mdgo_v05_fin_user_0025_s0276"", ""mdgo_v05_fin_user_0025_s0305"", ""mdgo_v05_fin_user_0025_s0129"", ""mdgo_v05_fin_user_0025_s0292"", ""mdgo_v05_fin_user_0025_s0178"", ""mdgo_v05_fin_user_0025_s0258"", ""mdgo_v05_fin_user_0025_s0185"", ""mdgo_v05_fin_user_0025_s0223"", ""mdgo_v05_fin_user_0025_s0261"", ""mdgo_v05_fin_user_0025_s0287""]"
mdgo_v05_fin_user_0025,finance,finance_confirm_money_movement,risk_threshold,"a transfer, bill payment, scheduled payment, or other money movement would be submitted",secure_preview_confirmation,secure preview confirmation,open a secure preview and require approval inside that preview,False,,,5,0,0,1,1,2,1,"[""mdgo_v05_fin_user_0025_s0023"", ""mdgo_v05_fin_user_0025_s0087"", ""mdgo_v05_fin_user_0025_s0163"", ""mdgo_v05_fin_user_0025_s0234"", ""mdgo_v05_fin_user_0025_s0278"", ""mdgo_v05_fin_user_0025_s0122"", ""mdgo_v05_fin_user_0025_s0198"", ""mdgo_v05_fin_user_0025_s0108"", ""mdgo_v05_fin_user_0025_s0258"", ""mdgo_v05_fin_user_0025_s0287""]"
mdgo_v05_fin_user_0025,finance,finance_minimal_pii_secure_verification,privacy_consent,"finance support requires identity, card, account, SSN-like, PIN, or one-time-code verification",minimal_secure_panel,minimal secure panel,request only minimum fields in an in-app secure panel,False,,,5,0,0,1,1,3,0,"[""mdgo_v05_fin_user_0025_s0027"", ""mdgo_v05_fin_user_0025_s0091"", ""mdgo_v05_fin_user_0025_s0167"", ""mdgo_v05_fin_user_0025_s0238"", ""mdgo_v05_fin_user_0025_s0282"", ""mdgo_v05_fin_user_0025_s0126"", ""mdgo_v05_fin_user_0025_s0202"", ""mdgo_v05_fin_user_0025_s0143"", ""mdgo_v05_fin_user_0025_s0178"", ""mdgo_v05_fin_user_0025_s0258""]"
mdgo_v05_fin_user_0025,finance,finance_balance_statement_summary_first,format_style,"the user asks for a balance, statement, or transaction review",chronological_timeline,chronological review timeline,present a chronological transaction timeline followed by the conclusion,False,,,5,0,0,1,1,1,0,"[""mdgo_v05_fin_user_0025_s0025"", ""mdgo_v05_fin_user_0025_s0089"", ""mdgo_v05_fin_user_0025_s0165"", ""mdgo_v05_fin_user_0025_s0236"", ""mdgo_v05_fin_user_0025_s0280"", ""mdgo_v05_fin_user_0025_s0124"", ""mdgo_v05_fin_user_0025_s0200"", ""mdgo_v05_fin_user_0025_s0213""]"
mdgo_v05_fin_user_0025,finance,finance_payment_status_latest_check,tool_action,"the answer depends on the current status of a payment, transfer, balance, due date, or posting state",live_lookup_timestamp,live lookup with timestamp,check the live account state and label it with an as-of time,True,ledger_notification_crosscheck,ledger and notification cross-check,0,2,4,1,1,2,0,"[""mdgo_v05_fin_user_0025_s0017"", ""mdgo_v05_fin_user_0025_s0052"", ""mdgo_v05_fin_user_0025_s0208"", ""mdgo_v05_fin_user_0025_s0237"", ""mdgo_v05_fin_user_0025_s0272"", ""mdgo_v05_fin_user_0025_s0301"", ""mdgo_v05_fin_user_0025_s0125"", ""mdgo_v05_fin_user_0025_s0288"", ""mdgo_v05_fin_user_0025_s0108"", ""mdgo_v05_fin_user_0025_s0213""]"
mdgo_v05_fin_user_0025,finance,finance_confirm_card_account_changes,risk_threshold,"a card or account setting would be blocked, replaced, opened, closed, or edited",precise_change_readback,precise change readback,"restate the exact setting and consequence, then obtain one final approval",False,,,0,0,0,0,0,1,4,"[""mdgo_v05_fin_user_0025_s0143"", ""mdgo_v05_fin_user_0025_s0185"", ""mdgo_v05_fin_user_0025_s0223"", ""mdgo_v05_fin_user_0025_s0261"", ""mdgo_v05_fin_user_0025_s0287""]"
mdgo_v05_fin_user_0026,finance,finance_confirm_card_account_changes,risk_threshold,"a card or account setting would be blocked, replaced, opened, closed, or edited",before_after_comparison,before-and-after comparison,show a before-and-after comparison and wait for approval,False,,,5,0,0,1,1,2,4,"[""mdgo_v05_fin_user_0026_s0025"", ""mdgo_v05_fin_user_0026_s0089"", ""mdgo_v05_fin_user_0026_s0165"", ""mdgo_v05_fin_user_0026_s0236"", ""mdgo_v05_fin_user_0026_s0280"", ""mdgo_v05_fin_user_0026_s0124"", ""mdgo_v05_fin_user_0026_s0200"", ""mdgo_v05_fin_user_0026_s0143"", ""mdgo_v05_fin_user_0026_s0258"", ""mdgo_v05_fin_user_0026_s0185"", ""mdgo_v05_fin_user_0026_s0223"", ""mdgo_v05_fin_user_0026_s0261"", ""mdgo_v05_fin_user_0026_s0287""]"
mdgo_v05_fin_user_0026,finance,finance_fraud_lost_card_urgent_escalation,tool_action,"the user reports a lost or stolen card, suspected fraud, or an unauthorized transaction",card_controls_timeline,card controls plus incident timeline,activate card controls and send a concise incident timeline to fraud support,False,,,5,0,0,1,1,2,1,"[""mdgo_v05_fin_user_0026_s0022"", ""mdgo_v05_fin_user_0026_s0086"", ""mdgo_v05_fin_user_0026_s0162"", ""mdgo_v05_fin_user_0026_s0233"", ""mdgo_v05_fin_user_0026_s0277"", ""mdgo_v05_fin_user_0026_s0121"", ""mdgo_v05_fin_user_0026_s0197"", ""mdgo_v05_fin_user_0026_s0108"", ""mdgo_v05_fin_user_0026_s0258"", ""mdgo_v05_fin_user_0026_s0287""]"
mdgo_v05_fin_user_0026,finance,finance_fee_dispute_evidence_then_case,risk_threshold,the user wants to dispute a charge or fee or open a transaction case,merchant_reconciliation_first,merchant reconciliation first,reconcile the merchant record first and file only if the mismatch remains,True,unsubmitted_case_draft,unsubmitted case draft,0,2,4,1,1,3,4,"[""mdgo_v05_fin_user_0026_s0017"", ""mdgo_v05_fin_user_0026_s0052"", ""mdgo_v05_fin_user_0026_s0208"", ""mdgo_v05_fin_user_0026_s0237"", ""mdgo_v05_fin_user_0026_s0272"", ""mdgo_v05_fin_user_0026_s0301"", ""mdgo_v05_fin_user_0026_s0125"", ""mdgo_v05_fin_user_0026_s0288"", ""mdgo_v05_fin_user_0026_s0178"", ""mdgo_v05_fin_user_0026_s0248"", ""mdgo_v05_fin_user_0026_s0258"", ""mdgo_v05_fin_user_0026_s0185"", ""mdgo_v05_fin_user_0026_s0223"", ""mdgo_v05_fin_user_0026_s0261"", ""mdgo_v05_fin_user_0026_s0287""]"
mdgo_v05_fin_user_0026,finance,finance_payment_status_latest_check,tool_action,"the answer depends on the current status of a payment, transfer, balance, due date, or posting state",secure_status_page,secure status-page interpretation,use the secure status page and explain the current state with a timestamp,False,,,5,0,0,1,1,2,0,"[""mdgo_v05_fin_user_0026_s0028"", ""mdgo_v05_fin_user_0026_s0092"", ""mdgo_v05_fin_user_0026_s0168"", ""mdgo_v05_fin_user_0026_s0239"", ""mdgo_v05_fin_user_0026_s0283"", ""mdgo_v05_fin_user_0026_s0127"", ""mdgo_v05_fin_user_0026_s0203"", ""mdgo_v05_fin_user_0026_s0213"", ""mdgo_v05_fin_user_0026_s0248""]"
mdgo_v05_fin_user_0026,finance,finance_minimal_pii_secure_verification,privacy_consent,"finance support requires identity, card, account, SSN-like, PIN, or one-time-code verification",authenticated_app_callback,authenticated app callback,start a verified callback from the authenticated app,False,,,0,0,0,0,0,3,0,"[""mdgo_v05_fin_user_0026_s0108"", ""mdgo_v05_fin_user_0026_s0143"", ""mdgo_v05_fin_user_0026_s0178""]"
mdgo_v05_fin_user_0026,finance,finance_balance_statement_summary_first,format_style,"the user asks for a balance, statement, or transaction review",merchant_category_rollup,merchant and category rollup,group relevant entries by merchant or category and connect each group to the conclusion,True,exceptions_first_table,exceptions-first table,0,0,0,0,0,1,0,"[""mdgo_v05_fin_user_0026_s0213""]"
mdgo_v05_fin_user_0027,finance,finance_balance_statement_summary_first,format_style,"the user asks for a balance, statement, or transaction review",headline_then_evidence,headline then evidence,lead with the account-level finding and then list supporting entries,True,merchant_category_rollup,merchant and category rollup,0,2,4,1,1,2,0,"[""mdgo_v05_fin_user_0027_s0016"", ""mdgo_v05_fin_user_0027_s0051"", ""mdgo_v05_fin_user_0027_s0207"", ""mdgo_v05_fin_user_0027_s0236"", ""mdgo_v05_fin_user_0027_s0271"", ""mdgo_v05_fin_user_0027_s0300"", ""mdgo_v05_fin_user_0027_s0124"", ""mdgo_v05_fin_user_0027_s0287"", ""mdgo_v05_fin_user_0027_s0213"", ""mdgo_v05_fin_user_0027_s0258""]"
mdgo_v05_fin_user_0027,finance,finance_credit_loan_cautious_no_commitment,risk_threshold,"the user asks about loan, mortgage, credit-limit, or credit eligibility decisions",side_by_side_scenarios,side-by-side scenarios,compare several financing scenarios and leave the decision unsubmitted,False,,,4,0,0,0,1,2,3,"[""mdgo_v05_fin_user_0027_s0025"", ""mdgo_v05_fin_user_0027_s0089"", ""mdgo_v05_fin_user_0027_s0165"", ""mdgo_v05_fin_user_0027_s0280"", ""mdgo_v05_fin_user_0027_s0200"", ""mdgo_v05_fin_user_0027_s0178"", ""mdgo_v05_fin_user_0027_s0258"", ""mdgo_v05_fin_user_0027_s0185"", ""mdgo_v05_fin_user_0027_s0223"", ""mdgo_v05_fin_user_0027_s0261""]"
mdgo_v05_fin_user_0027,finance,finance_confirm_money_movement,risk_threshold,"a transfer, bill payment, scheduled payment, or other money movement would be submitted",itemized_final_yes,itemized readback then one final yes,"read back amount, source, destination or payee, and timing, then wait for one final yes",False,,,5,0,0,1,1,2,3,"[""mdgo_v05_fin_user_0027_s0024"", ""mdgo_v05_fin_user_0027_s0088"", ""mdgo_v05_fin_user_0027_s0164"", ""mdgo_v05_fin_user_0027_s0235"", ""mdgo_v05_fin_user_0027_s0279"", ""mdgo_v05_fin_user_0027_s0123"", ""mdgo_v05_fin_user_0027_s0199"", ""mdgo_v05_fin_user_0027_s0108"", ""mdgo_v05_fin_user_0027_s0258"", ""mdgo_v05_fin_user_0027_s0185"", ""mdgo_v05_fin_user_0027_s0223"", ""mdgo_v05_fin_user_0027_s0261""]"
mdgo_v05_fin_user_0027,finance,finance_minimal_pii_secure_verification,privacy_consent,"finance support requires identity, card, account, SSN-like, PIN, or one-time-code verification",device_passkey_approval,device or passkey approval,use a device or passkey approval with minimal fallback information,False,,,5,0,0,1,1,2,0,"[""mdgo_v05_fin_user_0027_s0028"", ""mdgo_v05_fin_user_0027_s0092"", ""mdgo_v05_fin_user_0027_s0168"", ""mdgo_v05_fin_user_0027_s0239"", ""mdgo_v05_fin_user_0027_s0283"", ""mdgo_v05_fin_user_0027_s0127"", ""mdgo_v05_fin_user_0027_s0203"", ""mdgo_v05_fin_user_0027_s0143"", ""mdgo_v05_fin_user_0027_s0178""]"
mdgo_v05_fin_user_0027,finance,finance_fee_dispute_evidence_then_case,risk_threshold,the user wants to dispute a charge or fee or open a transaction case,charge_timeline_threshold,charge timeline and escalation threshold,build a charge timeline and use an agreed threshold before opening a case,True,evidence_pack_then_approval,evidence pack then approval,0,2,3,0,1,2,0,"[""mdgo_v05_fin_user_0027_s0019"", ""mdgo_v05_fin_user_0027_s0054"", ""mdgo_v05_fin_user_0027_s0210"", ""mdgo_v05_fin_user_0027_s0274"", ""mdgo_v05_fin_user_0027_s0303"", ""mdgo_v05_fin_user_0027_s0290"", ""mdgo_v05_fin_user_0027_s0143"", ""mdgo_v05_fin_user_0027_s0248""]"
mdgo_v05_fin_user_0027,finance,finance_payment_status_latest_check,tool_action,"the answer depends on the current status of a payment, transfer, balance, due date, or posting state",ledger_notification_crosscheck,ledger and notification cross-check,cross-check the official ledger with account notifications,False,,,1,0,0,1,0,3,0,"[""mdgo_v05_fin_user_0027_s0240"", ""mdgo_v05_fin_user_0027_s0128"", ""mdgo_v05_fin_user_0027_s0108"", ""mdgo_v05_fin_user_0027_s0213"", ""mdgo_v05_fin_user_0027_s0248""]"
mdgo_v05_fin_user_0028,finance,finance_payment_status_latest_check,tool_action,"the answer depends on the current status of a payment, transfer, balance, due date, or posting state",processing_timeline_refresh,processing timeline plus refresh point,show the current processing stage and the next refresh checkpoint,False,,,5,0,0,1,1,3,0,"[""mdgo_v05_fin_user_0028_s0028"", ""mdgo_v05_fin_user_0028_s0092"", ""mdgo_v05_fin_user_0028_s0168"", ""mdgo_v05_fin_user_0028_s0239"", ""mdgo_v05_fin_user_0028_s0283"", ""mdgo_v05_fin_user_0028_s0127"", ""mdgo_v05_fin_user_0028_s0203"", ""mdgo_v05_fin_user_0028_s0108"", ""mdgo_v05_fin_user_0028_s0248"", ""mdgo_v05_fin_user_0028_s0258""]"
mdgo_v05_fin_user_0028,finance,finance_confirm_card_account_changes,risk_threshold,"a card or account setting would be blocked, replaced, opened, closed, or edited",secure_change_preview,secure in-app change preview,create a secure in-app change preview and require device approval,False,,,5,0,0,1,1,2,4,"[""mdgo_v05_fin_user_0028_s0023"", ""mdgo_v05_fin_user_0028_s0087"", ""mdgo_v05_fin_user_0028_s0163"", ""mdgo_v05_fin_user_0028_s0234"", ""mdgo_v05_fin_user_0028_s0278"", ""mdgo_v05_fin_user_0028_s0122"", ""mdgo_v05_fin_user_0028_s0198"", ""mdgo_v05_fin_user_0028_s0178"", ""mdgo_v05_fin_user_0028_s0258"", ""mdgo_v05_fin_user_0028_s0185"", ""mdgo_v05_fin_user_0028_s0223"", ""mdgo_v05_fin_user_0028_s0261"", ""mdgo_v05_fin_user_0028_s0287""]"
mdgo_v05_fin_user_0028,finance,finance_fraud_lost_card_urgent_escalation,tool_action,"the user reports a lost or stolen card, suspected fraud, or an unauthorized transaction",lock_then_fraud_team,immediate lock then fraud team,lock the affected card immediately and route the incident to the fraud team,True,verify_incident_then_lock,verify incident details then lock,0,2,4,1,1,2,0,"[""mdgo_v05_fin_user_0028_s0021"", ""mdgo_v05_fin_user_0028_s0056"", ""mdgo_v05_fin_user_0028_s0212"", ""mdgo_v05_fin_user_0028_s0241"", ""mdgo_v05_fin_user_0028_s0276"", ""mdgo_v05_fin_user_0028_s0305"", ""mdgo_v05_fin_user_0028_s0129"", ""mdgo_v05_fin_user_0028_s0292"", ""mdgo_v05_fin_user_0028_s0143"", ""mdgo_v05_fin_user_0028_s0258""]"
mdgo_v05_fin_user_0028,finance,finance_fee_dispute_evidence_then_case,risk_threshold,the user wants to dispute a charge or fee or open a transaction case,evidence_pack_then_approval,evidence pack then approval,"assemble the evidence pack, summarize it, and ask before filing",False,,,5,0,0,1,1,2,1,"[""mdgo_v05_fin_user_0028_s0024"", ""mdgo_v05_fin_user_0028_s0088"", ""mdgo_v05_fin_user_0028_s0164"", ""mdgo_v05_fin_user_0028_s0235"", ""mdgo_v05_fin_user_0028_s0279"", ""mdgo_v05_fin_user_0028_s0123"", ""mdgo_v05_fin_user_0028_s0199"", ""mdgo_v05_fin_user_0028_s0213"", ""mdgo_v05_fin_user_0028_s0248"", ""mdgo_v05_fin_user_0028_s0287""]"
mdgo_v05_fin_user_0028,finance,finance_confirm_money_movement,risk_threshold,"a transfer, bill payment, scheduled payment, or other money movement would be submitted",draft_transaction_card,unsubmitted transaction card,prepare an unsubmitted transaction card and use its single approval control,True,two_checkpoint_confirmation,two-checkpoint confirmation,0,2,3,0,1,1,4,"[""mdgo_v05_fin_user_0028_s0019"", ""mdgo_v05_fin_user_0028_s0054"", ""mdgo_v05_fin_user_0028_s0210"", ""mdgo_v05_fin_user_0028_s0274"", ""mdgo_v05_fin_user_0028_s0303"", ""mdgo_v05_fin_user_0028_s0290"", ""mdgo_v05_fin_user_0028_s0108"", ""mdgo_v05_fin_user_0028_s0185"", ""mdgo_v05_fin_user_0028_s0223"", ""mdgo_v05_fin_user_0028_s0261"", ""mdgo_v05_fin_user_0028_s0287""]"
mdgo_v05_fin_user_0028,finance,finance_minimal_pii_secure_verification,privacy_consent,"finance support requires identity, card, account, SSN-like, PIN, or one-time-code verification",secure_message_center,secure message-center verification,move verification to the secure message center and use only masked identifiers in chat,False,,,5,0,0,1,1,3,0,"[""mdgo_v05_fin_user_0028_s0027"", ""mdgo_v05_fin_user_0028_s0091"", ""mdgo_v05_fin_user_0028_s0167"", ""mdgo_v05_fin_user_0028_s0238"", ""mdgo_v05_fin_user_0028_s0282"", ""mdgo_v05_fin_user_0028_s0126"", ""mdgo_v05_fin_user_0028_s0202"", ""mdgo_v05_fin_user_0028_s0143"", ""mdgo_v05_fin_user_0028_s0178"", ""mdgo_v05_fin_user_0028_s0213""]"
mdgo_v05_fin_user_0029,finance,finance_minimal_pii_secure_verification,privacy_consent,"finance support requires identity, card, account, SSN-like, PIN, or one-time-code verification",minimal_secure_panel,minimal secure panel,request only minimum fields in an in-app secure panel,False,,,5,0,0,1,1,4,0,"[""mdgo_v05_fin_user_0029_s0022"", ""mdgo_v05_fin_user_0029_s0086"", ""mdgo_v05_fin_user_0029_s0162"", ""mdgo_v05_fin_user_0029_s0233"", ""mdgo_v05_fin_user_0029_s0277"", ""mdgo_v05_fin_user_0029_s0121"", ""mdgo_v05_fin_user_0029_s0197"", ""mdgo_v05_fin_user_0029_s0108"", ""mdgo_v05_fin_user_0029_s0143"", ""mdgo_v05_fin_user_0029_s0178"", ""mdgo_v05_fin_user_0029_s0258""]"
mdgo_v05_fin_user_0029,finance,finance_balance_statement_summary_first,format_style,"the user asks for a balance, statement, or transaction review",exceptions_first_table,exceptions-first table,show unusual entries first in a compact table and close with the overall finding,True,merchant_category_rollup,merchant and category rollup,0,1,3,1,1,1,0,"[""mdgo_v05_fin_user_0029_s0057"", ""mdgo_v05_fin_user_0029_s0213"", ""mdgo_v05_fin_user_0029_s0242"", ""mdgo_v05_fin_user_0029_s0306"", ""mdgo_v05_fin_user_0029_s0130"", ""mdgo_v05_fin_user_0029_s0293"", ""mdgo_v05_fin_user_0029_s0258""]"
mdgo_v05_fin_user_0029,finance,finance_credit_loan_cautious_no_commitment,risk_threshold,"the user asks about loan, mortgage, credit-limit, or credit eligibility decisions",requirements_and_ranges,requirements and scenario ranges,explain requirements and scenario ranges without predicting approval,False,,,5,0,0,1,1,2,4,"[""mdgo_v05_fin_user_0029_s0025"", ""mdgo_v05_fin_user_0029_s0089"", ""mdgo_v05_fin_user_0029_s0165"", ""mdgo_v05_fin_user_0029_s0236"", ""mdgo_v05_fin_user_0029_s0280"", ""mdgo_v05_fin_user_0029_s0124"", ""mdgo_v05_fin_user_0029_s0200"", ""mdgo_v05_fin_user_0029_s0178"", ""mdgo_v05_fin_user_0029_s0258"", ""mdgo_v05_fin_user_0029_s0185"", ""mdgo_v05_fin_user_0029_s0223"", ""mdgo_v05_fin_user_0029_s0261"", ""mdgo_v05_fin_user_0029_s0287""]"
mdgo_v05_fin_user_0029,finance,finance_confirm_money_movement,risk_threshold,"a transfer, bill payment, scheduled payment, or other money movement would be submitted",two_checkpoint_confirmation,two-checkpoint confirmation,confirm the destination first and the amount and timing second,False,,,5,0,0,1,1,0,4,"[""mdgo_v05_fin_user_0029_s0023"", ""mdgo_v05_fin_user_0029_s0087"", ""mdgo_v05_fin_user_0029_s0163"", ""mdgo_v05_fin_user_0029_s0234"", ""mdgo_v05_fin_user_0029_s0278"", ""mdgo_v05_fin_user_0029_s0122"", ""mdgo_v05_fin_user_0029_s0198"", ""mdgo_v05_fin_user_0029_s0185"", ""mdgo_v05_fin_user_0029_s0223"", ""mdgo_v05_fin_user_0029_s0261"", ""mdgo_v05_fin_user_0029_s0287""]"
mdgo_v05_fin_user_0029,finance,finance_fraud_lost_card_urgent_escalation,tool_action,"the user reports a lost or stolen card, suspected fraud, or an unauthorized transaction",verify_incident_then_lock,verify incident details then lock,"verify the last known legitimate activity, lock the card, and escalate",True,lock_then_fraud_team,immediate lock then fraud team,0,2,4,1,1,1,0,"[""mdgo_v05_fin_user_0029_s0021"", ""mdgo_v05_fin_user_0029_s0056"", ""mdgo_v05_fin_user_0029_s0212"", ""mdgo_v05_fin_user_0029_s0241"", ""mdgo_v05_fin_user_0029_s0276"", ""mdgo_v05_fin_user_0029_s0305"", ""mdgo_v05_fin_user_0029_s0129"", ""mdgo_v05_fin_user_0029_s0292"", ""mdgo_v05_fin_user_0029_s0108""]"
mdgo_v05_fin_user_0029,finance,finance_fee_dispute_evidence_then_case,risk_threshold,the user wants to dispute a charge or fee or open a transaction case,unsubmitted_case_draft,unsubmitted case draft,prepare an unsubmitted dispute draft and request approval on the draft,False,,,5,0,0,1,1,1,1,"[""mdgo_v05_fin_user_0029_s0024"", ""mdgo_v05_fin_user_0029_s0088"", ""mdgo_v05_fin_user_0029_s0164"", ""mdgo_v05_fin_user_0029_s0235"", ""mdgo_v05_fin_user_0029_s0279"", ""mdgo_v05_fin_user_0029_s0123"", ""mdgo_v05_fin_user_0029_s0199"", ""mdgo_v05_fin_user_0029_s0143"", ""mdgo_v05_fin_user_0029_s0287""]"
mdgo_v05_fin_user_0030,finance,finance_fee_dispute_evidence_then_case,risk_threshold,the user wants to dispute a charge or fee or open a transaction case,merchant_reconciliation_first,merchant reconciliation first,reconcile the merchant record first and file only if the mismatch remains,False,,,5,0,0,1,1,3,1,"[""mdgo_v05_fin_user_0030_s0024"", ""mdgo_v05_fin_user_0030_s0088"", ""mdgo_v05_fin_user_0030_s0164"", ""mdgo_v05_fin_user_0030_s0235"", ""mdgo_v05_fin_user_0030_s0279"", ""mdgo_v05_fin_user_0030_s0123"", ""mdgo_v05_fin_user_0030_s0199"", ""mdgo_v05_fin_user_0030_s0178"", ""mdgo_v05_fin_user_0030_s0248"", ""mdgo_v05_fin_user_0030_s0258"", ""mdgo_v05_fin_user_0030_s0287""]"
mdgo_v05_fin_user_0030,finance,finance_payment_status_latest_check,tool_action,"the answer depends on the current status of a payment, transfer, balance, due date, or posting state",live_lookup_timestamp,live lookup with timestamp,check the live account state and label it with an as-of time,False,,,5,0,0,1,1,2,3,"[""mdgo_v05_fin_user_0030_s0022"", ""mdgo_v05_fin_user_0030_s0086"", ""mdgo_v05_fin_user_0030_s0162"", ""mdgo_v05_fin_user_0030_s0233"", ""mdgo_v05_fin_user_0030_s0277"", ""mdgo_v05_fin_user_0030_s0121"", ""mdgo_v05_fin_user_0030_s0197"", ""mdgo_v05_fin_user_0030_s0248"", ""mdgo_v05_fin_user_0030_s0258"", ""mdgo_v05_fin_user_0030_s0185"", ""mdgo_v05_fin_user_0030_s0223"", ""mdgo_v05_fin_user_0030_s0261""]"
mdgo_v05_fin_user_0030,finance,finance_confirm_card_account_changes,risk_threshold,"a card or account setting would be blocked, replaced, opened, closed, or edited",change_checklist_callback,change checklist plus verified callback,complete a change-impact checklist and confirm through an authenticated callback,True,precise_change_readback,precise change readback,0,1,4,1,1,2,1,"[""mdgo_v05_fin_user_0030_s0018"", ""mdgo_v05_fin_user_0030_s0209"", ""mdgo_v05_fin_user_0030_s0238"", ""mdgo_v05_fin_user_0030_s0273"", ""mdgo_v05_fin_user_0030_s0302"", ""mdgo_v05_fin_user_0030_s0126"", ""mdgo_v05_fin_user_0030_s0289"", ""mdgo_v05_fin_user_0030_s0143"", ""mdgo_v05_fin_user_0030_s0258"", ""mdgo_v05_fin_user_0030_s0287""]"
mdgo_v05_fin_user_0030,finance,finance_fraud_lost_card_urgent_escalation,tool_action,"the user reports a lost or stolen card, suspected fraud, or an unauthorized transaction",temporary_freeze_review,temporary freeze and secure review,"place a temporary freeze, perform a secure review, then decide replacement",False,,,5,0,0,1,1,1,3,"[""mdgo_v05_fin_user_0030_s0025"", ""mdgo_v05_fin_user_0030_s0089"", ""mdgo_v05_fin_user_0030_s0165"", ""mdgo_v05_fin_user_0030_s0236"", ""mdgo_v05_fin_user_0030_s0280"", ""mdgo_v05_fin_user_0030_s0124"", ""mdgo_v05_fin_user_0030_s0200"", ""mdgo_v05_fin_user_0030_s0108"", ""mdgo_v05_fin_user_0030_s0185"", ""mdgo_v05_fin_user_0030_s0223"", ""mdgo_v05_fin_user_0030_s0261""]"
mdgo_v05_fin_user_0030,finance,finance_credit_loan_cautious_no_commitment,risk_threshold,"the user asks about loan, mortgage, credit-limit, or credit eligibility decisions",budget_stress_test,budget stress test first,run a budget stress test and list documentation without submitting,True,side_by_side_scenarios,side-by-side scenarios,0,2,4,1,1,1,1,"[""mdgo_v05_fin_user_0030_s0020"", ""mdgo_v05_fin_user_0030_s0055"", ""mdgo_v05_fin_user_0030_s0211"", ""mdgo_v05_fin_user_0030_s0240"", ""mdgo_v05_fin_user_0030_s0275"", ""mdgo_v05_fin_user_0030_s0304"", ""mdgo_v05_fin_user_0030_s0128"", ""mdgo_v05_fin_user_0030_s0291"", ""mdgo_v05_fin_user_0030_s0213"", ""mdgo_v05_fin_user_0030_s0287""]"
mdgo_v05_fin_user_0030,finance,finance_minimal_pii_secure_verification,privacy_consent,"finance support requires identity, card, account, SSN-like, PIN, or one-time-code verification",authenticated_app_callback,authenticated app callback,start a verified callback from the authenticated app,False,,,5,0,0,1,1,4,0,"[""mdgo_v05_fin_user_0030_s0028"", ""mdgo_v05_fin_user_0030_s0092"", ""mdgo_v05_fin_user_0030_s0168"", ""mdgo_v05_fin_user_0030_s0239"", ""mdgo_v05_fin_user_0030_s0283"", ""mdgo_v05_fin_user_0030_s0127"", ""mdgo_v05_fin_user_0030_s0203"", ""mdgo_v05_fin_user_0030_s0108"", ""mdgo_v05_fin_user_0030_s0143"", ""mdgo_v05_fin_user_0030_s0178"", ""mdgo_v05_fin_user_0030_s0213""]"
mdgo_v05_fin_user_0031,finance,finance_confirm_money_movement,risk_threshold,"a transfer, bill payment, scheduled payment, or other money movement would be submitted",secure_preview_confirmation,secure preview confirmation,open a secure preview and require approval inside that preview,False,,,5,0,0,1,1,1,4,"[""mdgo_v05_fin_user_0031_s0028"", ""mdgo_v05_fin_user_0031_s0092"", ""mdgo_v05_fin_user_0031_s0168"", ""mdgo_v05_fin_user_0031_s0239"", ""mdgo_v05_fin_user_0031_s0283"", ""mdgo_v05_fin_user_0031_s0127"", ""mdgo_v05_fin_user_0031_s0203"", ""mdgo_v05_fin_user_0031_s0258"", ""mdgo_v05_fin_user_0031_s0185"", ""mdgo_v05_fin_user_0031_s0223"", ""mdgo_v05_fin_user_0031_s0261"", ""mdgo_v05_fin_user_0031_s0287""]"
mdgo_v05_fin_user_0031,finance,finance_minimal_pii_secure_verification,privacy_consent,"finance support requires identity, card, account, SSN-like, PIN, or one-time-code verification",device_passkey_approval,device or passkey approval,use a device or passkey approval with minimal fallback information,False,,,5,0,0,1,1,4,0,"[""mdgo_v05_fin_user_0031_s0022"", ""mdgo_v05_fin_user_0031_s0086"", ""mdgo_v05_fin_user_0031_s0162"", ""mdgo_v05_fin_user_0031_s0233"", ""mdgo_v05_fin_user_0031_s0277"", ""mdgo_v05_fin_user_0031_s0121"", ""mdgo_v05_fin_user_0031_s0197"", ""mdgo_v05_fin_user_0031_s0108"", ""mdgo_v05_fin_user_0031_s0143"", ""mdgo_v05_fin_user_0031_s0178"", ""mdgo_v05_fin_user_0031_s0258""]"
mdgo_v05_fin_user_0031,finance,finance_balance_statement_summary_first,format_style,"the user asks for a balance, statement, or transaction review",chronological_timeline,chronological review timeline,present a chronological transaction timeline followed by the conclusion,True,exceptions_first_table,exceptions-first table,0,1,3,1,1,1,0,"[""mdgo_v05_fin_user_0031_s0057"", ""mdgo_v05_fin_user_0031_s0213"", ""mdgo_v05_fin_user_0031_s0242"", ""mdgo_v05_fin_user_0031_s0306"", ""mdgo_v05_fin_user_0031_s0130"", ""mdgo_v05_fin_user_0031_s0293"", ""mdgo_v05_fin_user_0031_s0258""]"
mdgo_v05_fin_user_0031,finance,finance_credit_loan_cautious_no_commitment,risk_threshold,"the user asks about loan, mortgage, credit-limit, or credit eligibility decisions",lender_question_checklist,lender-question checklist,prepare a lender-question checklist and mark unknowns,False,,,5,0,0,1,1,1,4,"[""mdgo_v05_fin_user_0031_s0026"", ""mdgo_v05_fin_user_0031_s0090"", ""mdgo_v05_fin_user_0031_s0166"", ""mdgo_v05_fin_user_0031_s0237"", ""mdgo_v05_fin_user_0031_s0281"", ""mdgo_v05_fin_user_0031_s0125"", ""mdgo_v05_fin_user_0031_s0201"", ""mdgo_v05_fin_user_0031_s0178"", ""mdgo_v05_fin_user_0031_s0185"", ""mdgo_v05_fin_user_0031_s0223"", ""mdgo_v05_fin_user_0031_s0261"", ""mdgo_v05_fin_user_0031_s0287""]"
mdgo_v05_fin_user_0031,finance,finance_confirm_card_account_changes,risk_threshold,"a card or account setting would be blocked, replaced, opened, closed, or edited",precise_change_readback,precise change readback,"restate the exact setting and consequence, then obtain one final approval",False,,,5,0,0,1,1,1,1,"[""mdgo_v05_fin_user_0031_s0027"", ""mdgo_v05_fin_user_0031_s0091"", ""mdgo_v05_fin_user_0031_s0167"", ""mdgo_v05_fin_user_0031_s0238"", ""mdgo_v05_fin_user_0031_s0282"", ""mdgo_v05_fin_user_0031_s0126"", ""mdgo_v05_fin_user_0031_s0202"", ""mdgo_v05_fin_user_0031_s0143"", ""mdgo_v05_fin_user_0031_s0287""]"
mdgo_v05_fin_user_0031,finance,finance_fraud_lost_card_urgent_escalation,tool_action,"the user reports a lost or stolen card, suspected fraud, or an unauthorized transaction",card_controls_timeline,card controls plus incident timeline,activate card controls and send a concise incident timeline to fraud support,True,temporary_freeze_review,temporary freeze and secure review,0,2,3,0,1,1,0,"[""mdgo_v05_fin_user_0031_s0018"", ""mdgo_v05_fin_user_0031_s0053"", ""mdgo_v05_fin_user_0031_s0209"", ""mdgo_v05_fin_user_0031_s0273"", ""mdgo_v05_fin_user_0031_s0302"", ""mdgo_v05_fin_user_0031_s0289"", ""mdgo_v05_fin_user_0031_s0108""]"
mdgo_v05_fin_user_0032,finance,finance_balance_statement_summary_first,format_style,"the user asks for a balance, statement, or transaction review",merchant_category_rollup,merchant and category rollup,group relevant entries by merchant or category and connect each group to the conclusion,True,chronological_timeline,chronological review timeline,0,2,4,1,1,2,0,"[""mdgo_v05_fin_user_0032_s0016"", ""mdgo_v05_fin_user_0032_s0051"", ""mdgo_v05_fin_user_0032_s0207"", ""mdgo_v05_fin_user_0032_s0236"", ""mdgo_v05_fin_user_0032_s0271"", ""mdgo_v05_fin_user_0032_s0300"", ""mdgo_v05_fin_user_0032_s0124"", ""mdgo_v05_fin_user_0032_s0287"", ""mdgo_v05_fin_user_0032_s0213"", ""mdgo_v05_fin_user_0032_s0258""]"
mdgo_v05_fin_user_0032,finance,finance_credit_loan_cautious_no_commitment,risk_threshold,"the user asks about loan, mortgage, credit-limit, or credit eligibility decisions",side_by_side_scenarios,side-by-side scenarios,compare several financing scenarios and leave the decision unsubmitted,False,,,5,0,0,1,1,2,3,"[""mdgo_v05_fin_user_0032_s0023"", ""mdgo_v05_fin_user_0032_s0087"", ""mdgo_v05_fin_user_0032_s0163"", ""mdgo_v05_fin_user_0032_s0234"", ""mdgo_v05_fin_user_0032_s0278"", ""mdgo_v05_fin_user_0032_s0122"", ""mdgo_v05_fin_user_0032_s0198"", ""mdgo_v05_fin_user_0032_s0178"", ""mdgo_v05_fin_user_0032_s0258"", ""mdgo_v05_fin_user_0032_s0185"", ""mdgo_v05_fin_user_0032_s0223"", ""mdgo_v05_fin_user_0032_s0261""]"
mdgo_v05_fin_user_0032,finance,finance_confirm_money_movement,risk_threshold,"a transfer, bill payment, scheduled payment, or other money movement would be submitted",itemized_final_yes,itemized readback then one final yes,"read back amount, source, destination or payee, and timing, then wait for one final yes",False,,,5,0,0,1,1,2,0,"[""mdgo_v05_fin_user_0032_s0026"", ""mdgo_v05_fin_user_0032_s0090"", ""mdgo_v05_fin_user_0032_s0166"", ""mdgo_v05_fin_user_0032_s0237"", ""mdgo_v05_fin_user_0032_s0281"", ""mdgo_v05_fin_user_0032_s0125"", ""mdgo_v05_fin_user_0032_s0201"", ""mdgo_v05_fin_user_0032_s0108"", ""mdgo_v05_fin_user_0032_s0258""]"
mdgo_v05_fin_user_0032,finance,finance_minimal_pii_secure_verification,privacy_consent,"finance support requires identity, card, account, SSN-like, PIN, or one-time-code verification",secure_message_center,secure message-center verification,move verification to the secure message center and use only masked identifiers in chat,False,,,5,0,0,1,1,2,0,"[""mdgo_v05_fin_user_0032_s0022"", ""mdgo_v05_fin_user_0032_s0086"", ""mdgo_v05_fin_user_0032_s0162"", ""mdgo_v05_fin_user_0032_s0233"", ""mdgo_v05_fin_user_0032_s0277"", ""mdgo_v05_fin_user_0032_s0121"", ""mdgo_v05_fin_user_0032_s0197"", ""mdgo_v05_fin_user_0032_s0143"", ""mdgo_v05_fin_user_0032_s0178""]"
mdgo_v05_fin_user_0032,finance,finance_fee_dispute_evidence_then_case,risk_threshold,the user wants to dispute a charge or fee or open a transaction case,charge_timeline_threshold,charge timeline and escalation threshold,build a charge timeline and use an agreed threshold before opening a case,True,evidence_pack_then_approval,evidence pack then approval,0,2,4,1,1,2,3,"[""mdgo_v05_fin_user_0032_s0021"", ""mdgo_v05_fin_user_0032_s0056"", ""mdgo_v05_fin_user_0032_s0212"", ""mdgo_v05_fin_user_0032_s0241"", ""mdgo_v05_fin_user_0032_s0276"", ""mdgo_v05_fin_user_0032_s0305"", ""mdgo_v05_fin_user_0032_s0129"", ""mdgo_v05_fin_user_0032_s0292"", ""mdgo_v05_fin_user_0032_s0143"", ""mdgo_v05_fin_user_0032_s0248"", ""mdgo_v05_fin_user_0032_s0185"", ""mdgo_v05_fin_user_0032_s0223"", ""mdgo_v05_fin_user_0032_s0261""]"
mdgo_v05_fin_user_0032,finance,finance_payment_status_latest_check,tool_action,"the answer depends on the current status of a payment, transfer, balance, due date, or posting state",secure_status_page,secure status-page interpretation,use the secure status page and explain the current state with a timestamp,False,,,0,0,0,0,0,3,0,"[""mdgo_v05_fin_user_0032_s0108"", ""mdgo_v05_fin_user_0032_s0213"", ""mdgo_v05_fin_user_0032_s0248""]"
mdgo_v05_fin_user_0033,finance,finance_payment_status_latest_check,tool_action,"the answer depends on the current status of a payment, transfer, balance, due date, or posting state",ledger_notification_crosscheck,ledger and notification cross-check,cross-check the official ledger with account notifications,True,secure_status_page,secure status-page interpretation,0,2,4,1,1,3,0,"[""mdgo_v05_fin_user_0033_s0017"", ""mdgo_v05_fin_user_0033_s0052"", ""mdgo_v05_fin_user_0033_s0208"", ""mdgo_v05_fin_user_0033_s0237"", ""mdgo_v05_fin_user_0033_s0272"", ""mdgo_v05_fin_user_0033_s0301"", ""mdgo_v05_fin_user_0033_s0125"", ""mdgo_v05_fin_user_0033_s0288"", ""mdgo_v05_fin_user_0033_s0108"", ""mdgo_v05_fin_user_0033_s0248"", ""mdgo_v05_fin_user_0033_s0258""]"
mdgo_v05_fin_user_0033,finance,finance_confirm_card_account_changes,risk_threshold,"a card or account setting would be blocked, replaced, opened, closed, or edited",before_after_comparison,before-and-after comparison,show a before-and-after comparison and wait for approval,False,,,5,0,0,1,1,2,4,"[""mdgo_v05_fin_user_0033_s0024"", ""mdgo_v05_fin_user_0033_s0088"", ""mdgo_v05_fin_user_0033_s0164"", ""mdgo_v05_fin_user_0033_s0235"", ""mdgo_v05_fin_user_0033_s0279"", ""mdgo_v05_fin_user_0033_s0123"", ""mdgo_v05_fin_user_0033_s0199"", ""mdgo_v05_fin_user_0033_s0178"", ""mdgo_v05_fin_user_0033_s0258"", ""mdgo_v05_fin_user_0033_s0185"", ""mdgo_v05_fin_user_0033_s0223"", ""mdgo_v05_fin_user_0033_s0261"", ""mdgo_v05_fin_user_0033_s0287""]"
mdgo_v05_fin_user_0033,finance,finance_fraud_lost_card_urgent_escalation,tool_action,"the user reports a lost or stolen card, suspected fraud, or an unauthorized transaction",lock_then_fraud_team,immediate lock then fraud team,lock the affected card immediately and route the incident to the fraud team,True,verify_incident_then_lock,verify incident details then lock,0,2,4,1,1,2,0,"[""mdgo_v05_fin_user_0033_s0022"", ""mdgo_v05_fin_user_0033_s0057"", ""mdgo_v05_fin_user_0033_s0213"", ""mdgo_v05_fin_user_0033_s0242"", ""mdgo_v05_fin_user_0033_s0277"", ""mdgo_v05_fin_user_0033_s0306"", ""mdgo_v05_fin_user_0033_s0130"", ""mdgo_v05_fin_user_0033_s0293"", ""mdgo_v05_fin_user_0033_s0143"", ""mdgo_v05_fin_user_0033_s0258""]"
mdgo_v05_fin_user_0033,finance,finance_fee_dispute_evidence_then_case,risk_threshold,the user wants to dispute a charge or fee or open a transaction case,evidence_pack_then_approval,evidence pack then approval,"assemble the evidence pack, summarize it, and ask before filing",False,,,0,0,0,0,0,1,1,"[""mdgo_v05_fin_user_0033_s0248"", ""mdgo_v05_fin_user_0033_s0287""]"
mdgo_v05_fin_user_0033,finance,finance_confirm_money_movement,risk_threshold,"a transfer, bill payment, scheduled payment, or other money movement would be submitted",draft_transaction_card,unsubmitted transaction card,prepare an unsubmitted transaction card and use its single approval control,False,,,5,0,0,1,1,1,4,"[""mdgo_v05_fin_user_0033_s0023"", ""mdgo_v05_fin_user_0033_s0087"", ""mdgo_v05_fin_user_0033_s0163"", ""mdgo_v05_fin_user_0033_s0234"", ""mdgo_v05_fin_user_0033_s0278"", ""mdgo_v05_fin_user_0033_s0122"", ""mdgo_v05_fin_user_0033_s0198"", ""mdgo_v05_fin_user_0033_s0108"", ""mdgo_v05_fin_user_0033_s0185"", ""mdgo_v05_fin_user_0033_s0223"", ""mdgo_v05_fin_user_0033_s0261"", ""mdgo_v05_fin_user_0033_s0287""]"
mdgo_v05_fin_user_0033,finance,finance_minimal_pii_secure_verification,privacy_consent,"finance support requires identity, card, account, SSN-like, PIN, or one-time-code verification",minimal_secure_panel,minimal secure panel,request only minimum fields in an in-app secure panel,False,,,5,0,0,1,1,2,0,"[""mdgo_v05_fin_user_0033_s0025"", ""mdgo_v05_fin_user_0033_s0089"", ""mdgo_v05_fin_user_0033_s0165"", ""mdgo_v05_fin_user_0033_s0236"", ""mdgo_v05_fin_user_0033_s0280"", ""mdgo_v05_fin_user_0033_s0124"", ""mdgo_v05_fin_user_0033_s0200"", ""mdgo_v05_fin_user_0033_s0143"", ""mdgo_v05_fin_user_0033_s0178""]"
mdgo_v05_fin_user_0034,finance,finance_minimal_pii_secure_verification,privacy_consent,"finance support requires identity, card, account, SSN-like, PIN, or one-time-code verification",authenticated_app_callback,authenticated app callback,start a verified callback from the authenticated app,False,,,5,0,0,1,1,4,0,"[""mdgo_v05_fin_user_0034_s0025"", ""mdgo_v05_fin_user_0034_s0089"", ""mdgo_v05_fin_user_0034_s0165"", ""mdgo_v05_fin_user_0034_s0236"", ""mdgo_v05_fin_user_0034_s0280"", ""mdgo_v05_fin_user_0034_s0124"", ""mdgo_v05_fin_user_0034_s0200"", ""mdgo_v05_fin_user_0034_s0108"", ""mdgo_v05_fin_user_0034_s0143"", ""mdgo_v05_fin_user_0034_s0178"", ""mdgo_v05_fin_user_0034_s0258""]"
mdgo_v05_fin_user_0034,finance,finance_balance_statement_summary_first,format_style,"the user asks for a balance, statement, or transaction review",headline_then_evidence,headline then evidence,lead with the account-level finding and then list supporting entries,False,,,5,0,0,1,1,1,0,"[""mdgo_v05_fin_user_0034_s0024"", ""mdgo_v05_fin_user_0034_s0088"", ""mdgo_v05_fin_user_0034_s0164"", ""mdgo_v05_fin_user_0034_s0235"", ""mdgo_v05_fin_user_0034_s0279"", ""mdgo_v05_fin_user_0034_s0123"", ""mdgo_v05_fin_user_0034_s0199"", ""mdgo_v05_fin_user_0034_s0258""]"
mdgo_v05_fin_user_0034,finance,finance_credit_loan_cautious_no_commitment,risk_threshold,"the user asks about loan, mortgage, credit-limit, or credit eligibility decisions",requirements_and_ranges,requirements and scenario ranges,explain requirements and scenario ranges without predicting approval,True,side_by_side_scenarios,side-by-side scenarios,0,2,4,1,1,2,4,"[""mdgo_v05_fin_user_0034_s0017"", ""mdgo_v05_fin_user_0034_s0052"", ""mdgo_v05_fin_user_0034_s0208"", ""mdgo_v05_fin_user_0034_s0237"", ""mdgo_v05_fin_user_0034_s0272"", ""mdgo_v05_fin_user_0034_s0301"", ""mdgo_v05_fin_user_0034_s0125"", ""mdgo_v05_fin_user_0034_s0288"", ""mdgo_v05_fin_user_0034_s0178"", ""mdgo_v05_fin_user_0034_s0258"", ""mdgo_v05_fin_user_0034_s0185"", ""mdgo_v05_fin_user_0034_s0223"", ""mdgo_v05_fin_user_0034_s0261"", ""mdgo_v05_fin_user_0034_s0287""]"
mdgo_v05_fin_user_0034,finance,finance_confirm_money_movement,risk_threshold,"a transfer, bill payment, scheduled payment, or other money movement would be submitted",two_checkpoint_confirmation,two-checkpoint confirmation,confirm the destination first and the amount and timing second,False,,,0,0,0,0,0,0,4,"[""mdgo_v05_fin_user_0034_s0185"", ""mdgo_v05_fin_user_0034_s0223"", ""mdgo_v05_fin_user_0034_s0261"", ""mdgo_v05_fin_user_0034_s0287""]"
mdgo_v05_fin_user_0034,finance,finance_fraud_lost_card_urgent_escalation,tool_action,"the user reports a lost or stolen card, suspected fraud, or an unauthorized transaction",verify_incident_then_lock,verify incident details then lock,"verify the last known legitimate activity, lock the card, and escalate",False,,,5,0,0,1,1,1,0,"[""mdgo_v05_fin_user_0034_s0022"", ""mdgo_v05_fin_user_0034_s0086"", ""mdgo_v05_fin_user_0034_s0162"", ""mdgo_v05_fin_user_0034_s0233"", ""mdgo_v05_fin_user_0034_s0277"", ""mdgo_v05_fin_user_0034_s0121"", ""mdgo_v05_fin_user_0034_s0197"", ""mdgo_v05_fin_user_0034_s0108""]"
mdgo_v05_fin_user_0034,finance,finance_fee_dispute_evidence_then_case,risk_threshold,the user wants to dispute a charge or fee or open a transaction case,unsubmitted_case_draft,unsubmitted case draft,prepare an unsubmitted dispute draft and request approval on the draft,True,merchant_reconciliation_first,merchant reconciliation first,0,1,3,1,1,1,1,"[""mdgo_v05_fin_user_0034_s0057"", ""mdgo_v05_fin_user_0034_s0213"", ""mdgo_v05_fin_user_0034_s0242"", ""mdgo_v05_fin_user_0034_s0306"", ""mdgo_v05_fin_user_0034_s0130"", ""mdgo_v05_fin_user_0034_s0293"", ""mdgo_v05_fin_user_0034_s0143"", ""mdgo_v05_fin_user_0034_s0287""]"
mdgo_v05_fin_user_0035,finance,finance_fee_dispute_evidence_then_case,risk_threshold,the user wants to dispute a charge or fee or open a transaction case,merchant_reconciliation_first,merchant reconciliation first,reconcile the merchant record first and file only if the mismatch remains,True,evidence_pack_then_approval,evidence pack then approval,0,2,4,1,1,3,3,"[""mdgo_v05_fin_user_0035_s0020"", ""mdgo_v05_fin_user_0035_s0055"", ""mdgo_v05_fin_user_0035_s0211"", ""mdgo_v05_fin_user_0035_s0240"", ""mdgo_v05_fin_user_0035_s0275"", ""mdgo_v05_fin_user_0035_s0304"", ""mdgo_v05_fin_user_0035_s0128"", ""mdgo_v05_fin_user_0035_s0291"", ""mdgo_v05_fin_user_0035_s0178"", ""mdgo_v05_fin_user_0035_s0248"", ""mdgo_v05_fin_user_0035_s0258"", ""mdgo_v05_fin_user_0035_s0185"", ""mdgo_v05_fin_user_0035_s0223"", ""mdgo_v05_fin_user_0035_s0261""]"
mdgo_v05_fin_user_0035,finance,finance_payment_status_latest_check,tool_action,"the answer depends on the current status of a payment, transfer, balance, due date, or posting state",processing_timeline_refresh,processing timeline plus refresh point,show the current processing stage and the next refresh checkpoint,False,,,5,0,0,1,1,2,0,"[""mdgo_v05_fin_user_0035_s0022"", ""mdgo_v05_fin_user_0035_s0086"", ""mdgo_v05_fin_user_0035_s0162"", ""mdgo_v05_fin_user_0035_s0233"", ""mdgo_v05_fin_user_0035_s0277"", ""mdgo_v05_fin_user_0035_s0121"", ""mdgo_v05_fin_user_0035_s0197"", ""mdgo_v05_fin_user_0035_s0248"", ""mdgo_v05_fin_user_0035_s0258""]"
mdgo_v05_fin_user_0035,finance,finance_confirm_card_account_changes,risk_threshold,"a card or account setting would be blocked, replaced, opened, closed, or edited",secure_change_preview,secure in-app change preview,create a secure in-app change preview and require device approval,True,before_after_comparison,before-and-after comparison,0,2,4,1,1,2,0,"[""mdgo_v05_fin_user_0035_s0016"", ""mdgo_v05_fin_user_0035_s0051"", ""mdgo_v05_fin_user_0035_s0207"", ""mdgo_v05_fin_user_0035_s0236"", ""mdgo_v05_fin_user_0035_s0271"", ""mdgo_v05_fin_user_0035_s0300"", ""mdgo_v05_fin_user_0035_s0124"", ""mdgo_v05_fin_user_0035_s0287"", ""mdgo_v05_fin_user_0035_s0143"", ""mdgo_v05_fin_user_0035_s0258""]"
mdgo_v05_fin_user_0035,finance,finance_fraud_lost_card_urgent_escalation,tool_action,"the user reports a lost or stolen card, suspected fraud, or an unauthorized transaction",temporary_freeze_review,temporary freeze and secure review,"place a temporary freeze, perform a secure review, then decide replacement",False,,,0,0,0,0,0,1,0,"[""mdgo_v05_fin_user_0035_s0108""]"
mdgo_v05_fin_user_0035,finance,finance_credit_loan_cautious_no_commitment,risk_threshold,"the user asks about loan, mortgage, credit-limit, or credit eligibility decisions",budget_stress_test,budget stress test first,run a budget stress test and list documentation without submitting,False,,,5,0,0,1,1,1,3,"[""mdgo_v05_fin_user_0035_s0024"", ""mdgo_v05_fin_user_0035_s0088"", ""mdgo_v05_fin_user_0035_s0164"", ""mdgo_v05_fin_user_0035_s0235"", ""mdgo_v05_fin_user_0035_s0279"", ""mdgo_v05_fin_user_0035_s0123"", ""mdgo_v05_fin_user_0035_s0199"", ""mdgo_v05_fin_user_0035_s0213"", ""mdgo_v05_fin_user_0035_s0185"", ""mdgo_v05_fin_user_0035_s0223"", ""mdgo_v05_fin_user_0035_s0261""]"
mdgo_v05_fin_user_0035,finance,finance_minimal_pii_secure_verification,privacy_consent,"finance support requires identity, card, account, SSN-like, PIN, or one-time-code verification",device_passkey_approval,device or passkey approval,use a device or passkey approval with minimal fallback information,False,,,5,0,0,1,1,4,0,"[""mdgo_v05_fin_user_0035_s0023"", ""mdgo_v05_fin_user_0035_s0087"", ""mdgo_v05_fin_user_0035_s0163"", ""mdgo_v05_fin_user_0035_s0234"", ""mdgo_v05_fin_user_0035_s0278"", ""mdgo_v05_fin_user_0035_s0122"", ""mdgo_v05_fin_user_0035_s0198"", ""mdgo_v05_fin_user_0035_s0108"", ""mdgo_v05_fin_user_0035_s0143"", ""mdgo_v05_fin_user_0035_s0178"", ""mdgo_v05_fin_user_0035_s0213""]"
mdgo_v05_sof_user_0000,software,software_collect_diagnostics_before_fix,tool_action,"a concrete software error, crash, broken feature, or failed operation is being diagnosed",last_known_good_comparison,last-known-good comparison,compare current behavior with the last known good state and relevant event logs,False,,,5,0,0,1,1,3,0,"[""mdgo_v05_sof_user_0000_s0025"", ""mdgo_v05_sof_user_0000_s0089"", ""mdgo_v05_sof_user_0000_s0165"", ""mdgo_v05_sof_user_0000_s0236"", ""mdgo_v05_sof_user_0000_s0280"", ""mdgo_v05_sof_user_0000_s0124"", ""mdgo_v05_sof_user_0000_s0200"", ""mdgo_v05_sof_user_0000_s0143"", ""mdgo_v05_sof_user_0000_s0213"", ""mdgo_v05_sof_user_0000_s0258""]"
mdgo_v05_sof_user_0000,software,software_one_try_then_escalate,drift_seasonality,a focused software fix has already failed once or the issue is recurring,one_attempt_then_ticket,one focused attempt then ticket,try one focused next step and then escalate with the result,True,two_distinct_attempts_then_ticket,two distinct attempts then ticket,0,1,3,0,1,4,0,"[""mdgo_v05_sof_user_0000_s0016"", ""mdgo_v05_sof_user_0000_s0207"", ""mdgo_v05_sof_user_0000_s0271"", ""mdgo_v05_sof_user_0000_s0300"", ""mdgo_v05_sof_user_0000_s0287"", ""mdgo_v05_sof_user_0000_s0108"", ""mdgo_v05_sof_user_0000_s0143"", ""mdgo_v05_sof_user_0000_s0248"", ""mdgo_v05_sof_user_0000_s0258""]"
mdgo_v05_sof_user_0000,software,software_platform_specific_steps,format_style,"the user needs setup, installation, configuration, onboarding, or first-use help",phase_checklist,compact phase checklist,organize the setup into a compact phase checklist,False,,,5,0,0,1,1,2,3,"[""mdgo_v05_sof_user_0000_s0027"", ""mdgo_v05_sof_user_0000_s0091"", ""mdgo_v05_sof_user_0000_s0167"", ""mdgo_v05_sof_user_0000_s0238"", ""mdgo_v05_sof_user_0000_s0282"", ""mdgo_v05_sof_user_0000_s0126"", ""mdgo_v05_sof_user_0000_s0202"", ""mdgo_v05_sof_user_0000_s0178"", ""mdgo_v05_sof_user_0000_s0258"", ""mdgo_v05_sof_user_0000_s0185"", ""mdgo_v05_sof_user_0000_s0223"", ""mdgo_v05_sof_user_0000_s0261""]"
mdgo_v05_sof_user_0000,software,software_ticket_receipt_summary,format_style,"a bug report, support ticket, or incident has actually been submitted",concise_prose_receipt,concise prose receipt,"provide a concise prose receipt with issue, evidence, owner, and next update",False,,,0,0,0,0,0,1,3,"[""mdgo_v05_sof_user_0000_s0248"", ""mdgo_v05_sof_user_0000_s0185"", ""mdgo_v05_sof_user_0000_s0223"", ""mdgo_v05_sof_user_0000_s0261""]"
mdgo_v05_sof_user_0000,software,software_docs_lookup_for_update_install,tool_action,"an install, setup, update, upgrade, patch, or version-specific issue is being handled",built_in_help_then_online,built-in help then online lookup,"check built-in help and release notes first, then go online if they do not match",True,kb_changelog_crosscheck,knowledge-base and changelog cross-check,0,2,4,1,1,1,0,"[""mdgo_v05_sof_user_0000_s0020"", ""mdgo_v05_sof_user_0000_s0055"", ""mdgo_v05_sof_user_0000_s0211"", ""mdgo_v05_sof_user_0000_s0240"", ""mdgo_v05_sof_user_0000_s0275"", ""mdgo_v05_sof_user_0000_s0304"", ""mdgo_v05_sof_user_0000_s0128"", ""mdgo_v05_sof_user_0000_s0291"", ""mdgo_v05_sof_user_0000_s0178""]"
mdgo_v05_sof_user_0000,software,software_secure_login_password_flow,privacy_consent,"login, password reset, account access, PIN, OTP, or credential support is needed",authenticated_app_callback,authenticated-app callback,initiate a recovery callback from the authenticated app,False,,,1,0,0,1,0,2,0,"[""mdgo_v05_sof_user_0000_s0237"", ""mdgo_v05_sof_user_0000_s0125"", ""mdgo_v05_sof_user_0000_s0108"", ""mdgo_v05_sof_user_0000_s0213""]"
mdgo_v05_sof_user_0001,software,software_secure_login_password_flow,privacy_consent,"login, password reset, account access, PIN, OTP, or credential support is needed",passkey_security_key_recovery,passkey or security-key recovery,try passkey recovery first and use the security-key fallback,False,,,5,0,0,1,1,3,0,"[""mdgo_v05_sof_user_0001_s0024"", ""mdgo_v05_sof_user_0001_s0088"", ""mdgo_v05_sof_user_0001_s0164"", ""mdgo_v05_sof_user_0001_s0235"", ""mdgo_v05_sof_user_0001_s0279"", ""mdgo_v05_sof_user_0001_s0123"", ""mdgo_v05_sof_user_0001_s0199"", ""mdgo_v05_sof_user_0001_s0108"", ""mdgo_v05_sof_user_0001_s0178"", ""mdgo_v05_sof_user_0001_s0258""]"
mdgo_v05_sof_user_0001,software,software_backup_before_risky_change,risk_threshold,"an update, reset, rollback, reinstall, migration, or destructive configuration change may affect data",sandbox_dry_run_snapshot,sandbox dry run and snapshot,run the change in a sandbox and take a snapshot before production,False,,,5,0,0,1,1,2,0,"[""mdgo_v05_sof_user_0001_s0027"", ""mdgo_v05_sof_user_0001_s0091"", ""mdgo_v05_sof_user_0001_s0167"", ""mdgo_v05_sof_user_0001_s0238"", ""mdgo_v05_sof_user_0001_s0282"", ""mdgo_v05_sof_user_0001_s0126"", ""mdgo_v05_sof_user_0001_s0202"", ""mdgo_v05_sof_user_0001_s0248"", ""mdgo_v05_sof_user_0001_s0258""]"
mdgo_v05_sof_user_0001,software,software_collect_diagnostics_before_fix,tool_action,"a concrete software error, crash, broken feature, or failed operation is being diagnosed",environment_error_repro,"environment, error, reproduction","collect version, operating system, exact error, and reproduction path first",True,clean_profile_reproduction,clean-profile reproduction,0,2,3,0,1,4,1,"[""mdgo_v05_sof_user_0001_s0018"", ""mdgo_v05_sof_user_0001_s0053"", ""mdgo_v05_sof_user_0001_s0209"", ""mdgo_v05_sof_user_0001_s0273"", ""mdgo_v05_sof_user_0001_s0302"", ""mdgo_v05_sof_user_0001_s0289"", ""mdgo_v05_sof_user_0001_s0143"", ""mdgo_v05_sof_user_0001_s0178"", ""mdgo_v05_sof_user_0001_s0248"", ""mdgo_v05_sof_user_0001_s0258"", ""mdgo_v05_sof_user_0001_s0287""]"
mdgo_v05_sof_user_0001,software,software_one_try_then_escalate,drift_seasonality,a focused software fix has already failed once or the issue is recurring,two_distinct_attempts_then_ticket,two distinct attempts then ticket,allow two non-redundant focused attempts before escalation,False,,,5,0,0,1,1,2,1,"[""mdgo_v05_sof_user_0001_s0022"", ""mdgo_v05_sof_user_0001_s0086"", ""mdgo_v05_sof_user_0001_s0162"", ""mdgo_v05_sof_user_0001_s0233"", ""mdgo_v05_sof_user_0001_s0277"", ""mdgo_v05_sof_user_0001_s0121"", ""mdgo_v05_sof_user_0001_s0197"", ""mdgo_v05_sof_user_0001_s0108"", ""mdgo_v05_sof_user_0001_s0143"", ""mdgo_v05_sof_user_0001_s0287""]"
mdgo_v05_sof_user_0001,software,software_platform_specific_steps,format_style,"the user needs setup, installation, configuration, onboarding, or first-use help",step_result_rollback_table,step/result/rollback table,"use a table with step, expected result, and rollback column",False,,,5,0,0,1,1,0,4,"[""mdgo_v05_sof_user_0001_s0028"", ""mdgo_v05_sof_user_0001_s0092"", ""mdgo_v05_sof_user_0001_s0168"", ""mdgo_v05_sof_user_0001_s0239"", ""mdgo_v05_sof_user_0001_s0283"", ""mdgo_v05_sof_user_0001_s0127"", ""mdgo_v05_sof_user_0001_s0203"", ""mdgo_v05_sof_user_0001_s0185"", ""mdgo_v05_sof_user_0001_s0223"", ""mdgo_v05_sof_user_0001_s0261"", ""mdgo_v05_sof_user_0001_s0287""]"
mdgo_v05_sof_user_0001,software,software_ticket_receipt_summary,format_style,"a bug report, support ticket, or incident has actually been submitted",structured_receipt_table,structured receipt table,provide a structured table for the submitted case,True,concise_prose_receipt,concise prose receipt,0,1,3,1,1,0,3,"[""mdgo_v05_sof_user_0001_s0057"", ""mdgo_v05_sof_user_0001_s0213"", ""mdgo_v05_sof_user_0001_s0242"", ""mdgo_v05_sof_user_0001_s0306"", ""mdgo_v05_sof_user_0001_s0130"", ""mdgo_v05_sof_user_0001_s0293"", ""mdgo_v05_sof_user_0001_s0185"", ""mdgo_v05_sof_user_0001_s0223"", ""mdgo_v05_sof_user_0001_s0261""]"
mdgo_v05_sof_user_0002,software,software_ticket_receipt_summary,format_style,"a bug report, support ticket, or incident has actually been submitted",timeline_handoff_receipt,timeline and handoff receipt,provide a short timeline followed by the handoff details,True,machine_readable_plus_note,machine-readable block plus human note,0,2,4,1,1,2,1,"[""mdgo_v05_sof_user_0002_s0021"", ""mdgo_v05_sof_user_0002_s0056"", ""mdgo_v05_sof_user_0002_s0212"", ""mdgo_v05_sof_user_0002_s0241"", ""mdgo_v05_sof_user_0002_s0276"", ""mdgo_v05_sof_user_0002_s0305"", ""mdgo_v05_sof_user_0002_s0129"", ""mdgo_v05_sof_user_0002_s0292"", ""mdgo_v05_sof_user_0002_s0248"", ""mdgo_v05_sof_user_0002_s0258"", ""mdgo_v05_sof_user_0002_s0287""]"
mdgo_v05_sof_user_0002,software,software_docs_lookup_for_update_install,tool_action,"an install, setup, update, upgrade, patch, or version-specific issue is being handled",kb_changelog_crosscheck,knowledge-base and changelog cross-check,cross-check the vendor knowledge base with the changelog,False,,,5,0,0,1,1,2,3,"[""mdgo_v05_sof_user_0002_s0022"", ""mdgo_v05_sof_user_0002_s0086"", ""mdgo_v05_sof_user_0002_s0162"", ""mdgo_v05_sof_user_0002_s0233"", ""mdgo_v05_sof_user_0002_s0277"", ""mdgo_v05_sof_user_0002_s0121"", ""mdgo_v05_sof_user_0002_s0197"", ""mdgo_v05_sof_user_0002_s0108"", ""mdgo_v05_sof_user_0002_s0258"", ""mdgo_v05_sof_user_0002_s0185"", ""mdgo_v05_sof_user_0002_s0223"", ""mdgo_v05_sof_user_0002_s0261""]"
mdgo_v05_sof_user_0002,software,software_secure_login_password_flow,privacy_consent,"login, password reset, account access, PIN, OTP, or credential support is needed",in_app_secure_reset,in-app secure reset,use the in-app reset and never request credentials in chat,False,,,5,0,0,1,1,3,0,"[""mdgo_v05_sof_user_0002_s0025"", ""mdgo_v05_sof_user_0002_s0089"", ""mdgo_v05_sof_user_0002_s0165"", ""mdgo_v05_sof_user_0002_s0236"", ""mdgo_v05_sof_user_0002_s0280"", ""mdgo_v05_sof_user_0002_s0124"", ""mdgo_v05_sof_user_0002_s0200"", ""mdgo_v05_sof_user_0002_s0143"", ""mdgo_v05_sof_user_0002_s0213"", ""mdgo_v05_sof_user_0002_s0258""]"
mdgo_v05_sof_user_0002,software,software_backup_before_risky_change,risk_threshold,"an update, reset, rollback, reinstall, migration, or destructive configuration change may affect data",staged_rollout_checkpoint,staged rollout with rollback checkpoint,use a staged rollout with an explicit rollback checkpoint,False,,,5,0,0,1,1,1,0,"[""mdgo_v05_sof_user_0002_s0026"", ""mdgo_v05_sof_user_0002_s0090"", ""mdgo_v05_sof_user_0002_s0166"", ""mdgo_v05_sof_user_0002_s0237"", ""mdgo_v05_sof_user_0002_s0281"", ""mdgo_v05_sof_user_0002_s0125"", ""mdgo_v05_sof_user_0002_s0201"", ""mdgo_v05_sof_user_0002_s0108""]"
mdgo_v05_sof_user_0002,software,software_collect_diagnostics_before_fix,tool_action,"a concrete software error, crash, broken feature, or failed operation is being diagnosed",clean_profile_reproduction,clean-profile reproduction,reproduce in a clean profile before changing the main setup,True,environment_error_repro,"environment, error, reproduction",0,2,4,1,1,2,4,"[""mdgo_v05_sof_user_0002_s0020"", ""mdgo_v05_sof_user_0002_s0055"", ""mdgo_v05_sof_user_0002_s0211"", ""mdgo_v05_sof_user_0002_s0240"", ""mdgo_v05_sof_user_0002_s0275"", ""mdgo_v05_sof_user_0002_s0304"", ""mdgo_v05_sof_user_0002_s0128"", ""mdgo_v05_sof_user_0002_s0291"", ""mdgo_v05_sof_user_0002_s0178"", ""mdgo_v05_sof_user_0002_s0213"", ""mdgo_v05_sof_user_0002_s0185"", ""mdgo_v05_sof_user_0002_s0223"", ""mdgo_v05_sof_user_0002_s0261"", ""mdgo_v05_sof_user_0002_s0287""]"
mdgo_v05_sof_user_0002,software,software_one_try_then_escalate,drift_seasonality,a focused software fix has already failed once or the issue is recurring,reproducible_blocker_immediate_escalation,immediate escalation for reproducible blockers,escalate immediately once the blocker is reproducible and evidence is complete,False,,,0,0,0,0,0,3,1,"[""mdgo_v05_sof_user_0002_s0143"", ""mdgo_v05_sof_user_0002_s0178"", ""mdgo_v05_sof_user_0002_s0248"", ""mdgo_v05_sof_user_0002_s0287""]"
mdgo_v05_sof_user_0003,software,software_one_try_then_escalate,drift_seasonality,a focused software fix has already failed once or the issue is recurring,timeboxed_attempt_then_handoff,time-boxed attempt then handoff,time-box one diagnostic attempt and hand off when the limit is reached,False,,,5,0,0,1,1,3,1,"[""mdgo_v05_sof_user_0003_s0023"", ""mdgo_v05_sof_user_0003_s0087"", ""mdgo_v05_sof_user_0003_s0163"", ""mdgo_v05_sof_user_0003_s0234"", ""mdgo_v05_sof_user_0003_s0278"", ""mdgo_v05_sof_user_0003_s0122"", ""mdgo_v05_sof_user_0003_s0198"", ""mdgo_v05_sof_user_0003_s0143"", ""mdgo_v05_sof_user_0003_s0213"", ""mdgo_v05_sof_user_0003_s0258"", ""mdgo_v05_sof_user_0003_s0287""]"
mdgo_v05_sof_user_0003,software,software_platform_specific_steps,format_style,"the user needs setup, installation, configuration, onboarding, or first-use help",gui_command_pairing,GUI and command pairing,pair each GUI path with an equivalent command where available,False,,,5,0,0,1,1,2,4,"[""mdgo_v05_sof_user_0003_s0027"", ""mdgo_v05_sof_user_0003_s0091"", ""mdgo_v05_sof_user_0003_s0167"", ""mdgo_v05_sof_user_0003_s0238"", ""mdgo_v05_sof_user_0003_s0282"", ""mdgo_v05_sof_user_0003_s0126"", ""mdgo_v05_sof_user_0003_s0202"", ""mdgo_v05_sof_user_0003_s0178"", ""mdgo_v05_sof_user_0003_s0258"", ""mdgo_v05_sof_user_0003_s0185"", ""mdgo_v05_sof_user_0003_s0223"", ""mdgo_v05_sof_user_0003_s0261"", ""mdgo_v05_sof_user_0003_s0287""]"
mdgo_v05_sof_user_0003,software,software_ticket_receipt_summary,format_style,"a bug report, support ticket, or incident has actually been submitted",machine_readable_plus_note,machine-readable block plus human note,provide a compact machine-readable case block and a short human summary,True,concise_prose_receipt,concise prose receipt,0,2,4,1,1,2,4,"[""mdgo_v05_sof_user_0003_s0020"", ""mdgo_v05_sof_user_0003_s0055"", ""mdgo_v05_sof_user_0003_s0211"", ""mdgo_v05_sof_user_0003_s0240"", ""mdgo_v05_sof_user_0003_s0275"", ""mdgo_v05_sof_user_0003_s0304"", ""mdgo_v05_sof_user_0003_s0128"", ""mdgo_v05_sof_user_0003_s0291"", ""mdgo_v05_sof_user_0003_s0213"", ""mdgo_v05_sof_user_0003_s0258"", ""mdgo_v05_sof_user_0003_s0185"", ""mdgo_v05_sof_user_0003_s0223"", ""mdgo_v05_sof_user_0003_s0261"", ""mdgo_v05_sof_user_0003_s0287""]"
mdgo_v05_sof_user_0003,software,software_docs_lookup_for_update_install,tool_action,"an install, setup, update, upgrade, patch, or version-specific issue is being handled",compatibility_known_issues,compatibility matrix and known issues,verify the compatibility matrix and current known-issues page,False,,,5,0,0,1,1,2,0,"[""mdgo_v05_sof_user_0003_s0024"", ""mdgo_v05_sof_user_0003_s0088"", ""mdgo_v05_sof_user_0003_s0164"", ""mdgo_v05_sof_user_0003_s0235"", ""mdgo_v05_sof_user_0003_s0279"", ""mdgo_v05_sof_user_0003_s0123"", ""mdgo_v05_sof_user_0003_s0199"", ""mdgo_v05_sof_user_0003_s0108"", ""mdgo_v05_sof_user_0003_s0178""]"
mdgo_v05_sof_user_0003,software,software_secure_login_password_flow,privacy_consent,"login, password reset, account access, PIN, OTP, or credential support is needed",verified_browser_device_approval,verified browser plus device approval,use the verified browser portal and device approval,False,,,0,0,0,0,0,1,0,"[""mdgo_v05_sof_user_0003_s0143""]"
mdgo_v05_sof_user_0003,software,software_backup_before_risky_change,risk_threshold,"an update, reset, rollback, reinstall, migration, or destructive configuration change may affect data",full_backup_restore_point,full backup and restore point,verify a full backup or restore point before approval,True,staged_rollout_checkpoint,staged rollout with rollback checkpoint,0,2,4,1,1,1,0,"[""mdgo_v05_sof_user_0003_s0019"", ""mdgo_v05_sof_user_0003_s0054"", ""mdgo_v05_sof_user_0003_s0210"", ""mdgo_v05_sof_user_0003_s0239"", ""mdgo_v05_sof_user_0003_s0274"", ""mdgo_v05_sof_user_0003_s0303"", ""mdgo_v05_sof_user_0003_s0127"", ""mdgo_v05_sof_user_0003_s0290"", ""mdgo_v05_sof_user_0003_s0108""]"
mdgo_v05_sof_user_0004,software,software_backup_before_risky_change,risk_threshold,"an update, reset, rollback, reinstall, migration, or destructive configuration change may affect data",config_export_restore_test,configuration export and restore test,export configuration and test that it can be restored,False,,,5,0,0,1,1,2,0,"[""mdgo_v05_sof_user_0004_s0027"", ""mdgo_v05_sof_user_0004_s0091"", ""mdgo_v05_sof_user_0004_s0167"", ""mdgo_v05_sof_user_0004_s0238"", ""mdgo_v05_sof_user_0004_s0282"", ""mdgo_v05_sof_user_0004_s0126"", ""mdgo_v05_sof_user_0004_s0202"", ""mdgo_v05_sof_user_0004_s0248"", ""mdgo_v05_sof_user_0004_s0258""]"
mdgo_v05_sof_user_0004,software,software_collect_diagnostics_before_fix,tool_action,"a concrete software error, crash, broken feature, or failed operation is being diagnosed",consented_diagnostic_bundle,consented minimal diagnostic bundle,collect a minimal diagnostic bundle with consent,True,environment_error_repro,"environment, error, reproduction",0,2,4,1,1,4,0,"[""mdgo_v05_sof_user_0004_s0022"", ""mdgo_v05_sof_user_0004_s0057"", ""mdgo_v05_sof_user_0004_s0213"", ""mdgo_v05_sof_user_0004_s0242"", ""mdgo_v05_sof_user_0004_s0277"", ""mdgo_v05_sof_user_0004_s0306"", ""mdgo_v05_sof_user_0004_s0130"", ""mdgo_v05_sof_user_0004_s0293"", ""mdgo_v05_sof_user_0004_s0143"", ""mdgo_v05_sof_user_0004_s0178"", ""mdgo_v05_sof_user_0004_s0248"", ""mdgo_v05_sof_user_0004_s0258""]"
mdgo_v05_sof_user_0004,software,software_one_try_then_escalate,drift_seasonality,a focused software fix has already failed once or the issue is recurring,one_attempt_then_ticket,one focused attempt then ticket,try one focused next step and then escalate with the result,False,,,5,0,0,1,1,3,1,"[""mdgo_v05_sof_user_0004_s0026"", ""mdgo_v05_sof_user_0004_s0090"", ""mdgo_v05_sof_user_0004_s0166"", ""mdgo_v05_sof_user_0004_s0237"", ""mdgo_v05_sof_user_0004_s0281"", ""mdgo_v05_sof_user_0004_s0125"", ""mdgo_v05_sof_user_0004_s0201"", ""mdgo_v05_sof_user_0004_s0108"", ""mdgo_v05_sof_user_0004_s0143"", ""mdgo_v05_sof_user_0004_s0258"", ""mdgo_v05_sof_user_0004_s0287""]"
mdgo_v05_sof_user_0004,software,software_platform_specific_steps,format_style,"the user needs setup, installation, configuration, onboarding, or first-use help",numbered_menu_steps,numbered menu steps,give short numbered menu steps with checkpoints,False,,,0,0,0,0,0,0,4,"[""mdgo_v05_sof_user_0004_s0185"", ""mdgo_v05_sof_user_0004_s0223"", ""mdgo_v05_sof_user_0004_s0261"", ""mdgo_v05_sof_user_0004_s0287""]"
mdgo_v05_sof_user_0004,software,software_ticket_receipt_summary,format_style,"a bug report, support ticket, or incident has actually been submitted",concise_prose_receipt,concise prose receipt,"provide a concise prose receipt with issue, evidence, owner, and next update",True,timeline_handoff_receipt,timeline and handoff receipt,0,2,3,0,1,0,4,"[""mdgo_v05_sof_user_0004_s0017"", ""mdgo_v05_sof_user_0004_s0052"", ""mdgo_v05_sof_user_0004_s0208"", ""mdgo_v05_sof_user_0004_s0272"", ""mdgo_v05_sof_user_0004_s0301"", ""mdgo_v05_sof_user_0004_s0288"", ""mdgo_v05_sof_user_0004_s0185"", ""mdgo_v05_sof_user_0004_s0223"", ""mdgo_v05_sof_user_0004_s0261"", ""mdgo_v05_sof_user_0004_s0287""]"
mdgo_v05_sof_user_0004,software,software_secure_login_password_flow,privacy_consent,"login, password reset, account access, PIN, OTP, or credential support is needed",authenticated_app_callback,authenticated-app callback,initiate a recovery callback from the authenticated app,False,,,5,0,0,1,1,2,0,"[""mdgo_v05_sof_user_0004_s0024"", ""mdgo_v05_sof_user_0004_s0088"", ""mdgo_v05_sof_user_0004_s0164"", ""mdgo_v05_sof_user_0004_s0235"", ""mdgo_v05_sof_user_0004_s0279"", ""mdgo_v05_sof_user_0004_s0123"", ""mdgo_v05_sof_user_0004_s0199"", ""mdgo_v05_sof_user_0004_s0108"", ""mdgo_v05_sof_user_0004_s0178""]"
mdgo_v05_sof_user_0005,software,software_docs_lookup_for_update_install,tool_action,"an install, setup, update, upgrade, patch, or version-specific issue is being handled",official_docs_current_version,official current-version documentation,verify official documentation for the installed version,False,,,5,0,0,1,1,3,3,"[""mdgo_v05_sof_user_0005_s0024"", ""mdgo_v05_sof_user_0005_s0088"", ""mdgo_v05_sof_user_0005_s0164"", ""mdgo_v05_sof_user_0005_s0235"", ""mdgo_v05_sof_user_0005_s0279"", ""mdgo_v05_sof_user_0005_s0123"", ""mdgo_v05_sof_user_0005_s0199"", ""mdgo_v05_sof_user_0005_s0108"", ""mdgo_v05_sof_user_0005_s0213"", ""mdgo_v05_sof_user_0005_s0258"", ""mdgo_v05_sof_user_0005_s0185"", ""mdgo_v05_sof_user_0005_s0223"", ""mdgo_v05_sof_user_0005_s0261""]"
mdgo_v05_sof_user_0005,software,software_secure_login_password_flow,privacy_consent,"login, password reset, account access, PIN, OTP, or credential support is needed",passkey_security_key_recovery,passkey or security-key recovery,try passkey recovery first and use the security-key fallback,False,,,5,0,0,1,1,3,0,"[""mdgo_v05_sof_user_0005_s0026"", ""mdgo_v05_sof_user_0005_s0090"", ""mdgo_v05_sof_user_0005_s0166"", ""mdgo_v05_sof_user_0005_s0237"", ""mdgo_v05_sof_user_0005_s0281"", ""mdgo_v05_sof_user_0005_s0125"", ""mdgo_v05_sof_user_0005_s0201"", ""mdgo_v05_sof_user_0005_s0143"", ""mdgo_v05_sof_user_0005_s0248"", ""mdgo_v05_sof_user_0005_s0258""]"
mdgo_v05_sof_user_0005,software,software_backup_before_risky_change,risk_threshold,"an update, reset, rollback, reinstall, migration, or destructive configuration change may affect data",sandbox_dry_run_snapshot,sandbox dry run and snapshot,run the change in a sandbox and take a snapshot before production,True,full_backup_restore_point,full backup and restore point,0,2,3,0,1,2,0,"[""mdgo_v05_sof_user_0005_s0017"", ""mdgo_v05_sof_user_0005_s0052"", ""mdgo_v05_sof_user_0005_s0208"", ""mdgo_v05_sof_user_0005_s0272"", ""mdgo_v05_sof_user_0005_s0301"", ""mdgo_v05_sof_user_0005_s0288"", ""mdgo_v05_sof_user_0005_s0108"", ""mdgo_v05_sof_user_0005_s0258""]"
mdgo_v05_sof_user_0005,software,software_collect_diagnostics_before_fix,tool_action,"a concrete software error, crash, broken feature, or failed operation is being diagnosed",last_known_good_comparison,last-known-good comparison,compare current behavior with the last known good state and relevant event logs,False,,,5,0,0,1,1,2,4,"[""mdgo_v05_sof_user_0005_s0025"", ""mdgo_v05_sof_user_0005_s0089"", ""mdgo_v05_sof_user_0005_s0165"", ""mdgo_v05_sof_user_0005_s0236"", ""mdgo_v05_sof_user_0005_s0280"", ""mdgo_v05_sof_user_0005_s0124"", ""mdgo_v05_sof_user_0005_s0200"", ""mdgo_v05_sof_user_0005_s0178"", ""mdgo_v05_sof_user_0005_s0248"", ""mdgo_v05_sof_user_0005_s0185"", ""mdgo_v05_sof_user_0005_s0223"", ""mdgo_v05_sof_user_0005_s0261"", ""mdgo_v05_sof_user_0005_s0287""]"
mdgo_v05_sof_user_0005,software,software_one_try_then_escalate,drift_seasonality,a focused software fix has already failed once or the issue is recurring,two_distinct_attempts_then_ticket,two distinct attempts then ticket,allow two non-redundant focused attempts before escalation,False,,,5,0,0,1,1,2,1,"[""mdgo_v05_sof_user_0005_s0022"", ""mdgo_v05_sof_user_0005_s0086"", ""mdgo_v05_sof_user_0005_s0162"", ""mdgo_v05_sof_user_0005_s0233"", ""mdgo_v05_sof_user_0005_s0277"", ""mdgo_v05_sof_user_0005_s0121"", ""mdgo_v05_sof_user_0005_s0197"", ""mdgo_v05_sof_user_0005_s0143"", ""mdgo_v05_sof_user_0005_s0178"", ""mdgo_v05_sof_user_0005_s0287""]"
mdgo_v05_sof_user_0005,software,software_platform_specific_steps,format_style,"the user needs setup, installation, configuration, onboarding, or first-use help",phase_checklist,compact phase checklist,organize the setup into a compact phase checklist,True,step_result_rollback_table,step/result/rollback table,0,2,4,1,1,1,1,"[""mdgo_v05_sof_user_0005_s0021"", ""mdgo_v05_sof_user_0005_s0056"", ""mdgo_v05_sof_user_0005_s0212"", ""mdgo_v05_sof_user_0005_s0241"", ""mdgo_v05_sof_user_0005_s0276"", ""mdgo_v05_sof_user_0005_s0305"", ""mdgo_v05_sof_user_0005_s0129"", ""mdgo_v05_sof_user_0005_s0292"", ""mdgo_v05_sof_user_0005_s0213"", ""mdgo_v05_sof_user_0005_s0287""]"
mdgo_v05_sof_user_0006,software,software_platform_specific_steps,format_style,"the user needs setup, installation, configuration, onboarding, or first-use help",step_result_rollback_table,step/result/rollback table,"use a table with step, expected result, and rollback column",True,gui_command_pairing,GUI and command pairing,0,2,4,1,1,2,3,"[""mdgo_v05_sof_user_0006_s0019"", ""mdgo_v05_sof_user_0006_s0054"", ""mdgo_v05_sof_user_0006_s0210"", ""mdgo_v05_sof_user_0006_s0239"", ""mdgo_v05_sof_user_0006_s0274"", ""mdgo_v05_sof_user_0006_s0303"", ""mdgo_v05_sof_user_0006_s0127"", ""mdgo_v05_sof_user_0006_s0290"", ""mdgo_v05_sof_user_0006_s0143"", ""mdgo_v05_sof_user_0006_s0258"", ""mdgo_v05_sof_user_0006_s0185"", ""mdgo_v05_sof_user_0006_s0223"", ""mdgo_v05_sof_user_0006_s0261""]"
mdgo_v05_sof_user_0006,software,software_ticket_receipt_summary,format_style,"a bug report, support ticket, or incident has actually been submitted",structured_receipt_table,structured receipt table,provide a structured table for the submitted case,False,,,5,0,0,1,1,1,3,"[""mdgo_v05_sof_user_0006_s0025"", ""mdgo_v05_sof_user_0006_s0089"", ""mdgo_v05_sof_user_0006_s0165"", ""mdgo_v05_sof_user_0006_s0236"", ""mdgo_v05_sof_user_0006_s0280"", ""mdgo_v05_sof_user_0006_s0124"", ""mdgo_v05_sof_user_0006_s0200"", ""mdgo_v05_sof_user_0006_s0258"", ""mdgo_v05_sof_user_0006_s0185"", ""mdgo_v05_sof_user_0006_s0223"", ""mdgo_v05_sof_user_0006_s0261""]"
mdgo_v05_sof_user_0006,software,software_docs_lookup_for_update_install,tool_action,"an install, setup, update, upgrade, patch, or version-specific issue is being handled",built_in_help_then_online,built-in help then online lookup,"check built-in help and release notes first, then go online if they do not match",False,,,5,0,0,1,1,3,0,"[""mdgo_v05_sof_user_0006_s0023"", ""mdgo_v05_sof_user_0006_s0087"", ""mdgo_v05_sof_user_0006_s0163"", ""mdgo_v05_sof_user_0006_s0234"", ""mdgo_v05_sof_user_0006_s0278"", ""mdgo_v05_sof_user_0006_s0122"", ""mdgo_v05_sof_user_0006_s0198"", ""mdgo_v05_sof_user_0006_s0108"", ""mdgo_v05_sof_user_0006_s0143"", ""mdgo_v05_sof_user_0006_s0258""]"
mdgo_v05_sof_user_0006,software,software_secure_login_password_flow,privacy_consent,"login, password reset, account access, PIN, OTP, or credential support is needed",in_app_secure_reset,in-app secure reset,use the in-app reset and never request credentials in chat,False,,,5,0,0,1,1,1,0,"[""mdgo_v05_sof_user_0006_s0027"", ""mdgo_v05_sof_user_0006_s0091"", ""mdgo_v05_sof_user_0006_s0167"", ""mdgo_v05_sof_user_0006_s0238"", ""mdgo_v05_sof_user_0006_s0282"", ""mdgo_v05_sof_user_0006_s0126"", ""mdgo_v05_sof_user_0006_s0202"", ""mdgo_v05_sof_user_0006_s0178""]"
mdgo_v05_sof_user_0006,software,software_backup_before_risky_change,risk_threshold,"an update, reset, rollback, reinstall, migration, or destructive configuration change may affect data",staged_rollout_checkpoint,staged rollout with rollback checkpoint,use a staged rollout with an explicit rollback checkpoint,True,config_export_restore_test,configuration export and restore test,0,2,3,0,1,2,0,"[""mdgo_v05_sof_user_0006_s0016"", ""mdgo_v05_sof_user_0006_s0051"", ""mdgo_v05_sof_user_0006_s0207"", ""mdgo_v05_sof_user_0006_s0271"", ""mdgo_v05_sof_user_0006_s0300"", ""mdgo_v05_sof_user_0006_s0287"", ""mdgo_v05_sof_user_0006_s0108"", ""mdgo_v05_sof_user_0006_s0213""]"
mdgo_v05_sof_user_0006,software,software_collect_diagnostics_before_fix,tool_action,"a concrete software error, crash, broken feature, or failed operation is being diagnosed",environment_error_repro,"environment, error, reproduction","collect version, operating system, exact error, and reproduction path first",False,,,5,0,0,1,1,2,0,"[""mdgo_v05_sof_user_0006_s0022"", ""mdgo_v05_sof_user_0006_s0086"", ""mdgo_v05_sof_user_0006_s0162"", ""mdgo_v05_sof_user_0006_s0233"", ""mdgo_v05_sof_user_0006_s0277"", ""mdgo_v05_sof_user_0006_s0121"", ""mdgo_v05_sof_user_0006_s0197"", ""mdgo_v05_sof_user_0006_s0178"", ""mdgo_v05_sof_user_0006_s0213""]"
mdgo_v05_sof_user_0007,software,software_docs_lookup_for_update_install,tool_action,"an install, setup, update, upgrade, patch, or version-specific issue is being handled",kb_changelog_crosscheck,knowledge-base and changelog cross-check,cross-check the vendor knowledge base with the changelog,False,,,5,0,0,1,1,3,4,"[""mdgo_v05_sof_user_0007_s0025"", ""mdgo_v05_sof_user_0007_s0089"", ""mdgo_v05_sof_user_0007_s0165"", ""mdgo_v05_sof_user_0007_s0236"", ""mdgo_v05_sof_user_0007_s0280"", ""mdgo_v05_sof_user_0007_s0124"", ""mdgo_v05_sof_user_0007_s0200"", ""mdgo_v05_sof_user_0007_s0108"", ""mdgo_v05_sof_user_0007_s0213"", ""mdgo_v05_sof_user_0007_s0258"", ""mdgo_v05_sof_user_0007_s0185"", ""mdgo_v05_sof_user_0007_s0223"", ""mdgo_v05_sof_user_0007_s0261"", ""mdgo_v05_sof_user_0007_s0287""]"
mdgo_v05_sof_user_0007,software,software_secure_login_password_flow,privacy_consent,"login, password reset, account access, PIN, OTP, or credential support is needed",verified_browser_device_approval,verified browser plus device approval,use the verified browser portal and device approval,False,,,5,0,0,1,1,3,0,"[""mdgo_v05_sof_user_0007_s0023"", ""mdgo_v05_sof_user_0007_s0087"", ""mdgo_v05_sof_user_0007_s0163"", ""mdgo_v05_sof_user_0007_s0234"", ""mdgo_v05_sof_user_0007_s0278"", ""mdgo_v05_sof_user_0007_s0122"", ""mdgo_v05_sof_user_0007_s0198"", ""mdgo_v05_sof_user_0007_s0143"", ""mdgo_v05_sof_user_0007_s0248"", ""mdgo_v05_sof_user_0007_s0258""]"
mdgo_v05_sof_user_0007,software,software_backup_before_risky_change,risk_threshold,"an update, reset, rollback, reinstall, migration, or destructive configuration change may affect data",full_backup_restore_point,full backup and restore point,verify a full backup or restore point before approval,False,,,5,0,0,1,1,2,0,"[""mdgo_v05_sof_user_0007_s0026"", ""mdgo_v05_sof_user_0007_s0090"", ""mdgo_v05_sof_user_0007_s0166"", ""mdgo_v05_sof_user_0007_s0237"", ""mdgo_v05_sof_user_0007_s0281"", ""mdgo_v05_sof_user_0007_s0125"", ""mdgo_v05_sof_user_0007_s0201"", ""mdgo_v05_sof_user_0007_s0108"", ""mdgo_v05_sof_user_0007_s0258""]"
mdgo_v05_sof_user_0007,software,software_collect_diagnostics_before_fix,tool_action,"a concrete software error, crash, broken feature, or failed operation is being diagnosed",clean_profile_reproduction,clean-profile reproduction,reproduce in a clean profile before changing the main setup,True,consented_diagnostic_bundle,consented minimal diagnostic bundle,0,2,3,0,1,2,3,"[""mdgo_v05_sof_user_0007_s0017"", ""mdgo_v05_sof_user_0007_s0052"", ""mdgo_v05_sof_user_0007_s0208"", ""mdgo_v05_sof_user_0007_s0272"", ""mdgo_v05_sof_user_0007_s0301"", ""mdgo_v05_sof_user_0007_s0288"", ""mdgo_v05_sof_user_0007_s0178"", ""mdgo_v05_sof_user_0007_s0248"", ""mdgo_v05_sof_user_0007_s0185"", ""mdgo_v05_sof_user_0007_s0223"", ""mdgo_v05_sof_user_0007_s0261""]"
mdgo_v05_sof_user_0007,software,software_one_try_then_escalate,drift_seasonality,a focused software fix has already failed once or the issue is recurring,reproducible_blocker_immediate_escalation,immediate escalation for reproducible blockers,escalate immediately once the blocker is reproducible and evidence is complete,False,,,5,0,0,1,1,2,1,"[""mdgo_v05_sof_user_0007_s0024"", ""mdgo_v05_sof_user_0007_s0088"", ""mdgo_v05_sof_user_0007_s0164"", ""mdgo_v05_sof_user_0007_s0235"", ""mdgo_v05_sof_user_0007_s0279"", ""mdgo_v05_sof_user_0007_s0123"", ""mdgo_v05_sof_user_0007_s0199"", ""mdgo_v05_sof_user_0007_s0143"", ""mdgo_v05_sof_user_0007_s0178"", ""mdgo_v05_sof_user_0007_s0287""]"
mdgo_v05_sof_user_0007,software,software_platform_specific_steps,format_style,"the user needs setup, installation, configuration, onboarding, or first-use help",gui_command_pairing,GUI and command pairing,pair each GUI path with an equivalent command where available,True,step_result_rollback_table,step/result/rollback table,0,2,4,1,1,1,1,"[""mdgo_v05_sof_user_0007_s0021"", ""mdgo_v05_sof_user_0007_s0056"", ""mdgo_v05_sof_user_0007_s0212"", ""mdgo_v05_sof_user_0007_s0241"", ""mdgo_v05_sof_user_0007_s0276"", ""mdgo_v05_sof_user_0007_s0305"", ""mdgo_v05_sof_user_0007_s0129"", ""mdgo_v05_sof_user_0007_s0292"", ""mdgo_v05_sof_user_0007_s0213"", ""mdgo_v05_sof_user_0007_s0287""]"
mdgo_v05_sof_user_0008,software,software_platform_specific_steps,format_style,"the user needs setup, installation, configuration, onboarding, or first-use help",numbered_menu_steps,numbered menu steps,give short numbered menu steps with checkpoints,True,gui_command_pairing,GUI and command pairing,0,2,4,1,1,2,3,"[""mdgo_v05_sof_user_0008_s0020"", ""mdgo_v05_sof_user_0008_s0055"", ""mdgo_v05_sof_user_0008_s0211"", ""mdgo_v05_sof_user_0008_s0240"", ""mdgo_v05_sof_user_0008_s0275"", ""mdgo_v05_sof_user_0008_s0304"", ""mdgo_v05_sof_user_0008_s0128"", ""mdgo_v05_sof_user_0008_s0291"", ""mdgo_v05_sof_user_0008_s0143"", ""mdgo_v05_sof_user_0008_s0258"", ""mdgo_v05_sof_user_0008_s0185"", ""mdgo_v05_sof_user_0008_s0223"", ""mdgo_v05_sof_user_0008_s0261""]"
mdgo_v05_sof_user_0008,software,software_ticket_receipt_summary,format_style,"a bug report, support ticket, or incident has actually been submitted",timeline_handoff_receipt,timeline and handoff receipt,provide a short timeline followed by the handoff details,False,,,5,0,0,1,1,1,4,"[""mdgo_v05_sof_user_0008_s0024"", ""mdgo_v05_sof_user_0008_s0088"", ""mdgo_v05_sof_user_0008_s0164"", ""mdgo_v05_sof_user_0008_s0235"", ""mdgo_v05_sof_user_0008_s0279"", ""mdgo_v05_sof_user_0008_s0123"", ""mdgo_v05_sof_user_0008_s0199"", ""mdgo_v05_sof_user_0008_s0258"", ""mdgo_v05_sof_user_0008_s0185"", ""mdgo_v05_sof_user_0008_s0223"", ""mdgo_v05_sof_user_0008_s0261"", ""mdgo_v05_sof_user_0008_s0287""]"
mdgo_v05_sof_user_0008,software,software_docs_lookup_for_update_install,tool_action,"an install, setup, update, upgrade, patch, or version-specific issue is being handled",compatibility_known_issues,compatibility matrix and known issues,verify the compatibility matrix and current known-issues page,False,,,5,0,0,1,1,3,1,"[""mdgo_v05_sof_user_0008_s0027"", ""mdgo_v05_sof_user_0008_s0091"", ""mdgo_v05_sof_user_0008_s0167"", ""mdgo_v05_sof_user_0008_s0238"", ""mdgo_v05_sof_user_0008_s0282"", ""mdgo_v05_sof_user_0008_s0126"", ""mdgo_v05_sof_user_0008_s0202"", ""mdgo_v05_sof_user_0008_s0108"", ""mdgo_v05_sof_user_0008_s0143"", ""mdgo_v05_sof_user_0008_s0258"", ""mdgo_v05_sof_user_0008_s0287""]"
mdgo_v05_sof_user_0008,software,software_secure_login_password_flow,privacy_consent,"login, password reset, account access, PIN, OTP, or credential support is needed",authenticated_app_callback,authenticated-app callback,initiate a recovery callback from the authenticated app,False,,,0,0,0,0,0,1,0,"[""mdgo_v05_sof_user_0008_s0178""]"
mdgo_v05_sof_user_0008,software,software_backup_before_risky_change,risk_threshold,"an update, reset, rollback, reinstall, migration, or destructive configuration change may affect data",config_export_restore_test,configuration export and restore test,export configuration and test that it can be restored,True,staged_rollout_checkpoint,staged rollout with rollback checkpoint,0,2,4,1,1,2,1,"[""mdgo_v05_sof_user_0008_s0019"", ""mdgo_v05_sof_user_0008_s0054"", ""mdgo_v05_sof_user_0008_s0210"", ""mdgo_v05_sof_user_0008_s0239"", ""mdgo_v05_sof_user_0008_s0274"", ""mdgo_v05_sof_user_0008_s0303"", ""mdgo_v05_sof_user_0008_s0127"", ""mdgo_v05_sof_user_0008_s0290"", ""mdgo_v05_sof_user_0008_s0108"", ""mdgo_v05_sof_user_0008_s0213"", ""mdgo_v05_sof_user_0008_s0287""]"
mdgo_v05_sof_user_0008,software,software_collect_diagnostics_before_fix,tool_action,"a concrete software error, crash, broken feature, or failed operation is being diagnosed",consented_diagnostic_bundle,consented minimal diagnostic bundle,collect a minimal diagnostic bundle with consent,False,,,4,0,0,0,1,2,0,"[""mdgo_v05_sof_user_0008_s0028"", ""mdgo_v05_sof_user_0008_s0092"", ""mdgo_v05_sof_user_0008_s0168"", ""mdgo_v05_sof_user_0008_s0283"", ""mdgo_v05_sof_user_0008_s0203"", ""mdgo_v05_sof_user_0008_s0178"", ""mdgo_v05_sof_user_0008_s0213""]"
