decision_unit_id,user_id,domain,habit_id,decision_evidence_session_ids_json,reuse_count,probe_ids_json
mdgo_v13_du_00a970055d2e1e49,mdgo_v05_fin_user_0022,finance,finance_minimal_pii_secure_verification,"[""mdgo_v05_fin_user_0022_s0020"", ""mdgo_v05_fin_user_0022_s0269""]",11,"[""mdgo_v11_probe_000435"", ""mdgo_v11_probe_000462"", ""mdgo_v11_probe_000667"", ""mdgo_v11_probe_000717"", ""mdgo_v11_probe_000879"", ""mdgo_v11_probe_000950"", ""mdgo_v11_probe_001386"", ""mdgo_v11_probe_001394"", ""mdgo_v11_probe_001490"", ""mdgo_v11_probe_001621"", ""mdgo_v11_probe_001725""]"
mdgo_v13_du_00b244ab265e5de8,mdgo_v05_fin_user_0019,finance,finance_balance_statement_summary_first,"[""mdgo_v05_fin_user_0019_s0026"", ""mdgo_v05_fin_user_0019_s0272""]",6,"[""mdgo_v11_probe_000086"", ""mdgo_v11_probe_000137"", ""mdgo_v11_probe_000513"", ""mdgo_v11_probe_000752"", ""mdgo_v11_probe_001485"", ""mdgo_v11_probe_002026""]"
mdgo_v13_du_01b81ca064bae6a5,mdgo_v07_sof_user_0017,software,software_secure_login_password_flow,"[""mdgo_v07_sof_user_0017_s0284"", ""mdgo_v07_sof_user_0017_s0536""]",5,"[""mdgo_v11_probe_000184"", ""mdgo_v11_probe_000499"", ""mdgo_v11_probe_000623"", ""mdgo_v11_probe_000910"", ""mdgo_v11_probe_001221""]"
mdgo_v13_du_02906a0085af610f,mdgo_v05_fin_user_0006,finance,finance_balance_statement_summary_first,"[""mdgo_v05_fin_user_0006_s0278"", ""mdgo_v05_fin_user_0006_s0533""]",29,"[""mdgo_v11_probe_000019"", ""mdgo_v11_probe_000023"", ""mdgo_v11_probe_000133"", ""mdgo_v11_probe_000274"", ""mdgo_v11_probe_000276"", ""mdgo_v11_probe_000293"", ""mdgo_v11_probe_000304"", ""mdgo_v11_probe_000313"", ""mdgo_v11_probe_000378"", ""mdgo_v11_probe_000505"", ""mdgo_v11_probe_000529"", ""mdgo_v11_probe_000541"", ""mdgo_v11_probe_000773"", ""mdgo_v11_probe_000787"", ""mdgo_v11_probe_000815"", ""mdgo_v11_probe_000926"", ""mdgo_v11_probe_000985"", ""mdgo_v11_probe_001078"", ""mdgo_v11_probe_001085"", ""mdgo_v11_probe_001223"", ""mdgo_v11_probe_001225"", ""mdgo_v11_probe_001230"", ""mdgo_v11_probe_001307"", ""mdgo_v11_probe_001675"", ""mdgo_v11_probe_001704"", ""mdgo_v11_probe_001842"", ""mdgo_v11_probe_001928"", ""mdgo_v11_probe_001952"", ""mdgo_v11_probe_001958""]"
mdgo_v13_du_037efe88f03d3b73,mdgo_v05_fin_user_0001,finance,finance_balance_statement_summary_first,"[""mdgo_v05_fin_user_0001_s0026"", ""mdgo_v05_fin_user_0001_s0272""]",12,"[""mdgo_v11_probe_000572"", ""mdgo_v11_probe_000874"", ""mdgo_v11_probe_000922"", ""mdgo_v11_probe_001040"", ""mdgo_v11_probe_001042"", ""mdgo_v11_probe_001128"", ""mdgo_v11_probe_001198"", ""mdgo_v11_probe_001332"", ""mdgo_v11_probe_001467"", ""mdgo_v11_probe_001711"", ""mdgo_v11_probe_001825"", ""mdgo_v11_probe_002041""]"
mdgo_v13_du_03e9394381f77f99,mdgo_v05_fin_user_0011,finance,finance_fee_dispute_evidence_then_case,"[""mdgo_v05_fin_user_0011_s0286"", ""mdgo_v05_fin_user_0011_s0537""]",16,"[""mdgo_v11_probe_000041"", ""mdgo_v11_probe_000065"", ""mdgo_v11_probe_000119"", ""mdgo_v11_probe_000334"", ""mdgo_v11_probe_000455"", ""mdgo_v11_probe_000520"", ""mdgo_v11_probe_000581"", ""mdgo_v11_probe_000632"", ""mdgo_v11_probe_000777"", ""mdgo_v11_probe_000977"", ""mdgo_v11_probe_000998"", ""mdgo_v11_probe_001348"", ""mdgo_v11_probe_001439"", ""mdgo_v11_probe_001556"", ""mdgo_v11_probe_001691"", ""mdgo_v11_probe_001963""]"
mdgo_v13_du_04cdca5b0340eb62,mdgo_v05_sof_user_0007,software,software_platform_specific_steps,"[""mdgo_v05_sof_user_0007_s0032"", ""mdgo_v05_sof_user_0007_s0275""]",11,"[""mdgo_v11_probe_000061"", ""mdgo_v11_probe_000350"", ""mdgo_v11_probe_000536"", ""mdgo_v11_probe_000638"", ""mdgo_v11_probe_000860"", ""mdgo_v11_probe_000864"", ""mdgo_v11_probe_001006"", ""mdgo_v11_probe_001350"", ""mdgo_v11_probe_001414"", ""mdgo_v11_probe_001447"", ""mdgo_v11_probe_001453""]"
mdgo_v13_du_04f9a4eb6e1870cf,mdgo_v07_sof_user_0010,software,software_collect_diagnostics_before_fix,"[""mdgo_v07_sof_user_0010_s0278"", ""mdgo_v07_sof_user_0010_s0533""]",14,"[""mdgo_v11_probe_000011"", ""mdgo_v11_probe_000044"", ""mdgo_v11_probe_000425"", ""mdgo_v11_probe_000444"", ""mdgo_v11_probe_000704"", ""mdgo_v11_probe_000885"", ""mdgo_v11_probe_000913"", ""mdgo_v11_probe_001152"", ""mdgo_v11_probe_001306"", ""mdgo_v11_probe_001329"", ""mdgo_v11_probe_001417"", ""mdgo_v11_probe_001592"", ""mdgo_v11_probe_001831"", ""mdgo_v11_probe_001846""]"
mdgo_v13_du_0677f3f662a0c7f5,mdgo_v05_fin_user_0032,finance,finance_confirm_money_movement,"[""mdgo_v05_fin_user_0032_s0014"", ""mdgo_v05_fin_user_0032_s0266""]",11,"[""mdgo_v11_probe_000185"", ""mdgo_v11_probe_000192"", ""mdgo_v11_probe_000437"", ""mdgo_v11_probe_000463"", ""mdgo_v11_probe_000476"", ""mdgo_v11_probe_000869"", ""mdgo_v11_probe_001021"", ""mdgo_v11_probe_001293"", ""mdgo_v11_probe_001325"", ""mdgo_v11_probe_001638"", ""mdgo_v11_probe_001641""]"
mdgo_v13_du_07328f039b85173e,mdgo_v07_sof_user_0011,software,software_one_try_then_escalate,"[""mdgo_v07_sof_user_0011_s0282"", ""mdgo_v07_sof_user_0011_s0535""]",8,"[""mdgo_v11_probe_000037"", ""mdgo_v11_probe_000135"", ""mdgo_v11_probe_000501"", ""mdgo_v11_probe_000722"", ""mdgo_v11_probe_001201"", ""mdgo_v11_probe_001645"", ""mdgo_v11_probe_001929"", ""mdgo_v11_probe_001965""]"
mdgo_v13_du_0791f8ecc6d6f6a1,mdgo_v05_fin_user_0017,finance,finance_payment_status_latest_check,"[""mdgo_v05_fin_user_0017_s0008"", ""mdgo_v05_fin_user_0017_s0263""]",14,"[""mdgo_v11_probe_000354"", ""mdgo_v11_probe_000549"", ""mdgo_v11_probe_000770"", ""mdgo_v11_probe_000793"", ""mdgo_v11_probe_000853"", ""mdgo_v11_probe_000930"", ""mdgo_v11_probe_001253"", ""mdgo_v11_probe_001272"", ""mdgo_v11_probe_001665"", ""mdgo_v11_probe_001687"", ""mdgo_v11_probe_001766"", ""mdgo_v11_probe_001805"", ""mdgo_v11_probe_001874"", ""mdgo_v11_probe_001973""]"
mdgo_v13_du_08ff45e999aed78c,mdgo_v05_fin_user_0023,finance,finance_fee_dispute_evidence_then_case,"[""mdgo_v05_fin_user_0023_s0282"", ""mdgo_v05_fin_user_0023_s0535""]",12,"[""mdgo_v11_probe_000055"", ""mdgo_v11_probe_000091"", ""mdgo_v11_probe_000231"", ""mdgo_v11_probe_000719"", ""mdgo_v11_probe_000845"", ""mdgo_v11_probe_001076"", ""mdgo_v11_probe_001232"", ""mdgo_v11_probe_001261"", ""mdgo_v11_probe_001357"", ""mdgo_v11_probe_001577"", ""mdgo_v11_probe_001881"", ""mdgo_v11_probe_002024""]"
mdgo_v13_du_0937c4039bf83a08,mdgo_v05_fin_user_0009,finance,finance_credit_loan_cautious_no_commitment,"[""mdgo_v05_fin_user_0009_s0278"", ""mdgo_v05_fin_user_0009_s0533""]",23,"[""mdgo_v11_probe_000007"", ""mdgo_v11_probe_000058"", ""mdgo_v11_probe_000079"", ""mdgo_v11_probe_000144"", ""mdgo_v11_probe_000205"", ""mdgo_v11_probe_000250"", ""mdgo_v11_probe_000271"", ""mdgo_v11_probe_000397"", ""mdgo_v11_probe_000466"", ""mdgo_v11_probe_001015"", ""mdgo_v11_probe_001065"", ""mdgo_v11_probe_001075"", ""mdgo_v11_probe_001131"", ""mdgo_v11_probe_001193"", ""mdgo_v11_probe_001336"", ""mdgo_v11_probe_001342"", ""mdgo_v11_probe_001483"", ""mdgo_v11_probe_001585"", ""mdgo_v11_probe_001667"", ""mdgo_v11_probe_001727"", ""mdgo_v11_probe_001765"", ""mdgo_v11_probe_001792"", ""mdgo_v11_probe_001909""]"
mdgo_v13_du_09c6fefd15a4a97a,mdgo_v05_fin_user_0027,finance,finance_fee_dispute_evidence_then_case,"[""mdgo_v05_fin_user_0027_s0284"", ""mdgo_v05_fin_user_0027_s0536""]",12,"[""mdgo_v11_probe_000087"", ""mdgo_v11_probe_000196"", ""mdgo_v11_probe_000225"", ""mdgo_v11_probe_000759"", ""mdgo_v11_probe_001057"", ""mdgo_v11_probe_001100"", ""mdgo_v11_probe_001150"", ""mdgo_v11_probe_001573"", ""mdgo_v11_probe_001597"", ""mdgo_v11_probe_001617"", ""mdgo_v11_probe_001661"", ""mdgo_v11_probe_001935""]"
mdgo_v13_du_0a0dd2c1df2e4c2c,mdgo_v05_fin_user_0027,finance,finance_minimal_pii_secure_verification,"[""mdgo_v05_fin_user_0027_s0020"", ""mdgo_v05_fin_user_0027_s0269""]",7,"[""mdgo_v11_probe_000038"", ""mdgo_v11_probe_000087"", ""mdgo_v11_probe_000225"", ""mdgo_v11_probe_000235"", ""mdgo_v11_probe_001051"", ""mdgo_v11_probe_001387"", ""mdgo_v11_probe_001390""]"
mdgo_v13_du_0a3183e0be7ceba5,mdgo_v05_fin_user_0019,finance,finance_fraud_lost_card_urgent_escalation,"[""mdgo_v05_fin_user_0019_s0276"", ""mdgo_v05_fin_user_0019_s0532""]",19,"[""mdgo_v11_probe_000086"", ""mdgo_v11_probe_000269"", ""mdgo_v11_probe_000384"", ""mdgo_v11_probe_000460"", ""mdgo_v11_probe_000865"", ""mdgo_v11_probe_000896"", ""mdgo_v11_probe_000918"", ""mdgo_v11_probe_000956"", ""mdgo_v11_probe_001169"", ""mdgo_v11_probe_001266"", ""mdgo_v11_probe_001362"", ""mdgo_v11_probe_001415"", ""mdgo_v11_probe_001679"", ""mdgo_v11_probe_001775"", ""mdgo_v11_probe_001879"", ""mdgo_v11_probe_001906"", ""mdgo_v11_probe_001979"", ""mdgo_v11_probe_002026"", ""mdgo_v11_probe_002034""]"
mdgo_v13_du_0ad8b87a6f0dce82,mdgo_v05_fin_user_0020,finance,finance_confirm_card_account_changes,"[""mdgo_v05_fin_user_0020_s0032"", ""mdgo_v05_fin_user_0020_s0275""]",15,"[""mdgo_v11_probe_000072"", ""mdgo_v11_probe_000166"", ""mdgo_v11_probe_000326"", ""mdgo_v11_probe_000543"", ""mdgo_v11_probe_000558"", ""mdgo_v11_probe_001009"", ""mdgo_v11_probe_001056"", ""mdgo_v11_probe_001204"", ""mdgo_v11_probe_001384"", ""mdgo_v11_probe_001464"", ""mdgo_v11_probe_001732"", ""mdgo_v11_probe_001804"", ""mdgo_v11_probe_001911"", ""mdgo_v11_probe_001942"", ""mdgo_v11_probe_001987""]"
mdgo_v13_du_0b98b3ae1910bbbb,mdgo_v05_sof_user_0000,software,software_ticket_receipt_summary,"[""mdgo_v05_sof_user_0000_s0020"", ""mdgo_v05_sof_user_0000_s0269""]",3,"[""mdgo_v11_probe_000594"", ""mdgo_v11_probe_001234"", ""mdgo_v11_probe_001470""]"
mdgo_v13_du_0c51096a6f3067f6,mdgo_v05_sof_user_0003,software,software_backup_before_risky_change,"[""mdgo_v05_sof_user_0003_s0032"", ""mdgo_v05_sof_user_0003_s0275""]",17,"[""mdgo_v11_probe_000028"", ""mdgo_v11_probe_000084"", ""mdgo_v11_probe_000240"", ""mdgo_v11_probe_000343"", ""mdgo_v11_probe_000550"", ""mdgo_v11_probe_000552"", ""mdgo_v11_probe_000810"", ""mdgo_v11_probe_000817"", ""mdgo_v11_probe_001130"", ""mdgo_v11_probe_001333"", ""mdgo_v11_probe_001408"", ""mdgo_v11_probe_001488"", ""mdgo_v11_probe_001822"", ""mdgo_v11_probe_001832"", ""mdgo_v11_probe_001884"", ""mdgo_v11_probe_001977"", ""mdgo_v11_probe_001994""]"
mdgo_v13_du_0c9d0311152ddde4,mdgo_v05_fin_user_0008,finance,finance_fraud_lost_card_urgent_escalation,"[""mdgo_v05_fin_user_0008_s0008"", ""mdgo_v05_fin_user_0008_s0263""]",11,"[""mdgo_v11_probe_000253"", ""mdgo_v11_probe_000685"", ""mdgo_v11_probe_000706"", ""mdgo_v11_probe_000829"", ""mdgo_v11_probe_000877"", ""mdgo_v11_probe_000900"", ""mdgo_v11_probe_000911"", ""mdgo_v11_probe_001277"", ""mdgo_v11_probe_001550"", ""mdgo_v11_probe_001771"", ""mdgo_v11_probe_001898""]"
mdgo_v13_du_0cc74db267272900,mdgo_v05_fin_user_0011,finance,finance_credit_loan_cautious_no_commitment,"[""mdgo_v05_fin_user_0011_s0014"", ""mdgo_v05_fin_user_0011_s0266""]",4,"[""mdgo_v11_probe_000147"", ""mdgo_v11_probe_000201"", ""mdgo_v11_probe_000282"", ""mdgo_v11_probe_001836""]"
mdgo_v13_du_0ce03a66973bd042,mdgo_v05_sof_user_0007,software,software_docs_lookup_for_update_install,"[""mdgo_v05_sof_user_0007_s0002"", ""mdgo_v05_sof_user_0007_s0260""]",7,"[""mdgo_v11_probe_000536"", ""mdgo_v11_probe_000860"", ""mdgo_v11_probe_000864"", ""mdgo_v11_probe_001302"", ""mdgo_v11_probe_001366"", ""mdgo_v11_probe_001482"", ""mdgo_v11_probe_001920""]"
mdgo_v13_du_0d12cd4b1526d3c3,mdgo_v05_fin_user_0014,finance,finance_payment_status_latest_check,"[""mdgo_v05_fin_user_0014_s0280"", ""mdgo_v05_fin_user_0014_s0534""]",20,"[""mdgo_v11_probe_000025"", ""mdgo_v11_probe_000182"", ""mdgo_v11_probe_000199"", ""mdgo_v11_probe_000232"", ""mdgo_v11_probe_000482"", ""mdgo_v11_probe_000600"", ""mdgo_v11_probe_000669"", ""mdgo_v11_probe_000776"", ""mdgo_v11_probe_000794"", ""mdgo_v11_probe_000866"", ""mdgo_v11_probe_000870"", ""mdgo_v11_probe_000929"", ""mdgo_v11_probe_001020"", ""mdgo_v11_probe_001096"", ""mdgo_v11_probe_001292"", ""mdgo_v11_probe_001300"", ""mdgo_v11_probe_001536"", ""mdgo_v11_probe_001743"", ""mdgo_v11_probe_001757"", ""mdgo_v11_probe_001814""]"
mdgo_v13_du_0d5c0f4babc3060c,mdgo_v07_sof_user_0009,software,software_ticket_receipt_summary,"[""mdgo_v07_sof_user_0009_s0286"", ""mdgo_v07_sof_user_0009_s0537""]",14,"[""mdgo_v11_probe_000076"", ""mdgo_v11_probe_000179"", ""mdgo_v11_probe_000311"", ""mdgo_v11_probe_000484"", ""mdgo_v11_probe_000971"", ""mdgo_v11_probe_001023"", ""mdgo_v11_probe_001039"", ""mdgo_v11_probe_001121"", ""mdgo_v11_probe_001185"", ""mdgo_v11_probe_001194"", ""mdgo_v11_probe_001403"", ""mdgo_v11_probe_001899"", ""mdgo_v11_probe_001923"", ""mdgo_v11_probe_001925""]"
mdgo_v13_du_0f142d7faab7313c,mdgo_v05_fin_user_0027,finance,finance_confirm_money_movement,"[""mdgo_v05_fin_user_0027_s0014"", ""mdgo_v05_fin_user_0027_s0266""]",15,"[""mdgo_v11_probe_000235"", ""mdgo_v11_probe_000759"", ""mdgo_v11_probe_000800"", ""mdgo_v11_probe_000828"", ""mdgo_v11_probe_001051"", ""mdgo_v11_probe_001057"", ""mdgo_v11_probe_001091"", ""mdgo_v11_probe_001100"", ""mdgo_v11_probe_001196"", ""mdgo_v11_probe_001387"", ""mdgo_v11_probe_001573"", ""mdgo_v11_probe_001617"", ""mdgo_v11_probe_001661"", ""mdgo_v11_probe_001922"", ""mdgo_v11_probe_001935""]"
mdgo_v13_du_0f48254ac115a21e,mdgo_v05_fin_user_0026,finance,finance_fee_dispute_evidence_then_case,"[""mdgo_v05_fin_user_0026_s0014"", ""mdgo_v05_fin_user_0026_s0266""]",6,"[""mdgo_v11_probe_000169"", ""mdgo_v11_probe_000625"", ""mdgo_v11_probe_000660"", ""mdgo_v11_probe_000839"", ""mdgo_v11_probe_001101"", ""mdgo_v11_probe_001251""]"
mdgo_v13_du_0f566a0c387f6ec6,mdgo_v05_fin_user_0019,finance,finance_fraud_lost_card_urgent_escalation,"[""mdgo_v05_fin_user_0019_s0002"", ""mdgo_v05_fin_user_0019_s0260""]",5,"[""mdgo_v11_probe_000714"", ""mdgo_v11_probe_001191"", ""mdgo_v11_probe_001512"", ""mdgo_v11_probe_001716"", ""mdgo_v11_probe_002031""]"
mdgo_v13_du_0f7c05e68e86cc89,mdgo_v05_fin_user_0007,finance,finance_fee_dispute_evidence_then_case,"[""mdgo_v05_fin_user_0007_s0276"", ""mdgo_v05_fin_user_0007_s0532""]",17,"[""mdgo_v11_probe_000036"", ""mdgo_v11_probe_000053"", ""mdgo_v11_probe_000068"", ""mdgo_v11_probe_000077"", ""mdgo_v11_probe_000080"", ""mdgo_v11_probe_000213"", ""mdgo_v11_probe_000412"", ""mdgo_v11_probe_000586"", ""mdgo_v11_probe_000882"", ""mdgo_v11_probe_001079"", ""mdgo_v11_probe_001104"", ""mdgo_v11_probe_001454"", ""mdgo_v11_probe_001548"", ""mdgo_v11_probe_001651"", ""mdgo_v11_probe_001722"", ""mdgo_v11_probe_001984"", ""mdgo_v11_probe_001986""]"
mdgo_v13_du_11cc48faececd3f1,mdgo_v05_fin_user_0032,finance,finance_credit_loan_cautious_no_commitment,"[""mdgo_v05_fin_user_0032_s0008"", ""mdgo_v05_fin_user_0032_s0263""]",10,"[""mdgo_v11_probe_000192"", ""mdgo_v11_probe_000376"", ""mdgo_v11_probe_000476"", ""mdgo_v11_probe_001021"", ""mdgo_v11_probe_001048"", ""mdgo_v11_probe_001498"", ""mdgo_v11_probe_001628"", ""mdgo_v11_probe_001702"", ""mdgo_v11_probe_001950"", ""mdgo_v11_probe_001967""]"
mdgo_v13_du_1317de040711454a,mdgo_v05_fin_user_0017,finance,finance_minimal_pii_secure_verification,"[""mdgo_v05_fin_user_0017_s0032"", ""mdgo_v05_fin_user_0017_s0275""]",7,"[""mdgo_v11_probe_000395"", ""mdgo_v11_probe_000969"", ""mdgo_v11_probe_001083"", ""mdgo_v11_probe_001215"", ""mdgo_v11_probe_001227"", ""mdgo_v11_probe_001471"", ""mdgo_v11_probe_001805""]"
mdgo_v13_du_13a941f3d78831b6,mdgo_v05_fin_user_0002,finance,finance_confirm_money_movement,"[""mdgo_v05_fin_user_0002_s0278"", ""mdgo_v05_fin_user_0002_s0533""]",25,"[""mdgo_v11_probe_000018"", ""mdgo_v11_probe_000026"", ""mdgo_v11_probe_000078"", ""mdgo_v11_probe_000112"", ""mdgo_v11_probe_000118"", ""mdgo_v11_probe_000483"", ""mdgo_v11_probe_000506"", ""mdgo_v11_probe_000589"", ""mdgo_v11_probe_000683"", ""mdgo_v11_probe_000715"", ""mdgo_v11_probe_000781"", ""mdgo_v11_probe_001148"", ""mdgo_v11_probe_001229"", ""mdgo_v11_probe_001268"", ""mdgo_v11_probe_001298"", ""mdgo_v11_probe_001318"", ""mdgo_v11_probe_001351"", ""mdgo_v11_probe_001517"", ""mdgo_v11_probe_001553"", ""mdgo_v11_probe_001635"", ""mdgo_v11_probe_001670"", ""mdgo_v11_probe_001741"", ""mdgo_v11_probe_001786"", ""mdgo_v11_probe_001802"", ""mdgo_v11_probe_001944""]"
mdgo_v13_du_143752629bf12ffc,mdgo_v07_sof_user_0013,software,software_ticket_receipt_summary,"[""mdgo_v07_sof_user_0013_s0286"", ""mdgo_v07_sof_user_0013_s0537""]",6,"[""mdgo_v11_probe_000687"", ""mdgo_v11_probe_001115"", ""mdgo_v11_probe_001395"", ""mdgo_v11_probe_001457"", ""mdgo_v11_probe_001955"", ""mdgo_v11_probe_002003""]"
mdgo_v13_du_14dd5cace6a69785,mdgo_v07_sof_user_0012,software,software_one_try_then_escalate,"[""mdgo_v07_sof_user_0012_s0014"", ""mdgo_v07_sof_user_0012_s0266""]",3,"[""mdgo_v11_probe_000537"", ""mdgo_v11_probe_001444"", ""mdgo_v11_probe_002001""]"
mdgo_v13_du_154429abde1fa5a6,mdgo_v07_sof_user_0016,software,software_platform_specific_steps,"[""mdgo_v07_sof_user_0016_s0282"", ""mdgo_v07_sof_user_0016_s0535""]",17,"[""mdgo_v11_probe_000254"", ""mdgo_v11_probe_000579"", ""mdgo_v11_probe_000583"", ""mdgo_v11_probe_000673"", ""mdgo_v11_probe_000798"", ""mdgo_v11_probe_000801"", ""mdgo_v11_probe_000891"", ""mdgo_v11_probe_000938"", ""mdgo_v11_probe_001166"", ""mdgo_v11_probe_001273"", ""mdgo_v11_probe_001294"", ""mdgo_v11_probe_001381"", ""mdgo_v11_probe_001627"", ""mdgo_v11_probe_001671"", ""mdgo_v11_probe_001789"", ""mdgo_v11_probe_001867"", ""mdgo_v11_probe_001936""]"
mdgo_v13_du_1556be96723b2671,mdgo_v05_sof_user_0005,software,software_backup_before_risky_change,"[""mdgo_v05_sof_user_0005_s0280"", ""mdgo_v05_sof_user_0005_s0534""]",15,"[""mdgo_v11_probe_000035"", ""mdgo_v11_probe_000181"", ""mdgo_v11_probe_000400"", ""mdgo_v11_probe_000404"", ""mdgo_v11_probe_000690"", ""mdgo_v11_probe_000721"", ""mdgo_v11_probe_000742"", ""mdgo_v11_probe_000868"", ""mdgo_v11_probe_000968"", ""mdgo_v11_probe_001081"", ""mdgo_v11_probe_001353"", ""mdgo_v11_probe_001397"", ""mdgo_v11_probe_001502"", ""mdgo_v11_probe_001778"", ""mdgo_v11_probe_001916""]"
mdgo_v13_du_15b9327c80680bca,mdgo_v05_fin_user_0032,finance,finance_balance_statement_summary_first,"[""mdgo_v05_fin_user_0032_s0002"", ""mdgo_v05_fin_user_0032_s0260""]",3,"[""mdgo_v11_probe_000162"", ""mdgo_v11_probe_000522"", ""mdgo_v11_probe_001752""]"
mdgo_v13_du_15d8ccbc0b393959,mdgo_v05_fin_user_0022,finance,finance_credit_loan_cautious_no_commitment,"[""mdgo_v05_fin_user_0022_s0008"", ""mdgo_v05_fin_user_0022_s0263""]",6,"[""mdgo_v11_probe_000255"", ""mdgo_v11_probe_000318"", ""mdgo_v11_probe_000436"", ""mdgo_v11_probe_000510"", ""mdgo_v11_probe_000950"", ""mdgo_v11_probe_001394""]"
mdgo_v13_du_15f912f51fb0fce1,mdgo_v05_fin_user_0034,finance,finance_balance_statement_summary_first,"[""mdgo_v05_fin_user_0034_s0008"", ""mdgo_v05_fin_user_0034_s0263""]",10,"[""mdgo_v11_probe_000090"", ""mdgo_v11_probe_000943"", ""mdgo_v11_probe_001008"", ""mdgo_v11_probe_001280"", ""mdgo_v11_probe_001324"", ""mdgo_v11_probe_001441"", ""mdgo_v11_probe_001601"", ""mdgo_v11_probe_001777"", ""mdgo_v11_probe_002010"", ""mdgo_v11_probe_002044""]"
mdgo_v13_du_16df76d67f63edcc,mdgo_v05_fin_user_0026,finance,finance_balance_statement_summary_first,"[""mdgo_v05_fin_user_0026_s0286"", ""mdgo_v05_fin_user_0026_s0537""]",12,"[""mdgo_v11_probe_000239"", ""mdgo_v11_probe_000243"", ""mdgo_v11_probe_000409"", ""mdgo_v11_probe_000614"", ""mdgo_v11_probe_000649"", ""mdgo_v11_probe_000723"", ""mdgo_v11_probe_000757"", ""mdgo_v11_probe_001095"", ""mdgo_v11_probe_001341"", ""mdgo_v11_probe_001737"", ""mdgo_v11_probe_001795"", ""mdgo_v11_probe_001871""]"
mdgo_v13_du_17da793e873bffe0,mdgo_v05_fin_user_0001,finance,finance_payment_status_latest_check,"[""mdgo_v05_fin_user_0001_s0280"", ""mdgo_v05_fin_user_0001_s0534""]",19,"[""mdgo_v11_probe_000198"", ""mdgo_v11_probe_000492"", ""mdgo_v11_probe_000572"", ""mdgo_v11_probe_000874"", ""mdgo_v11_probe_000922"", ""mdgo_v11_probe_001034"", ""mdgo_v11_probe_001040"", ""mdgo_v11_probe_001042"", ""mdgo_v11_probe_001128"", ""mdgo_v11_probe_001198"", ""mdgo_v11_probe_001332"", ""mdgo_v11_probe_001373"", ""mdgo_v11_probe_001608"", ""mdgo_v11_probe_001622"", ""mdgo_v11_probe_001711"", ""mdgo_v11_probe_001825"", ""mdgo_v11_probe_001985"", ""mdgo_v11_probe_002041"", ""mdgo_v11_probe_002046""]"
mdgo_v13_du_181e8dbd868c0fe6,mdgo_v05_fin_user_0030,finance,finance_confirm_card_account_changes,"[""mdgo_v05_fin_user_0030_s0014"", ""mdgo_v05_fin_user_0030_s0266""]",4,"[""mdgo_v11_probe_000738"", ""mdgo_v11_probe_000739"", ""mdgo_v11_probe_002013"", ""mdgo_v11_probe_002032""]"
mdgo_v13_du_186be8cefa3c19c8,mdgo_v05_fin_user_0005,finance,finance_fee_dispute_evidence_then_case,"[""mdgo_v05_fin_user_0005_s0020"", ""mdgo_v05_fin_user_0005_s0269""]",5,"[""mdgo_v11_probe_000296"", ""mdgo_v11_probe_000507"", ""mdgo_v11_probe_000890"", ""mdgo_v11_probe_001136"", ""mdgo_v11_probe_001693""]"
mdgo_v13_du_198e77813ef2c9c3,mdgo_v05_fin_user_0023,finance,finance_minimal_pii_secure_verification,"[""mdgo_v05_fin_user_0023_s0032"", ""mdgo_v05_fin_user_0023_s0275""]",5,"[""mdgo_v11_probe_000221"", ""mdgo_v11_probe_000231"", ""mdgo_v11_probe_000599"", ""mdgo_v11_probe_000719"", ""mdgo_v11_probe_001648""]"
mdgo_v13_du_1aaa7d8ad0fa9433,mdgo_v05_fin_user_0016,finance,finance_minimal_pii_secure_verification,"[""mdgo_v05_fin_user_0016_s0002"", ""mdgo_v05_fin_user_0016_s0260""]",6,"[""mdgo_v11_probe_000160"", ""mdgo_v11_probe_000224"", ""mdgo_v11_probe_000252"", ""mdgo_v11_probe_000630"", ""mdgo_v11_probe_001140"", ""mdgo_v11_probe_001542""]"
mdgo_v13_du_1b09ea643a8dc962,mdgo_v07_sof_user_0014,software,software_collect_diagnostics_before_fix,"[""mdgo_v07_sof_user_0014_s0278"", ""mdgo_v07_sof_user_0014_s0533""]",16,"[""mdgo_v11_probe_000047"", ""mdgo_v11_probe_000287"", ""mdgo_v11_probe_000372"", ""mdgo_v11_probe_000385"", ""mdgo_v11_probe_000403"", ""mdgo_v11_probe_000511"", ""mdgo_v11_probe_000961"", ""mdgo_v11_probe_001126"", ""mdgo_v11_probe_001337"", ""mdgo_v11_probe_001338"", ""mdgo_v11_probe_001358"", ""mdgo_v11_probe_001466"", ""mdgo_v11_probe_001492"", ""mdgo_v11_probe_001689"", ""mdgo_v11_probe_001753"", ""mdgo_v11_probe_002027""]"
mdgo_v13_du_1b71aa973533fcb3,mdgo_v05_fin_user_0000,finance,finance_confirm_money_movement,"[""mdgo_v05_fin_user_0000_s0002"", ""mdgo_v05_fin_user_0000_s0260""]",8,"[""mdgo_v11_probe_000060"", ""mdgo_v11_probe_000408"", ""mdgo_v11_probe_000803"", ""mdgo_v11_probe_000824"", ""mdgo_v11_probe_000984"", ""mdgo_v11_probe_001208"", ""mdgo_v11_probe_001487"", ""mdgo_v11_probe_001860""]"
mdgo_v13_du_1b8cbb3a7656c8e1,mdgo_v05_sof_user_0000,software,software_platform_specific_steps,"[""mdgo_v05_sof_user_0000_s0014"", ""mdgo_v05_sof_user_0000_s0266""]",10,"[""mdgo_v11_probe_000122"", ""mdgo_v11_probe_000504"", ""mdgo_v11_probe_000601"", ""mdgo_v11_probe_000756"", ""mdgo_v11_probe_000889"", ""mdgo_v11_probe_001209"", ""mdgo_v11_probe_001328"", ""mdgo_v11_probe_001368"", ""mdgo_v11_probe_001865"", ""mdgo_v11_probe_001921""]"
mdgo_v13_du_1bb6461af411331c,mdgo_v05_fin_user_0034,finance,finance_confirm_money_movement,"[""mdgo_v05_fin_user_0034_s0020"", ""mdgo_v05_fin_user_0034_s0269""]",8,"[""mdgo_v11_probe_000153"", ""mdgo_v11_probe_000346"", ""mdgo_v11_probe_000429"", ""mdgo_v11_probe_000646"", ""mdgo_v11_probe_000993"", ""mdgo_v11_probe_001002"", ""mdgo_v11_probe_001058"", ""mdgo_v11_probe_001777""]"
mdgo_v13_du_1bba350f31e1e5ea,mdgo_v05_fin_user_0024,finance,finance_confirm_card_account_changes,"[""mdgo_v05_fin_user_0024_s0020"", ""mdgo_v05_fin_user_0024_s0269""]",9,"[""mdgo_v11_probe_000108"", ""mdgo_v11_probe_000292"", ""mdgo_v11_probe_000434"", ""mdgo_v11_probe_000932"", ""mdgo_v11_probe_001054"", ""mdgo_v11_probe_001184"", ""mdgo_v11_probe_001456"", ""mdgo_v11_probe_001866"", ""mdgo_v11_probe_001875""]"
mdgo_v13_du_1de1bc69fb9c9c50,mdgo_v05_fin_user_0006,finance,finance_minimal_pii_secure_verification,"[""mdgo_v05_fin_user_0006_s0002"", ""mdgo_v05_fin_user_0006_s0260""]",5,"[""mdgo_v11_probe_000276"", ""mdgo_v11_probe_001085"", ""mdgo_v11_probe_001385"", ""mdgo_v11_probe_001704"", ""mdgo_v11_probe_001952""]"
mdgo_v13_du_1e4a563c8cc84507,mdgo_v07_sof_user_0009,software,software_collect_diagnostics_before_fix,"[""mdgo_v07_sof_user_0009_s0276"", ""mdgo_v07_sof_user_0009_s0532""]",19,"[""mdgo_v11_probe_000076"", ""mdgo_v11_probe_000290"", ""mdgo_v11_probe_000311"", ""mdgo_v11_probe_000451"", ""mdgo_v11_probe_000570"", ""mdgo_v11_probe_000612"", ""mdgo_v11_probe_000670"", ""mdgo_v11_probe_000678"", ""mdgo_v11_probe_000689"", ""mdgo_v11_probe_001023"", ""mdgo_v11_probe_001039"", ""mdgo_v11_probe_001356"", ""mdgo_v11_probe_001378"", ""mdgo_v11_probe_001672"", ""mdgo_v11_probe_001899"", ""mdgo_v11_probe_001923"", ""mdgo_v11_probe_001927"", ""mdgo_v11_probe_001934"", ""mdgo_v11_probe_001993""]"
mdgo_v13_du_1e6cf687e7658108,mdgo_v05_fin_user_0003,finance,finance_fraud_lost_card_urgent_escalation,"[""mdgo_v05_fin_user_0003_s0008"", ""mdgo_v05_fin_user_0003_s0263""]",7,"[""mdgo_v11_probe_000538"", ""mdgo_v11_probe_000654"", ""mdgo_v11_probe_000846"", ""mdgo_v11_probe_000876"", ""mdgo_v11_probe_001422"", ""mdgo_v11_probe_001629"", ""mdgo_v11_probe_001941""]"
mdgo_v13_du_1ed6267a08945e19,mdgo_v05_fin_user_0000,finance,finance_fraud_lost_card_urgent_escalation,"[""mdgo_v05_fin_user_0000_s0286"", ""mdgo_v05_fin_user_0000_s0537""]",18,"[""mdgo_v11_probe_000121"", ""mdgo_v11_probe_000299"", ""mdgo_v11_probe_000380"", ""mdgo_v11_probe_000388"", ""mdgo_v11_probe_000430"", ""mdgo_v11_probe_000439"", ""mdgo_v11_probe_000635"", ""mdgo_v11_probe_001144"", ""mdgo_v11_probe_001187"", ""mdgo_v11_probe_001267"", ""mdgo_v11_probe_001269"", ""mdgo_v11_probe_001319"", ""mdgo_v11_probe_001421"", ""mdgo_v11_probe_001497"", ""mdgo_v11_probe_001713"", ""mdgo_v11_probe_001738"", ""mdgo_v11_probe_001785"", ""mdgo_v11_probe_001820""]"
mdgo_v13_du_1ee45c8613021bde,mdgo_v05_fin_user_0013,finance,finance_confirm_card_account_changes,"[""mdgo_v05_fin_user_0013_s0026"", ""mdgo_v05_fin_user_0013_s0272""]",15,"[""mdgo_v11_probe_000097"", ""mdgo_v11_probe_000148"", ""mdgo_v11_probe_000365"", ""mdgo_v11_probe_000905"", ""mdgo_v11_probe_000999"", ""mdgo_v11_probe_001127"", ""mdgo_v11_probe_001183"", ""mdgo_v11_probe_001257"", ""mdgo_v11_probe_001288"", ""mdgo_v11_probe_001316"", ""mdgo_v11_probe_001420"", ""mdgo_v11_probe_001504"", ""mdgo_v11_probe_001603"", ""mdgo_v11_probe_001823"", ""mdgo_v11_probe_001891""]"
mdgo_v13_du_1f038cc601226d3a,mdgo_v07_sof_user_0013,software,software_collect_diagnostics_before_fix,"[""mdgo_v07_sof_user_0013_s0008"", ""mdgo_v07_sof_user_0013_s0263""]",10,"[""mdgo_v11_probe_000189"", ""mdgo_v11_probe_000456"", ""mdgo_v11_probe_000648"", ""mdgo_v11_probe_001190"", ""mdgo_v11_probe_001314"", ""mdgo_v11_probe_001528"", ""mdgo_v11_probe_001596"", ""mdgo_v11_probe_001626"", ""mdgo_v11_probe_001837"", ""mdgo_v11_probe_002008""]"
mdgo_v13_du_202c142e4da3e4cd,mdgo_v07_sof_user_0014,software,software_backup_before_risky_change,"[""mdgo_v07_sof_user_0014_s0002"", ""mdgo_v07_sof_user_0014_s0260""]",6,"[""mdgo_v11_probe_000405"", ""mdgo_v11_probe_001260"", ""mdgo_v11_probe_001320"", ""mdgo_v11_probe_001371"", ""mdgo_v11_probe_001692"", ""mdgo_v11_probe_001728""]"
mdgo_v13_du_2191661e9046a03d,mdgo_v05_fin_user_0027,finance,finance_payment_status_latest_check,"[""mdgo_v05_fin_user_0027_s0032"", ""mdgo_v05_fin_user_0027_s0275""]",1,"[""mdgo_v11_probe_001114""]"
mdgo_v13_du_21b762d81b54b88c,mdgo_v07_sof_user_0012,software,software_backup_before_risky_change,"[""mdgo_v07_sof_user_0012_s0276"", ""mdgo_v07_sof_user_0012_s0532""]",18,"[""mdgo_v11_probe_000310"", ""mdgo_v11_probe_000497"", ""mdgo_v11_probe_000644"", ""mdgo_v11_probe_000797"", ""mdgo_v11_probe_000970"", ""mdgo_v11_probe_000991"", ""mdgo_v11_probe_001073"", ""mdgo_v11_probe_001164"", ""mdgo_v11_probe_001255"", ""mdgo_v11_probe_001444"", ""mdgo_v11_probe_001582"", ""mdgo_v11_probe_001594"", ""mdgo_v11_probe_001763"", ""mdgo_v11_probe_001806"", ""mdgo_v11_probe_001850"", ""mdgo_v11_probe_001907"", ""mdgo_v11_probe_001926"", ""mdgo_v11_probe_002019""]"
mdgo_v13_du_21c93d698c20aaa1,mdgo_v05_fin_user_0016,finance,finance_balance_statement_summary_first,"[""mdgo_v05_fin_user_0016_s0278"", ""mdgo_v05_fin_user_0016_s0533""]",24,"[""mdgo_v11_probe_000020"", ""mdgo_v11_probe_000160"", ""mdgo_v11_probe_000224"", ""mdgo_v11_probe_000252"", ""mdgo_v11_probe_000336"", ""mdgo_v11_probe_000407"", ""mdgo_v11_probe_000481"", ""mdgo_v11_probe_000525"", ""mdgo_v11_probe_000630"", ""mdgo_v11_probe_000664"", ""mdgo_v11_probe_000675"", ""mdgo_v11_probe_000698"", ""mdgo_v11_probe_000751"", ""mdgo_v11_probe_000775"", ""mdgo_v11_probe_000903"", ""mdgo_v11_probe_000983"", ""mdgo_v11_probe_001179"", ""mdgo_v11_probe_001226"", ""mdgo_v11_probe_001233"", ""mdgo_v11_probe_001297"", ""mdgo_v11_probe_001405"", ""mdgo_v11_probe_001516"", ""mdgo_v11_probe_001750"", ""mdgo_v11_probe_001895""]"
mdgo_v13_du_21cd4cdaaab9b3f7,mdgo_v05_fin_user_0020,finance,finance_confirm_money_movement,"[""mdgo_v05_fin_user_0020_s0008"", ""mdgo_v05_fin_user_0020_s0263""]",3,"[""mdgo_v11_probe_000543"", ""mdgo_v11_probe_001558"", ""mdgo_v11_probe_001911""]"
mdgo_v13_du_221c551a7cf99286,mdgo_v05_sof_user_0004,software,software_ticket_receipt_summary,"[""mdgo_v05_sof_user_0004_s0026"", ""mdgo_v05_sof_user_0004_s0272""]",7,"[""mdgo_v11_probe_000040"", ""mdgo_v11_probe_000598"", ""mdgo_v11_probe_000914"", ""mdgo_v11_probe_001118"", ""mdgo_v11_probe_001262"", ""mdgo_v11_probe_001590"", ""mdgo_v11_probe_001620""]"
mdgo_v13_du_225d3dbd9b414a5a,mdgo_v05_fin_user_0032,finance,finance_balance_statement_summary_first,"[""mdgo_v05_fin_user_0032_s0276"", ""mdgo_v05_fin_user_0032_s0532""]",18,"[""mdgo_v11_probe_000074"", ""mdgo_v11_probe_000185"", ""mdgo_v11_probe_000406"", ""mdgo_v11_probe_000437"", ""mdgo_v11_probe_000548"", ""mdgo_v11_probe_000790"", ""mdgo_v11_probe_000834"", ""mdgo_v11_probe_000869"", ""mdgo_v11_probe_000886"", ""mdgo_v11_probe_001274"", ""mdgo_v11_probe_001293"", ""mdgo_v11_probe_001325"", ""mdgo_v11_probe_001463"", ""mdgo_v11_probe_001491"", ""mdgo_v11_probe_001638"", ""mdgo_v11_probe_001930"", ""mdgo_v11_probe_001950"", ""mdgo_v11_probe_001967""]"
mdgo_v13_du_23a2e4bb230515da,mdgo_v05_sof_user_0006,software,software_platform_specific_steps,"[""mdgo_v05_sof_user_0006_s0276"", ""mdgo_v05_sof_user_0006_s0532""]",21,"[""mdgo_v11_probe_000071"", ""mdgo_v11_probe_000098"", ""mdgo_v11_probe_000106"", ""mdgo_v11_probe_000171"", ""mdgo_v11_probe_000174"", ""mdgo_v11_probe_000220"", ""mdgo_v11_probe_000637"", ""mdgo_v11_probe_000707"", ""mdgo_v11_probe_000821"", ""mdgo_v11_probe_000851"", ""mdgo_v11_probe_001024"", ""mdgo_v11_probe_001055"", ""mdgo_v11_probe_001327"", ""mdgo_v11_probe_001372"", ""mdgo_v11_probe_001564"", ""mdgo_v11_probe_001625"", ""mdgo_v11_probe_001729"", ""mdgo_v11_probe_001769"", ""mdgo_v11_probe_001914"", ""mdgo_v11_probe_001915"", ""mdgo_v11_probe_002002""]"
mdgo_v13_du_23ef6dd5dabe314d,mdgo_v05_fin_user_0009,finance,finance_payment_status_latest_check,"[""mdgo_v05_fin_user_0009_s0286"", ""mdgo_v05_fin_user_0009_s0537""]",10,"[""mdgo_v11_probe_000431"", ""mdgo_v11_probe_001065"", ""mdgo_v11_probe_001108"", ""mdgo_v11_probe_001131"", ""mdgo_v11_probe_001193"", ""mdgo_v11_probe_001312"", ""mdgo_v11_probe_001667"", ""mdgo_v11_probe_001727"", ""mdgo_v11_probe_001765"", ""mdgo_v11_probe_001888""]"
mdgo_v13_du_248d6f6b1592e775,mdgo_v05_fin_user_0008,finance,finance_payment_status_latest_check,"[""mdgo_v05_fin_user_0008_s0020"", ""mdgo_v05_fin_user_0008_s0269""]",9,"[""mdgo_v11_probe_000847"", ""mdgo_v11_probe_001129"", ""mdgo_v11_probe_001146"", ""mdgo_v11_probe_001281"", ""mdgo_v11_probe_001534"", ""mdgo_v11_probe_001639"", ""mdgo_v11_probe_001646"", ""mdgo_v11_probe_001818"", ""mdgo_v11_probe_001864""]"
mdgo_v13_du_2577cdb73cf5fc20,mdgo_v05_fin_user_0026,finance,finance_confirm_card_account_changes,"[""mdgo_v05_fin_user_0026_s0002"", ""mdgo_v05_fin_user_0026_s0260""]",2,"[""mdgo_v11_probe_000156"", ""mdgo_v11_probe_000839""]"
mdgo_v13_du_259372778e716bcc,mdgo_v05_fin_user_0000,finance,finance_fraud_lost_card_urgent_escalation,"[""mdgo_v05_fin_user_0000_s0032"", ""mdgo_v05_fin_user_0000_s0275""]",8,"[""mdgo_v11_probe_000420"", ""mdgo_v11_probe_000824"", ""mdgo_v11_probe_000974"", ""mdgo_v11_probe_001029"", ""mdgo_v11_probe_001208"", ""mdgo_v11_probe_001214"", ""mdgo_v11_probe_001744"", ""mdgo_v11_probe_001758""]"
mdgo_v13_du_260d691391ce03f2,mdgo_v05_fin_user_0001,finance,finance_fraud_lost_card_urgent_escalation,"[""mdgo_v05_fin_user_0001_s0002"", ""mdgo_v05_fin_user_0001_s0260""]",16,"[""mdgo_v11_probe_000054"", ""mdgo_v11_probe_000198"", ""mdgo_v11_probe_000486"", ""mdgo_v11_probe_000492"", ""mdgo_v11_probe_000572"", ""mdgo_v11_probe_000693"", ""mdgo_v11_probe_000863"", ""mdgo_v11_probe_000996"", ""mdgo_v11_probe_001040"", ""mdgo_v11_probe_001049"", ""mdgo_v11_probe_001128"", ""mdgo_v11_probe_001186"", ""mdgo_v11_probe_001332"", ""mdgo_v11_probe_001608"", ""mdgo_v11_probe_001733"", ""mdgo_v11_probe_002046""]"
mdgo_v13_du_26db86de2d20d4ed,mdgo_v05_fin_user_0021,finance,finance_balance_statement_summary_first,"[""mdgo_v05_fin_user_0021_s0286"", ""mdgo_v05_fin_user_0021_s0537""]",13,"[""mdgo_v11_probe_000341"", ""mdgo_v11_probe_000487"", ""mdgo_v11_probe_000730"", ""mdgo_v11_probe_000796"", ""mdgo_v11_probe_000833"", ""mdgo_v11_probe_000917"", ""mdgo_v11_probe_001142"", ""mdgo_v11_probe_001151"", ""mdgo_v11_probe_001217"", ""mdgo_v11_probe_001427"", ""mdgo_v11_probe_001529"", ""mdgo_v11_probe_001581"", ""mdgo_v11_probe_001703""]"
mdgo_v13_du_276853ad0f077318,mdgo_v05_fin_user_0010,finance,finance_minimal_pii_secure_verification,"[""mdgo_v05_fin_user_0010_s0032"", ""mdgo_v05_fin_user_0010_s0275""]",8,"[""mdgo_v11_probe_000059"", ""mdgo_v11_probe_000347"", ""mdgo_v11_probe_000819"", ""mdgo_v11_probe_000855"", ""mdgo_v11_probe_000893"", ""mdgo_v11_probe_001147"", ""mdgo_v11_probe_001451"", ""mdgo_v11_probe_001589""]"
mdgo_v13_du_277cd09f5678d309,mdgo_v07_sof_user_0012,software,software_secure_login_password_flow,"[""mdgo_v07_sof_user_0012_s0284"", ""mdgo_v07_sof_user_0012_s0536""]",14,"[""mdgo_v11_probe_000140"", ""mdgo_v11_probe_000197"", ""mdgo_v11_probe_000310"", ""mdgo_v11_probe_000327"", ""mdgo_v11_probe_000453"", ""mdgo_v11_probe_000537"", ""mdgo_v11_probe_000659"", ""mdgo_v11_probe_000980"", ""mdgo_v11_probe_001119"", ""mdgo_v11_probe_001489"", ""mdgo_v11_probe_001582"", ""mdgo_v11_probe_001594"", ""mdgo_v11_probe_001643"", ""mdgo_v11_probe_002001""]"
mdgo_v13_du_2801eb643c34a11a,mdgo_v07_sof_user_0014,software,software_docs_lookup_for_update_install,"[""mdgo_v07_sof_user_0014_s0280"", ""mdgo_v07_sof_user_0014_s0534""]",7,"[""mdgo_v11_probe_000372"", ""mdgo_v11_probe_000708"", ""mdgo_v11_probe_001170"", ""mdgo_v11_probe_001338"", ""mdgo_v11_probe_001358"", ""mdgo_v11_probe_001466"", ""mdgo_v11_probe_001970""]"
mdgo_v13_du_28216c6df64225bf,mdgo_v07_sof_user_0014,software,software_collect_diagnostics_before_fix,"[""mdgo_v07_sof_user_0014_s0008"", ""mdgo_v07_sof_user_0014_s0263""]",16,"[""mdgo_v11_probe_000002"", ""mdgo_v11_probe_000360"", ""mdgo_v11_probe_000405"", ""mdgo_v11_probe_000944"", ""mdgo_v11_probe_001170"", ""mdgo_v11_probe_001260"", ""mdgo_v11_probe_001320"", ""mdgo_v11_probe_001371"", ""mdgo_v11_probe_001506"", ""mdgo_v11_probe_001567"", ""mdgo_v11_probe_001630"", ""mdgo_v11_probe_001692"", ""mdgo_v11_probe_001728"", ""mdgo_v11_probe_001972"", ""mdgo_v11_probe_001990"", ""mdgo_v11_probe_002020""]"
mdgo_v13_du_2852378281a41053,mdgo_v05_fin_user_0021,finance,finance_minimal_pii_secure_verification,"[""mdgo_v05_fin_user_0021_s0026"", ""mdgo_v05_fin_user_0021_s0272""]",9,"[""mdgo_v11_probe_000341"", ""mdgo_v11_probe_000487"", ""mdgo_v11_probe_000754"", ""mdgo_v11_probe_000833"", ""mdgo_v11_probe_001151"", ""mdgo_v11_probe_001427"", ""mdgo_v11_probe_001515"", ""mdgo_v11_probe_001527"", ""mdgo_v11_probe_001827""]"
mdgo_v13_du_28fe9fed3573cd93,mdgo_v05_fin_user_0012,finance,finance_fraud_lost_card_urgent_escalation,"[""mdgo_v05_fin_user_0012_s0282"", ""mdgo_v05_fin_user_0012_s0535""]",14,"[""mdgo_v11_probe_000117"", ""mdgo_v11_probe_000128"", ""mdgo_v11_probe_000219"", ""mdgo_v11_probe_000277"", ""mdgo_v11_probe_000289"", ""mdgo_v11_probe_000331"", ""mdgo_v11_probe_000559"", ""mdgo_v11_probe_000619"", ""mdgo_v11_probe_000953"", ""mdgo_v11_probe_001173"", ""mdgo_v11_probe_001305"", ""mdgo_v11_probe_001501"", ""mdgo_v11_probe_001731"", ""mdgo_v11_probe_001783""]"
mdgo_v13_du_290bcce1fb4458af,mdgo_v05_fin_user_0002,finance,finance_confirm_money_movement,"[""mdgo_v05_fin_user_0002_s0008"", ""mdgo_v05_fin_user_0002_s0263""]",3,"[""mdgo_v11_probe_000580"", ""mdgo_v11_probe_000774"", ""mdgo_v11_probe_001038""]"
mdgo_v13_du_29893ff225b35897,mdgo_v07_sof_user_0012,software,software_secure_login_password_flow,"[""mdgo_v07_sof_user_0012_s0026"", ""mdgo_v07_sof_user_0012_s0272""]",2,"[""mdgo_v11_probe_000970"", ""mdgo_v11_probe_001806""]"
mdgo_v13_du_2a737aa8247da472,mdgo_v07_sof_user_0014,software,software_platform_specific_steps,"[""mdgo_v07_sof_user_0014_s0284"", ""mdgo_v07_sof_user_0014_s0536""]",5,"[""mdgo_v11_probe_000339"", ""mdgo_v11_probe_000844"", ""mdgo_v11_probe_001126"", ""mdgo_v11_probe_001492"", ""mdgo_v11_probe_001970""]"
mdgo_v13_du_2b06f8f2334f6392,mdgo_v05_fin_user_0027,finance,finance_balance_statement_summary_first,"[""mdgo_v05_fin_user_0027_s0276"", ""mdgo_v05_fin_user_0027_s0532""]",14,"[""mdgo_v11_probe_000132"", ""mdgo_v11_probe_000445"", ""mdgo_v11_probe_001057"", ""mdgo_v11_probe_001091"", ""mdgo_v11_probe_001099"", ""mdgo_v11_probe_001171"", ""mdgo_v11_probe_001176"", ""mdgo_v11_probe_001210"", ""mdgo_v11_probe_001390"", ""mdgo_v11_probe_001448"", ""mdgo_v11_probe_001573"", ""mdgo_v11_probe_001617"", ""mdgo_v11_probe_001661"", ""mdgo_v11_probe_001876""]"
mdgo_v13_du_2b2903eba50e4a73,mdgo_v05_fin_user_0024,finance,finance_minimal_pii_secure_verification,"[""mdgo_v05_fin_user_0024_s0032"", ""mdgo_v05_fin_user_0024_s0275""]",4,"[""mdgo_v11_probe_000111"", ""mdgo_v11_probe_000190"", ""mdgo_v11_probe_001660"", ""mdgo_v11_probe_002035""]"
mdgo_v13_du_2bf058882e67e35f,mdgo_v05_fin_user_0012,finance,finance_credit_loan_cautious_no_commitment,"[""mdgo_v05_fin_user_0012_s0026"", ""mdgo_v05_fin_user_0012_s0272""]",9,"[""mdgo_v11_probe_000163"", ""mdgo_v11_probe_000219"", ""mdgo_v11_probe_000307"", ""mdgo_v11_probe_000724"", ""mdgo_v11_probe_000982"", ""mdgo_v11_probe_001173"", ""mdgo_v11_probe_001207"", ""mdgo_v11_probe_001731"", ""mdgo_v11_probe_001953""]"
mdgo_v13_du_2c026c69a133b034,mdgo_v05_fin_user_0021,finance,finance_fraud_lost_card_urgent_escalation,"[""mdgo_v05_fin_user_0021_s0008"", ""mdgo_v05_fin_user_0021_s0263""]",18,"[""mdgo_v11_probe_000104"", ""mdgo_v11_probe_000308"", ""mdgo_v11_probe_000362"", ""mdgo_v11_probe_000480"", ""mdgo_v11_probe_000595"", ""mdgo_v11_probe_000730"", ""mdgo_v11_probe_000754"", ""mdgo_v11_probe_000786"", ""mdgo_v11_probe_000796"", ""mdgo_v11_probe_000858"", ""mdgo_v11_probe_000917"", ""mdgo_v11_probe_001217"", ""mdgo_v11_probe_001518"", ""mdgo_v11_probe_001529"", ""mdgo_v11_probe_001610"", ""mdgo_v11_probe_001703"", ""mdgo_v11_probe_001807"", ""mdgo_v11_probe_001826""]"
mdgo_v13_du_2cb17bf4391c93fb,mdgo_v05_fin_user_0029,finance,finance_fraud_lost_card_urgent_escalation,"[""mdgo_v05_fin_user_0029_s0284"", ""mdgo_v05_fin_user_0029_s0536""]",13,"[""mdgo_v11_probe_000203"", ""mdgo_v11_probe_000218"", ""mdgo_v11_probe_000323"", ""mdgo_v11_probe_000363"", ""mdgo_v11_probe_000489"", ""mdgo_v11_probe_000610"", ""mdgo_v11_probe_001077"", ""mdgo_v11_probe_001102"", ""mdgo_v11_probe_001282"", ""mdgo_v11_probe_001354"", ""mdgo_v11_probe_001433"", ""mdgo_v11_probe_001839"", ""mdgo_v11_probe_001995""]"
mdgo_v13_du_2d3372600c3e60ef,mdgo_v05_fin_user_0015,finance,finance_credit_loan_cautious_no_commitment,"[""mdgo_v05_fin_user_0015_s0002"", ""mdgo_v05_fin_user_0015_s0260""]",5,"[""mdgo_v11_probe_000258"", ""mdgo_v11_probe_000352"", ""mdgo_v11_probe_000820"", ""mdgo_v11_probe_001576"", ""mdgo_v11_probe_001756""]"
mdgo_v13_du_2e6fa940331474bf,mdgo_v07_sof_user_0013,software,software_secure_login_password_flow,"[""mdgo_v07_sof_user_0013_s0026"", ""mdgo_v07_sof_user_0013_s0272""]",2,"[""mdgo_v11_probe_001190"", ""mdgo_v11_probe_001626""]"
mdgo_v13_du_2eb81fee8eedb870,mdgo_v05_fin_user_0015,finance,finance_confirm_card_account_changes,"[""mdgo_v05_fin_user_0015_s0032"", ""mdgo_v05_fin_user_0015_s0275""]",7,"[""mdgo_v11_probe_000285"", ""mdgo_v11_probe_000727"", ""mdgo_v11_probe_000813"", ""mdgo_v11_probe_001072"", ""mdgo_v11_probe_001175"", ""mdgo_v11_probe_001349"", ""mdgo_v11_probe_001631""]"
mdgo_v13_du_2f5367b62f69d30d,mdgo_v05_fin_user_0030,finance,finance_fee_dispute_evidence_then_case,"[""mdgo_v05_fin_user_0030_s0002"", ""mdgo_v05_fin_user_0030_s0260""]",8,"[""mdgo_v11_probe_000244"", ""mdgo_v11_probe_000330"", ""mdgo_v11_probe_000440"", ""mdgo_v11_probe_000588"", ""mdgo_v11_probe_001188"", ""mdgo_v11_probe_001816"", ""mdgo_v11_probe_001854"", ""mdgo_v11_probe_001912""]"
mdgo_v13_du_300fc077eabeff97,mdgo_v05_sof_user_0006,software,software_secure_login_password_flow,"[""mdgo_v05_sof_user_0006_s0020"", ""mdgo_v05_sof_user_0006_s0269""]",7,"[""mdgo_v11_probe_000098"", ""mdgo_v11_probe_000106"", ""mdgo_v11_probe_000206"", ""mdgo_v11_probe_000265"", ""mdgo_v11_probe_001123"", ""mdgo_v11_probe_001653"", ""mdgo_v11_probe_002011""]"
mdgo_v13_du_30a2c6c974472ec8,mdgo_v05_fin_user_0034,finance,finance_minimal_pii_secure_verification,"[""mdgo_v05_fin_user_0034_s0002"", ""mdgo_v05_fin_user_0034_s0260""]",9,"[""mdgo_v11_probe_000090"", ""mdgo_v11_probe_000788"", ""mdgo_v11_probe_000852"", ""mdgo_v11_probe_000904"", ""mdgo_v11_probe_001304"", ""mdgo_v11_probe_001604"", ""mdgo_v11_probe_001908"", ""mdgo_v11_probe_001997"", ""mdgo_v11_probe_002016""]"
mdgo_v13_du_31faab265b79779b,mdgo_v05_sof_user_0008,software,software_collect_diagnostics_before_fix,"[""mdgo_v05_sof_user_0008_s0032"", ""mdgo_v05_sof_user_0008_s0275""]",6,"[""mdgo_v11_probe_000015"", ""mdgo_v11_probe_000043"", ""mdgo_v11_probe_000545"", ""mdgo_v11_probe_000643"", ""mdgo_v11_probe_000789"", ""mdgo_v11_probe_001571""]"
mdgo_v13_du_325a39aa333ad692,mdgo_v07_sof_user_0009,software,software_docs_lookup_for_update_install,"[""mdgo_v07_sof_user_0009_s0008"", ""mdgo_v07_sof_user_0009_s0263""]",13,"[""mdgo_v11_probe_000264"", ""mdgo_v11_probe_000290"", ""mdgo_v11_probe_000451"", ""mdgo_v11_probe_000484"", ""mdgo_v11_probe_000612"", ""mdgo_v11_probe_000670"", ""mdgo_v11_probe_000678"", ""mdgo_v11_probe_000780"", ""mdgo_v11_probe_001155"", ""mdgo_v11_probe_001356"", ""mdgo_v11_probe_001672"", ""mdgo_v11_probe_001927"", ""mdgo_v11_probe_001934""]"
mdgo_v13_du_32b67e6020198d8f,mdgo_v05_sof_user_0007,software,software_backup_before_risky_change,"[""mdgo_v05_sof_user_0007_s0014"", ""mdgo_v05_sof_user_0007_s0266""]",12,"[""mdgo_v11_probe_000067"", ""mdgo_v11_probe_000350"", ""mdgo_v11_probe_000638"", ""mdgo_v11_probe_000663"", ""mdgo_v11_probe_000818"", ""mdgo_v11_probe_000902"", ""mdgo_v11_probe_001006"", ""mdgo_v11_probe_001340"", ""mdgo_v11_probe_001350"", ""mdgo_v11_probe_001414"", ""mdgo_v11_probe_001526"", ""mdgo_v11_probe_001920""]"
mdgo_v13_du_32f0fde3a2c81d7f,mdgo_v05_fin_user_0025,finance,finance_balance_statement_summary_first,"[""mdgo_v05_fin_user_0025_s0020"", ""mdgo_v05_fin_user_0025_s0269""]",13,"[""mdgo_v11_probe_000241"", ""mdgo_v11_probe_000291"", ""mdgo_v11_probe_000461"", ""mdgo_v11_probe_000602"", ""mdgo_v11_probe_000746"", ""mdgo_v11_probe_000862"", ""mdgo_v11_probe_000875"", ""mdgo_v11_probe_001033"", ""mdgo_v11_probe_001134"", ""mdgo_v11_probe_001546"", ""mdgo_v11_probe_001659"", ""mdgo_v11_probe_001706"", ""mdgo_v11_probe_001810""]"
mdgo_v13_du_333f2a582c69989f,mdgo_v05_fin_user_0008,finance,finance_confirm_card_account_changes,"[""mdgo_v05_fin_user_0008_s0276"", ""mdgo_v05_fin_user_0008_s0532""]",20,"[""mdgo_v11_probe_000024"", ""mdgo_v11_probe_000227"", ""mdgo_v11_probe_000394"", ""mdgo_v11_probe_000491"", ""mdgo_v11_probe_000547"", ""mdgo_v11_probe_000577"", ""mdgo_v11_probe_000647"", ""mdgo_v11_probe_000653"", ""mdgo_v11_probe_000847"", ""mdgo_v11_probe_000900"", ""mdgo_v11_probe_001129"", ""mdgo_v11_probe_001162"", ""mdgo_v11_probe_001277"", ""mdgo_v11_probe_001440"", ""mdgo_v11_probe_001534"", ""mdgo_v11_probe_001639"", ""mdgo_v11_probe_001642"", ""mdgo_v11_probe_001646"", ""mdgo_v11_probe_001745"", ""mdgo_v11_probe_001864""]"
mdgo_v13_du_343a0d51be5673d4,mdgo_v05_fin_user_0019,finance,finance_payment_status_latest_check,"[""mdgo_v05_fin_user_0019_s0014"", ""mdgo_v05_fin_user_0019_s0266""]",11,"[""mdgo_v11_probe_000373"", ""mdgo_v11_probe_000390"", ""mdgo_v11_probe_000752"", ""mdgo_v11_probe_000865"", ""mdgo_v11_probe_000918"", ""mdgo_v11_probe_001169"", ""mdgo_v11_probe_001266"", ""mdgo_v11_probe_001362"", ""mdgo_v11_probe_001485"", ""mdgo_v11_probe_001679"", ""mdgo_v11_probe_002034""]"
mdgo_v13_du_37f2b34b974ed595,mdgo_v07_sof_user_0009,software,software_one_try_then_escalate,"[""mdgo_v07_sof_user_0009_s0280"", ""mdgo_v07_sof_user_0009_s0534""]",3,"[""mdgo_v11_probe_000570"", ""mdgo_v11_probe_000733"", ""mdgo_v11_probe_001406""]"
mdgo_v13_du_38456340bef7e78b,mdgo_v05_fin_user_0004,finance,finance_balance_statement_summary_first,"[""mdgo_v05_fin_user_0004_s0002"", ""mdgo_v05_fin_user_0004_s0260""]",5,"[""mdgo_v11_probe_000676"", ""mdgo_v11_probe_000941"", ""mdgo_v11_probe_001584"", ""mdgo_v11_probe_001684"", ""mdgo_v11_probe_001937""]"
mdgo_v13_du_3877df9be6057c52,mdgo_v05_fin_user_0029,finance,finance_fee_dispute_evidence_then_case,"[""mdgo_v05_fin_user_0029_s0032"", ""mdgo_v05_fin_user_0029_s0275""]",7,"[""mdgo_v11_probe_000203"", ""mdgo_v11_probe_000323"", ""mdgo_v11_probe_000765"", ""mdgo_v11_probe_001036"", ""mdgo_v11_probe_001354"", ""mdgo_v11_probe_001948"", ""mdgo_v11_probe_001983""]"
mdgo_v13_du_39c2c993ea76a0bd,mdgo_v05_sof_user_0005,software,software_secure_login_password_flow,"[""mdgo_v05_sof_user_0005_s0008"", ""mdgo_v05_sof_user_0005_s0263""]",14,"[""mdgo_v11_probe_000181"", ""mdgo_v11_probe_000322"", ""mdgo_v11_probe_000404"", ""mdgo_v11_probe_000721"", ""mdgo_v11_probe_000887"", ""mdgo_v11_probe_000931"", ""mdgo_v11_probe_000968"", ""mdgo_v11_probe_001081"", ""mdgo_v11_probe_001141"", ""mdgo_v11_probe_001353"", ""mdgo_v11_probe_001397"", ""mdgo_v11_probe_001554"", ""mdgo_v11_probe_002012"", ""mdgo_v11_probe_002033""]"
mdgo_v13_du_39de061fce4e192a,mdgo_v05_fin_user_0011,finance,finance_credit_loan_cautious_no_commitment,"[""mdgo_v05_fin_user_0011_s0280"", ""mdgo_v05_fin_user_0011_s0534""]",22,"[""mdgo_v11_probe_000041"", ""mdgo_v11_probe_000120"", ""mdgo_v11_probe_000442"", ""mdgo_v11_probe_000455"", ""mdgo_v11_probe_000592"", ""mdgo_v11_probe_000632"", ""mdgo_v11_probe_000734"", ""mdgo_v11_probe_000745"", ""mdgo_v11_probe_000826"", ""mdgo_v11_probe_000998"", ""mdgo_v11_probe_001004"", ""mdgo_v11_probe_001070"", ""mdgo_v11_probe_001112"", ""mdgo_v11_probe_001216"", ""mdgo_v11_probe_001224"", ""mdgo_v11_probe_001238"", ""mdgo_v11_probe_001439"", ""mdgo_v11_probe_001556"", ""mdgo_v11_probe_001892"", ""mdgo_v11_probe_001954"", ""mdgo_v11_probe_001963"", ""mdgo_v11_probe_002021""]"
mdgo_v13_du_3b13f5cc35768935,mdgo_v05_fin_user_0007,finance,finance_credit_loan_cautious_no_commitment,"[""mdgo_v05_fin_user_0007_s0026"", ""mdgo_v05_fin_user_0007_s0272""]",14,"[""mdgo_v11_probe_000159"", ""mdgo_v11_probe_000229"", ""mdgo_v11_probe_000355"", ""mdgo_v11_probe_000412"", ""mdgo_v11_probe_000428"", ""mdgo_v11_probe_000586"", ""mdgo_v11_probe_000785"", ""mdgo_v11_probe_000849"", ""mdgo_v11_probe_000882"", ""mdgo_v11_probe_000967"", ""mdgo_v11_probe_001311"", ""mdgo_v11_probe_001400"", ""mdgo_v11_probe_001429"", ""mdgo_v11_probe_001612""]"
mdgo_v13_du_3b42df9e15c15113,mdgo_v05_fin_user_0025,finance,finance_payment_status_latest_check,"[""mdgo_v05_fin_user_0025_s0284"", ""mdgo_v05_fin_user_0025_s0536""]",12,"[""mdgo_v11_probe_000010"", ""mdgo_v11_probe_000272"", ""mdgo_v11_probe_000345"", ""mdgo_v11_probe_000569"", ""mdgo_v11_probe_000605"", ""mdgo_v11_probe_000607"", ""mdgo_v11_probe_000661"", ""mdgo_v11_probe_000711"", ""mdgo_v11_probe_000955"", ""mdgo_v11_probe_001355"", ""mdgo_v11_probe_001472"", ""mdgo_v11_probe_002036""]"
mdgo_v13_du_3bf263b9f84a91aa,mdgo_v05_fin_user_0028,finance,finance_confirm_card_account_changes,"[""mdgo_v05_fin_user_0028_s0008"", ""mdgo_v05_fin_user_0028_s0263""]",13,"[""mdgo_v11_probe_000145"", ""mdgo_v11_probe_000211"", ""mdgo_v11_probe_000270"", ""mdgo_v11_probe_001243"", ""mdgo_v11_probe_001424"", ""mdgo_v11_probe_001531"", ""mdgo_v11_probe_001535"", ""mdgo_v11_probe_001541"", ""mdgo_v11_probe_001598"", ""mdgo_v11_probe_001781"", ""mdgo_v11_probe_001910"", ""mdgo_v11_probe_001940"", ""mdgo_v11_probe_002023""]"
mdgo_v13_du_3c036e8494c18331,mdgo_v05_fin_user_0027,finance,finance_balance_statement_summary_first,"[""mdgo_v05_fin_user_0027_s0002"", ""mdgo_v05_fin_user_0027_s0260""]",7,"[""mdgo_v11_probe_000306"", ""mdgo_v11_probe_000402"", ""mdgo_v11_probe_000705"", ""mdgo_v11_probe_001149"", ""mdgo_v11_probe_001401"", ""mdgo_v11_probe_001500"", ""mdgo_v11_probe_001560""]"
mdgo_v13_du_3c08509668df4e53,mdgo_v05_fin_user_0025,finance,finance_minimal_pii_secure_verification,"[""mdgo_v05_fin_user_0025_s0014"", ""mdgo_v05_fin_user_0025_s0266""]",8,"[""mdgo_v11_probe_000345"", ""mdgo_v11_probe_000569"", ""mdgo_v11_probe_000711"", ""mdgo_v11_probe_001310"", ""mdgo_v11_probe_001331"", ""mdgo_v11_probe_001469"", ""mdgo_v11_probe_001770"", ""mdgo_v11_probe_002036""]"
mdgo_v13_du_3cdf5cd326b2e0a7,mdgo_v05_fin_user_0030,finance,finance_credit_loan_cautious_no_commitment,"[""mdgo_v05_fin_user_0030_s0284"", ""mdgo_v05_fin_user_0030_s0536""]",16,"[""mdgo_v11_probe_000526"", ""mdgo_v11_probe_000755"", ""mdgo_v11_probe_000809"", ""mdgo_v11_probe_000859"", ""mdgo_v11_probe_001133"", ""mdgo_v11_probe_001389"", ""mdgo_v11_probe_001399"", ""mdgo_v11_probe_001418"", ""mdgo_v11_probe_001462"", ""mdgo_v11_probe_001503"", ""mdgo_v11_probe_001547"", ""mdgo_v11_probe_001712"", ""mdgo_v11_probe_001730"", ""mdgo_v11_probe_001887"", ""mdgo_v11_probe_001897"", ""mdgo_v11_probe_002013""]"
mdgo_v13_du_3dc388dc1197bc21,mdgo_v05_fin_user_0016,finance,finance_balance_statement_summary_first,"[""mdgo_v05_fin_user_0016_s0008"", ""mdgo_v05_fin_user_0016_s0263""]",4,"[""mdgo_v11_probe_000528"", ""mdgo_v11_probe_000696"", ""mdgo_v11_probe_000762"", ""mdgo_v11_probe_001996""]"
mdgo_v13_du_3dd941dc08252c02,mdgo_v05_fin_user_0000,finance,finance_credit_loan_cautious_no_commitment,"[""mdgo_v05_fin_user_0000_s0020"", ""mdgo_v05_fin_user_0000_s0269""]",4,"[""mdgo_v11_probe_000420"", ""mdgo_v11_probe_000430"", ""mdgo_v11_probe_001029"", ""mdgo_v11_probe_001758""]"
mdgo_v13_du_3e4f8efd940e8df3,mdgo_v07_sof_user_0017,software,software_collect_diagnostics_before_fix,"[""mdgo_v07_sof_user_0017_s0008"", ""mdgo_v07_sof_user_0017_s0263""]",18,"[""mdgo_v11_probe_000193"", ""mdgo_v11_probe_000396"", ""mdgo_v11_probe_000516"", ""mdgo_v11_probe_000573"", ""mdgo_v11_probe_000636"", ""mdgo_v11_probe_000912"", ""mdgo_v11_probe_000936"", ""mdgo_v11_probe_000952"", ""mdgo_v11_probe_000963"", ""mdgo_v11_probe_001003"", ""mdgo_v11_probe_001066"", ""mdgo_v11_probe_001258"", ""mdgo_v11_probe_001437"", ""mdgo_v11_probe_001606"", ""mdgo_v11_probe_001808"", ""mdgo_v11_probe_001862"", ""mdgo_v11_probe_001894"", ""mdgo_v11_probe_002007""]"
mdgo_v13_du_3ee05064a1a5149e,mdgo_v05_fin_user_0010,finance,finance_confirm_card_account_changes,"[""mdgo_v05_fin_user_0010_s0008"", ""mdgo_v05_fin_user_0010_s0263""]",8,"[""mdgo_v11_probe_000450"", ""mdgo_v11_probe_000468"", ""mdgo_v11_probe_000732"", ""mdgo_v11_probe_000893"", ""mdgo_v11_probe_001589"", ""mdgo_v11_probe_001633"", ""mdgo_v11_probe_001664"", ""mdgo_v11_probe_001688""]"
mdgo_v13_du_3f64450724bc9540,mdgo_v05_fin_user_0018,finance,finance_confirm_card_account_changes,"[""mdgo_v05_fin_user_0018_s0284"", ""mdgo_v05_fin_user_0018_s0536""]",15,"[""mdgo_v11_probe_000005"", ""mdgo_v11_probe_000172"", ""mdgo_v11_probe_000266"", ""mdgo_v11_probe_000319"", ""mdgo_v11_probe_000329"", ""mdgo_v11_probe_000401"", ""mdgo_v11_probe_000467"", ""mdgo_v11_probe_000593"", ""mdgo_v11_probe_000631"", ""mdgo_v11_probe_001109"", ""mdgo_v11_probe_001139"", ""mdgo_v11_probe_001156"", ""mdgo_v11_probe_001335"", ""mdgo_v11_probe_001436"", ""mdgo_v11_probe_001481""]"
mdgo_v13_du_3f907a753f54d5c0,mdgo_v05_fin_user_0011,finance,finance_minimal_pii_secure_verification,"[""mdgo_v05_fin_user_0011_s0002"", ""mdgo_v05_fin_user_0011_s0260""]",8,"[""mdgo_v11_probe_000286"", ""mdgo_v11_probe_000520"", ""mdgo_v11_probe_000592"", ""mdgo_v11_probe_000977"", ""mdgo_v11_probe_001004"", ""mdgo_v11_probe_001224"", ""mdgo_v11_probe_001348"", ""mdgo_v11_probe_001476""]"
mdgo_v13_du_3fc470bf81cd9c74,mdgo_v07_sof_user_0009,software,software_secure_login_password_flow,"[""mdgo_v07_sof_user_0009_s0284"", ""mdgo_v07_sof_user_0009_s0536""]",8,"[""mdgo_v11_probe_000076"", ""mdgo_v11_probe_000179"", ""mdgo_v11_probe_000208"", ""mdgo_v11_probe_000748"", ""mdgo_v11_probe_000971"", ""mdgo_v11_probe_001111"", ""mdgo_v11_probe_001378"", ""mdgo_v11_probe_001925""]"
mdgo_v13_du_3fd63769ac3cf707,mdgo_v05_fin_user_0003,finance,finance_payment_status_latest_check,"[""mdgo_v05_fin_user_0003_s0282"", ""mdgo_v05_fin_user_0003_s0535""]",9,"[""mdgo_v11_probe_000379"", ""mdgo_v11_probe_000500"", ""mdgo_v11_probe_000831"", ""mdgo_v11_probe_001137"", ""mdgo_v11_probe_001513"", ""mdgo_v11_probe_001623"", ""mdgo_v11_probe_001715"", ""mdgo_v11_probe_001796"", ""mdgo_v11_probe_002025""]"
mdgo_v13_du_402451503c1d5ac1,mdgo_v05_fin_user_0022,finance,finance_fee_dispute_evidence_then_case,"[""mdgo_v05_fin_user_0022_s0026"", ""mdgo_v05_fin_user_0022_s0272""]",15,"[""mdgo_v11_probe_000049"", ""mdgo_v11_probe_000214"", ""mdgo_v11_probe_000337"", ""mdgo_v11_probe_000435"", ""mdgo_v11_probe_000622"", ""mdgo_v11_probe_000717"", ""mdgo_v11_probe_000744"", ""mdgo_v11_probe_000778"", ""mdgo_v11_probe_000857"", ""mdgo_v11_probe_000871"", ""mdgo_v11_probe_000879"", ""mdgo_v11_probe_000909"", ""mdgo_v11_probe_000964"", ""mdgo_v11_probe_001540"", ""mdgo_v11_probe_001725""]"
mdgo_v13_du_40b4e3c70b27e4c7,mdgo_v05_fin_user_0032,finance,finance_fee_dispute_evidence_then_case,"[""mdgo_v05_fin_user_0032_s0284"", ""mdgo_v05_fin_user_0032_s0536""]",16,"[""mdgo_v11_probe_000376"", ""mdgo_v11_probe_000406"", ""mdgo_v11_probe_000515"", ""mdgo_v11_probe_000548"", ""mdgo_v11_probe_000621"", ""mdgo_v11_probe_000713"", ""mdgo_v11_probe_000790"", ""mdgo_v11_probe_000981"", ""mdgo_v11_probe_001089"", ""mdgo_v11_probe_001274"", ""mdgo_v11_probe_001293"", ""mdgo_v11_probe_001323"", ""mdgo_v11_probe_001463"", ""mdgo_v11_probe_001491"", ""mdgo_v11_probe_001641"", ""mdgo_v11_probe_001702""]"
mdgo_v13_du_410f292fa4375032,mdgo_v05_fin_user_0030,finance,finance_minimal_pii_secure_verification,"[""mdgo_v05_fin_user_0030_s0032"", ""mdgo_v05_fin_user_0030_s0275""]",8,"[""mdgo_v11_probe_000009"", ""mdgo_v11_probe_000591"", ""mdgo_v11_probe_000755"", ""mdgo_v11_probe_000859"", ""mdgo_v11_probe_001399"", ""mdgo_v11_probe_001503"", ""mdgo_v11_probe_001547"", ""mdgo_v11_probe_001887""]"
mdgo_v13_du_41146cbeea8d94f2,mdgo_v05_fin_user_0035,finance,finance_fee_dispute_evidence_then_case,"[""mdgo_v05_fin_user_0035_s0276"", ""mdgo_v05_fin_user_0035_s0532""]",18,"[""mdgo_v11_probe_000013"", ""mdgo_v11_probe_000063"", ""mdgo_v11_probe_000155"", ""mdgo_v11_probe_000251"", ""mdgo_v11_probe_000469"", ""mdgo_v11_probe_000650"", ""mdgo_v11_probe_000662"", ""mdgo_v11_probe_000725"", ""mdgo_v11_probe_000728"", ""mdgo_v11_probe_000901"", ""mdgo_v11_probe_000940"", ""mdgo_v11_probe_001192"", ""mdgo_v11_probe_001245"", ""mdgo_v11_probe_001330"", ""mdgo_v11_probe_001409"", ""mdgo_v11_probe_001458"", ""mdgo_v11_probe_001565"", ""mdgo_v11_probe_001595""]"
mdgo_v13_du_41a9da4419e1c232,mdgo_v05_fin_user_0035,finance,finance_payment_status_latest_check,"[""mdgo_v05_fin_user_0035_s0008"", ""mdgo_v05_fin_user_0035_s0263""]",9,"[""mdgo_v11_probe_000032"", ""mdgo_v11_probe_000146"", ""mdgo_v11_probe_000176"", ""mdgo_v11_probe_000424"", ""mdgo_v11_probe_000764"", ""mdgo_v11_probe_001174"", ""mdgo_v11_probe_001192"", ""mdgo_v11_probe_001213"", ""mdgo_v11_probe_001549""]"
mdgo_v13_du_41b23b71fff1ecdd,mdgo_v05_sof_user_0008,software,software_secure_login_password_flow,"[""mdgo_v05_sof_user_0008_s0020"", ""mdgo_v05_sof_user_0008_s0269""]",6,"[""mdgo_v11_probe_000386"", ""mdgo_v11_probe_001383"", ""mdgo_v11_probe_001654"", ""mdgo_v11_probe_001657"", ""mdgo_v11_probe_001849"", ""mdgo_v11_probe_001982""]"
mdgo_v13_du_41dc51afd1906971,mdgo_v07_sof_user_0012,software,software_ticket_receipt_summary,"[""mdgo_v07_sof_user_0012_s0286"", ""mdgo_v07_sof_user_0012_s0537""]",13,"[""mdgo_v11_probe_000197"", ""mdgo_v11_probe_000310"", ""mdgo_v11_probe_000321"", ""mdgo_v11_probe_000659"", ""mdgo_v11_probe_000892"", ""mdgo_v11_probe_000991"", ""mdgo_v11_probe_001265"", ""mdgo_v11_probe_001582"", ""mdgo_v11_probe_001594"", ""mdgo_v11_probe_001643"", ""mdgo_v11_probe_001763"", ""mdgo_v11_probe_001907"", ""mdgo_v11_probe_002019""]"
mdgo_v13_du_423e0f6073b6e31f,mdgo_v05_fin_user_0023,finance,finance_payment_status_latest_check,"[""mdgo_v05_fin_user_0023_s0002"", ""mdgo_v05_fin_user_0023_s0260""]",8,"[""mdgo_v11_probe_000228"", ""mdgo_v11_probe_000356"", ""mdgo_v11_probe_000596"", ""mdgo_v11_probe_000700"", ""mdgo_v11_probe_000988"", ""mdgo_v11_probe_001092"", ""mdgo_v11_probe_001428"", ""mdgo_v11_probe_001648""]"
mdgo_v13_du_43e8443288ed49d4,mdgo_v05_sof_user_0007,software,software_collect_diagnostics_before_fix,"[""mdgo_v05_sof_user_0007_s0020"", ""mdgo_v05_sof_user_0007_s0269""]",1,"[""mdgo_v11_probe_001302""]"
mdgo_v13_du_44327a0748826731,mdgo_v05_fin_user_0029,finance,finance_minimal_pii_secure_verification,"[""mdgo_v05_fin_user_0029_s0002"", ""mdgo_v05_fin_user_0029_s0260""]",10,"[""mdgo_v11_probe_000012"", ""mdgo_v11_probe_000246"", ""mdgo_v11_probe_000257"", ""mdgo_v11_probe_000294"", ""mdgo_v11_probe_000359"", ""mdgo_v11_probe_000364"", ""mdgo_v11_probe_001019"", ""mdgo_v11_probe_001242"", ""mdgo_v11_probe_001354"", ""mdgo_v11_probe_001697""]"
mdgo_v13_du_447f1b0858ca82d7,mdgo_v05_fin_user_0023,finance,finance_fee_dispute_evidence_then_case,"[""mdgo_v05_fin_user_0023_s0020"", ""mdgo_v05_fin_user_0023_s0269""]",9,"[""mdgo_v11_probe_000228"", ""mdgo_v11_probe_000561"", ""mdgo_v11_probe_000596"", ""mdgo_v11_probe_000628"", ""mdgo_v11_probe_000658"", ""mdgo_v11_probe_001086"", ""mdgo_v11_probe_001593"", ""mdgo_v11_probe_001663"", ""mdgo_v11_probe_001905""]"
mdgo_v13_du_44da2927b55588cb,mdgo_v05_fin_user_0028,finance,finance_fee_dispute_evidence_then_case,"[""mdgo_v05_fin_user_0028_s0020"", ""mdgo_v05_fin_user_0028_s0269""]",8,"[""mdgo_v11_probe_000126"", ""mdgo_v11_probe_000211"", ""mdgo_v11_probe_000867"", ""mdgo_v11_probe_001279"", ""mdgo_v11_probe_001424"", ""mdgo_v11_probe_001749"", ""mdgo_v11_probe_001940"", ""mdgo_v11_probe_002023""]"
mdgo_v13_du_44e436dee418ac49,mdgo_v05_fin_user_0012,finance,finance_confirm_card_account_changes,"[""mdgo_v05_fin_user_0012_s0014"", ""mdgo_v05_fin_user_0012_s0266""]",13,"[""mdgo_v11_probe_000117"", ""mdgo_v11_probe_000289"", ""mdgo_v11_probe_000331"", ""mdgo_v11_probe_000559"", ""mdgo_v11_probe_000791"", ""mdgo_v11_probe_000953"", ""mdgo_v11_probe_000959"", ""mdgo_v11_probe_001235"", ""mdgo_v11_probe_001501"", ""mdgo_v11_probe_001783"", ""mdgo_v11_probe_001835"", ""mdgo_v11_probe_001901"", ""mdgo_v11_probe_001953""]"
mdgo_v13_du_4593087daa2fac8d,mdgo_v05_fin_user_0001,finance,finance_fee_dispute_evidence_then_case,"[""mdgo_v05_fin_user_0001_s0008"", ""mdgo_v05_fin_user_0001_s0263""]",12,"[""mdgo_v11_probe_000054"", ""mdgo_v11_probe_000202"", ""mdgo_v11_probe_000454"", ""mdgo_v11_probe_000486"", ""mdgo_v11_probe_000863"", ""mdgo_v11_probe_000996"", ""mdgo_v11_probe_001373"", ""mdgo_v11_probe_001543"", ""mdgo_v11_probe_001588"", ""mdgo_v11_probe_001608"", ""mdgo_v11_probe_001622"", ""mdgo_v11_probe_001985""]"
mdgo_v13_du_463ad7cc950d6252,mdgo_v05_fin_user_0006,finance,finance_credit_loan_cautious_no_commitment,"[""mdgo_v05_fin_user_0006_s0014"", ""mdgo_v05_fin_user_0006_s0266""]",11,"[""mdgo_v11_probe_000177"", ""mdgo_v11_probe_000505"", ""mdgo_v11_probe_000529"", ""mdgo_v11_probe_000541"", ""mdgo_v11_probe_000571"", ""mdgo_v11_probe_000773"", ""mdgo_v11_probe_001225"", ""mdgo_v11_probe_001385"", ""mdgo_v11_probe_001650"", ""mdgo_v11_probe_001833"", ""mdgo_v11_probe_001928""]"
mdgo_v13_du_48601b33289da7c7,mdgo_v07_sof_user_0009,software,software_secure_login_password_flow,"[""mdgo_v07_sof_user_0009_s0026"", ""mdgo_v07_sof_user_0009_s0272""]",3,"[""mdgo_v11_probe_000290"", ""mdgo_v11_probe_000678"", ""mdgo_v11_probe_001934""]"
mdgo_v13_du_48d77aa2c48cda1f,mdgo_v07_sof_user_0011,software,software_backup_before_risky_change,"[""mdgo_v07_sof_user_0011_s0002"", ""mdgo_v07_sof_user_0011_s0260""]",5,"[""mdgo_v11_probe_001434"", ""mdgo_v11_probe_001455"", ""mdgo_v11_probe_001614"", ""mdgo_v11_probe_001800"", ""mdgo_v11_probe_001980""]"
mdgo_v13_du_494940ec9930b752,mdgo_v05_sof_user_0007,software,software_collect_diagnostics_before_fix,"[""mdgo_v05_sof_user_0007_s0282"", ""mdgo_v05_sof_user_0007_s0535""]",26,"[""mdgo_v11_probe_000039"", ""mdgo_v11_probe_000061"", ""mdgo_v11_probe_000067"", ""mdgo_v11_probe_000081"", ""mdgo_v11_probe_000350"", ""mdgo_v11_probe_000495"", ""mdgo_v11_probe_000519"", ""mdgo_v11_probe_000536"", ""mdgo_v11_probe_000638"", ""mdgo_v11_probe_000843"", ""mdgo_v11_probe_000860"", ""mdgo_v11_probe_000864"", ""mdgo_v11_probe_000973"", ""mdgo_v11_probe_001006"", ""mdgo_v11_probe_001163"", ""mdgo_v11_probe_001202"", ""mdgo_v11_probe_001295"", ""mdgo_v11_probe_001350"", ""mdgo_v11_probe_001414"", ""mdgo_v11_probe_001447"", ""mdgo_v11_probe_001453"", ""mdgo_v11_probe_001484"", ""mdgo_v11_probe_001695"", ""mdgo_v11_probe_001767"", ""mdgo_v11_probe_001803"", ""mdgo_v11_probe_001857""]"
mdgo_v13_du_49b7e891f5af6547,mdgo_v05_fin_user_0014,finance,finance_balance_statement_summary_first,"[""mdgo_v05_fin_user_0014_s0026"", ""mdgo_v05_fin_user_0014_s0272""]",11,"[""mdgo_v11_probe_000232"", ""mdgo_v11_probe_000459"", ""mdgo_v11_probe_000482"", ""mdgo_v11_probe_000866"", ""mdgo_v11_probe_000870"", ""mdgo_v11_probe_000921"", ""mdgo_v11_probe_001020"", ""mdgo_v11_probe_001096"", ""mdgo_v11_probe_001300"", ""mdgo_v11_probe_001814"", ""mdgo_v11_probe_001863""]"
mdgo_v13_du_4a64cf62eb55a25d,mdgo_v05_fin_user_0032,finance,finance_payment_status_latest_check,"[""mdgo_v05_fin_user_0032_s0032"", ""mdgo_v05_fin_user_0032_s0275""]",11,"[""mdgo_v11_probe_000406"", ""mdgo_v11_probe_000515"", ""mdgo_v11_probe_000621"", ""mdgo_v11_probe_000713"", ""mdgo_v11_probe_000790"", ""mdgo_v11_probe_001048"", ""mdgo_v11_probe_001463"", ""mdgo_v11_probe_001491"", ""mdgo_v11_probe_001498"", ""mdgo_v11_probe_001768"", ""mdgo_v11_probe_001967""]"
mdgo_v13_du_4a9a1005c20e753c,mdgo_v05_fin_user_0013,finance,finance_credit_loan_cautious_no_commitment,"[""mdgo_v05_fin_user_0013_s0020"", ""mdgo_v05_fin_user_0013_s0269""]",7,"[""mdgo_v11_probe_000368"", ""mdgo_v11_probe_000542"", ""mdgo_v11_probe_000674"", ""mdgo_v11_probe_000799"", ""mdgo_v11_probe_001257"", ""mdgo_v11_probe_001315"", ""mdgo_v11_probe_001821""]"
mdgo_v13_du_4d0ec454c16bec24,mdgo_v05_sof_user_0002,software,software_ticket_receipt_summary,"[""mdgo_v05_sof_user_0002_s0276"", ""mdgo_v05_sof_user_0002_s0532""]",17,"[""mdgo_v11_probe_000113"", ""mdgo_v11_probe_000280"", ""mdgo_v11_probe_000366"", ""mdgo_v11_probe_000426"", ""mdgo_v11_probe_000767"", ""mdgo_v11_probe_000807"", ""mdgo_v11_probe_000808"", ""mdgo_v11_probe_000916"", ""mdgo_v11_probe_001014"", ""mdgo_v11_probe_001032"", ""mdgo_v11_probe_001271"", ""mdgo_v11_probe_001360"", ""mdgo_v11_probe_001519"", ""mdgo_v11_probe_001555"", ""mdgo_v11_probe_001559"", ""mdgo_v11_probe_001918"", ""mdgo_v11_probe_001959""]"
mdgo_v13_du_4eeca50fdd26f645,mdgo_v05_fin_user_0018,finance,finance_fraud_lost_card_urgent_escalation,"[""mdgo_v05_fin_user_0018_s0032"", ""mdgo_v05_fin_user_0018_s0275""]",5,"[""mdgo_v11_probe_000467"", ""mdgo_v11_probe_000593"", ""mdgo_v11_probe_000616"", ""mdgo_v11_probe_000631"", ""mdgo_v11_probe_001087""]"
mdgo_v13_du_4f1972da7818c0cd,mdgo_v05_fin_user_0007,finance,finance_minimal_pii_secure_verification,"[""mdgo_v05_fin_user_0007_s0032"", ""mdgo_v05_fin_user_0007_s0275""]",8,"[""mdgo_v11_probe_000089"", ""mdgo_v11_probe_000159"", ""mdgo_v11_probe_000412"", ""mdgo_v11_probe_000651"", ""mdgo_v11_probe_000785"", ""mdgo_v11_probe_001079"", ""mdgo_v11_probe_001474"", ""mdgo_v11_probe_001651""]"
mdgo_v13_du_4f1b400e99d77526,mdgo_v05_fin_user_0024,finance,finance_fee_dispute_evidence_then_case,"[""mdgo_v05_fin_user_0024_s0008"", ""mdgo_v05_fin_user_0024_s0263""]",6,"[""mdgo_v11_probe_000158"", ""mdgo_v11_probe_000190"", ""mdgo_v11_probe_000804"", ""mdgo_v11_probe_001660"", ""mdgo_v11_probe_001866"", ""mdgo_v11_probe_001875""]"
mdgo_v13_du_4f9e212f516f3430,mdgo_v05_fin_user_0010,finance,finance_payment_status_latest_check,"[""mdgo_v05_fin_user_0010_s0276"", ""mdgo_v05_fin_user_0010_s0532""]",21,"[""mdgo_v11_probe_000034"", ""mdgo_v11_probe_000083"", ""mdgo_v11_probe_000468"", ""mdgo_v11_probe_000732"", ""mdgo_v11_probe_000855"", ""mdgo_v11_probe_000893"", ""mdgo_v11_probe_000948"", ""mdgo_v11_probe_000965"", ""mdgo_v11_probe_001012"", ""mdgo_v11_probe_001147"", ""mdgo_v11_probe_001158"", ""mdgo_v11_probe_001250"", ""mdgo_v11_probe_001451"", ""mdgo_v11_probe_001664"", ""mdgo_v11_probe_001674"", ""mdgo_v11_probe_001682"", ""mdgo_v11_probe_001688"", ""mdgo_v11_probe_001761"", ""mdgo_v11_probe_001878"", ""mdgo_v11_probe_001889"", ""mdgo_v11_probe_002042""]"
mdgo_v13_du_4fa2e4cf5c69d6f2,mdgo_v05_fin_user_0004,finance,finance_confirm_money_movement,"[""mdgo_v05_fin_user_0004_s0280"", ""mdgo_v05_fin_user_0004_s0534""]",25,"[""mdgo_v11_probe_000101"", ""mdgo_v11_probe_000157"", ""mdgo_v11_probe_000302"", ""mdgo_v11_probe_000320"", ""mdgo_v11_probe_000324"", ""mdgo_v11_probe_000479"", ""mdgo_v11_probe_000490"", ""mdgo_v11_probe_000527"", ""mdgo_v11_probe_001053"", ""mdgo_v11_probe_001074"", ""mdgo_v11_probe_001236"", ""mdgo_v11_probe_001317"", ""mdgo_v11_probe_001398"", ""mdgo_v11_probe_001478"", ""mdgo_v11_probe_001514"", ""mdgo_v11_probe_001538"", ""mdgo_v11_probe_001568"", ""mdgo_v11_probe_001570"", ""mdgo_v11_probe_001584"", ""mdgo_v11_probe_001591"", ""mdgo_v11_probe_001684"", ""mdgo_v11_probe_001780"", ""mdgo_v11_probe_001798"", ""mdgo_v11_probe_001856"", ""mdgo_v11_probe_002009""]"
mdgo_v13_du_4fef2fa7f0f45350,mdgo_v05_fin_user_0035,finance,finance_confirm_card_account_changes,"[""mdgo_v05_fin_user_0035_s0280"", ""mdgo_v05_fin_user_0035_s0534""]",13,"[""mdgo_v11_probe_000013"", ""mdgo_v11_probe_000063"", ""mdgo_v11_probe_000176"", ""mdgo_v11_probe_000251"", ""mdgo_v11_probe_000469"", ""mdgo_v11_probe_000512"", ""mdgo_v11_probe_000662"", ""mdgo_v11_probe_000728"", ""mdgo_v11_probe_000764"", ""mdgo_v11_probe_000901"", ""mdgo_v11_probe_001245"", ""mdgo_v11_probe_001409"", ""mdgo_v11_probe_001565""]"
mdgo_v13_du_50af09807e0853a7,mdgo_v05_fin_user_0016,finance,finance_fraud_lost_card_urgent_escalation,"[""mdgo_v05_fin_user_0016_s0284"", ""mdgo_v05_fin_user_0016_s0536""]",20,"[""mdgo_v11_probe_000020"", ""mdgo_v11_probe_000050"", ""mdgo_v11_probe_000141"", ""mdgo_v11_probe_000152"", ""mdgo_v11_probe_000351"", ""mdgo_v11_probe_000407"", ""mdgo_v11_probe_000481"", ""mdgo_v11_probe_000525"", ""mdgo_v11_probe_000585"", ""mdgo_v11_probe_000675"", ""mdgo_v11_probe_000775"", ""mdgo_v11_probe_000903"", ""mdgo_v11_probe_000983"", ""mdgo_v11_probe_001046"", ""mdgo_v11_probe_001179"", ""mdgo_v11_probe_001233"", ""mdgo_v11_probe_001334"", ""mdgo_v11_probe_001516"", ""mdgo_v11_probe_001655"", ""mdgo_v11_probe_001895""]"
mdgo_v13_du_50e382d671da762c,mdgo_v05_fin_user_0022,finance,finance_payment_status_latest_check,"[""mdgo_v05_fin_user_0022_s0286"", ""mdgo_v05_fin_user_0022_s0537""]",10,"[""mdgo_v11_probe_000436"", ""mdgo_v11_probe_000778"", ""mdgo_v11_probe_000857"", ""mdgo_v11_probe_000871"", ""mdgo_v11_probe_000962"", ""mdgo_v11_probe_000989"", ""mdgo_v11_probe_001117"", ""mdgo_v11_probe_001725"", ""mdgo_v11_probe_001868"", ""mdgo_v11_probe_001943""]"
mdgo_v13_du_522bd3f62660779c,mdgo_v05_fin_user_0000,finance,finance_balance_statement_summary_first,"[""mdgo_v05_fin_user_0000_s0014"", ""mdgo_v05_fin_user_0000_s0266""]",8,"[""mdgo_v11_probe_000803"", ""mdgo_v11_probe_000974"", ""mdgo_v11_probe_001122"", ""mdgo_v11_probe_001214"", ""mdgo_v11_probe_001465"", ""mdgo_v11_probe_001487"", ""mdgo_v11_probe_001860"", ""mdgo_v11_probe_002029""]"
mdgo_v13_du_530fce2bd9896b56,mdgo_v07_sof_user_0010,software,software_one_try_then_escalate,"[""mdgo_v07_sof_user_0010_s0280"", ""mdgo_v07_sof_user_0010_s0534""]",9,"[""mdgo_v11_probe_000044"", ""mdgo_v11_probe_000410"", ""mdgo_v11_probe_000822"", ""mdgo_v11_probe_000992"", ""mdgo_v11_probe_001098"", ""mdgo_v11_probe_001578"", ""mdgo_v11_probe_001748"", ""mdgo_v11_probe_002018"", ""mdgo_v11_probe_002022""]"
mdgo_v13_du_532889c457a6d6cb,mdgo_v05_fin_user_0024,finance,finance_confirm_card_account_changes,"[""mdgo_v05_fin_user_0024_s0282"", ""mdgo_v05_fin_user_0024_s0535""]",12,"[""mdgo_v11_probe_000057"", ""mdgo_v11_probe_000111"", ""mdgo_v11_probe_000249"", ""mdgo_v11_probe_000357"", ""mdgo_v11_probe_000374"", ""mdgo_v11_probe_000449"", ""mdgo_v11_probe_000533"", ""mdgo_v11_probe_000553"", ""mdgo_v11_probe_001496"", ""mdgo_v11_probe_001841"", ""mdgo_v11_probe_001845"", ""mdgo_v11_probe_002035""]"
mdgo_v13_du_534360c856f51244,mdgo_v05_fin_user_0002,finance,finance_confirm_card_account_changes,"[""mdgo_v05_fin_user_0002_s0286"", ""mdgo_v05_fin_user_0002_s0537""]",16,"[""mdgo_v11_probe_000506"", ""mdgo_v11_probe_000557"", ""mdgo_v11_probe_000580"", ""mdgo_v11_probe_000611"", ""mdgo_v11_probe_000683"", ""mdgo_v11_probe_000715"", ""mdgo_v11_probe_000731"", ""mdgo_v11_probe_001229"", ""mdgo_v11_probe_001263"", ""mdgo_v11_probe_001298"", ""mdgo_v11_probe_001351"", ""mdgo_v11_probe_001517"", ""mdgo_v11_probe_001553"", ""mdgo_v11_probe_001635"", ""mdgo_v11_probe_001741"", ""mdgo_v11_probe_001802""]"
mdgo_v13_du_5363928b3926cef0,mdgo_v05_sof_user_0003,software,software_platform_specific_steps,"[""mdgo_v05_sof_user_0003_s0008"", ""mdgo_v05_sof_user_0003_s0263""]",9,"[""mdgo_v11_probe_000534"", ""mdgo_v11_probe_000701"", ""mdgo_v11_probe_000743"", ""mdgo_v11_probe_001352"", ""mdgo_v11_probe_001640"", ""mdgo_v11_probe_001801"", ""mdgo_v11_probe_001852"", ""mdgo_v11_probe_001933"", ""mdgo_v11_probe_001974""]"
mdgo_v13_du_53ef595a96f6f2df,mdgo_v07_sof_user_0016,software,software_secure_login_password_flow,"[""mdgo_v07_sof_user_0016_s0284"", ""mdgo_v07_sof_user_0016_s0536""]",9,"[""mdgo_v11_probe_000107"", ""mdgo_v11_probe_000254"", ""mdgo_v11_probe_000579"", ""mdgo_v11_probe_000741"", ""mdgo_v11_probe_000933"", ""mdgo_v11_probe_001007"", ""mdgo_v11_probe_001059"", ""mdgo_v11_probe_001182"", ""mdgo_v11_probe_001294""]"
mdgo_v13_du_540bbe01b2d31e0b,mdgo_v07_sof_user_0015,software,software_docs_lookup_for_update_install,"[""mdgo_v07_sof_user_0015_s0014"", ""mdgo_v07_sof_user_0015_s0266""]",8,"[""mdgo_v11_probe_000021"", ""mdgo_v11_probe_000191"", ""mdgo_v11_probe_000792"", ""mdgo_v11_probe_000908"", ""mdgo_v11_probe_001367"", ""mdgo_v11_probe_001624"", ""mdgo_v11_probe_001739"", ""mdgo_v11_probe_001945""]"
mdgo_v13_du_55139b448bf8fdf0,mdgo_v07_sof_user_0009,software,software_docs_lookup_for_update_install,"[""mdgo_v07_sof_user_0009_s0278"", ""mdgo_v07_sof_user_0009_s0533""]",16,"[""mdgo_v11_probe_000208"", ""mdgo_v11_probe_000311"", ""mdgo_v11_probe_000570"", ""mdgo_v11_probe_000689"", ""mdgo_v11_probe_000733"", ""mdgo_v11_probe_000748"", ""mdgo_v11_probe_001023"", ""mdgo_v11_probe_001039"", ""mdgo_v11_probe_001111"", ""mdgo_v11_probe_001121"", ""mdgo_v11_probe_001403"", ""mdgo_v11_probe_001406"", ""mdgo_v11_probe_001899"", ""mdgo_v11_probe_001923"", ""mdgo_v11_probe_001951"", ""mdgo_v11_probe_001993""]"
mdgo_v13_du_562ef64778a06b28,mdgo_v05_fin_user_0022,finance,finance_payment_status_latest_check,"[""mdgo_v05_fin_user_0022_s0032"", ""mdgo_v05_fin_user_0022_s0275""]",9,"[""mdgo_v11_probe_000255"", ""mdgo_v11_probe_000318"", ""mdgo_v11_probe_000462"", ""mdgo_v11_probe_000556"", ""mdgo_v11_probe_000744"", ""mdgo_v11_probe_001386"", ""mdgo_v11_probe_001490"", ""mdgo_v11_probe_001537"", ""mdgo_v11_probe_001760""]"
mdgo_v13_du_56fdaf4a2b59a9e8,mdgo_v05_fin_user_0030,finance,finance_credit_loan_cautious_no_commitment,"[""mdgo_v05_fin_user_0030_s0026"", ""mdgo_v05_fin_user_0030_s0272""]",9,"[""mdgo_v11_probe_000006"", ""mdgo_v11_probe_000244"", ""mdgo_v11_probe_000440"", ""mdgo_v11_probe_000626"", ""mdgo_v11_probe_000634"", ""mdgo_v11_probe_000703"", ""mdgo_v11_probe_000738"", ""mdgo_v11_probe_001816"", ""mdgo_v11_probe_001912""]"
mdgo_v13_du_57184464d64f4582,mdgo_v05_fin_user_0013,finance,finance_fraud_lost_card_urgent_escalation,"[""mdgo_v05_fin_user_0013_s0286"", ""mdgo_v05_fin_user_0013_s0537""]",11,"[""mdgo_v11_probe_000365"", ""mdgo_v11_probe_000633"", ""mdgo_v11_probe_000805"", ""mdgo_v11_probe_000905"", ""mdgo_v11_probe_000999"", ""mdgo_v11_probe_001127"", ""mdgo_v11_probe_001520"", ""mdgo_v11_probe_001603"", ""mdgo_v11_probe_001821"", ""mdgo_v11_probe_001823"", ""mdgo_v11_probe_001891""]"
mdgo_v13_du_57568e725e959d50,mdgo_v05_fin_user_0028,finance,finance_fraud_lost_card_urgent_escalation,"[""mdgo_v05_fin_user_0028_s0014"", ""mdgo_v05_fin_user_0028_s0266""]",6,"[""mdgo_v11_probe_000167"", ""mdgo_v11_probe_000419"", ""mdgo_v11_probe_000795"", ""mdgo_v11_probe_001279"", ""mdgo_v11_probe_001391"", ""mdgo_v11_probe_001677""]"
mdgo_v13_du_5888944e192c13bf,mdgo_v05_fin_user_0003,finance,finance_fee_dispute_evidence_then_case,"[""mdgo_v05_fin_user_0003_s0014"", ""mdgo_v05_fin_user_0003_s0266""]",14,"[""mdgo_v11_probe_000242"", ""mdgo_v11_probe_000379"", ""mdgo_v11_probe_000474"", ""mdgo_v11_probe_000539"", ""mdgo_v11_probe_000657"", ""mdgo_v11_probe_000846"", ""mdgo_v11_probe_000881"", ""mdgo_v11_probe_000972"", ""mdgo_v11_probe_001137"", ""mdgo_v11_probe_001513"", ""mdgo_v11_probe_001742"", ""mdgo_v11_probe_001772"", ""mdgo_v11_probe_001796"", ""mdgo_v11_probe_002025""]"
mdgo_v13_du_596dd0cfa022ff2c,mdgo_v05_fin_user_0007,finance,finance_confirm_card_account_changes,"[""mdgo_v05_fin_user_0007_s0014"", ""mdgo_v05_fin_user_0007_s0266""]",6,"[""mdgo_v11_probe_000068"", ""mdgo_v11_probe_000586"", ""mdgo_v11_probe_000882"", ""mdgo_v11_probe_001311"", ""mdgo_v11_probe_001548"", ""mdgo_v11_probe_001984""]"
mdgo_v13_du_59728070cadf3d62,mdgo_v05_sof_user_0006,software,software_backup_before_risky_change,"[""mdgo_v05_sof_user_0006_s0284"", ""mdgo_v05_sof_user_0006_s0536""]",11,"[""mdgo_v11_probe_000071"", ""mdgo_v11_probe_000448"", ""mdgo_v11_probe_000637"", ""mdgo_v11_probe_000707"", ""mdgo_v11_probe_000851"", ""mdgo_v11_probe_000994"", ""mdgo_v11_probe_001055"", ""mdgo_v11_probe_001327"", ""mdgo_v11_probe_001364"", ""mdgo_v11_probe_001653"", ""mdgo_v11_probe_001989""]"
mdgo_v13_du_5a5534d17dcdd3a0,mdgo_v05_fin_user_0033,finance,finance_confirm_card_account_changes,"[""mdgo_v05_fin_user_0033_s0008"", ""mdgo_v05_fin_user_0033_s0263""]",18,"[""mdgo_v11_probe_000094"", ""mdgo_v11_probe_000096"", ""mdgo_v11_probe_000473"", ""mdgo_v11_probe_000535"", ""mdgo_v11_probe_000540"", ""mdgo_v11_probe_000560"", ""mdgo_v11_probe_000710"", ""mdgo_v11_probe_000761"", ""mdgo_v11_probe_000766"", ""mdgo_v11_probe_001028"", ""mdgo_v11_probe_001050"", ""mdgo_v11_probe_001308"", ""mdgo_v11_probe_001344"", ""mdgo_v11_probe_001460"", ""mdgo_v11_probe_001678"", ""mdgo_v11_probe_001700"", ""mdgo_v11_probe_001872"", ""mdgo_v11_probe_001981""]"
mdgo_v13_du_5a861363c5b4f7c7,mdgo_v05_sof_user_0004,software,software_secure_login_password_flow,"[""mdgo_v05_sof_user_0004_s0032"", ""mdgo_v05_sof_user_0004_s0275""]",5,"[""mdgo_v11_probe_000465"", ""mdgo_v11_probe_000958"", ""mdgo_v11_probe_001239"", ""mdgo_v11_probe_001947"", ""mdgo_v11_probe_002038""]"
mdgo_v13_du_5ad18da3ebaa5c62,mdgo_v05_fin_user_0014,finance,finance_fraud_lost_card_urgent_escalation,"[""mdgo_v05_fin_user_0014_s0002"", ""mdgo_v05_fin_user_0014_s0260""]",9,"[""mdgo_v11_probe_000016"", ""mdgo_v11_probe_000232"", ""mdgo_v11_probe_000358"", ""mdgo_v11_probe_000498"", ""mdgo_v11_probe_001020"", ""mdgo_v11_probe_001096"", ""mdgo_v11_probe_001300"", ""mdgo_v11_probe_001392"", ""mdgo_v11_probe_001536""]"
mdgo_v13_du_5b8028d74b59e41f,mdgo_v05_fin_user_0026,finance,finance_minimal_pii_secure_verification,"[""mdgo_v05_fin_user_0026_s0026"", ""mdgo_v05_fin_user_0026_s0272""]",11,"[""mdgo_v11_probe_000151"", ""mdgo_v11_probe_000239"", ""mdgo_v11_probe_000381"", ""mdgo_v11_probe_000620"", ""mdgo_v11_probe_000686"", ""mdgo_v11_probe_001045"", ""mdgo_v11_probe_001341"", ""mdgo_v11_probe_001363"", ""mdgo_v11_probe_001388"", ""mdgo_v11_probe_001795"", ""mdgo_v11_probe_001871""]"
mdgo_v13_du_5ec22f680c634dd1,mdgo_v05_fin_user_0018,finance,finance_confirm_card_account_changes,"[""mdgo_v05_fin_user_0018_s0026"", ""mdgo_v05_fin_user_0018_s0272""]",9,"[""mdgo_v11_probe_000187"", ""mdgo_v11_probe_000493"", ""mdgo_v11_probe_000514"", ""mdgo_v11_probe_000616"", ""mdgo_v11_probe_000681"", ""mdgo_v11_probe_000840"", ""mdgo_v11_probe_001345"", ""mdgo_v11_probe_001380"", ""mdgo_v11_probe_001602""]"
mdgo_v13_du_5f14b705a10731b0,mdgo_v05_fin_user_0005,finance,finance_fraud_lost_card_urgent_escalation,"[""mdgo_v05_fin_user_0005_s0280"", ""mdgo_v05_fin_user_0005_s0534""]",12,"[""mdgo_v11_probe_000066"", ""mdgo_v11_probe_000216"", ""mdgo_v11_probe_000259"", ""mdgo_v11_probe_000296"", ""mdgo_v11_probe_000684"", ""mdgo_v11_probe_000716"", ""mdgo_v11_probe_000890"", ""mdgo_v11_probe_001205"", ""mdgo_v11_probe_001259"", ""mdgo_v11_probe_001693"", ""mdgo_v11_probe_001726"", ""mdgo_v11_probe_001799""]"
mdgo_v13_du_5f73766caddfada5,mdgo_v05_fin_user_0014,finance,finance_fee_dispute_evidence_then_case,"[""mdgo_v05_fin_user_0014_s0008"", ""mdgo_v05_fin_user_0014_s0263""]",10,"[""mdgo_v11_probe_000025"", ""mdgo_v11_probe_000498"", ""mdgo_v11_probe_000600"", ""mdgo_v11_probe_000669"", ""mdgo_v11_probe_001103"", ""mdgo_v11_probe_001135"", ""mdgo_v11_probe_001177"", ""mdgo_v11_probe_001392"", ""mdgo_v11_probe_001486"", ""mdgo_v11_probe_001757""]"
mdgo_v13_du_5f9df9004d3605fe,mdgo_v05_fin_user_0013,finance,finance_balance_statement_summary_first,"[""mdgo_v05_fin_user_0013_s0280"", ""mdgo_v05_fin_user_0013_s0534""]",19,"[""mdgo_v11_probe_000052"", ""mdgo_v11_probe_000283"", ""mdgo_v11_probe_000342"", ""mdgo_v11_probe_000416"", ""mdgo_v11_probe_000633"", ""mdgo_v11_probe_000805"", ""mdgo_v11_probe_000832"", ""mdgo_v11_probe_000878"", ""mdgo_v11_probe_000999"", ""mdgo_v11_probe_001069"", ""mdgo_v11_probe_001116"", ""mdgo_v11_probe_001127"", ""mdgo_v11_probe_001316"", ""mdgo_v11_probe_001520"", ""mdgo_v11_probe_001603"", ""mdgo_v11_probe_001823"", ""mdgo_v11_probe_001861"", ""mdgo_v11_probe_001891"", ""mdgo_v11_probe_002006""]"
mdgo_v13_du_60068fc9ad597e2f,mdgo_v05_sof_user_0000,software,software_docs_lookup_for_update_install,"[""mdgo_v05_sof_user_0000_s0284"", ""mdgo_v05_sof_user_0000_s0536""]",16,"[""mdgo_v11_probe_000064"", ""mdgo_v11_probe_000122"", ""mdgo_v11_probe_000305"", ""mdgo_v11_probe_000427"", ""mdgo_v11_probe_000601"", ""mdgo_v11_probe_000615"", ""mdgo_v11_probe_000697"", ""mdgo_v11_probe_000883"", ""mdgo_v11_probe_000889"", ""mdgo_v11_probe_000907"", ""mdgo_v11_probe_000923"", ""mdgo_v11_probe_001157"", ""mdgo_v11_probe_001209"", ""mdgo_v11_probe_001339"", ""mdgo_v11_probe_001921"", ""mdgo_v11_probe_002030""]"
mdgo_v13_du_60316aea2c8cfa37,mdgo_v05_fin_user_0002,finance,finance_balance_statement_summary_first,"[""mdgo_v05_fin_user_0002_s0020"", ""mdgo_v05_fin_user_0002_s0269""]",8,"[""mdgo_v11_probe_000001"", ""mdgo_v11_probe_000781"", ""mdgo_v11_probe_001263"", ""mdgo_v11_probe_001318"", ""mdgo_v11_probe_001359"", ""mdgo_v11_probe_001545"", ""mdgo_v11_probe_001670"", ""mdgo_v11_probe_001681""]"
mdgo_v13_du_6082c1565edde069,mdgo_v05_fin_user_0025,finance,finance_confirm_card_account_changes,"[""mdgo_v05_fin_user_0025_s0032"", ""mdgo_v05_fin_user_0025_s0275""]",6,"[""mdgo_v11_probe_000291"", ""mdgo_v11_probe_000562"", ""mdgo_v11_probe_000605"", ""mdgo_v11_probe_001037"", ""mdgo_v11_probe_001355"", ""mdgo_v11_probe_001659""]"
mdgo_v13_du_60cdd583596edf1c,mdgo_v05_fin_user_0031,finance,finance_fraud_lost_card_urgent_escalation,"[""mdgo_v05_fin_user_0031_s0032"", ""mdgo_v05_fin_user_0031_s0275""]",8,"[""mdgo_v11_probe_000004"", ""mdgo_v11_probe_000042"", ""mdgo_v11_probe_000604"", ""mdgo_v11_probe_000688"", ""mdgo_v11_probe_001407"", ""mdgo_v11_probe_001468"", ""mdgo_v11_probe_001779"", ""mdgo_v11_probe_002040""]"
mdgo_v13_du_60e79252fb31d79f,mdgo_v07_sof_user_0017,software,software_ticket_receipt_summary,"[""mdgo_v07_sof_user_0017_s0286"", ""mdgo_v07_sof_user_0017_s0537""]",7,"[""mdgo_v11_probe_000069"", ""mdgo_v11_probe_000623"", ""mdgo_v11_probe_000783"", ""mdgo_v11_probe_000899"", ""mdgo_v11_probe_001221"", ""mdgo_v11_probe_001569"", ""mdgo_v11_probe_001647""]"
mdgo_v13_du_61580a1315faa8be,mdgo_v05_fin_user_0009,finance,finance_fee_dispute_evidence_then_case,"[""mdgo_v05_fin_user_0009_s0026"", ""mdgo_v05_fin_user_0009_s0272""]",12,"[""mdgo_v11_probe_000205"", ""mdgo_v11_probe_000397"", ""mdgo_v11_probe_000431"", ""mdgo_v11_probe_000441"", ""mdgo_v11_probe_000466"", ""mdgo_v11_probe_001131"", ""mdgo_v11_probe_001203"", ""mdgo_v11_probe_001473"", ""mdgo_v11_probe_001483"", ""mdgo_v11_probe_001888"", ""mdgo_v11_probe_001971"", ""mdgo_v11_probe_002043""]"
mdgo_v13_du_61afbfbc14be5ea2,mdgo_v07_sof_user_0009,software,software_platform_specific_steps,"[""mdgo_v07_sof_user_0009_s0282"", ""mdgo_v07_sof_user_0009_s0535""]",6,"[""mdgo_v11_probe_000523"", ""mdgo_v11_probe_000733"", ""mdgo_v11_probe_001185"", ""mdgo_v11_probe_001843"", ""mdgo_v11_probe_001951"", ""mdgo_v11_probe_001993""]"
mdgo_v13_du_62431281dddf845d,mdgo_v05_fin_user_0000,finance,finance_confirm_card_account_changes,"[""mdgo_v05_fin_user_0000_s0026"", ""mdgo_v05_fin_user_0000_s0272""]",8,"[""mdgo_v11_probe_000299"", ""mdgo_v11_probe_000417"", ""mdgo_v11_probe_000439"", ""mdgo_v11_probe_001187"", ""mdgo_v11_probe_001197"", ""mdgo_v11_probe_001267"", ""mdgo_v11_probe_001319"", ""mdgo_v11_probe_001402""]"
mdgo_v13_du_625a959a63861142,mdgo_v05_sof_user_0003,software,software_docs_lookup_for_update_install,"[""mdgo_v05_sof_user_0003_s0020"", ""mdgo_v05_sof_user_0003_s0269""]",6,"[""mdgo_v11_probe_000810"", ""mdgo_v11_probe_001130"", ""mdgo_v11_probe_001539"", ""mdgo_v11_probe_001640"", ""mdgo_v11_probe_001822"", ""mdgo_v11_probe_001994""]"
mdgo_v13_du_62a5ac435b72ddc2,mdgo_v05_fin_user_0034,finance,finance_fraud_lost_card_urgent_escalation,"[""mdgo_v05_fin_user_0034_s0026"", ""mdgo_v05_fin_user_0034_s0272""]",13,"[""mdgo_v11_probe_000153"", ""mdgo_v11_probe_000429"", ""mdgo_v11_probe_000904"", ""mdgo_v11_probe_000943"", ""mdgo_v11_probe_000947"", ""mdgo_v11_probe_001063"", ""mdgo_v11_probe_001159"", ""mdgo_v11_probe_001313"", ""mdgo_v11_probe_001379"", ""mdgo_v11_probe_001521"", ""mdgo_v11_probe_001829"", ""mdgo_v11_probe_001939"", ""mdgo_v11_probe_002044""]"
mdgo_v13_du_62c370ad98eb8b97,mdgo_v05_fin_user_0012,finance,finance_fee_dispute_evidence_then_case,"[""mdgo_v05_fin_user_0012_s0276"", ""mdgo_v05_fin_user_0012_s0532""]",18,"[""mdgo_v11_probe_000117"", ""mdgo_v11_probe_000215"", ""mdgo_v11_probe_000289"", ""mdgo_v11_probe_000619"", ""mdgo_v11_probe_000640"", ""mdgo_v11_probe_000791"", ""mdgo_v11_probe_000920"", ""mdgo_v11_probe_000935"", ""mdgo_v11_probe_000953"", ""mdgo_v11_probe_000959"", ""mdgo_v11_probe_000982"", ""mdgo_v11_probe_001138"", ""mdgo_v11_probe_001235"", ""mdgo_v11_probe_001404"", ""mdgo_v11_probe_001835"", ""mdgo_v11_probe_001901"", ""mdgo_v11_probe_001960"", ""mdgo_v11_probe_001976""]"
mdgo_v13_du_6392f062e415159e,mdgo_v07_sof_user_0017,software,software_docs_lookup_for_update_install,"[""mdgo_v07_sof_user_0017_s0014"", ""mdgo_v07_sof_user_0017_s0266""]",4,"[""mdgo_v11_probe_000516"", ""mdgo_v11_probe_000811"", ""mdgo_v11_probe_000936"", ""mdgo_v11_probe_001808""]"
mdgo_v13_du_64fd92ac6ea3e17d,mdgo_v07_sof_user_0010,software,software_backup_before_risky_change,"[""mdgo_v07_sof_user_0010_s0002"", ""mdgo_v07_sof_user_0010_s0260""]",1,"[""mdgo_v11_probe_000279""]"
mdgo_v13_du_6509120d28fdd0af,mdgo_v05_fin_user_0006,finance,finance_fee_dispute_evidence_then_case,"[""mdgo_v05_fin_user_0006_s0032"", ""mdgo_v05_fin_user_0006_s0275""]",4,"[""mdgo_v11_probe_000023"", ""mdgo_v11_probe_000815"", ""mdgo_v11_probe_001085"", ""mdgo_v11_probe_001307""]"
mdgo_v13_du_65c17c257e4ba596,mdgo_v05_fin_user_0020,finance,finance_balance_statement_summary_first,"[""mdgo_v05_fin_user_0020_s0020"", ""mdgo_v05_fin_user_0020_s0269""]",5,"[""mdgo_v11_probe_000166"", ""mdgo_v11_probe_000326"", ""mdgo_v11_probe_000447"", ""mdgo_v11_probe_000558"", ""mdgo_v11_probe_002047""]"
mdgo_v13_du_663695e99f2599c6,mdgo_v05_sof_user_0001,software,software_collect_diagnostics_before_fix,"[""mdgo_v05_sof_user_0001_s0014"", ""mdgo_v05_sof_user_0001_s0266""]",4,"[""mdgo_v11_probe_000095"", ""mdgo_v11_probe_000195"", ""mdgo_v11_probe_000677"", ""mdgo_v11_probe_001027""]"
mdgo_v13_du_6706bb6f4c337162,mdgo_v05_fin_user_0020,finance,finance_confirm_card_account_changes,"[""mdgo_v05_fin_user_0020_s0286"", ""mdgo_v05_fin_user_0020_s0537""]",10,"[""mdgo_v11_probe_000136"", ""mdgo_v11_probe_000447"", ""mdgo_v11_probe_000629"", ""mdgo_v11_probe_000749"", ""mdgo_v11_probe_001097"", ""mdgo_v11_probe_001249"", ""mdgo_v11_probe_001558"", ""mdgo_v11_probe_001561"", ""mdgo_v11_probe_001817"", ""mdgo_v11_probe_001961""]"
mdgo_v13_du_67112ea989620eaa,mdgo_v05_sof_user_0002,software,software_collect_diagnostics_before_fix,"[""mdgo_v05_sof_user_0002_s0284"", ""mdgo_v05_sof_user_0002_s0536""]",13,"[""mdgo_v11_probe_000113"", ""mdgo_v11_probe_000280"", ""mdgo_v11_probe_000333"", ""mdgo_v11_probe_000464"", ""mdgo_v11_probe_000639"", ""mdgo_v11_probe_000645"", ""mdgo_v11_probe_000807"", ""mdgo_v11_probe_000812"", ""mdgo_v11_probe_001011"", ""mdgo_v11_probe_001555"", ""mdgo_v11_probe_001557"", ""mdgo_v11_probe_001918"", ""mdgo_v11_probe_001959""]"
mdgo_v13_du_68e68a9fd19bf552,mdgo_v05_sof_user_0004,software,software_backup_before_risky_change,"[""mdgo_v05_sof_user_0004_s0002"", ""mdgo_v05_sof_user_0004_s0260""]",8,"[""mdgo_v11_probe_000040"", ""mdgo_v11_probe_000521"", ""mdgo_v11_probe_001030"", ""mdgo_v11_probe_001212"", ""mdgo_v11_probe_001410"", ""mdgo_v11_probe_001620"", ""mdgo_v11_probe_001751"", ""mdgo_v11_probe_002038""]"
mdgo_v13_du_68f55fc65237fc59,mdgo_v05_fin_user_0015,finance,finance_minimal_pii_secure_verification,"[""mdgo_v05_fin_user_0015_s0014"", ""mdgo_v05_fin_user_0015_s0266""]",11,"[""mdgo_v11_probe_000217"", ""mdgo_v11_probe_000281"", ""mdgo_v11_probe_000642"", ""mdgo_v11_probe_000709"", ""mdgo_v11_probe_000830"", ""mdgo_v11_probe_001013"", ""mdgo_v11_probe_001016"", ""mdgo_v11_probe_001125"", ""mdgo_v11_probe_001812"", ""mdgo_v11_probe_001853"", ""mdgo_v11_probe_002037""]"
mdgo_v13_du_68fdf592287afd77,mdgo_v05_fin_user_0016,finance,finance_fraud_lost_card_urgent_escalation,"[""mdgo_v05_fin_user_0016_s0026"", ""mdgo_v05_fin_user_0016_s0272""]",8,"[""mdgo_v11_probe_000160"", ""mdgo_v11_probe_000224"", ""mdgo_v11_probe_000336"", ""mdgo_v11_probe_000528"", ""mdgo_v11_probe_000664"", ""mdgo_v11_probe_000696"", ""mdgo_v11_probe_000762"", ""mdgo_v11_probe_001750""]"
mdgo_v13_du_69b4e7d9ed9cb781,mdgo_v05_fin_user_0005,finance,finance_fraud_lost_card_urgent_escalation,"[""mdgo_v05_fin_user_0005_s0014"", ""mdgo_v05_fin_user_0005_s0266""]",12,"[""mdgo_v11_probe_000138"", ""mdgo_v11_probe_000532"", ""mdgo_v11_probe_000566"", ""mdgo_v11_probe_000880"", ""mdgo_v11_probe_000925"", ""mdgo_v11_probe_001228"", ""mdgo_v11_probe_001285"", ""mdgo_v11_probe_001495"", ""mdgo_v11_probe_001507"", ""mdgo_v11_probe_001680"", ""mdgo_v11_probe_001932"", ""mdgo_v11_probe_002028""]"
mdgo_v13_du_6af8b2ff60222081,mdgo_v05_fin_user_0025,finance,finance_credit_loan_cautious_no_commitment,"[""mdgo_v05_fin_user_0025_s0276"", ""mdgo_v05_fin_user_0025_s0532""]",21,"[""mdgo_v11_probe_000241"", ""mdgo_v11_probe_000272"", ""mdgo_v11_probe_000345"", ""mdgo_v11_probe_000461"", ""mdgo_v11_probe_000569"", ""mdgo_v11_probe_000702"", ""mdgo_v11_probe_000856"", ""mdgo_v11_probe_000862"", ""mdgo_v11_probe_000875"", ""mdgo_v11_probe_001033"", ""mdgo_v11_probe_001037"", ""mdgo_v11_probe_001134"", ""mdgo_v11_probe_001331"", ""mdgo_v11_probe_001355"", ""mdgo_v11_probe_001450"", ""mdgo_v11_probe_001469"", ""mdgo_v11_probe_001472"", ""mdgo_v11_probe_001546"", ""mdgo_v11_probe_001706"", ""mdgo_v11_probe_001770"", ""mdgo_v11_probe_001810""]"
mdgo_v13_du_6b6320b8f9f21f7e,mdgo_v07_sof_user_0010,software,software_ticket_receipt_summary,"[""mdgo_v07_sof_user_0010_s0286"", ""mdgo_v07_sof_user_0010_s0537""]",5,"[""mdgo_v11_probe_000011"", ""mdgo_v11_probe_000245"", ""mdgo_v11_probe_000627"", ""mdgo_v11_probe_001425"", ""mdgo_v11_probe_001831""]"
mdgo_v13_du_6b93ffab11682d09,mdgo_v05_fin_user_0031,finance,finance_fraud_lost_card_urgent_escalation,"[""mdgo_v05_fin_user_0031_s0286"", ""mdgo_v05_fin_user_0031_s0537""]",12,"[""mdgo_v11_probe_000031"", ""mdgo_v11_probe_000237"", ""mdgo_v11_probe_000665"", ""mdgo_v11_probe_000769"", ""mdgo_v11_probe_000898"", ""mdgo_v11_probe_001376"", ""mdgo_v11_probe_001432"", ""mdgo_v11_probe_001532"", ""mdgo_v11_probe_001673"", ""mdgo_v11_probe_001913"", ""mdgo_v11_probe_001975"", ""mdgo_v11_probe_002045""]"
mdgo_v13_du_6b957b4da067524d,mdgo_v05_sof_user_0005,software,software_platform_specific_steps,"[""mdgo_v05_sof_user_0005_s0286"", ""mdgo_v05_sof_user_0005_s0537""]",16,"[""mdgo_v11_probe_000035"", ""mdgo_v11_probe_000149"", ""mdgo_v11_probe_000181"", ""mdgo_v11_probe_000233"", ""mdgo_v11_probe_000322"", ""mdgo_v11_probe_000508"", ""mdgo_v11_probe_000721"", ""mdgo_v11_probe_000753"", ""mdgo_v11_probe_000887"", ""mdgo_v11_probe_001081"", ""mdgo_v11_probe_001113"", ""mdgo_v11_probe_001301"", ""mdgo_v11_probe_001353"", ""mdgo_v11_probe_001397"", ""mdgo_v11_probe_001480"", ""mdgo_v11_probe_002033""]"
mdgo_v13_du_6c2eca96c4e22ba1,mdgo_v05_fin_user_0031,finance,finance_balance_statement_summary_first,"[""mdgo_v05_fin_user_0031_s0014"", ""mdgo_v05_fin_user_0031_s0266""]",5,"[""mdgo_v11_probe_000457"", ""mdgo_v11_probe_001321"", ""mdgo_v11_probe_001407"", ""mdgo_v11_probe_001779"", ""mdgo_v11_probe_001791""]"
mdgo_v13_du_6de41b00649c9523,mdgo_v05_fin_user_0004,finance,finance_confirm_money_movement,"[""mdgo_v05_fin_user_0004_s0014"", ""mdgo_v05_fin_user_0004_s0266""]",6,"[""mdgo_v11_probe_000045"", ""mdgo_v11_probe_000048"", ""mdgo_v11_probe_000267"", ""mdgo_v11_probe_000941"", ""mdgo_v11_probe_001575"", ""mdgo_v11_probe_001937""]"
mdgo_v13_du_6eca78ecbf302f9f,mdgo_v05_fin_user_0007,finance,finance_confirm_card_account_changes,"[""mdgo_v05_fin_user_0007_s0280"", ""mdgo_v05_fin_user_0007_s0534""]",13,"[""mdgo_v11_probe_000053"", ""mdgo_v11_probe_000077"", ""mdgo_v11_probe_000080"", ""mdgo_v11_probe_000213"", ""mdgo_v11_probe_000428"", ""mdgo_v11_probe_001104"", ""mdgo_v11_probe_001247"", ""mdgo_v11_probe_001400"", ""mdgo_v11_probe_001454"", ""mdgo_v11_probe_001651"", ""mdgo_v11_probe_001719"", ""mdgo_v11_probe_001734"", ""mdgo_v11_probe_001992""]"
mdgo_v13_du_6edc309a49014955,mdgo_v05_fin_user_0006,finance,finance_fraud_lost_card_urgent_escalation,"[""mdgo_v05_fin_user_0006_s0026"", ""mdgo_v05_fin_user_0006_s0272""]",13,"[""mdgo_v11_probe_000003"", ""mdgo_v11_probe_000261"", ""mdgo_v11_probe_000378"", ""mdgo_v11_probe_000787"", ""mdgo_v11_probe_000926"", ""mdgo_v11_probe_001078"", ""mdgo_v11_probe_001230"", ""mdgo_v11_probe_001374"", ""mdgo_v11_probe_001443"", ""mdgo_v11_probe_001675"", ""mdgo_v11_probe_001842"", ""mdgo_v11_probe_001952"", ""mdgo_v11_probe_001958""]"
mdgo_v13_du_6f1575f4a3eaaa73,mdgo_v07_sof_user_0010,software,software_collect_diagnostics_before_fix,"[""mdgo_v07_sof_user_0010_s0008"", ""mdgo_v07_sof_user_0010_s0263""]",11,"[""mdgo_v11_probe_000279"", ""mdgo_v11_probe_000691"", ""mdgo_v11_probe_000822"", ""mdgo_v11_probe_000888"", ""mdgo_v11_probe_001098"", ""mdgo_v11_probe_001256"", ""mdgo_v11_probe_001442"", ""mdgo_v11_probe_001544"", ""mdgo_v11_probe_001578"", ""mdgo_v11_probe_001686"", ""mdgo_v11_probe_001900""]"
mdgo_v13_du_6f4614d35a8d39a3,mdgo_v05_sof_user_0008,software,software_ticket_receipt_summary,"[""mdgo_v05_sof_user_0008_s0008"", ""mdgo_v05_sof_user_0008_s0263""]",11,"[""mdgo_v11_probe_000164"", ""mdgo_v11_probe_000170"", ""mdgo_v11_probe_000386"", ""mdgo_v11_probe_000446"", ""mdgo_v11_probe_000518"", ""mdgo_v11_probe_001000"", ""mdgo_v11_probe_001026"", ""mdgo_v11_probe_001088"", ""mdgo_v11_probe_001571"", ""mdgo_v11_probe_001740"", ""mdgo_v11_probe_001849""]"
mdgo_v13_du_6f597a95a88811d4,mdgo_v07_sof_user_0010,software,software_secure_login_password_flow,"[""mdgo_v07_sof_user_0010_s0026"", ""mdgo_v07_sof_user_0010_s0272""]",2,"[""mdgo_v11_probe_001442"", ""mdgo_v11_probe_001686""]"
mdgo_v13_du_70b2eb5965eb32a6,mdgo_v05_fin_user_0030,finance,finance_payment_status_latest_check,"[""mdgo_v05_fin_user_0030_s0008"", ""mdgo_v05_fin_user_0030_s0263""]",12,"[""mdgo_v11_probe_000030"", ""mdgo_v11_probe_000127"", ""mdgo_v11_probe_000526"", ""mdgo_v11_probe_000578"", ""mdgo_v11_probe_000588"", ""mdgo_v11_probe_000680"", ""mdgo_v11_probe_000809"", ""mdgo_v11_probe_001188"", ""mdgo_v11_probe_001389"", ""mdgo_v11_probe_001462"", ""mdgo_v11_probe_001586"", ""mdgo_v11_probe_001897""]"
mdgo_v13_du_713303c66c11c2af,mdgo_v05_fin_user_0029,finance,finance_balance_statement_summary_first,"[""mdgo_v05_fin_user_0029_s0008"", ""mdgo_v05_fin_user_0029_s0263""]",8,"[""mdgo_v11_probe_000207"", ""mdgo_v11_probe_000471"", ""mdgo_v11_probe_000960"", ""mdgo_v11_probe_001036"", ""mdgo_v11_probe_001041"", ""mdgo_v11_probe_001572"", ""mdgo_v11_probe_001948"", ""mdgo_v11_probe_001968""]"
mdgo_v13_du_71e3748df08b059a,mdgo_v05_sof_user_0004,software,software_collect_diagnostics_before_fix,"[""mdgo_v05_sof_user_0004_s0278"", ""mdgo_v05_sof_user_0004_s0533""]",23,"[""mdgo_v11_probe_000040"", ""mdgo_v11_probe_000284"", ""mdgo_v11_probe_000530"", ""mdgo_v11_probe_000598"", ""mdgo_v11_probe_000695"", ""mdgo_v11_probe_000806"", ""mdgo_v11_probe_000835"", ""mdgo_v11_probe_000914"", ""mdgo_v11_probe_000919"", ""mdgo_v11_probe_000949"", ""mdgo_v11_probe_001064"", ""mdgo_v11_probe_001118"", ""mdgo_v11_probe_001153"", ""mdgo_v11_probe_001195"", ""mdgo_v11_probe_001212"", ""mdgo_v11_probe_001239"", ""mdgo_v11_probe_001262"", ""mdgo_v11_probe_001303"", ""mdgo_v11_probe_001369"", ""mdgo_v11_probe_001620"", ""mdgo_v11_probe_001669"", ""mdgo_v11_probe_001694"", ""mdgo_v11_probe_001947""]"
mdgo_v13_du_722ce43f277ededd,mdgo_v07_sof_user_0017,software,software_secure_login_password_flow,"[""mdgo_v07_sof_user_0017_s0026"", ""mdgo_v07_sof_user_0017_s0272""]",4,"[""mdgo_v11_probe_001066"", ""mdgo_v11_probe_001258"", ""mdgo_v11_probe_001862"", ""mdgo_v11_probe_001894""]"
mdgo_v13_du_72400fba102ca808,mdgo_v05_fin_user_0024,finance,finance_fee_dispute_evidence_then_case,"[""mdgo_v05_fin_user_0024_s0278"", ""mdgo_v05_fin_user_0024_s0533""]",24,"[""mdgo_v11_probe_000057"", ""mdgo_v11_probe_000108"", ""mdgo_v11_probe_000111"", ""mdgo_v11_probe_000115"", ""mdgo_v11_probe_000248"", ""mdgo_v11_probe_000262"", ""mdgo_v11_probe_000292"", ""mdgo_v11_probe_000374"", ""mdgo_v11_probe_000434"", ""mdgo_v11_probe_000449"", ""mdgo_v11_probe_000533"", ""mdgo_v11_probe_000553"", ""mdgo_v11_probe_000854"", ""mdgo_v11_probe_000932"", ""mdgo_v11_probe_001054"", ""mdgo_v11_probe_001184"", ""mdgo_v11_probe_001456"", ""mdgo_v11_probe_001652"", ""mdgo_v11_probe_001662"", ""mdgo_v11_probe_001735"", ""mdgo_v11_probe_001841"", ""mdgo_v11_probe_001845"", ""mdgo_v11_probe_001964"", ""mdgo_v11_probe_002035""]"
mdgo_v13_du_731de9b9531ecd41,mdgo_v05_fin_user_0021,finance,finance_fee_dispute_evidence_then_case,"[""mdgo_v05_fin_user_0021_s0280"", ""mdgo_v05_fin_user_0021_s0534""]",14,"[""mdgo_v11_probe_000104"", ""mdgo_v11_probe_000316"", ""mdgo_v11_probe_000391"", ""mdgo_v11_probe_000480"", ""mdgo_v11_probe_000487"", ""mdgo_v11_probe_000858"", ""mdgo_v11_probe_001142"", ""mdgo_v11_probe_001217"", ""mdgo_v11_probe_001240"", ""mdgo_v11_probe_001264"", ""mdgo_v11_probe_001427"", ""mdgo_v11_probe_001529"", ""mdgo_v11_probe_001636"", ""mdgo_v11_probe_001710""]"
mdgo_v13_du_737a3895187e01e3,mdgo_v07_sof_user_0012,software,software_backup_before_risky_change,"[""mdgo_v07_sof_user_0012_s0002"", ""mdgo_v07_sof_user_0012_s0260""]",1,"[""mdgo_v11_probe_002004""]"
mdgo_v13_du_73e4e9e44034372e,mdgo_v05_fin_user_0003,finance,finance_balance_statement_summary_first,"[""mdgo_v05_fin_user_0003_s0032"", ""mdgo_v05_fin_user_0003_s0275""]",8,"[""mdgo_v11_probe_000538"", ""mdgo_v11_probe_000551"", ""mdgo_v11_probe_000831"", ""mdgo_v11_probe_001001"", ""mdgo_v11_probe_001145"", ""mdgo_v11_probe_001619"", ""mdgo_v11_probe_001623"", ""mdgo_v11_probe_001715""]"
mdgo_v13_du_74b025dc361fd17c,mdgo_v05_fin_user_0023,finance,finance_confirm_card_account_changes,"[""mdgo_v05_fin_user_0023_s0278"", ""mdgo_v05_fin_user_0023_s0533""]",20,"[""mdgo_v11_probe_000091"", ""mdgo_v11_probe_000228"", ""mdgo_v11_probe_000231"", ""mdgo_v11_probe_000344"", ""mdgo_v11_probe_000596"", ""mdgo_v11_probe_000599"", ""mdgo_v11_probe_000628"", ""mdgo_v11_probe_000658"", ""mdgo_v11_probe_000712"", ""mdgo_v11_probe_000719"", ""mdgo_v11_probe_000845"", ""mdgo_v11_probe_001076"", ""mdgo_v11_probe_001180"", ""mdgo_v11_probe_001232"", ""mdgo_v11_probe_001261"", ""mdgo_v11_probe_001357"", ""mdgo_v11_probe_001577"", ""mdgo_v11_probe_001663"", ""mdgo_v11_probe_001747"", ""mdgo_v11_probe_001881""]"
mdgo_v13_du_778a5427422ca6ca,mdgo_v05_fin_user_0032,finance,finance_fee_dispute_evidence_then_case,"[""mdgo_v05_fin_user_0032_s0026"", ""mdgo_v05_fin_user_0032_s0272""]",8,"[""mdgo_v11_probe_000074"", ""mdgo_v11_probe_000162"", ""mdgo_v11_probe_000522"", ""mdgo_v11_probe_000834"", ""mdgo_v11_probe_000886"", ""mdgo_v11_probe_001752"", ""mdgo_v11_probe_001768"", ""mdgo_v11_probe_001930""]"
mdgo_v13_du_77afc2dbb1382289,mdgo_v05_sof_user_0008,software,software_docs_lookup_for_update_install,"[""mdgo_v05_sof_user_0008_s0014"", ""mdgo_v05_sof_user_0008_s0266""]",13,"[""mdgo_v11_probe_000134"", ""mdgo_v11_probe_000164"", ""mdgo_v11_probe_000170"", ""mdgo_v11_probe_000230"", ""mdgo_v11_probe_000393"", ""mdgo_v11_probe_000446"", ""mdgo_v11_probe_000517"", ""mdgo_v11_probe_000518"", ""mdgo_v11_probe_000861"", ""mdgo_v11_probe_000873"", ""mdgo_v11_probe_001026"", ""mdgo_v11_probe_001088"", ""mdgo_v11_probe_001657""]"
mdgo_v13_du_7814ea6a00c33db5,mdgo_v05_fin_user_0026,finance,finance_payment_status_latest_check,"[""mdgo_v05_fin_user_0026_s0020"", ""mdgo_v05_fin_user_0026_s0269""]",12,"[""mdgo_v11_probe_000169"", ""mdgo_v11_probe_000243"", ""mdgo_v11_probe_000381"", ""mdgo_v11_probe_000625"", ""mdgo_v11_probe_000723"", ""mdgo_v11_probe_001095"", ""mdgo_v11_probe_001105"", ""mdgo_v11_probe_001219"", ""mdgo_v11_probe_001341"", ""mdgo_v11_probe_001446"", ""mdgo_v11_probe_001618"", ""mdgo_v11_probe_001737""]"
mdgo_v13_du_7891a12012a90e2d,mdgo_v05_fin_user_0026,finance,finance_balance_statement_summary_first,"[""mdgo_v05_fin_user_0026_s0032"", ""mdgo_v05_fin_user_0026_s0275""]",9,"[""mdgo_v11_probe_000660"", ""mdgo_v11_probe_001101"", ""mdgo_v11_probe_001231"", ""mdgo_v11_probe_001251"", ""mdgo_v11_probe_001396"", ""mdgo_v11_probe_001446"", ""mdgo_v11_probe_001618"", ""mdgo_v11_probe_001957"", ""mdgo_v11_probe_002017""]"
mdgo_v13_du_78adfa8e154fe3d9,mdgo_v07_sof_user_0015,software,software_docs_lookup_for_update_install,"[""mdgo_v07_sof_user_0015_s0280"", ""mdgo_v07_sof_user_0015_s0534""]",5,"[""mdgo_v11_probe_000720"", ""mdgo_v11_probe_000978"", ""mdgo_v11_probe_001062"", ""mdgo_v11_probe_001508"", ""mdgo_v11_probe_001658""]"
mdgo_v13_du_794ced9301118439,mdgo_v05_sof_user_0008,software,software_platform_specific_steps,"[""mdgo_v05_sof_user_0008_s0002"", ""mdgo_v05_sof_user_0008_s0260""]",4,"[""mdgo_v11_probe_001017"", ""mdgo_v11_probe_001254"", ""mdgo_v11_probe_001809"", ""mdgo_v11_probe_001902""]"
mdgo_v13_du_7a25d540cdfb8464,mdgo_v05_fin_user_0024,finance,finance_balance_statement_summary_first,"[""mdgo_v05_fin_user_0024_s0026"", ""mdgo_v05_fin_user_0024_s0272""]",13,"[""mdgo_v11_probe_000093"", ""mdgo_v11_probe_000115"", ""mdgo_v11_probe_000158"", ""mdgo_v11_probe_000249"", ""mdgo_v11_probe_000262"", ""mdgo_v11_probe_000357"", ""mdgo_v11_probe_000398"", ""mdgo_v11_probe_000434"", ""mdgo_v11_probe_000699"", ""mdgo_v11_probe_001054"", ""mdgo_v11_probe_001299"", ""mdgo_v11_probe_001496"", ""mdgo_v11_probe_001735""]"
mdgo_v13_du_7ac11c9da4e76608,mdgo_v05_fin_user_0026,finance,finance_fee_dispute_evidence_then_case,"[""mdgo_v05_fin_user_0026_s0280"", ""mdgo_v05_fin_user_0026_s0534""]",23,"[""mdgo_v11_probe_000062"", ""mdgo_v11_probe_000156"", ""mdgo_v11_probe_000210"", ""mdgo_v11_probe_000239"", ""mdgo_v11_probe_000409"", ""mdgo_v11_probe_000614"", ""mdgo_v11_probe_000620"", ""mdgo_v11_probe_000649"", ""mdgo_v11_probe_000686"", ""mdgo_v11_probe_000757"", ""mdgo_v11_probe_001105"", ""mdgo_v11_probe_001178"", ""mdgo_v11_probe_001219"", ""mdgo_v11_probe_001231"", ""mdgo_v11_probe_001388"", ""mdgo_v11_probe_001396"", ""mdgo_v11_probe_001446"", ""mdgo_v11_probe_001618"", ""mdgo_v11_probe_001668"", ""mdgo_v11_probe_001795"", ""mdgo_v11_probe_001871"", ""mdgo_v11_probe_001957"", ""mdgo_v11_probe_002017""]"
mdgo_v13_du_7ad7fddd68511cb6,mdgo_v07_sof_user_0013,software,software_backup_before_risky_change,"[""mdgo_v07_sof_user_0013_s0002"", ""mdgo_v07_sof_user_0013_s0260""]",3,"[""mdgo_v11_probe_000189"", ""mdgo_v11_probe_000456"", ""mdgo_v11_probe_001314""]"
mdgo_v13_du_7b081e0993d0cb87,mdgo_v05_sof_user_0000,software,software_collect_diagnostics_before_fix,"[""mdgo_v05_sof_user_0000_s0002"", ""mdgo_v05_sof_user_0000_s0260""]",7,"[""mdgo_v11_probe_000392"", ""mdgo_v11_probe_000668"", ""mdgo_v11_probe_000726"", ""mdgo_v11_probe_000750"", ""mdgo_v11_probe_001776"", ""mdgo_v11_probe_001865"", ""mdgo_v11_probe_001896""]"
mdgo_v13_du_7c2b5d428d9ee9e0,mdgo_v05_fin_user_0024,finance,finance_payment_status_latest_check,"[""mdgo_v05_fin_user_0024_s0014"", ""mdgo_v05_fin_user_0024_s0266""]",17,"[""mdgo_v11_probe_000057"", ""mdgo_v11_probe_000093"", ""mdgo_v11_probe_000248"", ""mdgo_v11_probe_000398"", ""mdgo_v11_probe_000533"", ""mdgo_v11_probe_000553"", ""mdgo_v11_probe_000699"", ""mdgo_v11_probe_000804"", ""mdgo_v11_probe_000854"", ""mdgo_v11_probe_001068"", ""mdgo_v11_probe_001299"", ""mdgo_v11_probe_001496"", ""mdgo_v11_probe_001652"", ""mdgo_v11_probe_001662"", ""mdgo_v11_probe_001841"", ""mdgo_v11_probe_001845"", ""mdgo_v11_probe_001964""]"
mdgo_v13_du_7c7f1a064dc7c8d5,mdgo_v05_fin_user_0012,finance,finance_fraud_lost_card_urgent_escalation,"[""mdgo_v05_fin_user_0012_s0020"", ""mdgo_v05_fin_user_0012_s0269""]",8,"[""mdgo_v11_probe_000640"", ""mdgo_v11_probe_000768"", ""mdgo_v11_probe_000894"", ""mdgo_v11_probe_000920"", ""mdgo_v11_probe_000987"", ""mdgo_v11_probe_001138"", ""mdgo_v11_probe_001960"", ""mdgo_v11_probe_001976""]"
mdgo_v13_du_7cbc0432e8057fdf,mdgo_v05_sof_user_0008,software,software_backup_before_risky_change,"[""mdgo_v05_sof_user_0008_s0284"", ""mdgo_v05_sof_user_0008_s0536""]",16,"[""mdgo_v11_probe_000014"", ""mdgo_v11_probe_000015"", ""mdgo_v11_probe_000017"", ""mdgo_v11_probe_000043"", ""mdgo_v11_probe_000134"", ""mdgo_v11_probe_000230"", ""mdgo_v11_probe_000263"", ""mdgo_v11_probe_000393"", ""mdgo_v11_probe_000517"", ""mdgo_v11_probe_000643"", ""mdgo_v11_probe_000656"", ""mdgo_v11_probe_000842"", ""mdgo_v11_probe_000861"", ""mdgo_v11_probe_000873"", ""mdgo_v11_probe_001383"", ""mdgo_v11_probe_001838""]"
mdgo_v13_du_7d71bd6e6d2f3e80,mdgo_v05_fin_user_0003,finance,finance_payment_status_latest_check,"[""mdgo_v05_fin_user_0003_s0020"", ""mdgo_v05_fin_user_0003_s0269""]",9,"[""mdgo_v11_probe_000238"", ""mdgo_v11_probe_000568"", ""mdgo_v11_probe_000654"", ""mdgo_v11_probe_000876"", ""mdgo_v11_probe_001422"", ""mdgo_v11_probe_001629"", ""mdgo_v11_probe_001890"", ""mdgo_v11_probe_001941"", ""mdgo_v11_probe_001946""]"
mdgo_v13_du_7da74629b317df26,mdgo_v07_sof_user_0016,software,software_collect_diagnostics_before_fix,"[""mdgo_v07_sof_user_0016_s0276"", ""mdgo_v07_sof_user_0016_s0532""]",18,"[""mdgo_v11_probe_000000"", ""mdgo_v11_probe_000317"", ""mdgo_v11_probe_000414"", ""mdgo_v11_probe_000488"", ""mdgo_v11_probe_000583"", ""mdgo_v11_probe_000590"", ""mdgo_v11_probe_000617"", ""mdgo_v11_probe_000673"", ""mdgo_v11_probe_000798"", ""mdgo_v11_probe_000938"", ""mdgo_v11_probe_001206"", ""mdgo_v11_probe_001273"", ""mdgo_v11_probe_001381"", ""mdgo_v11_probe_001435"", ""mdgo_v11_probe_001699"", ""mdgo_v11_probe_001789"", ""mdgo_v11_probe_001867"", ""mdgo_v11_probe_002014""]"
mdgo_v13_du_7ed05057b469b1d3,mdgo_v07_sof_user_0012,software,software_platform_specific_steps,"[""mdgo_v07_sof_user_0012_s0282"", ""mdgo_v07_sof_user_0012_s0535""]",8,"[""mdgo_v11_probe_000139"", ""mdgo_v11_probe_000188"", ""mdgo_v11_probe_000321"", ""mdgo_v11_probe_000327"", ""mdgo_v11_probe_000453"", ""mdgo_v11_probe_000497"", ""mdgo_v11_probe_001073"", ""mdgo_v11_probe_001119""]"
mdgo_v13_du_7f6c85ac0f0ffa83,mdgo_v05_sof_user_0005,software,software_backup_before_risky_change,"[""mdgo_v05_sof_user_0005_s0014"", ""mdgo_v05_sof_user_0005_s0266""]",6,"[""mdgo_v11_probe_000029"", ""mdgo_v11_probe_000073"", ""mdgo_v11_probe_000183"", ""mdgo_v11_probe_000509"", ""mdgo_v11_probe_001449"", ""mdgo_v11_probe_001998""]"
mdgo_v13_du_809c047950aee604,mdgo_v07_sof_user_0016,software,software_docs_lookup_for_update_install,"[""mdgo_v07_sof_user_0016_s0278"", ""mdgo_v07_sof_user_0016_s0533""]",12,"[""mdgo_v11_probe_000125"", ""mdgo_v11_probe_000317"", ""mdgo_v11_probe_000583"", ""mdgo_v11_probe_000590"", ""mdgo_v11_probe_000617"", ""mdgo_v11_probe_000741"", ""mdgo_v11_probe_001059"", ""mdgo_v11_probe_001273"", ""mdgo_v11_probe_001381"", ""mdgo_v11_probe_001789"", ""mdgo_v11_probe_001867"", ""mdgo_v11_probe_001936""]"
mdgo_v13_du_80f179b78f0e4687,mdgo_v05_sof_user_0003,software,software_backup_before_risky_change,"[""mdgo_v05_sof_user_0003_s0286"", ""mdgo_v05_sof_user_0003_s0537""]",11,"[""mdgo_v11_probe_000154"", ""mdgo_v11_probe_000247"", ""mdgo_v11_probe_000575"", ""mdgo_v11_probe_000701"", ""mdgo_v11_probe_000743"", ""mdgo_v11_probe_001211"", ""mdgo_v11_probe_001361"", ""mdgo_v11_probe_001505"", ""mdgo_v11_probe_001801"", ""mdgo_v11_probe_001919"", ""mdgo_v11_probe_001933""]"
mdgo_v13_du_81674198ae0eda0a,mdgo_v05_sof_user_0008,software,software_backup_before_risky_change,"[""mdgo_v05_sof_user_0008_s0026"", ""mdgo_v05_sof_user_0008_s0272""]",9,"[""mdgo_v11_probe_001000"", ""mdgo_v11_probe_001017"", ""mdgo_v11_probe_001168"", ""mdgo_v11_probe_001254"", ""mdgo_v11_probe_001654"", ""mdgo_v11_probe_001809"", ""mdgo_v11_probe_001855"", ""mdgo_v11_probe_001902"", ""mdgo_v11_probe_001982""]"
mdgo_v13_du_81d1068e0fd6cd4d,mdgo_v05_fin_user_0029,finance,finance_balance_statement_summary_first,"[""mdgo_v05_fin_user_0029_s0278"", ""mdgo_v05_fin_user_0029_s0533""]",13,"[""mdgo_v11_probe_000294"", ""mdgo_v11_probe_000364"", ""mdgo_v11_probe_000502"", ""mdgo_v11_probe_000610"", ""mdgo_v11_probe_001077"", ""mdgo_v11_probe_001093"", ""mdgo_v11_probe_001102"", ""mdgo_v11_probe_001282"", ""mdgo_v11_probe_001375"", ""mdgo_v11_probe_001433"", ""mdgo_v11_probe_001552"", ""mdgo_v11_probe_001600"", ""mdgo_v11_probe_001886""]"
mdgo_v13_du_8373eab7daf50cda,mdgo_v05_fin_user_0019,finance,finance_fee_dispute_evidence_then_case,"[""mdgo_v05_fin_user_0019_s0008"", ""mdgo_v05_fin_user_0019_s0263""]",11,"[""mdgo_v11_probe_000325"", ""mdgo_v11_probe_000335"", ""mdgo_v11_probe_000384"", ""mdgo_v11_probe_000390"", ""mdgo_v11_probe_000418"", ""mdgo_v11_probe_000478"", ""mdgo_v11_probe_000608"", ""mdgo_v11_probe_001031"", ""mdgo_v11_probe_001084"", ""mdgo_v11_probe_001266"", ""mdgo_v11_probe_001362""]"
mdgo_v13_du_8419823fe55ae4b4,mdgo_v05_fin_user_0013,finance,finance_balance_statement_summary_first,"[""mdgo_v05_fin_user_0013_s0014"", ""mdgo_v05_fin_user_0013_s0266""]",5,"[""mdgo_v11_probe_000799"", ""mdgo_v11_probe_001315"", ""mdgo_v11_probe_001782"", ""mdgo_v11_probe_001848"", ""mdgo_v11_probe_001962""]"
mdgo_v13_du_845939b2a032f6cf,mdgo_v05_sof_user_0001,software,software_backup_before_risky_change,"[""mdgo_v05_sof_user_0001_s0008"", ""mdgo_v05_sof_user_0001_s0263""]",15,"[""mdgo_v11_probe_000103"", ""mdgo_v11_probe_000367"", ""mdgo_v11_probe_000377"", ""mdgo_v11_probe_000671"", ""mdgo_v11_probe_000692"", ""mdgo_v11_probe_000782"", ""mdgo_v11_probe_000814"", ""mdgo_v11_probe_000848"", ""mdgo_v11_probe_000924"", ""mdgo_v11_probe_001160"", ""mdgo_v11_probe_001218"", ""mdgo_v11_probe_001477"", ""mdgo_v11_probe_001579"", ""mdgo_v11_probe_001877"", ""mdgo_v11_probe_001999""]"
mdgo_v13_du_8549b01304cdaa57,mdgo_v07_sof_user_0010,software,software_secure_login_password_flow,"[""mdgo_v07_sof_user_0010_s0284"", ""mdgo_v07_sof_user_0010_s0536""]",11,"[""mdgo_v11_probe_000245"", ""mdgo_v11_probe_000410"", ""mdgo_v11_probe_000609"", ""mdgo_v11_probe_000992"", ""mdgo_v11_probe_001222"", ""mdgo_v11_probe_001306"", ""mdgo_v11_probe_001425"", ""mdgo_v11_probe_001748"", ""mdgo_v11_probe_001773"", ""mdgo_v11_probe_001846"", ""mdgo_v11_probe_002018""]"
mdgo_v13_du_856a763fb835a7ef,mdgo_v05_sof_user_0006,software,software_docs_lookup_for_update_install,"[""mdgo_v05_sof_user_0006_s0014"", ""mdgo_v05_sof_user_0006_s0266""]",11,"[""mdgo_v11_probe_000056"", ""mdgo_v11_probe_000265"", ""mdgo_v11_probe_000554"", ""mdgo_v11_probe_000637"", ""mdgo_v11_probe_000821"", ""mdgo_v11_probe_001364"", ""mdgo_v11_probe_001625"", ""mdgo_v11_probe_001769"", ""mdgo_v11_probe_001914"", ""mdgo_v11_probe_001989"", ""mdgo_v11_probe_002011""]"
mdgo_v13_du_8697cf8f8f61de7d,mdgo_v07_sof_user_0016,software,software_one_try_then_escalate,"[""mdgo_v07_sof_user_0016_s0280"", ""mdgo_v07_sof_user_0016_s0534""]",6,"[""mdgo_v11_probe_000000"", ""mdgo_v11_probe_000107"", ""mdgo_v11_probe_000370"", ""mdgo_v11_probe_000470"", ""mdgo_v11_probe_001007"", ""mdgo_v11_probe_001182""]"
mdgo_v13_du_871aa23c4a2e64ce,mdgo_v05_sof_user_0005,software,software_docs_lookup_for_update_install,"[""mdgo_v05_sof_user_0005_s0002"", ""mdgo_v05_sof_user_0005_s0260""]",8,"[""mdgo_v11_probe_000029"", ""mdgo_v11_probe_000508"", ""mdgo_v11_probe_000509"", ""mdgo_v11_probe_000524"", ""mdgo_v11_probe_000868"", ""mdgo_v11_probe_001438"", ""mdgo_v11_probe_001480"", ""mdgo_v11_probe_001554""]"
mdgo_v13_du_87847917c151a77e,mdgo_v05_sof_user_0001,software,software_collect_diagnostics_before_fix,"[""mdgo_v05_sof_user_0001_s0280"", ""mdgo_v05_sof_user_0001_s0534""]",18,"[""mdgo_v11_probe_000110"", ""mdgo_v11_probe_000142"", ""mdgo_v11_probe_000200"", ""mdgo_v11_probe_000314"", ""mdgo_v11_probe_000353"", ""mdgo_v11_probe_000377"", ""mdgo_v11_probe_000692"", ""mdgo_v11_probe_000747"", ""mdgo_v11_probe_001291"", ""mdgo_v11_probe_001426"", ""mdgo_v11_probe_001477"", ""mdgo_v11_probe_001580"", ""mdgo_v11_probe_001607"", ""mdgo_v11_probe_001828"", ""mdgo_v11_probe_001877"", ""mdgo_v11_probe_001988"", ""mdgo_v11_probe_002000"", ""mdgo_v11_probe_002005""]"
mdgo_v13_du_87e6921adbd812ec,mdgo_v05_sof_user_0002,software,software_ticket_receipt_summary,"[""mdgo_v05_sof_user_0002_s0002"", ""mdgo_v05_sof_user_0002_s0260""]",2,"[""mdgo_v11_probe_000531"", ""mdgo_v11_probe_000897""]"
mdgo_v13_du_888ef62262570dec,mdgo_v05_fin_user_0017,finance,finance_credit_loan_cautious_no_commitment,"[""mdgo_v05_fin_user_0017_s0026"", ""mdgo_v05_fin_user_0017_s0272""]",9,"[""mdgo_v11_probe_000288"", ""mdgo_v11_probe_000300"", ""mdgo_v11_probe_000312"", ""mdgo_v11_probe_000369"", ""mdgo_v11_probe_000582"", ""mdgo_v11_probe_000652"", ""mdgo_v11_probe_001107"", ""mdgo_v11_probe_001530"", ""mdgo_v11_probe_001774""]"
mdgo_v13_du_8901b02f55b72cde,mdgo_v07_sof_user_0015,software,software_backup_before_risky_change,"[""mdgo_v07_sof_user_0015_s0002"", ""mdgo_v07_sof_user_0015_s0260""]",2,"[""mdgo_v11_probe_000399"", ""mdgo_v11_probe_001284""]"
mdgo_v13_du_8954cfec493392a5,mdgo_v05_fin_user_0010,finance,finance_fee_dispute_evidence_then_case,"[""mdgo_v05_fin_user_0010_s0020"", ""mdgo_v05_fin_user_0010_s0269""]",10,"[""mdgo_v11_probe_000309"", ""mdgo_v11_probe_000819"", ""mdgo_v11_probe_000979"", ""mdgo_v11_probe_001413"", ""mdgo_v11_probe_001633"", ""mdgo_v11_probe_001717"", ""mdgo_v11_probe_001761"", ""mdgo_v11_probe_001813"", ""mdgo_v11_probe_001889"", ""mdgo_v11_probe_001903""]"
mdgo_v13_du_89cf7399b3b9536c,mdgo_v05_fin_user_0011,finance,finance_fee_dispute_evidence_then_case,"[""mdgo_v05_fin_user_0011_s0032"", ""mdgo_v05_fin_user_0011_s0275""]",13,"[""mdgo_v11_probe_000201"", ""mdgo_v11_probe_000282"", ""mdgo_v11_probe_000442"", ""mdgo_v11_probe_000592"", ""mdgo_v11_probe_000734"", ""mdgo_v11_probe_000745"", ""mdgo_v11_probe_000826"", ""mdgo_v11_probe_000836"", ""mdgo_v11_probe_001004"", ""mdgo_v11_probe_001070"", ""mdgo_v11_probe_001216"", ""mdgo_v11_probe_001836"", ""mdgo_v11_probe_001954""]"
mdgo_v13_du_8a57f97dfa2ce78e,mdgo_v05_sof_user_0005,software,software_collect_diagnostics_before_fix,"[""mdgo_v05_sof_user_0005_s0020"", ""mdgo_v05_sof_user_0005_s0269""]",10,"[""mdgo_v11_probe_000073"", ""mdgo_v11_probe_000690"", ""mdgo_v11_probe_000742"", ""mdgo_v11_probe_000753"", ""mdgo_v11_probe_001113"", ""mdgo_v11_probe_001141"", ""mdgo_v11_probe_001461"", ""mdgo_v11_probe_001502"", ""mdgo_v11_probe_001778"", ""mdgo_v11_probe_002012""]"
mdgo_v13_du_8a80a3bd3a539606,mdgo_v07_sof_user_0017,software,software_backup_before_risky_change,"[""mdgo_v07_sof_user_0017_s0276"", ""mdgo_v07_sof_user_0017_s0532""]",20,"[""mdgo_v11_probe_000193"", ""mdgo_v11_probe_000389"", ""mdgo_v11_probe_000516"", ""mdgo_v11_probe_000899"", ""mdgo_v11_probe_000910"", ""mdgo_v11_probe_000936"", ""mdgo_v11_probe_000952"", ""mdgo_v11_probe_000995"", ""mdgo_v11_probe_001003"", ""mdgo_v11_probe_001066"", ""mdgo_v11_probe_001258"", ""mdgo_v11_probe_001393"", ""mdgo_v11_probe_001494"", ""mdgo_v11_probe_001574"", ""mdgo_v11_probe_001606"", ""mdgo_v11_probe_001647"", ""mdgo_v11_probe_001721"", ""mdgo_v11_probe_001808"", ""mdgo_v11_probe_001862"", ""mdgo_v11_probe_001894""]"
mdgo_v13_du_8ae76b44c92f2a07,mdgo_v05_fin_user_0002,finance,finance_confirm_card_account_changes,"[""mdgo_v05_fin_user_0002_s0032"", ""mdgo_v05_fin_user_0002_s0275""]",7,"[""mdgo_v11_probe_000774"", ""mdgo_v11_probe_001148"", ""mdgo_v11_probe_001268"", ""mdgo_v11_probe_001318"", ""mdgo_v11_probe_001670"", ""mdgo_v11_probe_001786"", ""mdgo_v11_probe_001944""]"
mdgo_v13_du_8ae8a50c2d200cc2,mdgo_v07_sof_user_0011,software,software_secure_login_password_flow,"[""mdgo_v07_sof_user_0011_s0026"", ""mdgo_v07_sof_user_0011_s0272""]",2,"[""mdgo_v11_probe_001010"", ""mdgo_v11_probe_001346""]"
mdgo_v13_du_8b21345c648d67b7,mdgo_v05_fin_user_0011,finance,finance_balance_statement_summary_first,"[""mdgo_v05_fin_user_0011_s0008"", ""mdgo_v05_fin_user_0011_s0263""]",5,"[""mdgo_v11_probe_000065"", ""mdgo_v11_probe_000120"", ""mdgo_v11_probe_000334"", ""mdgo_v11_probe_000977"", ""mdgo_v11_probe_001476""]"
mdgo_v13_du_8bfc0812b74d1747,mdgo_v05_fin_user_0004,finance,finance_payment_status_latest_check,"[""mdgo_v05_fin_user_0004_s0032"", ""mdgo_v05_fin_user_0004_s0275""]",12,"[""mdgo_v11_probe_000045"", ""mdgo_v11_probe_000048"", ""mdgo_v11_probe_000302"", ""mdgo_v11_probe_000490"", ""mdgo_v11_probe_001074"", ""mdgo_v11_probe_001398"", ""mdgo_v11_probe_001570"", ""mdgo_v11_probe_001575"", ""mdgo_v11_probe_001584"", ""mdgo_v11_probe_001684"", ""mdgo_v11_probe_001780"", ""mdgo_v11_probe_001798""]"
mdgo_v13_du_8e7d602d780e9ed5,mdgo_v05_fin_user_0022,finance,finance_confirm_money_movement,"[""mdgo_v05_fin_user_0022_s0014"", ""mdgo_v05_fin_user_0022_s0266""]",8,"[""mdgo_v11_probe_000234"", ""mdgo_v11_probe_000458"", ""mdgo_v11_probe_000510"", ""mdgo_v11_probe_000909"", ""mdgo_v11_probe_001117"", ""mdgo_v11_probe_001416"", ""mdgo_v11_probe_001621"", ""mdgo_v11_probe_001676""]"
mdgo_v13_du_8f11359ae0d177df,mdgo_v05_fin_user_0005,finance,finance_confirm_money_movement,"[""mdgo_v05_fin_user_0005_s0026"", ""mdgo_v05_fin_user_0005_s0272""]",11,"[""mdgo_v11_probe_000173"", ""mdgo_v11_probe_000296"", ""mdgo_v11_probe_000485"", ""mdgo_v11_probe_000507"", ""mdgo_v11_probe_000566"", ""mdgo_v11_probe_000890"", ""mdgo_v11_probe_001696"", ""mdgo_v11_probe_001720"", ""mdgo_v11_probe_001840"", ""mdgo_v11_probe_001847"", ""mdgo_v11_probe_001873""]"
mdgo_v13_du_8fdccba20a78d5c0,mdgo_v05_fin_user_0015,finance,finance_confirm_money_movement,"[""mdgo_v05_fin_user_0015_s0008"", ""mdgo_v05_fin_user_0015_s0263""]",5,"[""mdgo_v11_probe_000348"", ""mdgo_v11_probe_000642"", ""mdgo_v11_probe_001072"", ""mdgo_v11_probe_001563"", ""mdgo_v11_probe_001812""]"
mdgo_v13_du_912580eaeb1d348e,mdgo_v05_sof_user_0007,software,software_platform_specific_steps,"[""mdgo_v05_sof_user_0007_s0286"", ""mdgo_v05_sof_user_0007_s0537""]",15,"[""mdgo_v11_probe_000039"", ""mdgo_v11_probe_000081"", ""mdgo_v11_probe_000495"", ""mdgo_v11_probe_000519"", ""mdgo_v11_probe_000772"", ""mdgo_v11_probe_000843"", ""mdgo_v11_probe_000973"", ""mdgo_v11_probe_001163"", ""mdgo_v11_probe_001295"", ""mdgo_v11_probe_001366"", ""mdgo_v11_probe_001484"", ""mdgo_v11_probe_001493"", ""mdgo_v11_probe_001695"", ""mdgo_v11_probe_001767"", ""mdgo_v11_probe_001793""]"
mdgo_v13_du_921819d14ed6555f,mdgo_v05_fin_user_0003,finance,finance_fraud_lost_card_urgent_escalation,"[""mdgo_v05_fin_user_0003_s0278"", ""mdgo_v05_fin_user_0003_s0533""]",21,"[""mdgo_v11_probe_000238"", ""mdgo_v11_probe_000340"", ""mdgo_v11_probe_000379"", ""mdgo_v11_probe_000500"", ""mdgo_v11_probe_000568"", ""mdgo_v11_probe_000672"", ""mdgo_v11_probe_000831"", ""mdgo_v11_probe_000972"", ""mdgo_v11_probe_000976"", ""mdgo_v11_probe_001001"", ""mdgo_v11_probe_001060"", ""mdgo_v11_probe_001137"", ""mdgo_v11_probe_001237"", ""mdgo_v11_probe_001513"", ""mdgo_v11_probe_001705"", ""mdgo_v11_probe_001715"", ""mdgo_v11_probe_001742"", ""mdgo_v11_probe_001772"", ""mdgo_v11_probe_001890"", ""mdgo_v11_probe_001946"", ""mdgo_v11_probe_002025""]"
mdgo_v13_du_934820b122c78417,mdgo_v07_sof_user_0010,software,software_platform_specific_steps,"[""mdgo_v07_sof_user_0010_s0282"", ""mdgo_v07_sof_user_0010_s0535""]",9,"[""mdgo_v11_probe_000609"", ""mdgo_v11_probe_000627"", ""mdgo_v11_probe_000885"", ""mdgo_v11_probe_000913"", ""mdgo_v11_probe_001256"", ""mdgo_v11_probe_001275"", ""mdgo_v11_probe_001329"", ""mdgo_v11_probe_001417"", ""mdgo_v11_probe_001425""]"
mdgo_v13_du_941d0858a2942476,mdgo_v07_sof_user_0012,software,software_one_try_then_escalate,"[""mdgo_v07_sof_user_0012_s0280"", ""mdgo_v07_sof_user_0012_s0534""]",6,"[""mdgo_v11_probe_000008"", ""mdgo_v11_probe_000140"", ""mdgo_v11_probe_000980"", ""mdgo_v11_probe_001164"", ""mdgo_v11_probe_001244"", ""mdgo_v11_probe_001904""]"
mdgo_v13_du_964348f25011efbe,mdgo_v07_sof_user_0015,software,software_platform_specific_steps,"[""mdgo_v07_sof_user_0015_s0282"", ""mdgo_v07_sof_user_0015_s0535""]",5,"[""mdgo_v11_probe_000033"", ""mdgo_v11_probe_000915"", ""mdgo_v11_probe_001365"", ""mdgo_v11_probe_001431"", ""mdgo_v11_probe_001945""]"
mdgo_v13_du_96b7f9de16ff2cff,mdgo_v05_fin_user_0033,finance,finance_fraud_lost_card_urgent_escalation,"[""mdgo_v05_fin_user_0033_s0280"", ""mdgo_v05_fin_user_0033_s0534""]",13,"[""mdgo_v11_probe_000186"", ""mdgo_v11_probe_000452"", ""mdgo_v11_probe_000540"", ""mdgo_v11_probe_001050"", ""mdgo_v11_probe_001061"", ""mdgo_v11_probe_001286"", ""mdgo_v11_probe_001308"", ""mdgo_v11_probe_001344"", ""mdgo_v11_probe_001382"", ""mdgo_v11_probe_001445"", ""mdgo_v11_probe_001460"", ""mdgo_v11_probe_001616"", ""mdgo_v11_probe_001872""]"
mdgo_v13_du_97c7f261cb7a6e1d,mdgo_v05_fin_user_0017,finance,finance_fee_dispute_evidence_then_case,"[""mdgo_v05_fin_user_0017_s0002"", ""mdgo_v05_fin_user_0017_s0260""]",6,"[""mdgo_v11_probe_000102"", ""mdgo_v11_probe_000288"", ""mdgo_v11_probe_000354"", ""mdgo_v11_probe_000652"", ""mdgo_v11_probe_001272"", ""mdgo_v11_probe_001499""]"
mdgo_v13_du_97f7f71f5eff3c88,mdgo_v05_fin_user_0032,finance,finance_minimal_pii_secure_verification,"[""mdgo_v05_fin_user_0032_s0020"", ""mdgo_v05_fin_user_0032_s0269""]",11,"[""mdgo_v11_probe_000074"", ""mdgo_v11_probe_000463"", ""mdgo_v11_probe_000621"", ""mdgo_v11_probe_000834"", ""mdgo_v11_probe_000886"", ""mdgo_v11_probe_000981"", ""mdgo_v11_probe_001021"", ""mdgo_v11_probe_001089"", ""mdgo_v11_probe_001323"", ""mdgo_v11_probe_001628"", ""mdgo_v11_probe_001930""]"
mdgo_v13_du_9858c2a6929f7b6a,mdgo_v07_sof_user_0014,software,software_docs_lookup_for_update_install,"[""mdgo_v07_sof_user_0014_s0014"", ""mdgo_v07_sof_user_0014_s0266""]",2,"[""mdgo_v11_probe_000360"", ""mdgo_v11_probe_002020""]"
mdgo_v13_du_9897129b6a840932,mdgo_v05_fin_user_0028,finance,finance_confirm_money_movement,"[""mdgo_v05_fin_user_0028_s0284"", ""mdgo_v05_fin_user_0028_s0536""]",21,"[""mdgo_v11_probe_000027"", ""mdgo_v11_probe_000123"", ""mdgo_v11_probe_000145"", ""mdgo_v11_probe_000260"", ""mdgo_v11_probe_000275"", ""mdgo_v11_probe_000565"", ""mdgo_v11_probe_000827"", ""mdgo_v11_probe_000867"", ""mdgo_v11_probe_001120"", ""mdgo_v11_probe_001243"", ""mdgo_v11_probe_001412"", ""mdgo_v11_probe_001459"", ""mdgo_v11_probe_001522"", ""mdgo_v11_probe_001531"", ""mdgo_v11_probe_001541"", ""mdgo_v11_probe_001677"", ""mdgo_v11_probe_001714"", ""mdgo_v11_probe_001736"", ""mdgo_v11_probe_001749"", ""mdgo_v11_probe_001781"", ""mdgo_v11_probe_001811""]"
mdgo_v13_du_98a1770982445644,mdgo_v05_fin_user_0012,finance,finance_minimal_pii_secure_verification,"[""mdgo_v05_fin_user_0012_s0032"", ""mdgo_v05_fin_user_0012_s0275""]",6,"[""mdgo_v11_probe_000215"", ""mdgo_v11_probe_000382"", ""mdgo_v11_probe_000619"", ""mdgo_v11_probe_000935"", ""mdgo_v11_probe_001305"", ""mdgo_v11_probe_001637""]"
mdgo_v13_du_998189ef4a22db5d,mdgo_v05_fin_user_0035,finance,finance_confirm_card_account_changes,"[""mdgo_v05_fin_user_0035_s0014"", ""mdgo_v05_fin_user_0035_s0266""]",11,"[""mdgo_v11_probe_000155"", ""mdgo_v11_probe_000597"", ""mdgo_v11_probe_000650"", ""mdgo_v11_probe_000725"", ""mdgo_v11_probe_000841"", ""mdgo_v11_probe_000942"", ""mdgo_v11_probe_001192"", ""mdgo_v11_probe_001330"", ""mdgo_v11_probe_001458"", ""mdgo_v11_probe_001551"", ""mdgo_v11_probe_001595""]"
mdgo_v13_du_99ab3d2280dd5c2c,mdgo_v05_sof_user_0002,software,software_collect_diagnostics_before_fix,"[""mdgo_v05_sof_user_0002_s0026"", ""mdgo_v05_sof_user_0002_s0272""]",10,"[""mdgo_v11_probe_000366"", ""mdgo_v11_probe_000426"", ""mdgo_v11_probe_000531"", ""mdgo_v11_probe_000808"", ""mdgo_v11_probe_000897"", ""mdgo_v11_probe_000916"", ""mdgo_v11_probe_001014"", ""mdgo_v11_probe_001360"", ""mdgo_v11_probe_001519"", ""mdgo_v11_probe_001938""]"
mdgo_v13_du_99caa12e0992dcf9,mdgo_v05_fin_user_0006,finance,finance_confirm_money_movement,"[""mdgo_v05_fin_user_0006_s0020"", ""mdgo_v05_fin_user_0006_s0269""]",8,"[""mdgo_v11_probe_000019"", ""mdgo_v11_probe_000313"", ""mdgo_v11_probe_000378"", ""mdgo_v11_probe_000571"", ""mdgo_v11_probe_000926"", ""mdgo_v11_probe_001230"", ""mdgo_v11_probe_001842"", ""mdgo_v11_probe_001958""]"
mdgo_v13_du_99fc647280c21f6c,mdgo_v05_fin_user_0004,finance,finance_payment_status_latest_check,"[""mdgo_v05_fin_user_0004_s0286"", ""mdgo_v05_fin_user_0004_s0537""]",14,"[""mdgo_v11_probe_000070"", ""mdgo_v11_probe_000101"", ""mdgo_v11_probe_000178"", ""mdgo_v11_probe_000320"", ""mdgo_v11_probe_000479"", ""mdgo_v11_probe_000527"", ""mdgo_v11_probe_000676"", ""mdgo_v11_probe_000975"", ""mdgo_v11_probe_001053"", ""mdgo_v11_probe_001317"", ""mdgo_v11_probe_001478"", ""mdgo_v11_probe_001538"", ""mdgo_v11_probe_001568"", ""mdgo_v11_probe_002009""]"
mdgo_v13_du_9a2da98219c72220,mdgo_v05_fin_user_0009,finance,finance_confirm_money_movement,"[""mdgo_v05_fin_user_0009_s0014"", ""mdgo_v05_fin_user_0009_s0266""]",7,"[""mdgo_v11_probe_000271"", ""mdgo_v11_probe_001065"", ""mdgo_v11_probe_001203"", ""mdgo_v11_probe_001248"", ""mdgo_v11_probe_001326"", ""mdgo_v11_probe_001473"", ""mdgo_v11_probe_001765""]"
mdgo_v13_du_9a3783a3c9eff638,mdgo_v05_fin_user_0004,finance,finance_credit_loan_cautious_no_commitment,"[""mdgo_v05_fin_user_0004_s0008"", ""mdgo_v05_fin_user_0004_s0263""]",12,"[""mdgo_v11_probe_000070"", ""mdgo_v11_probe_000157"", ""mdgo_v11_probe_000178"", ""mdgo_v11_probe_000324"", ""mdgo_v11_probe_001053"", ""mdgo_v11_probe_001106"", ""mdgo_v11_probe_001236"", ""mdgo_v11_probe_001252"", ""mdgo_v11_probe_001317"", ""mdgo_v11_probe_001591"", ""mdgo_v11_probe_001856"", ""mdgo_v11_probe_002009""]"
mdgo_v13_du_9b434c6c72ff7e13,mdgo_v05_fin_user_0034,finance,finance_fee_dispute_evidence_then_case,"[""mdgo_v05_fin_user_0034_s0032"", ""mdgo_v05_fin_user_0034_s0275""]",10,"[""mdgo_v11_probe_000346"", ""mdgo_v11_probe_000646"", ""mdgo_v11_probe_000788"", ""mdgo_v11_probe_001002"", ""mdgo_v11_probe_001058"", ""mdgo_v11_probe_001304"", ""mdgo_v11_probe_001525"", ""mdgo_v11_probe_001604"", ""mdgo_v11_probe_001908"", ""mdgo_v11_probe_002016""]"
mdgo_v13_du_9bb105405e1d8033,mdgo_v05_fin_user_0021,finance,finance_balance_statement_summary_first,"[""mdgo_v05_fin_user_0021_s0032"", ""mdgo_v05_fin_user_0021_s0275""]",10,"[""mdgo_v11_probe_000316"", ""mdgo_v11_probe_000391"", ""mdgo_v11_probe_000423"", ""mdgo_v11_probe_000546"", ""mdgo_v11_probe_000735"", ""mdgo_v11_probe_000927"", ""mdgo_v11_probe_001240"", ""mdgo_v11_probe_001264"", ""mdgo_v11_probe_001636"", ""mdgo_v11_probe_001710""]"
mdgo_v13_du_9cc6fc0b524bcba0,mdgo_v07_sof_user_0010,software,software_backup_before_risky_change,"[""mdgo_v07_sof_user_0010_s0276"", ""mdgo_v07_sof_user_0010_s0532""]",21,"[""mdgo_v11_probe_000011"", ""mdgo_v11_probe_000425"", ""mdgo_v11_probe_000444"", ""mdgo_v11_probe_000641"", ""mdgo_v11_probe_000691"", ""mdgo_v11_probe_000704"", ""mdgo_v11_probe_000885"", ""mdgo_v11_probe_000888"", ""mdgo_v11_probe_000913"", ""mdgo_v11_probe_001152"", ""mdgo_v11_probe_001222"", ""mdgo_v11_probe_001275"", ""mdgo_v11_probe_001329"", ""mdgo_v11_probe_001417"", ""mdgo_v11_probe_001442"", ""mdgo_v11_probe_001544"", ""mdgo_v11_probe_001592"", ""mdgo_v11_probe_001686"", ""mdgo_v11_probe_001831"", ""mdgo_v11_probe_001900"", ""mdgo_v11_probe_002022""]"
mdgo_v13_du_9d0256cab4a44023,mdgo_v05_fin_user_0016,finance,finance_fee_dispute_evidence_then_case,"[""mdgo_v05_fin_user_0016_s0032"", ""mdgo_v05_fin_user_0016_s0275""]",7,"[""mdgo_v11_probe_000585"", ""mdgo_v11_probe_000675"", ""mdgo_v11_probe_000775"", ""mdgo_v11_probe_000903"", ""mdgo_v11_probe_001179"", ""mdgo_v11_probe_001655"", ""mdgo_v11_probe_001996""]"
mdgo_v13_du_9db191879f3b4404,mdgo_v05_fin_user_0014,finance,finance_minimal_pii_secure_verification,"[""mdgo_v05_fin_user_0014_s0032"", ""mdgo_v05_fin_user_0014_s0275""]",4,"[""mdgo_v11_probe_000199"", ""mdgo_v11_probe_001103"", ""mdgo_v11_probe_001377"", ""mdgo_v11_probe_001486""]"
mdgo_v13_du_9ecd756c2feac71b,mdgo_v07_sof_user_0016,software,software_secure_login_password_flow,"[""mdgo_v07_sof_user_0016_s0026"", ""mdgo_v07_sof_user_0016_s0272""]",1,"[""mdgo_v11_probe_000488""]"
mdgo_v13_du_9edabaead0060240,mdgo_v05_fin_user_0018,finance,finance_credit_loan_cautious_no_commitment,"[""mdgo_v05_fin_user_0018_s0020"", ""mdgo_v05_fin_user_0018_s0269""]",8,"[""mdgo_v11_probe_000266"", ""mdgo_v11_probe_000332"", ""mdgo_v11_probe_000415"", ""mdgo_v11_probe_000433"", ""mdgo_v11_probe_001309"", ""mdgo_v11_probe_001436"", ""mdgo_v11_probe_001602"", ""mdgo_v11_probe_001759""]"
mdgo_v13_du_9f14b3a28dda9d28,mdgo_v05_sof_user_0008,software,software_platform_specific_steps,"[""mdgo_v05_sof_user_0008_s0276"", ""mdgo_v05_sof_user_0008_s0532""]",22,"[""mdgo_v11_probe_000014"", ""mdgo_v11_probe_000015"", ""mdgo_v11_probe_000017"", ""mdgo_v11_probe_000043"", ""mdgo_v11_probe_000263"", ""mdgo_v11_probe_000393"", ""mdgo_v11_probe_000517"", ""mdgo_v11_probe_000545"", ""mdgo_v11_probe_000643"", ""mdgo_v11_probe_000656"", ""mdgo_v11_probe_000789"", ""mdgo_v11_probe_000842"", ""mdgo_v11_probe_000873"", ""mdgo_v11_probe_001000"", ""mdgo_v11_probe_001026"", ""mdgo_v11_probe_001168"", ""mdgo_v11_probe_001571"", ""mdgo_v11_probe_001654"", ""mdgo_v11_probe_001740"", ""mdgo_v11_probe_001838"", ""mdgo_v11_probe_001855"", ""mdgo_v11_probe_001982""]"
mdgo_v13_du_9f8f0efae337175b,mdgo_v05_fin_user_0012,finance,finance_fee_dispute_evidence_then_case,"[""mdgo_v05_fin_user_0012_s0002"", ""mdgo_v05_fin_user_0012_s0260""]",3,"[""mdgo_v11_probe_000768"", ""mdgo_v11_probe_000894"", ""mdgo_v11_probe_000987""]"
mdgo_v13_du_9fd3132d35adc332,mdgo_v05_fin_user_0022,finance,finance_balance_statement_summary_first,"[""mdgo_v05_fin_user_0022_s0002"", ""mdgo_v05_fin_user_0022_s0260""]",5,"[""mdgo_v11_probe_000234"", ""mdgo_v11_probe_000556"", ""mdgo_v11_probe_000778"", ""mdgo_v11_probe_001416"", ""mdgo_v11_probe_001760""]"
mdgo_v13_du_a069df4c5c5273f2,mdgo_v07_sof_user_0015,software,software_secure_login_password_flow,"[""mdgo_v07_sof_user_0015_s0284"", ""mdgo_v07_sof_user_0015_s0536""]",6,"[""mdgo_v11_probe_000021"", ""mdgo_v11_probe_000033"", ""mdgo_v11_probe_000946"", ""mdgo_v11_probe_001043"", ""mdgo_v11_probe_001431"", ""mdgo_v11_probe_001658""]"
mdgo_v13_du_a11293a3c199bafd,mdgo_v05_fin_user_0008,finance,finance_payment_status_latest_check,"[""mdgo_v05_fin_user_0008_s0282"", ""mdgo_v05_fin_user_0008_s0535""]",10,"[""mdgo_v11_probe_000491"", ""mdgo_v11_probe_000547"", ""mdgo_v11_probe_000577"", ""mdgo_v11_probe_000647"", ""mdgo_v11_probe_000829"", ""mdgo_v11_probe_000877"", ""mdgo_v11_probe_001615"", ""mdgo_v11_probe_001745"", ""mdgo_v11_probe_001771"", ""mdgo_v11_probe_001898""]"
mdgo_v13_du_a122a0418e632a1d,mdgo_v05_sof_user_0004,software,software_ticket_receipt_summary,"[""mdgo_v05_sof_user_0004_s0284"", ""mdgo_v05_sof_user_0004_s0536""]",13,"[""mdgo_v11_probe_000165"", ""mdgo_v11_probe_000422"", ""mdgo_v11_probe_000695"", ""mdgo_v11_probe_000835"", ""mdgo_v11_probe_000949"", ""mdgo_v11_probe_001030"", ""mdgo_v11_probe_001064"", ""mdgo_v11_probe_001153"", ""mdgo_v11_probe_001239"", ""mdgo_v11_probe_001369"", ""mdgo_v11_probe_001701"", ""mdgo_v11_probe_001947"", ""mdgo_v11_probe_002038""]"
mdgo_v13_du_a18ebfcbf687263b,mdgo_v05_fin_user_0014,finance,finance_payment_status_latest_check,"[""mdgo_v05_fin_user_0014_s0014"", ""mdgo_v05_fin_user_0014_s0266""]",7,"[""mdgo_v11_probe_000129"", ""mdgo_v11_probe_000459"", ""mdgo_v11_probe_000921"", ""mdgo_v11_probe_001189"", ""mdgo_v11_probe_001723"", ""mdgo_v11_probe_001863"", ""mdgo_v11_probe_001978""]"
mdgo_v13_du_a1f2ec570d9c90f9,mdgo_v05_fin_user_0031,finance,finance_minimal_pii_secure_verification,"[""mdgo_v05_fin_user_0031_s0008"", ""mdgo_v05_fin_user_0031_s0263""]",14,"[""mdgo_v11_probe_000175"", ""mdgo_v11_probe_000237"", ""mdgo_v11_probe_000665"", ""mdgo_v11_probe_000769"", ""mdgo_v11_probe_000898"", ""mdgo_v11_probe_001124"", ""mdgo_v11_probe_001220"", ""mdgo_v11_probe_001278"", ""mdgo_v11_probe_001290"", ""mdgo_v11_probe_001296"", ""mdgo_v11_probe_001673"", ""mdgo_v11_probe_001718"", ""mdgo_v11_probe_001794"", ""mdgo_v11_probe_001913""]"
mdgo_v13_du_a2379f9d34ce1f40,mdgo_v07_sof_user_0011,software,software_ticket_receipt_summary,"[""mdgo_v07_sof_user_0011_s0286"", ""mdgo_v07_sof_user_0011_s0537""]",6,"[""mdgo_v11_probe_000209"", ""mdgo_v11_probe_000472"", ""mdgo_v11_probe_000501"", ""mdgo_v11_probe_001511"", ""mdgo_v11_probe_001614"", ""mdgo_v11_probe_001965""]"
mdgo_v13_du_a2c7b42fa3b4fdc9,mdgo_v05_sof_user_0002,software,software_docs_lookup_for_update_install,"[""mdgo_v05_sof_user_0002_s0008"", ""mdgo_v05_sof_user_0002_s0263""]",13,"[""mdgo_v11_probe_000298"", ""mdgo_v11_probe_000563"", ""mdgo_v11_probe_000655"", ""mdgo_v11_probe_000682"", ""mdgo_v11_probe_000802"", ""mdgo_v11_probe_000808"", ""mdgo_v11_probe_000872"", ""mdgo_v11_probe_001360"", ""mdgo_v11_probe_001559"", ""mdgo_v11_probe_001632"", ""mdgo_v11_probe_001870"", ""mdgo_v11_probe_001969"", ""mdgo_v11_probe_001991""]"
mdgo_v13_du_a2eaaae873926e0d,mdgo_v05_fin_user_0023,finance,finance_confirm_money_movement,"[""mdgo_v05_fin_user_0023_s0026"", ""mdgo_v05_fin_user_0023_s0272""]",11,"[""mdgo_v11_probe_000221"", ""mdgo_v11_probe_000658"", ""mdgo_v11_probe_000700"", ""mdgo_v11_probe_000712"", ""mdgo_v11_probe_000988"", ""mdgo_v11_probe_001005"", ""mdgo_v11_probe_001035"", ""mdgo_v11_probe_001047"", ""mdgo_v11_probe_001180"", ""mdgo_v11_probe_001648"", ""mdgo_v11_probe_001747""]"
mdgo_v13_du_a388c92c826096ac,mdgo_v05_fin_user_0020,finance,finance_minimal_pii_secure_verification,"[""mdgo_v05_fin_user_0020_s0014"", ""mdgo_v05_fin_user_0020_s0266""]",10,"[""mdgo_v11_probe_000477"", ""mdgo_v11_probe_000749"", ""mdgo_v11_probe_000816"", ""mdgo_v11_probe_001249"", ""mdgo_v11_probe_001370"", ""mdgo_v11_probe_001561"", ""mdgo_v11_probe_001685"", ""mdgo_v11_probe_001790"", ""mdgo_v11_probe_001961"", ""mdgo_v11_probe_002047""]"
mdgo_v13_du_a40bd9f7f715cbc0,mdgo_v05_fin_user_0010,finance,finance_fraud_lost_card_urgent_escalation,"[""mdgo_v05_fin_user_0010_s0280"", ""mdgo_v05_fin_user_0010_s0534""]",12,"[""mdgo_v11_probe_000083"", ""mdgo_v11_probe_000450"", ""mdgo_v11_probe_000855"", ""mdgo_v11_probe_000948"", ""mdgo_v11_probe_001147"", ""mdgo_v11_probe_001250"", ""mdgo_v11_probe_001451"", ""mdgo_v11_probe_001633"", ""mdgo_v11_probe_001682"", ""mdgo_v11_probe_001761"", ""mdgo_v11_probe_001878"", ""mdgo_v11_probe_001889""]"
mdgo_v13_du_a4be6f763076a4de,mdgo_v05_sof_user_0000,software,software_one_try_then_escalate,"[""mdgo_v05_sof_user_0000_s0008"", ""mdgo_v05_sof_user_0000_s0263""]",7,"[""mdgo_v11_probe_000268"", ""mdgo_v11_probe_000504"", ""mdgo_v11_probe_000756"", ""mdgo_v11_probe_001246"", ""mdgo_v11_probe_001368"", ""mdgo_v11_probe_001479"", ""mdgo_v11_probe_001644""]"
mdgo_v13_du_a4e3a4b4b2b906e6,mdgo_v05_fin_user_0002,finance,finance_minimal_pii_secure_verification,"[""mdgo_v05_fin_user_0002_s0014"", ""mdgo_v05_fin_user_0002_s0266""]",11,"[""mdgo_v11_probe_000001"", ""mdgo_v11_probe_000026"", ""mdgo_v11_probe_000584"", ""mdgo_v11_probe_000781"", ""mdgo_v11_probe_001038"", ""mdgo_v11_probe_001229"", ""mdgo_v11_probe_001517"", ""mdgo_v11_probe_001553"", ""mdgo_v11_probe_001681"", ""mdgo_v11_probe_001741"", ""mdgo_v11_probe_002015""]"
mdgo_v13_du_a66d534dd69c5d6a,mdgo_v05_fin_user_0028,finance,finance_confirm_money_movement,"[""mdgo_v05_fin_user_0028_s0026"", ""mdgo_v05_fin_user_0028_s0272""]",4,"[""mdgo_v11_probe_000126"", ""mdgo_v11_probe_000301"", ""mdgo_v11_probe_000795"", ""mdgo_v11_probe_001080""]"
mdgo_v13_du_a68cb4f61fa71ac5,mdgo_v05_fin_user_0005,finance,finance_payment_status_latest_check,"[""mdgo_v05_fin_user_0005_s0002"", ""mdgo_v05_fin_user_0005_s0260""]",3,"[""mdgo_v11_probe_000138"", ""mdgo_v11_probe_001726"", ""mdgo_v11_probe_001932""]"
mdgo_v13_du_a7e96af6debe8457,mdgo_v05_fin_user_0026,finance,finance_fraud_lost_card_urgent_escalation,"[""mdgo_v05_fin_user_0026_s0008"", ""mdgo_v05_fin_user_0026_s0263""]",11,"[""mdgo_v11_probe_000062"", ""mdgo_v11_probe_000151"", ""mdgo_v11_probe_000210"", ""mdgo_v11_probe_000409"", ""mdgo_v11_probe_000649"", ""mdgo_v11_probe_001045"", ""mdgo_v11_probe_001105"", ""mdgo_v11_probe_001178"", ""mdgo_v11_probe_001219"", ""mdgo_v11_probe_001363"", ""mdgo_v11_probe_001668""]"
mdgo_v13_du_a88264edeaa12e0b,mdgo_v05_fin_user_0000,finance,finance_minimal_pii_secure_verification,"[""mdgo_v05_fin_user_0000_s0008"", ""mdgo_v05_fin_user_0000_s0263""]",15,"[""mdgo_v11_probe_000060"", ""mdgo_v11_probe_000121"", ""mdgo_v11_probe_000388"", ""mdgo_v11_probe_000408"", ""mdgo_v11_probe_000635"", ""mdgo_v11_probe_000984"", ""mdgo_v11_probe_001122"", ""mdgo_v11_probe_001144"", ""mdgo_v11_probe_001402"", ""mdgo_v11_probe_001421"", ""mdgo_v11_probe_001497"", ""mdgo_v11_probe_001713"", ""mdgo_v11_probe_001738"", ""mdgo_v11_probe_001785"", ""mdgo_v11_probe_001860""]"
mdgo_v13_du_a9083db8c6311cda,mdgo_v07_sof_user_0014,software,software_secure_login_password_flow,"[""mdgo_v07_sof_user_0014_s0286"", ""mdgo_v07_sof_user_0014_s0537""]",4,"[""mdgo_v11_probe_000287"", ""mdgo_v11_probe_000844"", ""mdgo_v11_probe_001755"", ""mdgo_v11_probe_001972""]"
mdgo_v13_du_a9dd103dd8a3e65a,mdgo_v05_sof_user_0000,software,software_one_try_then_escalate,"[""mdgo_v05_sof_user_0000_s0278"", ""mdgo_v05_sof_user_0000_s0533""]",28,"[""mdgo_v11_probe_000064"", ""mdgo_v11_probe_000295"", ""mdgo_v11_probe_000305"", ""mdgo_v11_probe_000392"", ""mdgo_v11_probe_000427"", ""mdgo_v11_probe_000594"", ""mdgo_v11_probe_000601"", ""mdgo_v11_probe_000615"", ""mdgo_v11_probe_000668"", ""mdgo_v11_probe_000697"", ""mdgo_v11_probe_000726"", ""mdgo_v11_probe_000750"", ""mdgo_v11_probe_000883"", ""mdgo_v11_probe_000889"", ""mdgo_v11_probe_000907"", ""mdgo_v11_probe_000923"", ""mdgo_v11_probe_001067"", ""mdgo_v11_probe_001157"", ""mdgo_v11_probe_001234"", ""mdgo_v11_probe_001328"", ""mdgo_v11_probe_001339"", ""mdgo_v11_probe_001470"", ""mdgo_v11_probe_001666"", ""mdgo_v11_probe_001776"", ""mdgo_v11_probe_001896"", ""mdgo_v11_probe_001921"", ""mdgo_v11_probe_001966"", ""mdgo_v11_probe_002030""]"
mdgo_v13_du_a9f040cb9ce62197,mdgo_v05_fin_user_0021,finance,finance_fee_dispute_evidence_then_case,"[""mdgo_v05_fin_user_0021_s0014"", ""mdgo_v05_fin_user_0021_s0266""]",6,"[""mdgo_v11_probe_000423"", ""mdgo_v11_probe_000546"", ""mdgo_v11_probe_000735"", ""mdgo_v11_probe_000927"", ""mdgo_v11_probe_001515"", ""mdgo_v11_probe_001527""]"
mdgo_v13_du_aa548f92f83de57f,mdgo_v05_fin_user_0008,finance,finance_minimal_pii_secure_verification,"[""mdgo_v05_fin_user_0008_s0026"", ""mdgo_v05_fin_user_0008_s0272""]",12,"[""mdgo_v11_probe_000253"", ""mdgo_v11_probe_000383"", ""mdgo_v11_probe_000394"", ""mdgo_v11_probe_000685"", ""mdgo_v11_probe_000737"", ""mdgo_v11_probe_000951"", ""mdgo_v11_probe_001052"", ""mdgo_v11_probe_001162"", ""mdgo_v11_probe_001534"", ""mdgo_v11_probe_001642"", ""mdgo_v11_probe_001646"", ""mdgo_v11_probe_001649""]"
mdgo_v13_du_aa577b3573adb52e,mdgo_v05_fin_user_0013,finance,finance_minimal_pii_secure_verification,"[""mdgo_v05_fin_user_0013_s0008"", ""mdgo_v05_fin_user_0013_s0263""]",15,"[""mdgo_v11_probe_000097"", ""mdgo_v11_probe_000148"", ""mdgo_v11_probe_000342"", ""mdgo_v11_probe_000368"", ""mdgo_v11_probe_000542"", ""mdgo_v11_probe_000633"", ""mdgo_v11_probe_000674"", ""mdgo_v11_probe_000805"", ""mdgo_v11_probe_000878"", ""mdgo_v11_probe_001116"", ""mdgo_v11_probe_001183"", ""mdgo_v11_probe_001288"", ""mdgo_v11_probe_001420"", ""mdgo_v11_probe_001824"", ""mdgo_v11_probe_002006""]"
mdgo_v13_du_aa71064412a260bb,mdgo_v07_sof_user_0013,software,software_secure_login_password_flow,"[""mdgo_v07_sof_user_0013_s0284"", ""mdgo_v07_sof_user_0013_s0536""]",10,"[""mdgo_v11_probe_000085"", ""mdgo_v11_probe_000088"", ""mdgo_v11_probe_000278"", ""mdgo_v11_probe_000567"", ""mdgo_v11_probe_000613"", ""mdgo_v11_probe_000945"", ""mdgo_v11_probe_001143"", ""mdgo_v11_probe_001167"", ""mdgo_v11_probe_001430"", ""mdgo_v11_probe_001457""]"
mdgo_v13_du_abe3a8a91695de8d,mdgo_v05_fin_user_0014,finance,finance_balance_statement_summary_first,"[""mdgo_v05_fin_user_0014_s0284"", ""mdgo_v05_fin_user_0014_s0536""]",16,"[""mdgo_v11_probe_000016"", ""mdgo_v11_probe_000025"", ""mdgo_v11_probe_000129"", ""mdgo_v11_probe_000182"", ""mdgo_v11_probe_000199"", ""mdgo_v11_probe_000358"", ""mdgo_v11_probe_000411"", ""mdgo_v11_probe_000669"", ""mdgo_v11_probe_000776"", ""mdgo_v11_probe_000794"", ""mdgo_v11_probe_000929"", ""mdgo_v11_probe_001292"", ""mdgo_v11_probe_001743"", ""mdgo_v11_probe_001757"", ""mdgo_v11_probe_001815"", ""mdgo_v11_probe_001978""]"
mdgo_v13_du_aca6daee06a59265,mdgo_v07_sof_user_0014,software,software_one_try_then_escalate,"[""mdgo_v07_sof_user_0014_s0282"", ""mdgo_v07_sof_user_0014_s0535""]",10,"[""mdgo_v11_probe_000339"", ""mdgo_v11_probe_000385"", ""mdgo_v11_probe_000403"", ""mdgo_v11_probe_000511"", ""mdgo_v11_probe_000944"", ""mdgo_v11_probe_000961"", ""mdgo_v11_probe_001337"", ""mdgo_v11_probe_001689"", ""mdgo_v11_probe_001753"", ""mdgo_v11_probe_001755""]"
mdgo_v13_du_ad2ffb3bdc3de6c8,mdgo_v07_sof_user_0016,software,software_collect_diagnostics_before_fix,"[""mdgo_v07_sof_user_0016_s0002"", ""mdgo_v07_sof_user_0016_s0260""]",1,"[""mdgo_v11_probe_000906""]"
mdgo_v13_du_ad4544fa8bb575a4,mdgo_v05_fin_user_0027,finance,finance_fee_dispute_evidence_then_case,"[""mdgo_v05_fin_user_0027_s0026"", ""mdgo_v05_fin_user_0027_s0272""]",15,"[""mdgo_v11_probe_000132"", ""mdgo_v11_probe_000306"", ""mdgo_v11_probe_000402"", ""mdgo_v11_probe_000445"", ""mdgo_v11_probe_000705"", ""mdgo_v11_probe_001099"", ""mdgo_v11_probe_001149"", ""mdgo_v11_probe_001171"", ""mdgo_v11_probe_001210"", ""mdgo_v11_probe_001390"", ""mdgo_v11_probe_001401"", ""mdgo_v11_probe_001448"", ""mdgo_v11_probe_001500"", ""mdgo_v11_probe_001560"", ""mdgo_v11_probe_001876""]"
mdgo_v13_du_ada01f2642f63de0,mdgo_v05_sof_user_0007,software,software_one_try_then_escalate,"[""mdgo_v05_sof_user_0007_s0026"", ""mdgo_v05_sof_user_0007_s0272""]",14,"[""mdgo_v11_probe_000039"", ""mdgo_v11_probe_000519"", ""mdgo_v11_probe_000663"", ""mdgo_v11_probe_000818"", ""mdgo_v11_probe_000843"", ""mdgo_v11_probe_001163"", ""mdgo_v11_probe_001340"", ""mdgo_v11_probe_001366"", ""mdgo_v11_probe_001493"", ""mdgo_v11_probe_001526"", ""mdgo_v11_probe_001695"", ""mdgo_v11_probe_001767"", ""mdgo_v11_probe_001803"", ""mdgo_v11_probe_001857""]"
mdgo_v13_du_ae038fdcb37b0c62,mdgo_v05_sof_user_0006,software,software_ticket_receipt_summary,"[""mdgo_v05_sof_user_0006_s0008"", ""mdgo_v05_sof_user_0006_s0263""]",13,"[""mdgo_v11_probe_000056"", ""mdgo_v11_probe_000174"", ""mdgo_v11_probe_000206"", ""mdgo_v11_probe_000448"", ""mdgo_v11_probe_000554"", ""mdgo_v11_probe_000784"", ""mdgo_v11_probe_000994"", ""mdgo_v11_probe_001018"", ""mdgo_v11_probe_001024"", ""mdgo_v11_probe_001123"", ""mdgo_v11_probe_001372"", ""mdgo_v11_probe_001949"", ""mdgo_v11_probe_002039""]"
mdgo_v13_du_aea6c6d91c1fcff4,mdgo_v07_sof_user_0013,software,software_one_try_then_escalate,"[""mdgo_v07_sof_user_0013_s0280"", ""mdgo_v07_sof_user_0013_s0534""]",8,"[""mdgo_v11_probe_000278"", ""mdgo_v11_probe_000576"", ""mdgo_v11_probe_000624"", ""mdgo_v11_probe_000648"", ""mdgo_v11_probe_001430"", ""mdgo_v11_probe_001596"", ""mdgo_v11_probe_001609"", ""mdgo_v11_probe_001844""]"
mdgo_v13_du_af36413c09b115cc,mdgo_v05_fin_user_0018,finance,finance_balance_statement_summary_first,"[""mdgo_v05_fin_user_0018_s0014"", ""mdgo_v05_fin_user_0018_s0266""]",11,"[""mdgo_v11_probe_000005"", ""mdgo_v11_probe_000212"", ""mdgo_v11_probe_000266"", ""mdgo_v11_probe_000329"", ""mdgo_v11_probe_000740"", ""mdgo_v11_probe_000779"", ""mdgo_v11_probe_001322"", ""mdgo_v11_probe_001335"", ""mdgo_v11_probe_001436"", ""mdgo_v11_probe_001759"", ""mdgo_v11_probe_001784""]"
mdgo_v13_du_b0efdc151261484a,mdgo_v05_sof_user_0003,software,software_ticket_receipt_summary,"[""mdgo_v05_sof_user_0003_s0014"", ""mdgo_v05_sof_user_0003_s0266""]",4,"[""mdgo_v11_probe_000168"", ""mdgo_v11_probe_000552"", ""mdgo_v11_probe_001283"", ""mdgo_v11_probe_001977""]"
mdgo_v13_du_b0fde54278f53c29,mdgo_v05_fin_user_0033,finance,finance_fee_dispute_evidence_then_case,"[""mdgo_v05_fin_user_0033_s0020"", ""mdgo_v05_fin_user_0033_s0269""]",9,"[""mdgo_v11_probe_000452"", ""mdgo_v11_probe_000535"", ""mdgo_v11_probe_000710"", ""mdgo_v11_probe_000771"", ""mdgo_v11_probe_001028"", ""mdgo_v11_probe_001599"", ""mdgo_v11_probe_001797"", ""mdgo_v11_probe_001893"", ""mdgo_v11_probe_001981""]"
mdgo_v13_du_b111a2f3628561aa,mdgo_v07_sof_user_0017,software,software_collect_diagnostics_before_fix,"[""mdgo_v07_sof_user_0017_s0278"", ""mdgo_v07_sof_user_0017_s0533""]",12,"[""mdgo_v11_probe_000116"", ""mdgo_v11_probe_000184"", ""mdgo_v11_probe_000349"", ""mdgo_v11_probe_000389"", ""mdgo_v11_probe_000499"", ""mdgo_v11_probe_000899"", ""mdgo_v11_probe_000995"", ""mdgo_v11_probe_001393"", ""mdgo_v11_probe_001494"", ""mdgo_v11_probe_001574"", ""mdgo_v11_probe_001647"", ""mdgo_v11_probe_001721""]"
mdgo_v13_du_b1230f676a29e78c,mdgo_v05_sof_user_0001,software,software_one_try_then_escalate,"[""mdgo_v05_sof_user_0001_s0020"", ""mdgo_v05_sof_user_0001_s0269""]",6,"[""mdgo_v11_probe_000603"", ""mdgo_v11_probe_000782"", ""mdgo_v11_probe_000848"", ""mdgo_v11_probe_001027"", ""mdgo_v11_probe_001160"", ""mdgo_v11_probe_001999""]"
mdgo_v13_du_b126db87f72acdbe,mdgo_v05_fin_user_0030,finance,finance_fraud_lost_card_urgent_escalation,"[""mdgo_v05_fin_user_0030_s0020"", ""mdgo_v05_fin_user_0030_s0269""]",10,"[""mdgo_v11_probe_000006"", ""mdgo_v11_probe_000009"", ""mdgo_v11_probe_000127"", ""mdgo_v11_probe_000591"", ""mdgo_v11_probe_000626"", ""mdgo_v11_probe_000634"", ""mdgo_v11_probe_000739"", ""mdgo_v11_probe_001418"", ""mdgo_v11_probe_001730"", ""mdgo_v11_probe_002032""]"
mdgo_v13_du_b1668ac3b49bdb16,mdgo_v05_fin_user_0019,finance,finance_minimal_pii_secure_verification,"[""mdgo_v05_fin_user_0019_s0032"", ""mdgo_v05_fin_user_0019_s0275""]",10,"[""mdgo_v11_probe_000137"", ""mdgo_v11_probe_000335"", ""mdgo_v11_probe_000418"", ""mdgo_v11_probe_000478"", ""mdgo_v11_probe_001031"", ""mdgo_v11_probe_001084"", ""mdgo_v11_probe_001415"", ""mdgo_v11_probe_001683"", ""mdgo_v11_probe_001879"", ""mdgo_v11_probe_002026""]"
mdgo_v13_du_b16be69d30be8a69,mdgo_v05_fin_user_0031,finance,finance_credit_loan_cautious_no_commitment,"[""mdgo_v05_fin_user_0031_s0020"", ""mdgo_v05_fin_user_0031_s0269""]",7,"[""mdgo_v11_probe_000042"", ""mdgo_v11_probe_000175"", ""mdgo_v11_probe_000457"", ""mdgo_v11_probe_001124"", ""mdgo_v11_probe_001321"", ""mdgo_v11_probe_001718"", ""mdgo_v11_probe_001917""]"
mdgo_v13_du_b1edb201cc984bd7,mdgo_v05_sof_user_0002,software,software_one_try_then_escalate,"[""mdgo_v05_sof_user_0002_s0032"", ""mdgo_v05_sof_user_0002_s0275""]",11,"[""mdgo_v11_probe_000298"", ""mdgo_v11_probe_000563"", ""mdgo_v11_probe_000682"", ""mdgo_v11_probe_000802"", ""mdgo_v11_probe_000807"", ""mdgo_v11_probe_001071"", ""mdgo_v11_probe_001555"", ""mdgo_v11_probe_001559"", ""mdgo_v11_probe_001870"", ""mdgo_v11_probe_001959"", ""mdgo_v11_probe_001991""]"
mdgo_v13_du_b20fa2abbe27d3fa,mdgo_v05_fin_user_0031,finance,finance_confirm_card_account_changes,"[""mdgo_v05_fin_user_0031_s0026"", ""mdgo_v05_fin_user_0031_s0272""]",11,"[""mdgo_v11_probe_000031"", ""mdgo_v11_probe_000082"", ""mdgo_v11_probe_000124"", ""mdgo_v11_probe_000934"", ""mdgo_v11_probe_001090"", ""mdgo_v11_probe_001432"", ""mdgo_v11_probe_001690"", ""mdgo_v11_probe_001791"", ""mdgo_v11_probe_001917"", ""mdgo_v11_probe_001975"", ""mdgo_v11_probe_002045""]"
mdgo_v13_du_b342fa16dd9f6bc1,mdgo_v07_sof_user_0015,software,software_collect_diagnostics_before_fix,"[""mdgo_v07_sof_user_0015_s0278"", ""mdgo_v07_sof_user_0015_s0533""]",10,"[""mdgo_v11_probe_000143"", ""mdgo_v11_probe_000194"", ""mdgo_v11_probe_000371"", ""mdgo_v11_probe_000443"", ""mdgo_v11_probe_000946"", ""mdgo_v11_probe_001025"", ""mdgo_v11_probe_001181"", ""mdgo_v11_probe_001411"", ""mdgo_v11_probe_001508"", ""mdgo_v11_probe_001583""]"
mdgo_v13_du_b36e15af47ecb093,mdgo_v05_sof_user_0000,software,software_secure_login_password_flow,"[""mdgo_v05_sof_user_0000_s0032"", ""mdgo_v05_sof_user_0000_s0275""]",8,"[""mdgo_v11_probe_000268"", ""mdgo_v11_probe_000427"", ""mdgo_v11_probe_000615"", ""mdgo_v11_probe_000883"", ""mdgo_v11_probe_000907"", ""mdgo_v11_probe_000923"", ""mdgo_v11_probe_001067"", ""mdgo_v11_probe_001246""]"
mdgo_v13_du_b4308ef181fd2b15,mdgo_v07_sof_user_0009,software,software_one_try_then_escalate,"[""mdgo_v07_sof_user_0009_s0014"", ""mdgo_v07_sof_user_0009_s0266""]",5,"[""mdgo_v11_probe_000523"", ""mdgo_v11_probe_000612"", ""mdgo_v11_probe_001356"", ""mdgo_v11_probe_001672"", ""mdgo_v11_probe_001843""]"
mdgo_v13_du_b45b3cb149cce942,mdgo_v05_fin_user_0007,finance,finance_fee_dispute_evidence_then_case,"[""mdgo_v05_fin_user_0007_s0002"", ""mdgo_v05_fin_user_0007_s0260""]",1,"[""mdgo_v11_probe_000226""]"
mdgo_v13_du_b4c6925996699e75,mdgo_v05_fin_user_0024,finance,finance_fraud_lost_card_urgent_escalation,"[""mdgo_v05_fin_user_0024_s0002"", ""mdgo_v05_fin_user_0024_s0260""]",6,"[""mdgo_v11_probe_000108"", ""mdgo_v11_probe_000292"", ""mdgo_v11_probe_000932"", ""mdgo_v11_probe_001068"", ""mdgo_v11_probe_001184"", ""mdgo_v11_probe_001662""]"
mdgo_v13_du_b4fb8d91e6fc153e,mdgo_v05_fin_user_0034,finance,finance_credit_loan_cautious_no_commitment,"[""mdgo_v05_fin_user_0034_s0014"", ""mdgo_v05_fin_user_0034_s0266""]",2,"[""mdgo_v11_probe_001521"", ""mdgo_v11_probe_001997""]"
mdgo_v13_du_b5c667235ff74601,mdgo_v05_fin_user_0010,finance,finance_fraud_lost_card_urgent_escalation,"[""mdgo_v05_fin_user_0010_s0014"", ""mdgo_v05_fin_user_0010_s0266""]",17,"[""mdgo_v11_probe_000034"", ""mdgo_v11_probe_000180"", ""mdgo_v11_probe_000387"", ""mdgo_v11_probe_000732"", ""mdgo_v11_probe_000825"", ""mdgo_v11_probe_000837"", ""mdgo_v11_probe_000965"", ""mdgo_v11_probe_000979"", ""mdgo_v11_probe_001158"", ""mdgo_v11_probe_001605"", ""mdgo_v11_probe_001664"", ""mdgo_v11_probe_001674"", ""mdgo_v11_probe_001688"", ""mdgo_v11_probe_001717"", ""mdgo_v11_probe_001813"", ""mdgo_v11_probe_001903"", ""mdgo_v11_probe_002042""]"
mdgo_v13_du_b5ed10d4be677c87,mdgo_v07_sof_user_0016,software,software_docs_lookup_for_update_install,"[""mdgo_v07_sof_user_0016_s0008"", ""mdgo_v07_sof_user_0016_s0263""]",10,"[""mdgo_v11_probe_000370"", ""mdgo_v11_probe_000414"", ""mdgo_v11_probe_000470"", ""mdgo_v11_probe_000488"", ""mdgo_v11_probe_000906"", ""mdgo_v11_probe_001166"", ""mdgo_v11_probe_001206"", ""mdgo_v11_probe_001435"", ""mdgo_v11_probe_001699"", ""mdgo_v11_probe_002014""]"
mdgo_v13_du_b638f15ac153e29b,mdgo_v05_fin_user_0011,finance,finance_fraud_lost_card_urgent_escalation,"[""mdgo_v05_fin_user_0011_s0026"", ""mdgo_v05_fin_user_0011_s0272""]",16,"[""mdgo_v11_probe_000119"", ""mdgo_v11_probe_000147"", ""mdgo_v11_probe_000286"", ""mdgo_v11_probe_000455"", ""mdgo_v11_probe_000520"", ""mdgo_v11_probe_000581"", ""mdgo_v11_probe_000777"", ""mdgo_v11_probe_000836"", ""mdgo_v11_probe_001112"", ""mdgo_v11_probe_001238"", ""mdgo_v11_probe_001348"", ""mdgo_v11_probe_001439"", ""mdgo_v11_probe_001691"", ""mdgo_v11_probe_001892"", ""mdgo_v11_probe_001963"", ""mdgo_v11_probe_002021""]"
mdgo_v13_du_b64a994607812505,mdgo_v05_fin_user_0021,finance,finance_confirm_card_account_changes,"[""mdgo_v05_fin_user_0021_s0002"", ""mdgo_v05_fin_user_0021_s0260""]",5,"[""mdgo_v11_probe_000316"", ""mdgo_v11_probe_000786"", ""mdgo_v11_probe_001264"", ""mdgo_v11_probe_001518"", ""mdgo_v11_probe_001636""]"
mdgo_v13_du_b7a98a7401115c1f,mdgo_v05_sof_user_0006,software,software_platform_specific_steps,"[""mdgo_v05_sof_user_0006_s0002"", ""mdgo_v05_sof_user_0006_s0260""]",2,"[""mdgo_v11_probe_000297"", ""mdgo_v11_probe_001587""]"
mdgo_v13_du_b7c05bd6a935dc6c,mdgo_v05_fin_user_0006,finance,finance_balance_statement_summary_first,"[""mdgo_v05_fin_user_0006_s0008"", ""mdgo_v05_fin_user_0006_s0263""]",5,"[""mdgo_v11_probe_000003"", ""mdgo_v11_probe_000261"", ""mdgo_v11_probe_001374"", ""mdgo_v11_probe_001443"", ""mdgo_v11_probe_001650""]"
mdgo_v13_du_b7f58a2e7449cb27,mdgo_v05_fin_user_0023,finance,finance_fraud_lost_card_urgent_escalation,"[""mdgo_v05_fin_user_0023_s0014"", ""mdgo_v05_fin_user_0023_s0266""]",14,"[""mdgo_v11_probe_000055"", ""mdgo_v11_probe_000091"", ""mdgo_v11_probe_000222"", ""mdgo_v11_probe_000344"", ""mdgo_v11_probe_000606"", ""mdgo_v11_probe_000845"", ""mdgo_v11_probe_001005"", ""mdgo_v11_probe_001035"", ""mdgo_v11_probe_001047"", ""mdgo_v11_probe_001092"", ""mdgo_v11_probe_001261"", ""mdgo_v11_probe_001357"", ""mdgo_v11_probe_001428"", ""mdgo_v11_probe_001881""]"
mdgo_v13_du_ba1c51cc88dce623,mdgo_v05_fin_user_0033,finance,finance_payment_status_latest_check,"[""mdgo_v05_fin_user_0033_s0002"", ""mdgo_v05_fin_user_0033_s0260""]",3,"[""mdgo_v11_probe_000303"", ""mdgo_v11_probe_000438"", ""mdgo_v11_probe_001616""]"
mdgo_v13_du_ba6360d44c1fb070,mdgo_v05_fin_user_0011,finance,finance_confirm_money_movement,"[""mdgo_v05_fin_user_0011_s0020"", ""mdgo_v05_fin_user_0011_s0269""]",6,"[""mdgo_v11_probe_000442"", ""mdgo_v11_probe_000734"", ""mdgo_v11_probe_000777"", ""mdgo_v11_probe_001070"", ""mdgo_v11_probe_001112"", ""mdgo_v11_probe_001954""]"
mdgo_v13_du_bd0cde43cc748333,mdgo_v05_fin_user_0015,finance,finance_balance_statement_summary_first,"[""mdgo_v05_fin_user_0015_s0020"", ""mdgo_v05_fin_user_0015_s0269""]",10,"[""mdgo_v11_probe_000046"", ""mdgo_v11_probe_000114"", ""mdgo_v11_probe_000285"", ""mdgo_v11_probe_000555"", ""mdgo_v11_probe_000694"", ""mdgo_v11_probe_000709"", ""mdgo_v11_probe_000813"", ""mdgo_v11_probe_000850"", ""mdgo_v11_probe_000954"", ""mdgo_v11_probe_001289""]"
mdgo_v13_du_bd8faffd72cb0134,mdgo_v05_fin_user_0009,finance,finance_balance_statement_summary_first,"[""mdgo_v05_fin_user_0009_s0002"", ""mdgo_v05_fin_user_0009_s0260""]",7,"[""mdgo_v11_probe_000144"", ""mdgo_v11_probe_000736"", ""mdgo_v11_probe_001326"", ""mdgo_v11_probe_001336"", ""mdgo_v11_probe_001667"", ""mdgo_v11_probe_001792"", ""mdgo_v11_probe_001888""]"
mdgo_v13_du_be8131311c8bb2d8,mdgo_v05_fin_user_0005,finance,finance_payment_status_latest_check,"[""mdgo_v05_fin_user_0005_s0276"", ""mdgo_v05_fin_user_0005_s0532""]",22,"[""mdgo_v11_probe_000066"", ""mdgo_v11_probe_000259"", ""mdgo_v11_probe_000532"", ""mdgo_v11_probe_000566"", ""mdgo_v11_probe_000618"", ""mdgo_v11_probe_000666"", ""mdgo_v11_probe_000684"", ""mdgo_v11_probe_000716"", ""mdgo_v11_probe_000880"", ""mdgo_v11_probe_000925"", ""mdgo_v11_probe_001205"", ""mdgo_v11_probe_001228"", ""mdgo_v11_probe_001259"", ""mdgo_v11_probe_001285"", ""mdgo_v11_probe_001495"", ""mdgo_v11_probe_001507"", ""mdgo_v11_probe_001680"", ""mdgo_v11_probe_001693"", ""mdgo_v11_probe_001696"", ""mdgo_v11_probe_001799"", ""mdgo_v11_probe_001840"", ""mdgo_v11_probe_002028""]"
mdgo_v13_du_c053e30a208af0c0,mdgo_v05_fin_user_0005,finance,finance_confirm_card_account_changes,"[""mdgo_v05_fin_user_0005_s0008"", ""mdgo_v05_fin_user_0005_s0263""]",14,"[""mdgo_v11_probe_000216"", ""mdgo_v11_probe_000496"", ""mdgo_v11_probe_000532"", ""mdgo_v11_probe_000544"", ""mdgo_v11_probe_000618"", ""mdgo_v11_probe_000666"", ""mdgo_v11_probe_000880"", ""mdgo_v11_probe_001136"", ""mdgo_v11_probe_001228"", ""mdgo_v11_probe_001680"", ""mdgo_v11_probe_001720"", ""mdgo_v11_probe_001787"", ""mdgo_v11_probe_001873"", ""mdgo_v11_probe_002028""]"
mdgo_v13_du_c09bae2f1f3da3c7,mdgo_v05_fin_user_0016,finance,finance_credit_loan_cautious_no_commitment,"[""mdgo_v05_fin_user_0016_s0014"", ""mdgo_v05_fin_user_0016_s0266""]",11,"[""mdgo_v11_probe_000050"", ""mdgo_v11_probe_000152"", ""mdgo_v11_probe_000525"", ""mdgo_v11_probe_000698"", ""mdgo_v11_probe_001046"", ""mdgo_v11_probe_001140"", ""mdgo_v11_probe_001226"", ""mdgo_v11_probe_001233"", ""mdgo_v11_probe_001297"", ""mdgo_v11_probe_001334"", ""mdgo_v11_probe_001542""]"
mdgo_v13_du_c0cab18d686ffea4,mdgo_v07_sof_user_0011,software,software_collect_diagnostics_before_fix,"[""mdgo_v07_sof_user_0011_s0008"", ""mdgo_v07_sof_user_0011_s0263""]",11,"[""mdgo_v11_probe_000472"", ""mdgo_v11_probe_000475"", ""mdgo_v11_probe_000722"", ""mdgo_v11_probe_001010"", ""mdgo_v11_probe_001200"", ""mdgo_v11_probe_001346"", ""mdgo_v11_probe_001434"", ""mdgo_v11_probe_001452"", ""mdgo_v11_probe_001455"", ""mdgo_v11_probe_001764"", ""mdgo_v11_probe_001800""]"
mdgo_v13_du_c101dc71685597db,mdgo_v05_fin_user_0009,finance,finance_payment_status_latest_check,"[""mdgo_v05_fin_user_0009_s0032"", ""mdgo_v05_fin_user_0009_s0275""]",12,"[""mdgo_v11_probe_000058"", ""mdgo_v11_probe_000079"", ""mdgo_v11_probe_000250"", ""mdgo_v11_probe_000736"", ""mdgo_v11_probe_000939"", ""mdgo_v11_probe_001015"", ""mdgo_v11_probe_001044"", ""mdgo_v11_probe_001336"", ""mdgo_v11_probe_001342"", ""mdgo_v11_probe_001524"", ""mdgo_v11_probe_001585"", ""mdgo_v11_probe_001792""]"
mdgo_v13_du_c1d8cf959a478864,mdgo_v05_fin_user_0033,finance,finance_payment_status_latest_check,"[""mdgo_v05_fin_user_0033_s0276"", ""mdgo_v05_fin_user_0033_s0532""]",14,"[""mdgo_v11_probe_000096"", ""mdgo_v11_probe_000186"", ""mdgo_v11_probe_000421"", ""mdgo_v11_probe_000560"", ""mdgo_v11_probe_000761"", ""mdgo_v11_probe_000937"", ""mdgo_v11_probe_000997"", ""mdgo_v11_probe_001061"", ""mdgo_v11_probe_001382"", ""mdgo_v11_probe_001445"", ""mdgo_v11_probe_001634"", ""mdgo_v11_probe_001700"", ""mdgo_v11_probe_001708"", ""mdgo_v11_probe_001931""]"
mdgo_v13_du_c2ab07c14a3c0be0,mdgo_v05_fin_user_0028,finance,finance_payment_status_latest_check,"[""mdgo_v05_fin_user_0028_s0002"", ""mdgo_v05_fin_user_0028_s0260""]",10,"[""mdgo_v11_probe_000167"", ""mdgo_v11_probe_000270"", ""mdgo_v11_probe_000419"", ""mdgo_v11_probe_001080"", ""mdgo_v11_probe_001120"", ""mdgo_v11_probe_001391"", ""mdgo_v11_probe_001522"", ""mdgo_v11_probe_001535"", ""mdgo_v11_probe_001714"", ""mdgo_v11_probe_001830""]"
mdgo_v13_du_c3086b3d58978d33,mdgo_v05_fin_user_0015,finance,finance_payment_status_latest_check,"[""mdgo_v05_fin_user_0015_s0284"", ""mdgo_v05_fin_user_0015_s0536""]",19,"[""mdgo_v11_probe_000217"", ""mdgo_v11_probe_000256"", ""mdgo_v11_probe_000281"", ""mdgo_v11_probe_000555"", ""mdgo_v11_probe_000727"", ""mdgo_v11_probe_000813"", ""mdgo_v11_probe_001013"", ""mdgo_v11_probe_001016"", ""mdgo_v11_probe_001125"", ""mdgo_v11_probe_001172"", ""mdgo_v11_probe_001289"", ""mdgo_v11_probe_001510"", ""mdgo_v11_probe_001562"", ""mdgo_v11_probe_001613"", ""mdgo_v11_probe_001631"", ""mdgo_v11_probe_001756"", ""mdgo_v11_probe_001853"", ""mdgo_v11_probe_001883"", ""mdgo_v11_probe_002037""]"
mdgo_v13_du_c3a705cd0cb9315c,mdgo_v05_sof_user_0006,software,software_collect_diagnostics_before_fix,"[""mdgo_v05_sof_user_0006_s0032"", ""mdgo_v05_sof_user_0006_s0275""]",8,"[""mdgo_v11_probe_000171"", ""mdgo_v11_probe_000784"", ""mdgo_v11_probe_000851"", ""mdgo_v11_probe_001018"", ""mdgo_v11_probe_001327"", ""mdgo_v11_probe_001653"", ""mdgo_v11_probe_001949"", ""mdgo_v11_probe_002039""]"
mdgo_v13_du_c4397da647f32bf7,mdgo_v05_fin_user_0027,finance,finance_credit_loan_cautious_no_commitment,"[""mdgo_v05_fin_user_0027_s0008"", ""mdgo_v05_fin_user_0027_s0263""]",15,"[""mdgo_v11_probe_000038"", ""mdgo_v11_probe_000132"", ""mdgo_v11_probe_000196"", ""mdgo_v11_probe_000800"", ""mdgo_v11_probe_000828"", ""mdgo_v11_probe_001051"", ""mdgo_v11_probe_001114"", ""mdgo_v11_probe_001150"", ""mdgo_v11_probe_001176"", ""mdgo_v11_probe_001196"", ""mdgo_v11_probe_001387"", ""mdgo_v11_probe_001448"", ""mdgo_v11_probe_001597"", ""mdgo_v11_probe_001876"", ""mdgo_v11_probe_001922""]"
mdgo_v13_du_c4c953d05ad30535,mdgo_v05_fin_user_0008,finance,finance_balance_statement_summary_first,"[""mdgo_v05_fin_user_0008_s0032"", ""mdgo_v05_fin_user_0008_s0275""]",10,"[""mdgo_v11_probe_000383"", ""mdgo_v11_probe_000394"", ""mdgo_v11_probe_000547"", ""mdgo_v11_probe_000647"", ""mdgo_v11_probe_000706"", ""mdgo_v11_probe_000737"", ""mdgo_v11_probe_000911"", ""mdgo_v11_probe_001162"", ""mdgo_v11_probe_001277"", ""mdgo_v11_probe_001649""]"
mdgo_v13_du_c5cd7c9c0bd137bc,mdgo_v05_fin_user_0033,finance,finance_minimal_pii_secure_verification,"[""mdgo_v05_fin_user_0033_s0032"", ""mdgo_v05_fin_user_0033_s0275""]",8,"[""mdgo_v11_probe_000094"", ""mdgo_v11_probe_000473"", ""mdgo_v11_probe_000761"", ""mdgo_v11_probe_000766"", ""mdgo_v11_probe_001343"", ""mdgo_v11_probe_001678"", ""mdgo_v11_probe_001708"", ""mdgo_v11_probe_001797""]"
mdgo_v13_du_c80645744555131d,mdgo_v05_sof_user_0001,software,software_platform_specific_steps,"[""mdgo_v05_sof_user_0001_s0026"", ""mdgo_v05_sof_user_0001_s0272""]",16,"[""mdgo_v11_probe_000103"", ""mdgo_v11_probe_000110"", ""mdgo_v11_probe_000130"", ""mdgo_v11_probe_000195"", ""mdgo_v11_probe_000200"", ""mdgo_v11_probe_000314"", ""mdgo_v11_probe_000367"", ""mdgo_v11_probe_000603"", ""mdgo_v11_probe_000747"", ""mdgo_v11_probe_000814"", ""mdgo_v11_probe_001132"", ""mdgo_v11_probe_001199"", ""mdgo_v11_probe_001291"", ""mdgo_v11_probe_001579"", ""mdgo_v11_probe_001607"", ""mdgo_v11_probe_001858""]"
mdgo_v13_du_c80a8f68d9ea3228,mdgo_v05_fin_user_0002,finance,finance_payment_status_latest_check,"[""mdgo_v05_fin_user_0002_s0026"", ""mdgo_v05_fin_user_0002_s0272""]",13,"[""mdgo_v11_probe_000112"", ""mdgo_v11_probe_000118"", ""mdgo_v11_probe_000483"", ""mdgo_v11_probe_000557"", ""mdgo_v11_probe_000584"", ""mdgo_v11_probe_000589"", ""mdgo_v11_probe_000611"", ""mdgo_v11_probe_000715"", ""mdgo_v11_probe_000731"", ""mdgo_v11_probe_001351"", ""mdgo_v11_probe_001359"", ""mdgo_v11_probe_001545"", ""mdgo_v11_probe_001635""]"
mdgo_v13_du_c97812beb6356b7c,mdgo_v07_sof_user_0012,software,software_docs_lookup_for_update_install,"[""mdgo_v07_sof_user_0012_s0008"", ""mdgo_v07_sof_user_0012_s0263""]",7,"[""mdgo_v11_probe_000188"", ""mdgo_v11_probe_000892"", ""mdgo_v11_probe_000970"", ""mdgo_v11_probe_001255"", ""mdgo_v11_probe_001444"", ""mdgo_v11_probe_001806"", ""mdgo_v11_probe_002004""]"
mdgo_v13_du_c9ed4662e41642e3,mdgo_v07_sof_user_0017,software,software_platform_specific_steps,"[""mdgo_v07_sof_user_0017_s0282"", ""mdgo_v07_sof_user_0017_s0535""]",8,"[""mdgo_v11_probe_000069"", ""mdgo_v11_probe_000349"", ""mdgo_v11_probe_000783"", ""mdgo_v11_probe_000811"", ""mdgo_v11_probe_001221"", ""mdgo_v11_probe_001393"", ""mdgo_v11_probe_001569"", ""mdgo_v11_probe_001721""]"
mdgo_v13_du_ca2c245260963e90,mdgo_v05_fin_user_0028,finance,finance_fraud_lost_card_urgent_escalation,"[""mdgo_v05_fin_user_0028_s0280"", ""mdgo_v05_fin_user_0028_s0534""]",18,"[""mdgo_v11_probe_000027"", ""mdgo_v11_probe_000123"", ""mdgo_v11_probe_000126"", ""mdgo_v11_probe_000260"", ""mdgo_v11_probe_000270"", ""mdgo_v11_probe_000301"", ""mdgo_v11_probe_000565"", ""mdgo_v11_probe_001080"", ""mdgo_v11_probe_001412"", ""mdgo_v11_probe_001459"", ""mdgo_v11_probe_001541"", ""mdgo_v11_probe_001598"", ""mdgo_v11_probe_001736"", ""mdgo_v11_probe_001781"", ""mdgo_v11_probe_001811"", ""mdgo_v11_probe_001830"", ""mdgo_v11_probe_001910"", ""mdgo_v11_probe_002023""]"
mdgo_v13_du_cac4b601160726a5,mdgo_v05_fin_user_0010,finance,finance_confirm_money_movement,"[""mdgo_v05_fin_user_0010_s0026"", ""mdgo_v05_fin_user_0010_s0272""]",9,"[""mdgo_v11_probe_000059"", ""mdgo_v11_probe_000309"", ""mdgo_v11_probe_000347"", ""mdgo_v11_probe_000387"", ""mdgo_v11_probe_001012"", ""mdgo_v11_probe_001158"", ""mdgo_v11_probe_001413"", ""mdgo_v11_probe_001674"", ""mdgo_v11_probe_002042""]"
mdgo_v13_du_cad5e5dd5cf9c9ca,mdgo_v05_fin_user_0017,finance,finance_confirm_card_account_changes,"[""mdgo_v05_fin_user_0017_s0280"", ""mdgo_v05_fin_user_0017_s0534""]",18,"[""mdgo_v11_probe_000102"", ""mdgo_v11_probe_000288"", ""mdgo_v11_probe_000395"", ""mdgo_v11_probe_000549"", ""mdgo_v11_probe_000582"", ""mdgo_v11_probe_000652"", ""mdgo_v11_probe_000770"", ""mdgo_v11_probe_000793"", ""mdgo_v11_probe_000930"", ""mdgo_v11_probe_001082"", ""mdgo_v11_probe_001227"", ""mdgo_v11_probe_001253"", ""mdgo_v11_probe_001471"", ""mdgo_v11_probe_001475"", ""mdgo_v11_probe_001530"", ""mdgo_v11_probe_001665"", ""mdgo_v11_probe_001774"", ""mdgo_v11_probe_001973""]"
mdgo_v13_du_cb1b29c8f62d11d0,mdgo_v05_fin_user_0003,finance,finance_minimal_pii_secure_verification,"[""mdgo_v05_fin_user_0003_s0026"", ""mdgo_v05_fin_user_0003_s0272""]",13,"[""mdgo_v11_probe_000242"", ""mdgo_v11_probe_000340"", ""mdgo_v11_probe_000551"", ""mdgo_v11_probe_000657"", ""mdgo_v11_probe_000976"", ""mdgo_v11_probe_001060"", ""mdgo_v11_probe_001145"", ""mdgo_v11_probe_001237"", ""mdgo_v11_probe_001619"", ""mdgo_v11_probe_001705"", ""mdgo_v11_probe_001796"", ""mdgo_v11_probe_001890"", ""mdgo_v11_probe_001946""]"
mdgo_v13_du_cb2ae67eef1a988a,mdgo_v05_fin_user_0029,finance,finance_confirm_money_movement,"[""mdgo_v05_fin_user_0029_s0020"", ""mdgo_v05_fin_user_0029_s0269""]",7,"[""mdgo_v11_probe_000489"", ""mdgo_v11_probe_000765"", ""mdgo_v11_probe_001093"", ""mdgo_v11_probe_001375"", ""mdgo_v11_probe_001839"", ""mdgo_v11_probe_001886"", ""mdgo_v11_probe_001983""]"
mdgo_v13_du_cb54f2529a46b3a6,mdgo_v07_sof_user_0014,software,software_platform_specific_steps,"[""mdgo_v07_sof_user_0014_s0026"", ""mdgo_v07_sof_user_0014_s0272""]",4,"[""mdgo_v11_probe_000002"", ""mdgo_v11_probe_001506"", ""mdgo_v11_probe_001630"", ""mdgo_v11_probe_001990""]"
mdgo_v13_du_cb728f1a0661fe52,mdgo_v05_sof_user_0003,software,software_secure_login_password_flow,"[""mdgo_v05_sof_user_0003_s0026"", ""mdgo_v05_sof_user_0003_s0272""]",10,"[""mdgo_v11_probe_000154"", ""mdgo_v11_probe_000168"", ""mdgo_v11_probe_000247"", ""mdgo_v11_probe_000575"", ""mdgo_v11_probe_000718"", ""mdgo_v11_probe_000928"", ""mdgo_v11_probe_001211"", ""mdgo_v11_probe_001539"", ""mdgo_v11_probe_001852"", ""mdgo_v11_probe_001919""]"
mdgo_v13_du_cb9ccb5c5efd0819,mdgo_v07_sof_user_0015,software,software_backup_before_risky_change,"[""mdgo_v07_sof_user_0015_s0276"", ""mdgo_v07_sof_user_0015_s0532""]",21,"[""mdgo_v11_probe_000022"", ""mdgo_v11_probe_000143"", ""mdgo_v11_probe_000191"", ""mdgo_v11_probe_000194"", ""mdgo_v11_probe_000223"", ""mdgo_v11_probe_000338"", ""mdgo_v11_probe_000443"", ""mdgo_v11_probe_000720"", ""mdgo_v11_probe_000763"", ""mdgo_v11_probe_000792"", ""mdgo_v11_probe_000908"", ""mdgo_v11_probe_000915"", ""mdgo_v11_probe_000978"", ""mdgo_v11_probe_001025"", ""mdgo_v11_probe_001094"", ""mdgo_v11_probe_001181"", ""mdgo_v11_probe_001367"", ""mdgo_v11_probe_001411"", ""mdgo_v11_probe_001583"", ""mdgo_v11_probe_001624"", ""mdgo_v11_probe_001739""]"
mdgo_v13_du_cc2e14b45738d7cd,mdgo_v05_fin_user_0033,finance,finance_confirm_money_movement,"[""mdgo_v05_fin_user_0033_s0026"", ""mdgo_v05_fin_user_0033_s0272""]",8,"[""mdgo_v11_probe_000452"", ""mdgo_v11_probe_000771"", ""mdgo_v11_probe_001286"", ""mdgo_v11_probe_001343"", ""mdgo_v11_probe_001599"", ""mdgo_v11_probe_001634"", ""mdgo_v11_probe_001708"", ""mdgo_v11_probe_001893""]"
mdgo_v13_du_cc43b0b0b70825b9,mdgo_v07_sof_user_0017,software,software_docs_lookup_for_update_install,"[""mdgo_v07_sof_user_0017_s0280"", ""mdgo_v07_sof_user_0017_s0534""]",2,"[""mdgo_v11_probe_000116"", ""mdgo_v11_probe_000349""]"
mdgo_v13_du_cd0525dd697db0a4,mdgo_v05_sof_user_0005,software,software_platform_specific_steps,"[""mdgo_v05_sof_user_0005_s0032"", ""mdgo_v05_sof_user_0005_s0275""]",9,"[""mdgo_v11_probe_000400"", ""mdgo_v11_probe_000524"", ""mdgo_v11_probe_000690"", ""mdgo_v11_probe_000742"", ""mdgo_v11_probe_000868"", ""mdgo_v11_probe_001449"", ""mdgo_v11_probe_001502"", ""mdgo_v11_probe_001778"", ""mdgo_v11_probe_001998""]"
mdgo_v13_du_cd5794d6f761762f,mdgo_v05_fin_user_0031,finance,finance_balance_statement_summary_first,"[""mdgo_v05_fin_user_0031_s0280"", ""mdgo_v05_fin_user_0031_s0534""]",18,"[""mdgo_v11_probe_000004"", ""mdgo_v11_probe_000031"", ""mdgo_v11_probe_000042"", ""mdgo_v11_probe_000237"", ""mdgo_v11_probe_000604"", ""mdgo_v11_probe_000665"", ""mdgo_v11_probe_000688"", ""mdgo_v11_probe_000769"", ""mdgo_v11_probe_001220"", ""mdgo_v11_probe_001278"", ""mdgo_v11_probe_001290"", ""mdgo_v11_probe_001376"", ""mdgo_v11_probe_001468"", ""mdgo_v11_probe_001532"", ""mdgo_v11_probe_001566"", ""mdgo_v11_probe_001913"", ""mdgo_v11_probe_001975"", ""mdgo_v11_probe_002040""]"
mdgo_v13_du_cdd6c6c70b00d111,mdgo_v05_fin_user_0017,finance,finance_credit_loan_cautious_no_commitment,"[""mdgo_v05_fin_user_0017_s0284"", ""mdgo_v05_fin_user_0017_s0536""]",19,"[""mdgo_v11_probe_000051"", ""mdgo_v11_probe_000273"", ""mdgo_v11_probe_000375"", ""mdgo_v11_probe_000395"", ""mdgo_v11_probe_000549"", ""mdgo_v11_probe_000793"", ""mdgo_v11_probe_000853"", ""mdgo_v11_probe_000969"", ""mdgo_v11_probe_001082"", ""mdgo_v11_probe_001215"", ""mdgo_v11_probe_001227"", ""mdgo_v11_probe_001241"", ""mdgo_v11_probe_001253"", ""mdgo_v11_probe_001471"", ""mdgo_v11_probe_001475"", ""mdgo_v11_probe_001665"", ""mdgo_v11_probe_001687"", ""mdgo_v11_probe_001869"", ""mdgo_v11_probe_001973""]"
mdgo_v13_du_cde58aad5cc26db1,mdgo_v05_fin_user_0016,finance,finance_confirm_money_movement,"[""mdgo_v05_fin_user_0016_s0020"", ""mdgo_v05_fin_user_0016_s0269""]",7,"[""mdgo_v11_probe_000050"", ""mdgo_v11_probe_000141"", ""mdgo_v11_probe_000351"", ""mdgo_v11_probe_000585"", ""mdgo_v11_probe_000751"", ""mdgo_v11_probe_001297"", ""mdgo_v11_probe_001405""]"
mdgo_v13_du_cde7db3cd11e1f42,mdgo_v07_sof_user_0014,software,software_backup_before_risky_change,"[""mdgo_v07_sof_user_0014_s0276"", ""mdgo_v07_sof_user_0014_s0532""]",17,"[""mdgo_v11_probe_000002"", ""mdgo_v11_probe_000047"", ""mdgo_v11_probe_000287"", ""mdgo_v11_probe_000360"", ""mdgo_v11_probe_000372"", ""mdgo_v11_probe_000708"", ""mdgo_v11_probe_000844"", ""mdgo_v11_probe_001337"", ""mdgo_v11_probe_001338"", ""mdgo_v11_probe_001506"", ""mdgo_v11_probe_001567"", ""mdgo_v11_probe_001630"", ""mdgo_v11_probe_001689"", ""mdgo_v11_probe_001753"", ""mdgo_v11_probe_001990"", ""mdgo_v11_probe_002020"", ""mdgo_v11_probe_002027""]"
mdgo_v13_du_cef6128534afd5e5,mdgo_v07_sof_user_0010,software,software_one_try_then_escalate,"[""mdgo_v07_sof_user_0010_s0014"", ""mdgo_v07_sof_user_0010_s0266""]",4,"[""mdgo_v11_probe_000641"", ""mdgo_v11_probe_000888"", ""mdgo_v11_probe_001544"", ""mdgo_v11_probe_001773""]"
mdgo_v13_du_cf3bba194fbd1249,mdgo_v05_fin_user_0003,finance,finance_confirm_card_account_changes,"[""mdgo_v05_fin_user_0003_s0002"", ""mdgo_v05_fin_user_0003_s0260""]",6,"[""mdgo_v11_probe_000474"", ""mdgo_v11_probe_000539"", ""mdgo_v11_probe_000568"", ""mdgo_v11_probe_000672"", ""mdgo_v11_probe_000881"", ""mdgo_v11_probe_000972""]"
mdgo_v13_du_cf8603e581c2c42b,mdgo_v05_sof_user_0003,software,software_one_try_then_escalate,"[""mdgo_v05_sof_user_0003_s0002"", ""mdgo_v05_sof_user_0003_s0260""]",11,"[""mdgo_v11_probe_000028"", ""mdgo_v11_probe_000084"", ""mdgo_v11_probe_000154"", ""mdgo_v11_probe_000240"", ""mdgo_v11_probe_000718"", ""mdgo_v11_probe_000928"", ""mdgo_v11_probe_001283"", ""mdgo_v11_probe_001488"", ""mdgo_v11_probe_001832"", ""mdgo_v11_probe_001884"", ""mdgo_v11_probe_001974""]"
mdgo_v13_du_d07c382a73c5013c,mdgo_v05_fin_user_0035,finance,finance_fraud_lost_card_urgent_escalation,"[""mdgo_v05_fin_user_0035_s0020"", ""mdgo_v05_fin_user_0035_s0269""]",15,"[""mdgo_v11_probe_000013"", ""mdgo_v11_probe_000032"", ""mdgo_v11_probe_000099"", ""mdgo_v11_probe_000105"", ""mdgo_v11_probe_000146"", ""mdgo_v11_probe_000204"", ""mdgo_v11_probe_000469"", ""mdgo_v11_probe_000564"", ""mdgo_v11_probe_000841"", ""mdgo_v11_probe_000901"", ""mdgo_v11_probe_001213"", ""mdgo_v11_probe_001245"", ""mdgo_v11_probe_001287"", ""mdgo_v11_probe_001347"", ""mdgo_v11_probe_001409""]"
mdgo_v13_du_d0e3baddf5809ffb,mdgo_v05_fin_user_0021,finance,finance_payment_status_latest_check,"[""mdgo_v05_fin_user_0021_s0020"", ""mdgo_v05_fin_user_0021_s0269""]",9,"[""mdgo_v11_probe_000308"", ""mdgo_v11_probe_000362"", ""mdgo_v11_probe_000595"", ""mdgo_v11_probe_001581"", ""mdgo_v11_probe_001610"", ""mdgo_v11_probe_001710"", ""mdgo_v11_probe_001807"", ""mdgo_v11_probe_001826"", ""mdgo_v11_probe_001827""]"
mdgo_v13_du_d10fd3f403c35348,mdgo_v05_fin_user_0008,finance,finance_confirm_card_account_changes,"[""mdgo_v05_fin_user_0008_s0002"", ""mdgo_v05_fin_user_0008_s0260""]",3,"[""mdgo_v11_probe_001146"", ""mdgo_v11_probe_001281"", ""mdgo_v11_probe_001818""]"
mdgo_v13_du_d1b59174e83e4f92,mdgo_v05_fin_user_0028,finance,finance_minimal_pii_secure_verification,"[""mdgo_v05_fin_user_0028_s0032"", ""mdgo_v05_fin_user_0028_s0275""]",7,"[""mdgo_v11_probe_000027"", ""mdgo_v11_probe_000123"", ""mdgo_v11_probe_000275"", ""mdgo_v11_probe_000827"", ""mdgo_v11_probe_001459"", ""mdgo_v11_probe_001535"", ""mdgo_v11_probe_001811""]"
mdgo_v13_du_d340938d88d5b920,mdgo_v05_fin_user_0001,finance,finance_minimal_pii_secure_verification,"[""mdgo_v05_fin_user_0001_s0032"", ""mdgo_v05_fin_user_0001_s0275""]",6,"[""mdgo_v11_probe_000315"", ""mdgo_v11_probe_000503"", ""mdgo_v11_probe_000863"", ""mdgo_v11_probe_001533"", ""mdgo_v11_probe_001588"", ""mdgo_v11_probe_001611""]"
mdgo_v13_du_d46c57c07d81c521,mdgo_v05_sof_user_0004,software,software_one_try_then_escalate,"[""mdgo_v05_sof_user_0004_s0014"", ""mdgo_v05_sof_user_0004_s0266""]",14,"[""mdgo_v11_probe_000284"", ""mdgo_v11_probe_000422"", ""mdgo_v11_probe_000521"", ""mdgo_v11_probe_000530"", ""mdgo_v11_probe_000806"", ""mdgo_v11_probe_000823"", ""mdgo_v11_probe_000919"", ""mdgo_v11_probe_000949"", ""mdgo_v11_probe_000990"", ""mdgo_v11_probe_001303"", ""mdgo_v11_probe_001410"", ""mdgo_v11_probe_001694"", ""mdgo_v11_probe_001701"", ""mdgo_v11_probe_001751""]"
mdgo_v13_du_d475ae7dbd7435b8,mdgo_v05_fin_user_0035,finance,finance_minimal_pii_secure_verification,"[""mdgo_v05_fin_user_0035_s0032"", ""mdgo_v05_fin_user_0035_s0275""]",6,"[""mdgo_v11_probe_000063"", ""mdgo_v11_probe_000099"", ""mdgo_v11_probe_000105"", ""mdgo_v11_probe_000940"", ""mdgo_v11_probe_001174"", ""mdgo_v11_probe_001859""]"
mdgo_v13_du_d48253675d15c6cf,mdgo_v05_fin_user_0007,finance,finance_payment_status_latest_check,"[""mdgo_v05_fin_user_0007_s0008"", ""mdgo_v05_fin_user_0007_s0263""]",21,"[""mdgo_v11_probe_000036"", ""mdgo_v11_probe_000068"", ""mdgo_v11_probe_000089"", ""mdgo_v11_probe_000226"", ""mdgo_v11_probe_000229"", ""mdgo_v11_probe_000355"", ""mdgo_v11_probe_000494"", ""mdgo_v11_probe_000967"", ""mdgo_v11_probe_001079"", ""mdgo_v11_probe_001247"", ""mdgo_v11_probe_001429"", ""mdgo_v11_probe_001474"", ""mdgo_v11_probe_001548"", ""mdgo_v11_probe_001612"", ""mdgo_v11_probe_001719"", ""mdgo_v11_probe_001722"", ""mdgo_v11_probe_001734"", ""mdgo_v11_probe_001819"", ""mdgo_v11_probe_001984"", ""mdgo_v11_probe_001986"", ""mdgo_v11_probe_001992""]"
mdgo_v13_du_d4b93493aa94c46b,mdgo_v05_fin_user_0023,finance,finance_confirm_card_account_changes,"[""mdgo_v05_fin_user_0023_s0008"", ""mdgo_v05_fin_user_0023_s0263""]",8,"[""mdgo_v11_probe_000222"", ""mdgo_v11_probe_000356"", ""mdgo_v11_probe_000561"", ""mdgo_v11_probe_000606"", ""mdgo_v11_probe_001086"", ""mdgo_v11_probe_001593"", ""mdgo_v11_probe_001905"", ""mdgo_v11_probe_002024""]"
mdgo_v13_du_d5137e7fe382d543,mdgo_v05_sof_user_0004,software,software_platform_specific_steps,"[""mdgo_v05_sof_user_0004_s0020"", ""mdgo_v05_sof_user_0004_s0269""]",14,"[""mdgo_v11_probe_000165"", ""mdgo_v11_probe_000422"", ""mdgo_v11_probe_000465"", ""mdgo_v11_probe_000598"", ""mdgo_v11_probe_000758"", ""mdgo_v11_probe_000823"", ""mdgo_v11_probe_000884"", ""mdgo_v11_probe_000914"", ""mdgo_v11_probe_000919"", ""mdgo_v11_probe_001118"", ""mdgo_v11_probe_001195"", ""mdgo_v11_probe_001262"", ""mdgo_v11_probe_001303"", ""mdgo_v11_probe_001669""]"
mdgo_v13_du_d5ab816f5f9a8226,mdgo_v05_fin_user_0009,finance,finance_credit_loan_cautious_no_commitment,"[""mdgo_v05_fin_user_0009_s0008"", ""mdgo_v05_fin_user_0009_s0263""]",6,"[""mdgo_v11_probe_000939"", ""mdgo_v11_probe_001044"", ""mdgo_v11_probe_001108"", ""mdgo_v11_probe_001248"", ""mdgo_v11_probe_001312"", ""mdgo_v11_probe_001524""]"
mdgo_v13_du_d8545c0a6c75241e,mdgo_v05_fin_user_0019,finance,finance_confirm_card_account_changes,"[""mdgo_v05_fin_user_0019_s0282"", ""mdgo_v05_fin_user_0019_s0535""]",14,"[""mdgo_v11_probe_000269"", ""mdgo_v11_probe_000325"", ""mdgo_v11_probe_000373"", ""mdgo_v11_probe_000513"", ""mdgo_v11_probe_000608"", ""mdgo_v11_probe_000865"", ""mdgo_v11_probe_000896"", ""mdgo_v11_probe_000956"", ""mdgo_v11_probe_001169"", ""mdgo_v11_probe_001415"", ""mdgo_v11_probe_001683"", ""mdgo_v11_probe_001775"", ""mdgo_v11_probe_001879"", ""mdgo_v11_probe_001979""]"
mdgo_v13_du_d856dbae5c22705a,mdgo_v05_fin_user_0012,finance,finance_payment_status_latest_check,"[""mdgo_v05_fin_user_0012_s0008"", ""mdgo_v05_fin_user_0012_s0263""]",16,"[""mdgo_v11_probe_000128"", ""mdgo_v11_probe_000163"", ""mdgo_v11_probe_000215"", ""mdgo_v11_probe_000277"", ""mdgo_v11_probe_000307"", ""mdgo_v11_probe_000382"", ""mdgo_v11_probe_000559"", ""mdgo_v11_probe_000640"", ""mdgo_v11_probe_000724"", ""mdgo_v11_probe_000920"", ""mdgo_v11_probe_000935"", ""mdgo_v11_probe_001207"", ""mdgo_v11_probe_001404"", ""mdgo_v11_probe_001637"", ""mdgo_v11_probe_001783"", ""mdgo_v11_probe_001976""]"
mdgo_v13_du_d859a5f79906bad9,mdgo_v05_sof_user_0001,software,software_ticket_receipt_summary,"[""mdgo_v05_sof_user_0001_s0032"", ""mdgo_v05_sof_user_0001_s0275""]",6,"[""mdgo_v11_probe_000142"", ""mdgo_v11_probe_001426"", ""mdgo_v11_probe_001580"", ""mdgo_v11_probe_001828"", ""mdgo_v11_probe_001988"", ""mdgo_v11_probe_002005""]"
mdgo_v13_du_d8851b704c4ec137,mdgo_v05_sof_user_0001,software,software_ticket_receipt_summary,"[""mdgo_v05_sof_user_0001_s0286"", ""mdgo_v05_sof_user_0001_s0537""]",12,"[""mdgo_v11_probe_000353"", ""mdgo_v11_probe_000377"", ""mdgo_v11_probe_000671"", ""mdgo_v11_probe_000747"", ""mdgo_v11_probe_001132"", ""mdgo_v11_probe_001199"", ""mdgo_v11_probe_001291"", ""mdgo_v11_probe_001477"", ""mdgo_v11_probe_001607"", ""mdgo_v11_probe_001858"", ""mdgo_v11_probe_001877"", ""mdgo_v11_probe_002000""]"
mdgo_v13_du_d88d9fbbfc449bed,mdgo_v05_fin_user_0029,finance,finance_credit_loan_cautious_no_commitment,"[""mdgo_v05_fin_user_0029_s0014"", ""mdgo_v05_fin_user_0029_s0266""]",13,"[""mdgo_v11_probe_000012"", ""mdgo_v11_probe_000218"", ""mdgo_v11_probe_000246"", ""mdgo_v11_probe_000257"", ""mdgo_v11_probe_000294"", ""mdgo_v11_probe_000359"", ""mdgo_v11_probe_000363"", ""mdgo_v11_probe_001019"", ""mdgo_v11_probe_001077"", ""mdgo_v11_probe_001242"", ""mdgo_v11_probe_001572"", ""mdgo_v11_probe_001697"", ""mdgo_v11_probe_001995""]"
mdgo_v13_du_d962a469d8aced7d,mdgo_v07_sof_user_0011,software,software_collect_diagnostics_before_fix,"[""mdgo_v07_sof_user_0011_s0278"", ""mdgo_v07_sof_user_0011_s0533""]",16,"[""mdgo_v11_probe_000037"", ""mdgo_v11_probe_000100"", ""mdgo_v11_probe_000109"", ""mdgo_v11_probe_000587"", ""mdgo_v11_probe_000838"", ""mdgo_v11_probe_000986"", ""mdgo_v11_probe_001154"", ""mdgo_v11_probe_001165"", ""mdgo_v11_probe_001201"", ""mdgo_v11_probe_001511"", ""mdgo_v11_probe_001656"", ""mdgo_v11_probe_001709"", ""mdgo_v11_probe_001762"", ""mdgo_v11_probe_001880"", ""mdgo_v11_probe_001929"", ""mdgo_v11_probe_001980""]"
mdgo_v13_du_d9a878e8840101b8,mdgo_v05_fin_user_0004,finance,finance_minimal_pii_secure_verification,"[""mdgo_v05_fin_user_0004_s0020"", ""mdgo_v05_fin_user_0004_s0269""]",9,"[""mdgo_v11_probe_000157"", ""mdgo_v11_probe_000302"", ""mdgo_v11_probe_000975"", ""mdgo_v11_probe_001074"", ""mdgo_v11_probe_001106"", ""mdgo_v11_probe_001398"", ""mdgo_v11_probe_001509"", ""mdgo_v11_probe_001570"", ""mdgo_v11_probe_001591""]"
mdgo_v13_du_d9b7f88134fee696,mdgo_v05_fin_user_0020,finance,finance_credit_loan_cautious_no_commitment,"[""mdgo_v05_fin_user_0020_s0002"", ""mdgo_v05_fin_user_0020_s0260""]",12,"[""mdgo_v11_probe_000072"", ""mdgo_v11_probe_000136"", ""mdgo_v11_probe_000150"", ""mdgo_v11_probe_000816"", ""mdgo_v11_probe_001056"", ""mdgo_v11_probe_001097"", ""mdgo_v11_probe_001204"", ""mdgo_v11_probe_001384"", ""mdgo_v11_probe_001464"", ""mdgo_v11_probe_001685"", ""mdgo_v11_probe_001698"", ""mdgo_v11_probe_001804""]"
mdgo_v13_du_da103556f2d4d749,mdgo_v05_fin_user_0034,finance,finance_credit_loan_cautious_no_commitment,"[""mdgo_v05_fin_user_0034_s0280"", ""mdgo_v05_fin_user_0034_s0534""]",26,"[""mdgo_v11_probe_000092"", ""mdgo_v11_probe_000131"", ""mdgo_v11_probe_000161"", ""mdgo_v11_probe_000346"", ""mdgo_v11_probe_000646"", ""mdgo_v11_probe_000788"", ""mdgo_v11_probe_000852"", ""mdgo_v11_probe_001002"", ""mdgo_v11_probe_001008"", ""mdgo_v11_probe_001058"", ""mdgo_v11_probe_001063"", ""mdgo_v11_probe_001159"", ""mdgo_v11_probe_001280"", ""mdgo_v11_probe_001304"", ""mdgo_v11_probe_001379"", ""mdgo_v11_probe_001441"", ""mdgo_v11_probe_001525"", ""mdgo_v11_probe_001601"", ""mdgo_v11_probe_001604"", ""mdgo_v11_probe_001724"", ""mdgo_v11_probe_001777"", ""mdgo_v11_probe_001829"", ""mdgo_v11_probe_001908"", ""mdgo_v11_probe_001939"", ""mdgo_v11_probe_002010"", ""mdgo_v11_probe_002016""]"
mdgo_v13_du_db278ece6987676a,mdgo_v07_sof_user_0016,software,software_one_try_then_escalate,"[""mdgo_v07_sof_user_0016_s0014"", ""mdgo_v07_sof_user_0016_s0266""]",8,"[""mdgo_v11_probe_000125"", ""mdgo_v11_probe_000414"", ""mdgo_v11_probe_000801"", ""mdgo_v11_probe_000891"", ""mdgo_v11_probe_000933"", ""mdgo_v11_probe_001206"", ""mdgo_v11_probe_001627"", ""mdgo_v11_probe_001671""]"
mdgo_v13_du_db65a00a87565326,mdgo_v05_sof_user_0003,software,software_ticket_receipt_summary,"[""mdgo_v05_sof_user_0003_s0280"", ""mdgo_v05_sof_user_0003_s0534""]",25,"[""mdgo_v11_probe_000028"", ""mdgo_v11_probe_000084"", ""mdgo_v11_probe_000240"", ""mdgo_v11_probe_000247"", ""mdgo_v11_probe_000343"", ""mdgo_v11_probe_000534"", ""mdgo_v11_probe_000550"", ""mdgo_v11_probe_000701"", ""mdgo_v11_probe_000810"", ""mdgo_v11_probe_000817"", ""mdgo_v11_probe_001130"", ""mdgo_v11_probe_001211"", ""mdgo_v11_probe_001333"", ""mdgo_v11_probe_001352"", ""mdgo_v11_probe_001361"", ""mdgo_v11_probe_001408"", ""mdgo_v11_probe_001488"", ""mdgo_v11_probe_001505"", ""mdgo_v11_probe_001801"", ""mdgo_v11_probe_001822"", ""mdgo_v11_probe_001832"", ""mdgo_v11_probe_001884"", ""mdgo_v11_probe_001919"", ""mdgo_v11_probe_001933"", ""mdgo_v11_probe_001994""]"
mdgo_v13_du_db6f4f8dfa72a169,mdgo_v05_sof_user_0000,software,software_docs_lookup_for_update_install,"[""mdgo_v05_sof_user_0000_s0026"", ""mdgo_v05_sof_user_0000_s0272""]",10,"[""mdgo_v11_probe_000295"", ""mdgo_v11_probe_000392"", ""mdgo_v11_probe_000594"", ""mdgo_v11_probe_000668"", ""mdgo_v11_probe_001234"", ""mdgo_v11_probe_001470"", ""mdgo_v11_probe_001479"", ""mdgo_v11_probe_001644"", ""mdgo_v11_probe_001666"", ""mdgo_v11_probe_001966""]"
mdgo_v13_du_db7e2e438ca96067,mdgo_v05_fin_user_0014,finance,finance_confirm_card_account_changes,"[""mdgo_v05_fin_user_0014_s0020"", ""mdgo_v05_fin_user_0014_s0269""]",11,"[""mdgo_v11_probe_000411"", ""mdgo_v11_probe_000482"", ""mdgo_v11_probe_000866"", ""mdgo_v11_probe_000870"", ""mdgo_v11_probe_001135"", ""mdgo_v11_probe_001177"", ""mdgo_v11_probe_001189"", ""mdgo_v11_probe_001377"", ""mdgo_v11_probe_001723"", ""mdgo_v11_probe_001814"", ""mdgo_v11_probe_001815""]"
mdgo_v13_du_dccb3b5bea6fd041,mdgo_v05_fin_user_0015,finance,finance_confirm_money_movement,"[""mdgo_v05_fin_user_0015_s0278"", ""mdgo_v05_fin_user_0015_s0533""]",25,"[""mdgo_v11_probe_000046"", ""mdgo_v11_probe_000114"", ""mdgo_v11_probe_000217"", ""mdgo_v11_probe_000256"", ""mdgo_v11_probe_000258"", ""mdgo_v11_probe_000281"", ""mdgo_v11_probe_000352"", ""mdgo_v11_probe_000694"", ""mdgo_v11_probe_000727"", ""mdgo_v11_probe_000820"", ""mdgo_v11_probe_000830"", ""mdgo_v11_probe_000850"", ""mdgo_v11_probe_000954"", ""mdgo_v11_probe_001013"", ""mdgo_v11_probe_001172"", ""mdgo_v11_probe_001175"", ""mdgo_v11_probe_001349"", ""mdgo_v11_probe_001510"", ""mdgo_v11_probe_001562"", ""mdgo_v11_probe_001576"", ""mdgo_v11_probe_001613"", ""mdgo_v11_probe_001631"", ""mdgo_v11_probe_001853"", ""mdgo_v11_probe_001883"", ""mdgo_v11_probe_002037""]"
mdgo_v13_du_dcde9d9eb7b803a4,mdgo_v05_fin_user_0018,finance,finance_confirm_money_movement,"[""mdgo_v05_fin_user_0018_s0002"", ""mdgo_v05_fin_user_0018_s0260""]",1,"[""mdgo_v11_probe_000681""]"
mdgo_v13_du_dddc7770853d977c,mdgo_v05_fin_user_0008,finance,finance_fee_dispute_evidence_then_case,"[""mdgo_v05_fin_user_0008_s0014"", ""mdgo_v05_fin_user_0008_s0266""]",11,"[""mdgo_v11_probe_000024"", ""mdgo_v11_probe_000227"", ""mdgo_v11_probe_000577"", ""mdgo_v11_probe_000653"", ""mdgo_v11_probe_000877"", ""mdgo_v11_probe_000951"", ""mdgo_v11_probe_001052"", ""mdgo_v11_probe_001440"", ""mdgo_v11_probe_001550"", ""mdgo_v11_probe_001615"", ""mdgo_v11_probe_001771""]"
mdgo_v13_du_de459f9b00bbfa00,mdgo_v05_sof_user_0004,software,software_collect_diagnostics_before_fix,"[""mdgo_v05_sof_user_0004_s0008"", ""mdgo_v05_sof_user_0004_s0263""]",5,"[""mdgo_v11_probe_000758"", ""mdgo_v11_probe_000884"", ""mdgo_v11_probe_000958"", ""mdgo_v11_probe_000990"", ""mdgo_v11_probe_001590""]"
mdgo_v13_du_de5de716861a8e92,mdgo_v07_sof_user_0011,software,software_secure_login_password_flow,"[""mdgo_v07_sof_user_0011_s0284"", ""mdgo_v07_sof_user_0011_s0536""]",12,"[""mdgo_v11_probe_000100"", ""mdgo_v11_probe_000109"", ""mdgo_v11_probe_000135"", ""mdgo_v11_probe_000209"", ""mdgo_v11_probe_000729"", ""mdgo_v11_probe_000838"", ""mdgo_v11_probe_001022"", ""mdgo_v11_probe_001276"", ""mdgo_v11_probe_001707"", ""mdgo_v11_probe_001754"", ""mdgo_v11_probe_001762"", ""mdgo_v11_probe_001965""]"
mdgo_v13_du_e0066c17a1dd971d,mdgo_v05_fin_user_0001,finance,finance_confirm_card_account_changes,"[""mdgo_v05_fin_user_0001_s0020"", ""mdgo_v05_fin_user_0001_s0269""]",6,"[""mdgo_v11_probe_000315"", ""mdgo_v11_probe_000922"", ""mdgo_v11_probe_001198"", ""mdgo_v11_probe_001533"", ""mdgo_v11_probe_001543"", ""mdgo_v11_probe_001611""]"
mdgo_v13_du_e14947fb1c29bb1b,mdgo_v05_fin_user_0013,finance,finance_fraud_lost_card_urgent_escalation,"[""mdgo_v05_fin_user_0013_s0032"", ""mdgo_v05_fin_user_0013_s0275""]",9,"[""mdgo_v11_probe_000052"", ""mdgo_v11_probe_000283"", ""mdgo_v11_probe_000416"", ""mdgo_v11_probe_000832"", ""mdgo_v11_probe_001069"", ""mdgo_v11_probe_001782"", ""mdgo_v11_probe_001848"", ""mdgo_v11_probe_001861"", ""mdgo_v11_probe_001962""]"
mdgo_v13_du_e18b1eab57568439,mdgo_v07_sof_user_0009,software,software_collect_diagnostics_before_fix,"[""mdgo_v07_sof_user_0009_s0002"", ""mdgo_v07_sof_user_0009_s0260""]",4,"[""mdgo_v11_probe_000264"", ""mdgo_v11_probe_000780"", ""mdgo_v11_probe_001155"", ""mdgo_v11_probe_001194""]"
mdgo_v13_du_e26184c6d0c4f04d,mdgo_v07_sof_user_0013,software,software_collect_diagnostics_before_fix,"[""mdgo_v07_sof_user_0013_s0278"", ""mdgo_v07_sof_user_0013_s0533""]",19,"[""mdgo_v11_probe_000085"", ""mdgo_v11_probe_000236"", ""mdgo_v11_probe_000361"", ""mdgo_v11_probe_000576"", ""mdgo_v11_probe_000613"", ""mdgo_v11_probe_000624"", ""mdgo_v11_probe_000679"", ""mdgo_v11_probe_000687"", ""mdgo_v11_probe_001115"", ""mdgo_v11_probe_001161"", ""mdgo_v11_probe_001395"", ""mdgo_v11_probe_001423"", ""mdgo_v11_probe_001523"", ""mdgo_v11_probe_001609"", ""mdgo_v11_probe_001746"", ""mdgo_v11_probe_001844"", ""mdgo_v11_probe_001885"", ""mdgo_v11_probe_001955"", ""mdgo_v11_probe_002003""]"
mdgo_v13_du_e27537f3da4f2c73,mdgo_v05_fin_user_0001,finance,finance_balance_statement_summary_first,"[""mdgo_v05_fin_user_0001_s0284"", ""mdgo_v05_fin_user_0001_s0536""]",10,"[""mdgo_v11_probe_000075"", ""mdgo_v11_probe_000202"", ""mdgo_v11_probe_000454"", ""mdgo_v11_probe_000503"", ""mdgo_v11_probe_000693"", ""mdgo_v11_probe_000957"", ""mdgo_v11_probe_001034"", ""mdgo_v11_probe_001373"", ""mdgo_v11_probe_001533"", ""mdgo_v11_probe_001985""]"
mdgo_v13_du_e2c17a135beda815,mdgo_v07_sof_user_0017,software,software_backup_before_risky_change,"[""mdgo_v07_sof_user_0017_s0002"", ""mdgo_v07_sof_user_0017_s0260""]",7,"[""mdgo_v11_probe_000396"", ""mdgo_v11_probe_000573"", ""mdgo_v11_probe_000636"", ""mdgo_v11_probe_000912"", ""mdgo_v11_probe_000963"", ""mdgo_v11_probe_001437"", ""mdgo_v11_probe_002007""]"
mdgo_v13_du_e572030231acb13b,mdgo_v05_fin_user_0020,finance,finance_payment_status_latest_check,"[""mdgo_v05_fin_user_0020_s0026"", ""mdgo_v05_fin_user_0020_s0272""]",10,"[""mdgo_v11_probe_000136"", ""mdgo_v11_probe_000447"", ""mdgo_v11_probe_000477"", ""mdgo_v11_probe_000574"", ""mdgo_v11_probe_000629"", ""mdgo_v11_probe_000895"", ""mdgo_v11_probe_001790"", ""mdgo_v11_probe_001834"", ""mdgo_v11_probe_001882"", ""mdgo_v11_probe_001924""]"
mdgo_v13_du_e7122e40defb21d3,mdgo_v05_fin_user_0002,finance,finance_credit_loan_cautious_no_commitment,"[""mdgo_v05_fin_user_0002_s0002"", ""mdgo_v05_fin_user_0002_s0260""]",6,"[""mdgo_v11_probe_000018"", ""mdgo_v11_probe_000078"", ""mdgo_v11_probe_001148"", ""mdgo_v11_probe_001268"", ""mdgo_v11_probe_001944"", ""mdgo_v11_probe_002015""]"
mdgo_v13_du_e741231da37a7550,mdgo_v05_fin_user_0013,finance,finance_confirm_money_movement,"[""mdgo_v05_fin_user_0013_s0002"", ""mdgo_v05_fin_user_0013_s0260""]",5,"[""mdgo_v11_probe_000052"", ""mdgo_v11_probe_000342"", ""mdgo_v11_probe_000416"", ""mdgo_v11_probe_001504"", ""mdgo_v11_probe_001824""]"
mdgo_v13_du_e7db85c3b94a776a,mdgo_v05_fin_user_0018,finance,finance_confirm_money_movement,"[""mdgo_v05_fin_user_0018_s0276"", ""mdgo_v05_fin_user_0018_s0532""]",21,"[""mdgo_v11_probe_000005"", ""mdgo_v11_probe_000172"", ""mdgo_v11_probe_000187"", ""mdgo_v11_probe_000329"", ""mdgo_v11_probe_000401"", ""mdgo_v11_probe_000432"", ""mdgo_v11_probe_000467"", ""mdgo_v11_probe_000493"", ""mdgo_v11_probe_000514"", ""mdgo_v11_probe_000631"", ""mdgo_v11_probe_000779"", ""mdgo_v11_probe_000840"", ""mdgo_v11_probe_001087"", ""mdgo_v11_probe_001109"", ""mdgo_v11_probe_001139"", ""mdgo_v11_probe_001345"", ""mdgo_v11_probe_001380"", ""mdgo_v11_probe_001481"", ""mdgo_v11_probe_001602"", ""mdgo_v11_probe_001788"", ""mdgo_v11_probe_001956""]"
mdgo_v13_du_e7e3134ba68b54cf,mdgo_v05_fin_user_0022,finance,finance_credit_loan_cautious_no_commitment,"[""mdgo_v05_fin_user_0022_s0278"", ""mdgo_v05_fin_user_0022_s0533""]",23,"[""mdgo_v11_probe_000049"", ""mdgo_v11_probe_000214"", ""mdgo_v11_probe_000234"", ""mdgo_v11_probe_000337"", ""mdgo_v11_probe_000458"", ""mdgo_v11_probe_000462"", ""mdgo_v11_probe_000556"", ""mdgo_v11_probe_000622"", ""mdgo_v11_probe_000667"", ""mdgo_v11_probe_000871"", ""mdgo_v11_probe_000962"", ""mdgo_v11_probe_000964"", ""mdgo_v11_probe_000989"", ""mdgo_v11_probe_001117"", ""mdgo_v11_probe_001386"", ""mdgo_v11_probe_001416"", ""mdgo_v11_probe_001490"", ""mdgo_v11_probe_001537"", ""mdgo_v11_probe_001540"", ""mdgo_v11_probe_001676"", ""mdgo_v11_probe_001760"", ""mdgo_v11_probe_001868"", ""mdgo_v11_probe_001943""]"
mdgo_v13_du_e8393e2771f1df4a,mdgo_v05_fin_user_0035,finance,finance_credit_loan_cautious_no_commitment,"[""mdgo_v05_fin_user_0035_s0026"", ""mdgo_v05_fin_user_0035_s0272""]",12,"[""mdgo_v11_probe_000424"", ""mdgo_v11_probe_000512"", ""mdgo_v11_probe_000597"", ""mdgo_v11_probe_000650"", ""mdgo_v11_probe_000940"", ""mdgo_v11_probe_001287"", ""mdgo_v11_probe_001330"", ""mdgo_v11_probe_001347"", ""mdgo_v11_probe_001458"", ""mdgo_v11_probe_001549"", ""mdgo_v11_probe_001551"", ""mdgo_v11_probe_001859""]"
mdgo_v13_du_e98dc354d8b02eb0,mdgo_v05_sof_user_0002,software,software_backup_before_risky_change,"[""mdgo_v05_sof_user_0002_s0020"", ""mdgo_v05_sof_user_0002_s0269""]",9,"[""mdgo_v11_probe_000366"", ""mdgo_v11_probe_000426"", ""mdgo_v11_probe_000639"", ""mdgo_v11_probe_000645"", ""mdgo_v11_probe_000655"", ""mdgo_v11_probe_001014"", ""mdgo_v11_probe_001071"", ""mdgo_v11_probe_001938"", ""mdgo_v11_probe_001969""]"
mdgo_v13_du_ea68d4757b444e03,mdgo_v07_sof_user_0013,software,software_one_try_then_escalate,"[""mdgo_v07_sof_user_0013_s0014"", ""mdgo_v07_sof_user_0013_s0266""]",5,"[""mdgo_v11_probe_000236"", ""mdgo_v11_probe_000413"", ""mdgo_v11_probe_001167"", ""mdgo_v11_probe_001528"", ""mdgo_v11_probe_002008""]"
mdgo_v13_du_eacb4ec051ec8ba7,mdgo_v07_sof_user_0011,software,software_docs_lookup_for_update_install,"[""mdgo_v07_sof_user_0011_s0280"", ""mdgo_v07_sof_user_0011_s0534""]",3,"[""mdgo_v11_probe_001022"", ""mdgo_v11_probe_001754"", ""mdgo_v11_probe_001764""]"
mdgo_v13_du_eb285b3e618436cf,mdgo_v05_fin_user_0000,finance,finance_credit_loan_cautious_no_commitment,"[""mdgo_v05_fin_user_0000_s0282"", ""mdgo_v05_fin_user_0000_s0535""]",19,"[""mdgo_v11_probe_000121"", ""mdgo_v11_probe_000380"", ""mdgo_v11_probe_000417"", ""mdgo_v11_probe_000439"", ""mdgo_v11_probe_000824"", ""mdgo_v11_probe_000974"", ""mdgo_v11_probe_001187"", ""mdgo_v11_probe_001197"", ""mdgo_v11_probe_001208"", ""mdgo_v11_probe_001214"", ""mdgo_v11_probe_001267"", ""mdgo_v11_probe_001269"", ""mdgo_v11_probe_001465"", ""mdgo_v11_probe_001497"", ""mdgo_v11_probe_001713"", ""mdgo_v11_probe_001744"", ""mdgo_v11_probe_001785"", ""mdgo_v11_probe_001820"", ""mdgo_v11_probe_002029""]"
mdgo_v13_du_eb56bb4e2001a778,mdgo_v05_sof_user_0001,software,software_secure_login_password_flow,"[""mdgo_v05_sof_user_0001_s0002"", ""mdgo_v05_sof_user_0001_s0260""]",11,"[""mdgo_v11_probe_000095"", ""mdgo_v11_probe_000130"", ""mdgo_v11_probe_000671"", ""mdgo_v11_probe_000677"", ""mdgo_v11_probe_000924"", ""mdgo_v11_probe_001132"", ""mdgo_v11_probe_001218"", ""mdgo_v11_probe_001580"", ""mdgo_v11_probe_001828"", ""mdgo_v11_probe_001858"", ""mdgo_v11_probe_001988""]"
mdgo_v13_du_eb78ec6916fb7b8a,mdgo_v05_fin_user_0020,finance,finance_confirm_money_movement,"[""mdgo_v05_fin_user_0020_s0278"", ""mdgo_v05_fin_user_0020_s0533""]",29,"[""mdgo_v11_probe_000072"", ""mdgo_v11_probe_000150"", ""mdgo_v11_probe_000166"", ""mdgo_v11_probe_000326"", ""mdgo_v11_probe_000558"", ""mdgo_v11_probe_000574"", ""mdgo_v11_probe_000749"", ""mdgo_v11_probe_000816"", ""mdgo_v11_probe_000895"", ""mdgo_v11_probe_001009"", ""mdgo_v11_probe_001056"", ""mdgo_v11_probe_001097"", ""mdgo_v11_probe_001204"", ""mdgo_v11_probe_001249"", ""mdgo_v11_probe_001370"", ""mdgo_v11_probe_001384"", ""mdgo_v11_probe_001464"", ""mdgo_v11_probe_001561"", ""mdgo_v11_probe_001698"", ""mdgo_v11_probe_001732"", ""mdgo_v11_probe_001804"", ""mdgo_v11_probe_001817"", ""mdgo_v11_probe_001834"", ""mdgo_v11_probe_001882"", ""mdgo_v11_probe_001924"", ""mdgo_v11_probe_001942"", ""mdgo_v11_probe_001961"", ""mdgo_v11_probe_001987"", ""mdgo_v11_probe_002047""]"
mdgo_v13_du_ec1ab01036b895f8,mdgo_v05_fin_user_0031,finance,finance_confirm_money_movement,"[""mdgo_v05_fin_user_0031_s0002"", ""mdgo_v05_fin_user_0031_s0260""]",14,"[""mdgo_v11_probe_000004"", ""mdgo_v11_probe_000082"", ""mdgo_v11_probe_000124"", ""mdgo_v11_probe_000688"", ""mdgo_v11_probe_000934"", ""mdgo_v11_probe_001090"", ""mdgo_v11_probe_001278"", ""mdgo_v11_probe_001296"", ""mdgo_v11_probe_001432"", ""mdgo_v11_probe_001566"", ""mdgo_v11_probe_001673"", ""mdgo_v11_probe_001690"", ""mdgo_v11_probe_001794"", ""mdgo_v11_probe_002040""]"
mdgo_v13_du_ec894c6b53971897,mdgo_v07_sof_user_0013,software,software_platform_specific_steps,"[""mdgo_v07_sof_user_0013_s0282"", ""mdgo_v07_sof_user_0013_s0535""]",10,"[""mdgo_v11_probe_000361"", ""mdgo_v11_probe_000567"", ""mdgo_v11_probe_000679"", ""mdgo_v11_probe_000945"", ""mdgo_v11_probe_001143"", ""mdgo_v11_probe_001161"", ""mdgo_v11_probe_001423"", ""mdgo_v11_probe_001430"", ""mdgo_v11_probe_001609"", ""mdgo_v11_probe_001885""]"
mdgo_v13_du_ecf0f57cab310468,mdgo_v05_fin_user_0006,finance,finance_fraud_lost_card_urgent_escalation,"[""mdgo_v05_fin_user_0006_s0284"", ""mdgo_v05_fin_user_0006_s0536""]",15,"[""mdgo_v11_probe_000023"", ""mdgo_v11_probe_000133"", ""mdgo_v11_probe_000177"", ""mdgo_v11_probe_000274"", ""mdgo_v11_probe_000293"", ""mdgo_v11_probe_000304"", ""mdgo_v11_probe_000505"", ""mdgo_v11_probe_000529"", ""mdgo_v11_probe_000541"", ""mdgo_v11_probe_000773"", ""mdgo_v11_probe_000985"", ""mdgo_v11_probe_001223"", ""mdgo_v11_probe_001225"", ""mdgo_v11_probe_001307"", ""mdgo_v11_probe_001833""]"
mdgo_v13_du_ed001f78be906d7d,mdgo_v07_sof_user_0011,software,software_backup_before_risky_change,"[""mdgo_v07_sof_user_0011_s0276"", ""mdgo_v07_sof_user_0011_s0532""]",15,"[""mdgo_v11_probe_000475"", ""mdgo_v11_probe_000587"", ""mdgo_v11_probe_000986"", ""mdgo_v11_probe_001010"", ""mdgo_v11_probe_001154"", ""mdgo_v11_probe_001165"", ""mdgo_v11_probe_001200"", ""mdgo_v11_probe_001201"", ""mdgo_v11_probe_001276"", ""mdgo_v11_probe_001346"", ""mdgo_v11_probe_001452"", ""mdgo_v11_probe_001656"", ""mdgo_v11_probe_001709"", ""mdgo_v11_probe_001880"", ""mdgo_v11_probe_001929""]"
mdgo_v13_du_ed3a1c817851a46e,mdgo_v05_fin_user_0019,finance,finance_confirm_card_account_changes,"[""mdgo_v05_fin_user_0019_s0020"", ""mdgo_v05_fin_user_0019_s0269""]",9,"[""mdgo_v11_probe_000086"", ""mdgo_v11_probe_000384"", ""mdgo_v11_probe_000460"", ""mdgo_v11_probe_000714"", ""mdgo_v11_probe_001191"", ""mdgo_v11_probe_001512"", ""mdgo_v11_probe_001716"", ""mdgo_v11_probe_001906"", ""mdgo_v11_probe_002031""]"
mdgo_v13_du_edffa73202087fc4,mdgo_v05_fin_user_0009,finance,finance_minimal_pii_secure_verification,"[""mdgo_v05_fin_user_0009_s0020"", ""mdgo_v05_fin_user_0009_s0269""]",9,"[""mdgo_v11_probe_000007"", ""mdgo_v11_probe_000058"", ""mdgo_v11_probe_000271"", ""mdgo_v11_probe_000441"", ""mdgo_v11_probe_001075"", ""mdgo_v11_probe_001342"", ""mdgo_v11_probe_001909"", ""mdgo_v11_probe_001971"", ""mdgo_v11_probe_002043""]"
mdgo_v13_du_ee74e81a35bd74c3,mdgo_v05_fin_user_0007,finance,finance_fraud_lost_card_urgent_escalation,"[""mdgo_v05_fin_user_0007_s0020"", ""mdgo_v05_fin_user_0007_s0269""]",8,"[""mdgo_v11_probe_000077"", ""mdgo_v11_probe_000159"", ""mdgo_v11_probe_000213"", ""mdgo_v11_probe_000494"", ""mdgo_v11_probe_000651"", ""mdgo_v11_probe_000849"", ""mdgo_v11_probe_001400"", ""mdgo_v11_probe_001819""]"
mdgo_v13_du_eeab353c4a311b12,mdgo_v05_fin_user_0025,finance,finance_confirm_money_movement,"[""mdgo_v05_fin_user_0025_s0008"", ""mdgo_v05_fin_user_0025_s0263""]",9,"[""mdgo_v11_probe_000010"", ""mdgo_v11_probe_000562"", ""mdgo_v11_probe_000602"", ""mdgo_v11_probe_000607"", ""mdgo_v11_probe_000661"", ""mdgo_v11_probe_000702"", ""mdgo_v11_probe_000955"", ""mdgo_v11_probe_001037"", ""mdgo_v11_probe_001310""]"
mdgo_v13_du_eec93403b8c56a7e,mdgo_v05_fin_user_0034,finance,finance_fee_dispute_evidence_then_case,"[""mdgo_v05_fin_user_0034_s0286"", ""mdgo_v05_fin_user_0034_s0537""]",14,"[""mdgo_v11_probe_000092"", ""mdgo_v11_probe_000131"", ""mdgo_v11_probe_000161"", ""mdgo_v11_probe_000947"", ""mdgo_v11_probe_000993"", ""mdgo_v11_probe_001063"", ""mdgo_v11_probe_001159"", ""mdgo_v11_probe_001313"", ""mdgo_v11_probe_001324"", ""mdgo_v11_probe_001379"", ""mdgo_v11_probe_001441"", ""mdgo_v11_probe_001601"", ""mdgo_v11_probe_001724"", ""mdgo_v11_probe_001939""]"
mdgo_v13_du_ef624259dedd50d9,mdgo_v05_fin_user_0025,finance,finance_credit_loan_cautious_no_commitment,"[""mdgo_v05_fin_user_0025_s0002"", ""mdgo_v05_fin_user_0025_s0260""]",4,"[""mdgo_v11_probe_000966"", ""mdgo_v11_probe_001110"", ""mdgo_v11_probe_001419"", ""mdgo_v11_probe_001851""]"
mdgo_v13_du_f0c7d01e86f4fe9c,mdgo_v05_fin_user_0004,finance,finance_fee_dispute_evidence_then_case,"[""mdgo_v05_fin_user_0004_s0026"", ""mdgo_v05_fin_user_0004_s0272""]",6,"[""mdgo_v11_probe_000267"", ""mdgo_v11_probe_000527"", ""mdgo_v11_probe_000676"", ""mdgo_v11_probe_001252"", ""mdgo_v11_probe_001509"", ""mdgo_v11_probe_001514""]"
mdgo_v13_du_f0ff82bb004ce789,mdgo_v05_fin_user_0018,finance,finance_minimal_pii_secure_verification,"[""mdgo_v05_fin_user_0018_s0008"", ""mdgo_v05_fin_user_0018_s0263""]",16,"[""mdgo_v11_probe_000212"", ""mdgo_v11_probe_000319"", ""mdgo_v11_probe_000332"", ""mdgo_v11_probe_000415"", ""mdgo_v11_probe_000432"", ""mdgo_v11_probe_000433"", ""mdgo_v11_probe_000740"", ""mdgo_v11_probe_000840"", ""mdgo_v11_probe_001156"", ""mdgo_v11_probe_001309"", ""mdgo_v11_probe_001322"", ""mdgo_v11_probe_001380"", ""mdgo_v11_probe_001759"", ""mdgo_v11_probe_001784"", ""mdgo_v11_probe_001788"", ""mdgo_v11_probe_001956""]"
mdgo_v13_du_f14c6a0f9cb65fcc,mdgo_v07_sof_user_0015,software,software_ticket_receipt_summary,"[""mdgo_v07_sof_user_0015_s0286"", ""mdgo_v07_sof_user_0015_s0537""]",9,"[""mdgo_v11_probe_000328"", ""mdgo_v11_probe_000371"", ""mdgo_v11_probe_000443"", ""mdgo_v11_probe_000760"", ""mdgo_v11_probe_001025"", ""mdgo_v11_probe_001043"", ""mdgo_v11_probe_001270"", ""mdgo_v11_probe_001365"", ""mdgo_v11_probe_001411""]"
mdgo_v13_du_f2aa558ea3bf64b6,mdgo_v07_sof_user_0011,software,software_docs_lookup_for_update_install,"[""mdgo_v07_sof_user_0011_s0014"", ""mdgo_v07_sof_user_0011_s0266""]",5,"[""mdgo_v11_probe_000729"", ""mdgo_v11_probe_001200"", ""mdgo_v11_probe_001452"", ""mdgo_v11_probe_001645"", ""mdgo_v11_probe_001707""]"
mdgo_v13_du_f2e689d62880c804,mdgo_v05_fin_user_0001,finance,finance_payment_status_latest_check,"[""mdgo_v05_fin_user_0001_s0014"", ""mdgo_v05_fin_user_0001_s0266""]",6,"[""mdgo_v11_probe_000075"", ""mdgo_v11_probe_000957"", ""mdgo_v11_probe_001049"", ""mdgo_v11_probe_001186"", ""mdgo_v11_probe_001467"", ""mdgo_v11_probe_001733""]"
mdgo_v13_du_f3788bb010e429dc,mdgo_v07_sof_user_0015,software,software_collect_diagnostics_before_fix,"[""mdgo_v07_sof_user_0015_s0008"", ""mdgo_v07_sof_user_0015_s0263""]",14,"[""mdgo_v11_probe_000022"", ""mdgo_v11_probe_000223"", ""mdgo_v11_probe_000328"", ""mdgo_v11_probe_000338"", ""mdgo_v11_probe_000399"", ""mdgo_v11_probe_000760"", ""mdgo_v11_probe_000763"", ""mdgo_v11_probe_000792"", ""mdgo_v11_probe_000908"", ""mdgo_v11_probe_001062"", ""mdgo_v11_probe_001094"", ""mdgo_v11_probe_001270"", ""mdgo_v11_probe_001284"", ""mdgo_v11_probe_001624""]"
mdgo_v13_du_f50e6c3b279c474f,mdgo_v05_sof_user_0002,software,software_secure_login_password_flow,"[""mdgo_v05_sof_user_0002_s0014"", ""mdgo_v05_sof_user_0002_s0266""]",10,"[""mdgo_v11_probe_000333"", ""mdgo_v11_probe_000464"", ""mdgo_v11_probe_000767"", ""mdgo_v11_probe_000812"", ""mdgo_v11_probe_000872"", ""mdgo_v11_probe_001011"", ""mdgo_v11_probe_001032"", ""mdgo_v11_probe_001271"", ""mdgo_v11_probe_001557"", ""mdgo_v11_probe_001632""]"
mdgo_v13_du_f5e1cc01d01f31ea,mdgo_v05_sof_user_0005,software,software_one_try_then_escalate,"[""mdgo_v05_sof_user_0005_s0026"", ""mdgo_v05_sof_user_0005_s0272""]",11,"[""mdgo_v11_probe_000149"", ""mdgo_v11_probe_000183"", ""mdgo_v11_probe_000233"", ""mdgo_v11_probe_000508"", ""mdgo_v11_probe_000931"", ""mdgo_v11_probe_001113"", ""mdgo_v11_probe_001301"", ""mdgo_v11_probe_001438"", ""mdgo_v11_probe_001461"", ""mdgo_v11_probe_001480"", ""mdgo_v11_probe_001916""]"
mdgo_v13_du_f618782d320762c2,mdgo_v05_fin_user_0015,finance,finance_payment_status_latest_check,"[""mdgo_v05_fin_user_0015_s0026"", ""mdgo_v05_fin_user_0015_s0272""]",10,"[""mdgo_v11_probe_000046"", ""mdgo_v11_probe_000114"", ""mdgo_v11_probe_000348"", ""mdgo_v11_probe_000352"", ""mdgo_v11_probe_000694"", ""mdgo_v11_probe_000820"", ""mdgo_v11_probe_000850"", ""mdgo_v11_probe_000954"", ""mdgo_v11_probe_001563"", ""mdgo_v11_probe_001576""]"
mdgo_v13_du_f65c455fd37640cd,mdgo_v05_sof_user_0007,software,software_secure_login_password_flow,"[""mdgo_v05_sof_user_0007_s0008"", ""mdgo_v05_sof_user_0007_s0263""]",8,"[""mdgo_v11_probe_000067"", ""mdgo_v11_probe_000081"", ""mdgo_v11_probe_000772"", ""mdgo_v11_probe_000902"", ""mdgo_v11_probe_000973"", ""mdgo_v11_probe_001202"", ""mdgo_v11_probe_001482"", ""mdgo_v11_probe_001793""]"
mdgo_v13_du_f68f35f7b33320fd,mdgo_v05_fin_user_0033,finance,finance_fraud_lost_card_urgent_escalation,"[""mdgo_v05_fin_user_0033_s0014"", ""mdgo_v05_fin_user_0033_s0266""]",9,"[""mdgo_v11_probe_000303"", ""mdgo_v11_probe_000421"", ""mdgo_v11_probe_000438"", ""mdgo_v11_probe_000560"", ""mdgo_v11_probe_000937"", ""mdgo_v11_probe_000997"", ""mdgo_v11_probe_001634"", ""mdgo_v11_probe_001700"", ""mdgo_v11_probe_001931""]"
mdgo_v13_du_f7c68c117ec98d92,mdgo_v05_fin_user_0017,finance,finance_confirm_card_account_changes,"[""mdgo_v05_fin_user_0017_s0014"", ""mdgo_v05_fin_user_0017_s0266""]",8,"[""mdgo_v11_probe_000051"", ""mdgo_v11_probe_000273"", ""mdgo_v11_probe_000300"", ""mdgo_v11_probe_000312"", ""mdgo_v11_probe_000369"", ""mdgo_v11_probe_000375"", ""mdgo_v11_probe_001107"", ""mdgo_v11_probe_001499""]"
mdgo_v13_du_fa1280b9464581d2,mdgo_v05_fin_user_0005,finance,finance_minimal_pii_secure_verification,"[""mdgo_v05_fin_user_0005_s0032"", ""mdgo_v05_fin_user_0005_s0275""]",11,"[""mdgo_v11_probe_000173"", ""mdgo_v11_probe_000259"", ""mdgo_v11_probe_000485"", ""mdgo_v11_probe_000496"", ""mdgo_v11_probe_000544"", ""mdgo_v11_probe_001259"", ""mdgo_v11_probe_001696"", ""mdgo_v11_probe_001787"", ""mdgo_v11_probe_001799"", ""mdgo_v11_probe_001840"", ""mdgo_v11_probe_001847""]"
mdgo_v13_du_fa69955d6337f4a5,mdgo_v05_fin_user_0017,finance,finance_fraud_lost_card_urgent_escalation,"[""mdgo_v05_fin_user_0017_s0020"", ""mdgo_v05_fin_user_0017_s0269""]",9,"[""mdgo_v11_probe_000582"", ""mdgo_v11_probe_000969"", ""mdgo_v11_probe_001083"", ""mdgo_v11_probe_001215"", ""mdgo_v11_probe_001241"", ""mdgo_v11_probe_001530"", ""mdgo_v11_probe_001766"", ""mdgo_v11_probe_001869"", ""mdgo_v11_probe_001874""]"
mdgo_v13_du_fac09e9b22630103,mdgo_v05_fin_user_0035,finance,finance_fee_dispute_evidence_then_case,"[""mdgo_v05_fin_user_0035_s0002"", ""mdgo_v05_fin_user_0035_s0260""]",3,"[""mdgo_v11_probe_000204"", ""mdgo_v11_probe_000564"", ""mdgo_v11_probe_000942""]"
mdgo_v13_du_fae4120b55f912d3,mdgo_v07_sof_user_0013,software,software_backup_before_risky_change,"[""mdgo_v07_sof_user_0013_s0276"", ""mdgo_v07_sof_user_0013_s0532""]",17,"[""mdgo_v11_probe_000088"", ""mdgo_v11_probe_000413"", ""mdgo_v11_probe_000576"", ""mdgo_v11_probe_000624"", ""mdgo_v11_probe_000687"", ""mdgo_v11_probe_001115"", ""mdgo_v11_probe_001161"", ""mdgo_v11_probe_001190"", ""mdgo_v11_probe_001395"", ""mdgo_v11_probe_001523"", ""mdgo_v11_probe_001528"", ""mdgo_v11_probe_001626"", ""mdgo_v11_probe_001746"", ""mdgo_v11_probe_001837"", ""mdgo_v11_probe_001955"", ""mdgo_v11_probe_002003"", ""mdgo_v11_probe_002008""]"
mdgo_v13_du_fb42465605c0c934,mdgo_v07_sof_user_0012,software,software_docs_lookup_for_update_install,"[""mdgo_v07_sof_user_0012_s0278"", ""mdgo_v07_sof_user_0012_s0533""]",17,"[""mdgo_v11_probe_000008"", ""mdgo_v11_probe_000139"", ""mdgo_v11_probe_000497"", ""mdgo_v11_probe_000644"", ""mdgo_v11_probe_000797"", ""mdgo_v11_probe_000991"", ""mdgo_v11_probe_001073"", ""mdgo_v11_probe_001164"", ""mdgo_v11_probe_001244"", ""mdgo_v11_probe_001265"", ""mdgo_v11_probe_001489"", ""mdgo_v11_probe_001763"", ""mdgo_v11_probe_001850"", ""mdgo_v11_probe_001904"", ""mdgo_v11_probe_001907"", ""mdgo_v11_probe_001926"", ""mdgo_v11_probe_002019""]"
mdgo_v13_du_fbdc6c4b8f4263d1,mdgo_v07_sof_user_0015,software,software_secure_login_password_flow,"[""mdgo_v07_sof_user_0015_s0026"", ""mdgo_v07_sof_user_0015_s0272""]",2,"[""mdgo_v11_probe_000338"", ""mdgo_v11_probe_001094""]"
mdgo_v13_du_fc3b23a81660e06b,mdgo_v05_fin_user_0030,finance,finance_confirm_card_account_changes,"[""mdgo_v05_fin_user_0030_s0280"", ""mdgo_v05_fin_user_0030_s0534""]",27,"[""mdgo_v11_probe_000006"", ""mdgo_v11_probe_000030"", ""mdgo_v11_probe_000244"", ""mdgo_v11_probe_000330"", ""mdgo_v11_probe_000440"", ""mdgo_v11_probe_000578"", ""mdgo_v11_probe_000626"", ""mdgo_v11_probe_000634"", ""mdgo_v11_probe_000680"", ""mdgo_v11_probe_000703"", ""mdgo_v11_probe_000755"", ""mdgo_v11_probe_000809"", ""mdgo_v11_probe_000859"", ""mdgo_v11_probe_001133"", ""mdgo_v11_probe_001389"", ""mdgo_v11_probe_001399"", ""mdgo_v11_probe_001418"", ""mdgo_v11_probe_001503"", ""mdgo_v11_probe_001547"", ""mdgo_v11_probe_001586"", ""mdgo_v11_probe_001712"", ""mdgo_v11_probe_001730"", ""mdgo_v11_probe_001816"", ""mdgo_v11_probe_001854"", ""mdgo_v11_probe_001887"", ""mdgo_v11_probe_001897"", ""mdgo_v11_probe_001912""]"
mdgo_v13_du_fc7ffdbd9785aa0b,mdgo_v05_fin_user_0025,finance,finance_payment_status_latest_check,"[""mdgo_v05_fin_user_0025_s0026"", ""mdgo_v05_fin_user_0025_s0272""]",12,"[""mdgo_v11_probe_000746"", ""mdgo_v11_probe_000856"", ""mdgo_v11_probe_000862"", ""mdgo_v11_probe_000966"", ""mdgo_v11_probe_001110"", ""mdgo_v11_probe_001134"", ""mdgo_v11_probe_001419"", ""mdgo_v11_probe_001450"", ""mdgo_v11_probe_001546"", ""mdgo_v11_probe_001706"", ""mdgo_v11_probe_001810"", ""mdgo_v11_probe_001851""]"
mdgo_v13_du_fc9015b55ffb27a4,mdgo_v05_sof_user_0006,software,software_backup_before_risky_change,"[""mdgo_v05_sof_user_0006_s0026"", ""mdgo_v05_sof_user_0006_s0272""]",11,"[""mdgo_v11_probe_000098"", ""mdgo_v11_probe_000106"", ""mdgo_v11_probe_000220"", ""mdgo_v11_probe_000297"", ""mdgo_v11_probe_001024"", ""mdgo_v11_probe_001372"", ""mdgo_v11_probe_001564"", ""mdgo_v11_probe_001587"", ""mdgo_v11_probe_001729"", ""mdgo_v11_probe_001915"", ""mdgo_v11_probe_002002""]"
mdgo_v13_du_fe608180a09739d7,mdgo_v05_fin_user_0010,finance,finance_payment_status_latest_check,"[""mdgo_v05_fin_user_0010_s0002"", ""mdgo_v05_fin_user_0010_s0260""]",4,"[""mdgo_v11_probe_000180"", ""mdgo_v11_probe_000825"", ""mdgo_v11_probe_000837"", ""mdgo_v11_probe_001605""]"
mdgo_v13_du_fffd8b4f26c6672e,mdgo_v05_fin_user_0029,finance,finance_fraud_lost_card_urgent_escalation,"[""mdgo_v05_fin_user_0029_s0026"", ""mdgo_v05_fin_user_0029_s0272""]",10,"[""mdgo_v11_probe_000207"", ""mdgo_v11_probe_000364"", ""mdgo_v11_probe_000471"", ""mdgo_v11_probe_000502"", ""mdgo_v11_probe_000960"", ""mdgo_v11_probe_001041"", ""mdgo_v11_probe_001552"", ""mdgo_v11_probe_001600"", ""mdgo_v11_probe_001886"", ""mdgo_v11_probe_001968""]"
