probe_id,user_id,domain,probe_type,required_groups,best_resolved_groups,unresolved_groups_in_best_window,best_window_start_session,best_window_end_session,history_chars,window_char_budget
mdgo_v11_probe_000000,mdgo_v07_sof_user_0016,software,suggestion_rejection_pair,2,0,2,0,233,324189,140000
mdgo_v11_probe_000001,mdgo_v05_fin_user_0002,finance,reference_case_reconstruction,3,1,2,195,412,339141,140000
mdgo_v11_probe_000002,mdgo_v07_sof_user_0014,software,triple_asof_interleaved,3,0,3,0,231,326919,140000
mdgo_v11_probe_000003,mdgo_v05_fin_user_0006,finance,dual_asof_reversal,2,0,2,0,224,336433,140000
mdgo_v11_probe_000004,mdgo_v05_fin_user_0031,finance,triple_asof_interleaved,3,0,3,0,224,338178,140000
mdgo_v11_probe_000005,mdgo_v05_fin_user_0018,finance,triple_asof_interleaved,3,0,3,0,227,331045,140000
mdgo_v11_probe_000006,mdgo_v05_fin_user_0030,finance,triple_asof_interleaved,3,0,3,0,220,337818,140000
mdgo_v11_probe_000007,mdgo_v05_fin_user_0009,finance,suggestion_rejection_pair,2,0,2,0,216,341182,140000
mdgo_v11_probe_000008,mdgo_v07_sof_user_0012,software,surface_decoy_pair,2,0,2,0,236,321909,140000
mdgo_v11_probe_000009,mdgo_v05_fin_user_0030,finance,suggestion_rejection_pair,2,0,2,0,220,337818,140000
mdgo_v11_probe_000010,mdgo_v05_fin_user_0025,finance,surface_decoy_pair,2,0,2,0,232,338920,140000
mdgo_v11_probe_000011,mdgo_v07_sof_user_0010,software,triple_asof_interleaved,3,0,3,0,227,329153,140000
mdgo_v11_probe_000012,mdgo_v05_fin_user_0029,finance,suggestion_rejection_pair,2,0,2,0,227,332408,140000
mdgo_v11_probe_000013,mdgo_v05_fin_user_0035,finance,triple_asof_interleaved,3,0,3,0,230,332598,140000
mdgo_v11_probe_000014,mdgo_v05_sof_user_0008,software,dual_asof_reversal,2,0,2,0,239,318483,140000
mdgo_v11_probe_000015,mdgo_v05_sof_user_0008,software,triple_asof_interleaved,3,0,3,0,239,318483,140000
mdgo_v11_probe_000016,mdgo_v05_fin_user_0014,finance,suggestion_rejection_pair,2,0,2,0,223,339699,140000
mdgo_v11_probe_000017,mdgo_v05_sof_user_0008,software,dual_asof_reversal,2,0,2,0,239,318483,140000
mdgo_v11_probe_000018,mdgo_v05_fin_user_0002,finance,surface_decoy_pair,2,0,2,0,225,339141,140000
mdgo_v11_probe_000019,mdgo_v05_fin_user_0006,finance,suggestion_rejection_pair,2,0,2,0,224,336433,140000
mdgo_v11_probe_000020,mdgo_v05_fin_user_0016,finance,dual_asof_reversal,2,0,2,0,225,332320,140000
mdgo_v11_probe_000021,mdgo_v07_sof_user_0015,software,reference_case_reconstruction,3,1,2,182,412,313659,140000
mdgo_v11_probe_000022,mdgo_v07_sof_user_0015,software,dual_asof_reversal,2,0,2,0,242,313659,140000
mdgo_v11_probe_000023,mdgo_v05_fin_user_0006,finance,triple_asof_interleaved,3,0,3,0,224,336433,140000
mdgo_v11_probe_000024,mdgo_v05_fin_user_0008,finance,suggestion_rejection_pair,2,0,2,0,229,338243,140000
mdgo_v11_probe_000025,mdgo_v05_fin_user_0014,finance,triple_asof_interleaved,3,0,3,0,223,339699,140000
mdgo_v11_probe_000026,mdgo_v05_fin_user_0002,finance,surface_decoy_pair,2,0,2,0,225,339141,140000
mdgo_v11_probe_000027,mdgo_v05_fin_user_0028,finance,triple_asof_interleaved,3,0,3,0,219,335276,140000
mdgo_v11_probe_000028,mdgo_v05_sof_user_0003,software,triple_asof_interleaved,3,0,3,0,242,314399,140000
mdgo_v11_probe_000029,mdgo_v05_sof_user_0005,software,reference_case_reconstruction,3,1,2,184,413,318937,140000
mdgo_v11_probe_000030,mdgo_v05_fin_user_0030,finance,reference_case_reconstruction,3,1,2,125,344,337818,140000
mdgo_v11_probe_000031,mdgo_v05_fin_user_0031,finance,triple_asof_interleaved,3,0,3,0,224,338178,140000
mdgo_v11_probe_000032,mdgo_v05_fin_user_0035,finance,reference_case_reconstruction,3,1,2,121,344,332598,140000
mdgo_v11_probe_000033,mdgo_v07_sof_user_0015,software,surface_decoy_pair,2,0,2,0,242,313659,140000
mdgo_v11_probe_000034,mdgo_v05_fin_user_0010,finance,dual_asof_reversal,2,0,2,0,230,335012,140000
mdgo_v11_probe_000035,mdgo_v05_sof_user_0005,software,dual_asof_reversal,2,0,2,0,239,318937,140000
mdgo_v11_probe_000036,mdgo_v05_fin_user_0007,finance,surface_decoy_pair,2,0,2,0,227,337224,140000
mdgo_v11_probe_000037,mdgo_v07_sof_user_0011,software,scope_temporal_pair,2,0,2,0,238,325058,140000
mdgo_v11_probe_000038,mdgo_v05_fin_user_0027,finance,reference_case_reconstruction,3,1,2,129,344,342331,140000
mdgo_v11_probe_000039,mdgo_v05_sof_user_0007,software,triple_asof_interleaved,3,0,3,0,236,321840,140000
mdgo_v11_probe_000040,mdgo_v05_sof_user_0004,software,triple_asof_interleaved,3,0,3,0,236,322411,140000
mdgo_v11_probe_000041,mdgo_v05_fin_user_0011,finance,dual_asof_reversal,2,0,2,0,229,333048,140000
mdgo_v11_probe_000042,mdgo_v05_fin_user_0031,finance,triple_asof_interleaved,3,0,3,0,224,338178,140000
mdgo_v11_probe_000043,mdgo_v05_sof_user_0008,software,triple_asof_interleaved,3,0,3,0,239,318483,140000
mdgo_v11_probe_000044,mdgo_v07_sof_user_0010,software,surface_decoy_pair,2,0,2,0,227,329153,140000
mdgo_v11_probe_000045,mdgo_v05_fin_user_0004,finance,dual_asof_reversal,2,0,2,0,226,332730,140000
mdgo_v11_probe_000046,mdgo_v05_fin_user_0015,finance,triple_asof_interleaved,3,0,3,0,222,337230,140000
mdgo_v11_probe_000047,mdgo_v07_sof_user_0014,software,dual_asof_reversal,2,0,2,0,231,326919,140000
mdgo_v11_probe_000048,mdgo_v05_fin_user_0004,finance,dual_asof_reversal,2,0,2,0,226,332730,140000
mdgo_v11_probe_000049,mdgo_v05_fin_user_0022,finance,surface_decoy_pair,2,0,2,0,219,343225,140000
mdgo_v11_probe_000050,mdgo_v05_fin_user_0016,finance,provenance_weighted_triple,3,0,3,0,225,332320,140000
mdgo_v11_probe_000051,mdgo_v05_fin_user_0017,finance,reference_case_reconstruction,3,1,2,192,412,341010,140000
mdgo_v11_probe_000052,mdgo_v05_fin_user_0013,finance,triple_asof_interleaved,3,0,3,0,217,345552,140000
mdgo_v11_probe_000053,mdgo_v05_fin_user_0007,finance,dual_asof_reversal,2,0,2,0,227,337224,140000
mdgo_v11_probe_000054,mdgo_v05_fin_user_0001,finance,surface_decoy_pair,2,0,2,0,226,338269,140000
mdgo_v11_probe_000055,mdgo_v05_fin_user_0023,finance,reference_case_reconstruction,3,1,2,191,412,336961,140000
mdgo_v11_probe_000056,mdgo_v05_sof_user_0006,software,surface_decoy_pair,2,0,2,0,233,322287,140000
mdgo_v11_probe_000057,mdgo_v05_fin_user_0024,finance,triple_asof_interleaved,3,0,3,0,226,340270,140000
mdgo_v11_probe_000058,mdgo_v05_fin_user_0009,finance,triple_asof_interleaved,3,0,3,0,216,341182,140000
mdgo_v11_probe_000059,mdgo_v05_fin_user_0010,finance,surface_decoy_pair,2,0,2,0,230,335012,140000
mdgo_v11_probe_000060,mdgo_v05_fin_user_0000,finance,surface_decoy_pair,2,0,2,0,227,333457,140000
mdgo_v11_probe_000061,mdgo_v05_sof_user_0007,software,dual_asof_reversal,2,0,2,0,236,321840,140000
mdgo_v11_probe_000062,mdgo_v05_fin_user_0026,finance,surface_decoy_pair,2,0,2,0,231,330059,140000
mdgo_v11_probe_000063,mdgo_v05_fin_user_0035,finance,triple_asof_interleaved,3,0,3,0,230,332598,140000
mdgo_v11_probe_000064,mdgo_v05_sof_user_0000,software,surface_decoy_pair,2,0,2,0,239,311624,140000
mdgo_v11_probe_000065,mdgo_v05_fin_user_0011,finance,suggestion_rejection_pair,2,0,2,0,229,333048,140000
mdgo_v11_probe_000066,mdgo_v05_fin_user_0005,finance,suggestion_rejection_pair,2,0,2,0,231,328129,140000
mdgo_v11_probe_000067,mdgo_v05_sof_user_0007,software,provenance_weighted_triple,3,0,3,0,236,321840,140000
mdgo_v11_probe_000068,mdgo_v05_fin_user_0007,finance,triple_asof_interleaved,3,0,3,0,227,337224,140000
mdgo_v11_probe_000069,mdgo_v07_sof_user_0017,software,suggestion_rejection_pair,2,0,2,0,232,325699,140000
mdgo_v11_probe_000070,mdgo_v05_fin_user_0004,finance,reference_case_reconstruction,3,1,2,121,344,332730,140000
mdgo_v11_probe_000071,mdgo_v05_sof_user_0006,software,dual_asof_reversal,2,0,2,0,233,322287,140000
mdgo_v11_probe_000072,mdgo_v05_fin_user_0020,finance,triple_asof_interleaved,3,0,3,0,232,328930,140000
mdgo_v11_probe_000073,mdgo_v05_sof_user_0005,software,reference_case_reconstruction,3,1,2,184,413,318937,140000
mdgo_v11_probe_000074,mdgo_v05_fin_user_0032,finance,triple_asof_interleaved,3,0,3,0,223,342639,140000
mdgo_v11_probe_000075,mdgo_v05_fin_user_0001,finance,reference_case_reconstruction,3,1,2,195,412,338269,140000
mdgo_v11_probe_000076,mdgo_v07_sof_user_0009,software,provenance_weighted_triple,3,0,3,0,235,322372,140000
mdgo_v11_probe_000077,mdgo_v05_fin_user_0007,finance,triple_asof_interleaved,3,0,3,0,227,337224,140000
mdgo_v11_probe_000078,mdgo_v05_fin_user_0002,finance,surface_decoy_pair,2,0,2,0,225,339141,140000
mdgo_v11_probe_000079,mdgo_v05_fin_user_0009,finance,dual_asof_reversal,2,0,2,0,216,341182,140000
mdgo_v11_probe_000080,mdgo_v05_fin_user_0007,finance,dual_asof_reversal,2,0,2,0,227,337224,140000
mdgo_v11_probe_000081,mdgo_v05_sof_user_0007,software,triple_asof_interleaved,3,0,3,0,236,321840,140000
mdgo_v11_probe_000082,mdgo_v05_fin_user_0031,finance,suggestion_rejection_pair,2,0,2,0,224,338178,140000
mdgo_v11_probe_000083,mdgo_v05_fin_user_0010,finance,dual_asof_reversal,2,0,2,0,230,335012,140000
mdgo_v11_probe_000084,mdgo_v05_sof_user_0003,software,triple_asof_interleaved,3,0,3,0,242,314399,140000
mdgo_v11_probe_000085,mdgo_v07_sof_user_0013,software,surface_decoy_pair,2,0,2,0,245,316556,140000
mdgo_v11_probe_000086,mdgo_v05_fin_user_0019,finance,triple_asof_interleaved,3,0,3,0,225,338631,140000
mdgo_v11_probe_000087,mdgo_v05_fin_user_0027,finance,surface_decoy_pair,2,0,2,0,220,342331,140000
mdgo_v11_probe_000088,mdgo_v07_sof_user_0013,software,suggestion_rejection_pair,2,0,2,0,245,316556,140000
mdgo_v11_probe_000089,mdgo_v05_fin_user_0007,finance,suggestion_rejection_pair,2,0,2,0,227,337224,140000
mdgo_v11_probe_000090,mdgo_v05_fin_user_0034,finance,surface_decoy_pair,2,0,2,0,221,337663,140000
mdgo_v11_probe_000091,mdgo_v05_fin_user_0023,finance,provenance_weighted_triple,3,0,3,0,228,336961,140000
mdgo_v11_probe_000092,mdgo_v05_fin_user_0034,finance,dual_asof_reversal,2,0,2,0,221,337663,140000
mdgo_v11_probe_000093,mdgo_v05_fin_user_0024,finance,reference_case_reconstruction,3,1,2,199,412,340270,140000
mdgo_v11_probe_000094,mdgo_v05_fin_user_0033,finance,reference_case_reconstruction,3,1,2,120,344,330817,140000
mdgo_v11_probe_000095,mdgo_v05_sof_user_0001,software,reference_case_reconstruction,3,1,2,183,412,322282,140000
mdgo_v11_probe_000096,mdgo_v05_fin_user_0033,finance,surface_decoy_pair,2,0,2,0,230,330817,140000
mdgo_v11_probe_000097,mdgo_v05_fin_user_0013,finance,surface_decoy_pair,2,0,2,0,217,345552,140000
mdgo_v11_probe_000098,mdgo_v05_sof_user_0006,software,triple_asof_interleaved,3,0,3,0,233,322287,140000
mdgo_v11_probe_000099,mdgo_v05_fin_user_0035,finance,suggestion_rejection_pair,2,0,2,0,230,332598,140000
mdgo_v11_probe_000100,mdgo_v07_sof_user_0011,software,surface_decoy_pair,2,0,2,0,238,325058,140000
mdgo_v11_probe_000101,mdgo_v05_fin_user_0004,finance,dual_asof_reversal,2,0,2,0,226,332730,140000
mdgo_v11_probe_000102,mdgo_v05_fin_user_0017,finance,suggestion_rejection_pair,2,0,2,0,217,341010,140000
mdgo_v11_probe_000103,mdgo_v05_sof_user_0001,software,surface_decoy_pair,2,0,2,0,234,322282,140000
mdgo_v11_probe_000104,mdgo_v05_fin_user_0021,finance,surface_decoy_pair,2,0,2,0,232,333807,140000
mdgo_v11_probe_000105,mdgo_v05_fin_user_0035,finance,suggestion_rejection_pair,2,0,2,0,230,332598,140000
mdgo_v11_probe_000106,mdgo_v05_sof_user_0006,software,triple_asof_interleaved,3,0,3,0,233,322287,140000
mdgo_v11_probe_000107,mdgo_v07_sof_user_0016,software,scope_temporal_pair,2,0,2,0,233,324189,140000
mdgo_v11_probe_000108,mdgo_v05_fin_user_0024,finance,triple_asof_interleaved,3,0,3,0,226,340270,140000
mdgo_v11_probe_000109,mdgo_v07_sof_user_0011,software,surface_decoy_pair,2,0,2,0,238,325058,140000
mdgo_v11_probe_000110,mdgo_v05_sof_user_0001,software,suggestion_rejection_pair,2,0,2,0,234,322282,140000
mdgo_v11_probe_000111,mdgo_v05_fin_user_0024,finance,triple_asof_interleaved,3,0,3,0,226,340270,140000
mdgo_v11_probe_000112,mdgo_v05_fin_user_0002,finance,surface_decoy_pair,2,0,2,0,225,339141,140000
mdgo_v11_probe_000113,mdgo_v05_sof_user_0002,software,dual_asof_reversal,2,0,2,0,237,323038,140000
mdgo_v11_probe_000114,mdgo_v05_fin_user_0015,finance,triple_asof_interleaved,3,0,3,0,222,337230,140000
mdgo_v11_probe_000115,mdgo_v05_fin_user_0024,finance,surface_decoy_pair,2,0,2,0,226,340270,140000
mdgo_v11_probe_000116,mdgo_v07_sof_user_0017,software,surface_decoy_pair,2,0,2,0,232,325699,140000
mdgo_v11_probe_000117,mdgo_v05_fin_user_0012,finance,triple_asof_interleaved,3,0,3,0,224,334218,140000
mdgo_v11_probe_000118,mdgo_v05_fin_user_0002,finance,surface_decoy_pair,2,0,2,0,225,339141,140000
mdgo_v11_probe_000119,mdgo_v05_fin_user_0011,finance,surface_decoy_pair,2,0,2,0,229,333048,140000
mdgo_v11_probe_000120,mdgo_v05_fin_user_0011,finance,reference_case_reconstruction,3,1,2,121,344,333048,140000
mdgo_v11_probe_000121,mdgo_v05_fin_user_0000,finance,triple_asof_interleaved,3,0,3,0,227,333457,140000
mdgo_v11_probe_000122,mdgo_v05_sof_user_0000,software,suggestion_rejection_pair,2,0,2,0,239,311624,140000
mdgo_v11_probe_000123,mdgo_v05_fin_user_0028,finance,triple_asof_interleaved,3,0,3,0,219,335276,140000
mdgo_v11_probe_000124,mdgo_v05_fin_user_0031,finance,suggestion_rejection_pair,2,0,2,0,224,338178,140000
mdgo_v11_probe_000125,mdgo_v07_sof_user_0016,software,reference_case_reconstruction,3,1,2,187,412,324189,140000
mdgo_v11_probe_000126,mdgo_v05_fin_user_0028,finance,triple_asof_interleaved,3,0,3,0,219,335276,140000
mdgo_v11_probe_000127,mdgo_v05_fin_user_0030,finance,suggestion_rejection_pair,2,0,2,0,220,337818,140000
mdgo_v11_probe_000128,mdgo_v05_fin_user_0012,finance,reference_case_reconstruction,3,1,2,123,344,334218,140000
mdgo_v11_probe_000129,mdgo_v05_fin_user_0014,finance,reference_case_reconstruction,3,1,2,194,412,339699,140000
mdgo_v11_probe_000130,mdgo_v05_sof_user_0001,software,suggestion_rejection_pair,2,0,2,0,234,322282,140000
mdgo_v11_probe_000131,mdgo_v05_fin_user_0034,finance,dual_asof_reversal,2,0,2,0,221,337663,140000
mdgo_v11_probe_000132,mdgo_v05_fin_user_0027,finance,triple_asof_interleaved,3,0,3,0,220,342331,140000
mdgo_v11_probe_000133,mdgo_v05_fin_user_0006,finance,scope_temporal_pair,2,0,2,0,224,336433,140000
mdgo_v11_probe_000134,mdgo_v05_sof_user_0008,software,suggestion_rejection_pair,2,0,2,0,239,318483,140000
mdgo_v11_probe_000135,mdgo_v07_sof_user_0011,software,surface_decoy_pair,2,0,2,0,238,325058,140000
mdgo_v11_probe_000136,mdgo_v05_fin_user_0020,finance,provenance_weighted_triple,3,0,3,0,232,328930,140000
mdgo_v11_probe_000137,mdgo_v05_fin_user_0019,finance,surface_decoy_pair,2,0,2,0,225,338631,140000
mdgo_v11_probe_000138,mdgo_v05_fin_user_0005,finance,dual_asof_reversal,2,0,2,0,231,328129,140000
mdgo_v11_probe_000139,mdgo_v07_sof_user_0012,software,suggestion_rejection_pair,2,0,2,0,236,321909,140000
mdgo_v11_probe_000140,mdgo_v07_sof_user_0012,software,suggestion_rejection_pair,2,0,2,0,236,321909,140000
mdgo_v11_probe_000141,mdgo_v05_fin_user_0016,finance,surface_decoy_pair,2,0,2,0,225,332320,140000
mdgo_v11_probe_000142,mdgo_v05_sof_user_0001,software,dual_asof_reversal,2,0,2,0,234,322282,140000
mdgo_v11_probe_000143,mdgo_v07_sof_user_0015,software,dual_asof_reversal,2,0,2,0,242,313659,140000
mdgo_v11_probe_000144,mdgo_v05_fin_user_0009,finance,surface_decoy_pair,2,0,2,0,216,341182,140000
mdgo_v11_probe_000145,mdgo_v05_fin_user_0028,finance,surface_decoy_pair,2,0,2,0,219,335276,140000
mdgo_v11_probe_000146,mdgo_v05_fin_user_0035,finance,reference_case_reconstruction,3,1,2,121,344,332598,140000
mdgo_v11_probe_000147,mdgo_v05_fin_user_0011,finance,reference_case_reconstruction,3,1,2,191,412,333048,140000
mdgo_v11_probe_000148,mdgo_v05_fin_user_0013,finance,surface_decoy_pair,2,0,2,0,217,345552,140000
mdgo_v11_probe_000149,mdgo_v05_sof_user_0005,software,surface_decoy_pair,2,0,2,0,239,318937,140000
mdgo_v11_probe_000150,mdgo_v05_fin_user_0020,finance,surface_decoy_pair,2,0,2,0,232,328930,140000
mdgo_v11_probe_000151,mdgo_v05_fin_user_0026,finance,surface_decoy_pair,2,0,2,0,231,330059,140000
mdgo_v11_probe_000152,mdgo_v05_fin_user_0016,finance,suggestion_rejection_pair,2,0,2,0,225,332320,140000
mdgo_v11_probe_000153,mdgo_v05_fin_user_0034,finance,surface_decoy_pair,2,0,2,0,221,337663,140000
mdgo_v11_probe_000154,mdgo_v05_sof_user_0003,software,provenance_weighted_triple,3,0,3,0,242,314399,140000
mdgo_v11_probe_000155,mdgo_v05_fin_user_0035,finance,reference_case_reconstruction,3,1,2,189,412,332598,140000
mdgo_v11_probe_000156,mdgo_v05_fin_user_0026,finance,suggestion_rejection_pair,2,0,2,0,231,330059,140000
mdgo_v11_probe_000157,mdgo_v05_fin_user_0004,finance,provenance_weighted_triple,3,0,3,0,226,332730,140000
mdgo_v11_probe_000158,mdgo_v05_fin_user_0024,finance,scope_temporal_pair,2,0,2,0,226,340270,140000
mdgo_v11_probe_000159,mdgo_v05_fin_user_0007,finance,provenance_weighted_triple,3,0,3,0,227,337224,140000
mdgo_v11_probe_000160,mdgo_v05_fin_user_0016,finance,triple_asof_interleaved,3,0,3,0,225,332320,140000
mdgo_v11_probe_000161,mdgo_v05_fin_user_0034,finance,dual_asof_reversal,2,0,2,0,221,337663,140000
mdgo_v11_probe_000162,mdgo_v05_fin_user_0032,finance,dual_asof_reversal,2,0,2,0,223,342639,140000
mdgo_v11_probe_000163,mdgo_v05_fin_user_0012,finance,surface_decoy_pair,2,0,2,0,224,334218,140000
mdgo_v11_probe_000164,mdgo_v05_sof_user_0008,software,surface_decoy_pair,2,0,2,0,239,318483,140000
mdgo_v11_probe_000165,mdgo_v05_sof_user_0004,software,surface_decoy_pair,2,0,2,0,236,322411,140000
mdgo_v11_probe_000166,mdgo_v05_fin_user_0020,finance,triple_asof_interleaved,3,0,3,0,232,328930,140000
mdgo_v11_probe_000167,mdgo_v05_fin_user_0028,finance,reference_case_reconstruction,3,1,2,190,412,335276,140000
mdgo_v11_probe_000168,mdgo_v05_sof_user_0003,software,scope_temporal_pair,2,0,2,0,242,314399,140000
mdgo_v11_probe_000169,mdgo_v05_fin_user_0026,finance,reference_case_reconstruction,3,1,2,188,413,330059,140000
mdgo_v11_probe_000170,mdgo_v05_sof_user_0008,software,surface_decoy_pair,2,0,2,0,239,318483,140000
mdgo_v11_probe_000171,mdgo_v05_sof_user_0006,software,scope_temporal_pair,2,0,2,0,233,322287,140000
mdgo_v11_probe_000172,mdgo_v05_fin_user_0018,finance,suggestion_rejection_pair,2,0,2,0,227,331045,140000
mdgo_v11_probe_000173,mdgo_v05_fin_user_0005,finance,surface_decoy_pair,2,0,2,0,231,328129,140000
mdgo_v11_probe_000174,mdgo_v05_sof_user_0006,software,surface_decoy_pair,2,0,2,0,233,322287,140000
mdgo_v11_probe_000175,mdgo_v05_fin_user_0031,finance,suggestion_rejection_pair,2,0,2,0,224,338178,140000
mdgo_v11_probe_000176,mdgo_v05_fin_user_0035,finance,surface_decoy_pair,2,0,2,0,230,332598,140000
mdgo_v11_probe_000177,mdgo_v05_fin_user_0006,finance,reference_case_reconstruction,3,1,2,197,412,336433,140000
mdgo_v11_probe_000178,mdgo_v05_fin_user_0004,finance,reference_case_reconstruction,3,1,2,121,344,332730,140000
mdgo_v11_probe_000179,mdgo_v07_sof_user_0009,software,surface_decoy_pair,2,0,2,0,235,322372,140000
mdgo_v11_probe_000180,mdgo_v05_fin_user_0010,finance,dual_asof_reversal,2,0,2,0,230,335012,140000
mdgo_v11_probe_000181,mdgo_v05_sof_user_0005,software,triple_asof_interleaved,3,0,3,0,239,318937,140000
mdgo_v11_probe_000182,mdgo_v05_fin_user_0014,finance,dual_asof_reversal,2,0,2,0,223,339699,140000
mdgo_v11_probe_000183,mdgo_v05_sof_user_0005,software,reference_case_reconstruction,3,1,2,184,413,318937,140000
mdgo_v11_probe_000184,mdgo_v07_sof_user_0017,software,surface_decoy_pair,2,0,2,0,232,325699,140000
mdgo_v11_probe_000185,mdgo_v05_fin_user_0032,finance,reference_case_reconstruction,3,1,2,200,413,342639,140000
mdgo_v11_probe_000186,mdgo_v05_fin_user_0033,finance,suggestion_rejection_pair,2,0,2,0,230,330817,140000
mdgo_v11_probe_000187,mdgo_v05_fin_user_0018,finance,dual_asof_reversal,2,0,2,0,227,331045,140000
mdgo_v11_probe_000188,mdgo_v07_sof_user_0012,software,reference_case_reconstruction,3,1,2,115,344,321909,140000
mdgo_v11_probe_000189,mdgo_v07_sof_user_0013,software,dual_asof_reversal,2,0,2,0,245,316556,140000
mdgo_v11_probe_000190,mdgo_v05_fin_user_0024,finance,reference_case_reconstruction,3,1,2,122,344,340270,140000
mdgo_v11_probe_000191,mdgo_v07_sof_user_0015,software,reference_case_reconstruction,3,1,2,182,412,313659,140000
mdgo_v11_probe_000192,mdgo_v05_fin_user_0032,finance,reference_case_reconstruction,3,1,2,131,344,342639,140000
mdgo_v11_probe_000193,mdgo_v07_sof_user_0017,software,dual_asof_reversal,2,0,2,0,232,325699,140000
mdgo_v11_probe_000194,mdgo_v07_sof_user_0015,software,dual_asof_reversal,2,0,2,0,242,313659,140000
mdgo_v11_probe_000195,mdgo_v05_sof_user_0001,software,reference_case_reconstruction,3,1,2,183,412,322282,140000
mdgo_v11_probe_000196,mdgo_v05_fin_user_0027,finance,surface_decoy_pair,2,0,2,0,220,342331,140000
mdgo_v11_probe_000197,mdgo_v07_sof_user_0012,software,surface_decoy_pair,2,0,2,0,236,321909,140000
mdgo_v11_probe_000198,mdgo_v05_fin_user_0001,finance,suggestion_rejection_pair,2,0,2,0,226,338269,140000
mdgo_v11_probe_000199,mdgo_v05_fin_user_0014,finance,triple_asof_interleaved,3,0,3,0,223,339699,140000
mdgo_v11_probe_000200,mdgo_v05_sof_user_0001,software,suggestion_rejection_pair,2,0,2,0,234,322282,140000
mdgo_v11_probe_000201,mdgo_v05_fin_user_0011,finance,dual_asof_reversal,2,0,2,0,229,333048,140000
mdgo_v11_probe_000202,mdgo_v05_fin_user_0001,finance,surface_decoy_pair,2,0,2,0,226,338269,140000
mdgo_v11_probe_000203,mdgo_v05_fin_user_0029,finance,surface_decoy_pair,2,0,2,0,227,332408,140000
mdgo_v11_probe_000204,mdgo_v05_fin_user_0035,finance,scope_temporal_pair,2,0,2,0,230,332598,140000
mdgo_v11_probe_000205,mdgo_v05_fin_user_0009,finance,surface_decoy_pair,2,0,2,0,216,341182,140000
mdgo_v11_probe_000206,mdgo_v05_sof_user_0006,software,reference_case_reconstruction,3,1,2,117,345,322287,140000
mdgo_v11_probe_000207,mdgo_v05_fin_user_0029,finance,dual_asof_reversal,2,0,2,0,227,332408,140000
mdgo_v11_probe_000208,mdgo_v07_sof_user_0009,software,surface_decoy_pair,2,0,2,0,235,322372,140000
mdgo_v11_probe_000209,mdgo_v07_sof_user_0011,software,scope_temporal_pair,2,0,2,0,238,325058,140000
mdgo_v11_probe_000210,mdgo_v05_fin_user_0026,finance,reference_case_reconstruction,3,1,2,122,345,330059,140000
mdgo_v11_probe_000211,mdgo_v05_fin_user_0028,finance,suggestion_rejection_pair,2,0,2,0,219,335276,140000
mdgo_v11_probe_000212,mdgo_v05_fin_user_0018,finance,surface_decoy_pair,2,0,2,0,227,331045,140000
mdgo_v11_probe_000213,mdgo_v05_fin_user_0007,finance,triple_asof_interleaved,3,0,3,0,227,337224,140000
mdgo_v11_probe_000214,mdgo_v05_fin_user_0022,finance,surface_decoy_pair,2,0,2,0,219,343225,140000
mdgo_v11_probe_000215,mdgo_v05_fin_user_0012,finance,provenance_weighted_triple,3,0,3,0,224,334218,140000
mdgo_v11_probe_000216,mdgo_v05_fin_user_0005,finance,reference_case_reconstruction,3,1,2,120,344,328129,140000
mdgo_v11_probe_000217,mdgo_v05_fin_user_0015,finance,triple_asof_interleaved,3,0,3,0,222,337230,140000
mdgo_v11_probe_000218,mdgo_v05_fin_user_0029,finance,suggestion_rejection_pair,2,0,2,0,227,332408,140000
mdgo_v11_probe_000219,mdgo_v05_fin_user_0012,finance,surface_decoy_pair,2,0,2,0,224,334218,140000
mdgo_v11_probe_000220,mdgo_v05_sof_user_0006,software,dual_asof_reversal,2,0,2,0,233,322287,140000
mdgo_v11_probe_000221,mdgo_v05_fin_user_0023,finance,surface_decoy_pair,2,0,2,0,228,336961,140000
mdgo_v11_probe_000222,mdgo_v05_fin_user_0023,finance,reference_case_reconstruction,3,1,2,122,344,336961,140000
mdgo_v11_probe_000223,mdgo_v07_sof_user_0015,software,dual_asof_reversal,2,0,2,0,242,313659,140000
mdgo_v11_probe_000224,mdgo_v05_fin_user_0016,finance,triple_asof_interleaved,3,0,3,0,225,332320,140000
mdgo_v11_probe_000225,mdgo_v05_fin_user_0027,finance,surface_decoy_pair,2,0,2,0,220,342331,140000
mdgo_v11_probe_000226,mdgo_v05_fin_user_0007,finance,scope_temporal_pair,2,0,2,0,227,337224,140000
mdgo_v11_probe_000227,mdgo_v05_fin_user_0008,finance,reference_case_reconstruction,3,1,2,195,412,338243,140000
mdgo_v11_probe_000228,mdgo_v05_fin_user_0023,finance,triple_asof_interleaved,3,0,3,0,228,336961,140000
mdgo_v11_probe_000229,mdgo_v05_fin_user_0007,finance,surface_decoy_pair,2,0,2,0,227,337224,140000
mdgo_v11_probe_000230,mdgo_v05_sof_user_0008,software,suggestion_rejection_pair,2,0,2,0,239,318483,140000
mdgo_v11_probe_000231,mdgo_v05_fin_user_0023,finance,triple_asof_interleaved,3,0,3,0,228,336961,140000
mdgo_v11_probe_000232,mdgo_v05_fin_user_0014,finance,triple_asof_interleaved,3,0,3,0,223,339699,140000
mdgo_v11_probe_000233,mdgo_v05_sof_user_0005,software,surface_decoy_pair,2,0,2,0,239,318937,140000
mdgo_v11_probe_000234,mdgo_v05_fin_user_0022,finance,provenance_weighted_triple,3,0,3,0,219,343225,140000
mdgo_v11_probe_000235,mdgo_v05_fin_user_0027,finance,reference_case_reconstruction,3,1,2,196,412,342331,140000
mdgo_v11_probe_000236,mdgo_v07_sof_user_0013,software,scope_temporal_pair,2,0,2,0,245,316556,140000
mdgo_v11_probe_000237,mdgo_v05_fin_user_0031,finance,triple_asof_interleaved,3,0,3,0,224,338178,140000
mdgo_v11_probe_000238,mdgo_v05_fin_user_0003,finance,dual_asof_reversal,2,0,2,0,230,331924,140000
mdgo_v11_probe_000239,mdgo_v05_fin_user_0026,finance,triple_asof_interleaved,3,0,3,0,231,330059,140000
mdgo_v11_probe_000240,mdgo_v05_sof_user_0003,software,triple_asof_interleaved,3,0,3,0,242,314399,140000
mdgo_v11_probe_000241,mdgo_v05_fin_user_0025,finance,scope_temporal_pair,2,0,2,0,232,338920,140000
mdgo_v11_probe_000242,mdgo_v05_fin_user_0003,finance,suggestion_rejection_pair,2,0,2,0,230,331924,140000
mdgo_v11_probe_000243,mdgo_v05_fin_user_0026,finance,suggestion_rejection_pair,2,0,2,0,231,330059,140000
mdgo_v11_probe_000244,mdgo_v05_fin_user_0030,finance,triple_asof_interleaved,3,0,3,0,220,337818,140000
mdgo_v11_probe_000245,mdgo_v07_sof_user_0010,software,surface_decoy_pair,2,0,2,0,227,329153,140000
mdgo_v11_probe_000246,mdgo_v05_fin_user_0029,finance,suggestion_rejection_pair,2,0,2,0,227,332408,140000
mdgo_v11_probe_000247,mdgo_v05_sof_user_0003,software,triple_asof_interleaved,3,0,3,0,242,314399,140000
mdgo_v11_probe_000248,mdgo_v05_fin_user_0024,finance,surface_decoy_pair,2,0,2,0,226,340270,140000
mdgo_v11_probe_000249,mdgo_v05_fin_user_0024,finance,surface_decoy_pair,2,0,2,0,226,340270,140000
mdgo_v11_probe_000250,mdgo_v05_fin_user_0009,finance,dual_asof_reversal,2,0,2,0,216,341182,140000
mdgo_v11_probe_000251,mdgo_v05_fin_user_0035,finance,dual_asof_reversal,2,0,2,0,230,332598,140000
mdgo_v11_probe_000252,mdgo_v05_fin_user_0016,finance,surface_decoy_pair,2,0,2,0,225,332320,140000
mdgo_v11_probe_000253,mdgo_v05_fin_user_0008,finance,surface_decoy_pair,2,0,2,0,229,338243,140000
mdgo_v11_probe_000254,mdgo_v07_sof_user_0016,software,surface_decoy_pair,2,0,2,0,233,324189,140000
mdgo_v11_probe_000255,mdgo_v05_fin_user_0022,finance,dual_asof_reversal,2,0,2,0,219,343225,140000
mdgo_v11_probe_000256,mdgo_v05_fin_user_0015,finance,surface_decoy_pair,2,0,2,0,222,337230,140000
mdgo_v11_probe_000257,mdgo_v05_fin_user_0029,finance,reference_case_reconstruction,3,1,2,189,412,332408,140000
mdgo_v11_probe_000258,mdgo_v05_fin_user_0015,finance,surface_decoy_pair,2,0,2,0,222,337230,140000
mdgo_v11_probe_000259,mdgo_v05_fin_user_0005,finance,triple_asof_interleaved,3,0,3,0,231,328129,140000
mdgo_v11_probe_000260,mdgo_v05_fin_user_0028,finance,suggestion_rejection_pair,2,0,2,0,219,335276,140000
mdgo_v11_probe_000261,mdgo_v05_fin_user_0006,finance,dual_asof_reversal,2,0,2,0,224,336433,140000
mdgo_v11_probe_000262,mdgo_v05_fin_user_0024,finance,surface_decoy_pair,2,0,2,0,226,340270,140000
mdgo_v11_probe_000263,mdgo_v05_sof_user_0008,software,dual_asof_reversal,2,0,2,0,239,318483,140000
mdgo_v11_probe_000264,mdgo_v07_sof_user_0009,software,dual_asof_reversal,2,0,2,0,235,322372,140000
mdgo_v11_probe_000265,mdgo_v05_sof_user_0006,software,reference_case_reconstruction,3,1,2,182,412,322287,140000
mdgo_v11_probe_000266,mdgo_v05_fin_user_0018,finance,provenance_weighted_triple,3,0,3,0,227,331045,140000
mdgo_v11_probe_000267,mdgo_v05_fin_user_0004,finance,reference_case_reconstruction,3,1,2,191,412,332730,140000
mdgo_v11_probe_000268,mdgo_v05_sof_user_0000,software,reference_case_reconstruction,3,1,2,104,344,311624,140000
mdgo_v11_probe_000269,mdgo_v05_fin_user_0019,finance,dual_asof_reversal,2,0,2,0,225,338631,140000
mdgo_v11_probe_000270,mdgo_v05_fin_user_0028,finance,provenance_weighted_triple,3,0,3,0,219,335276,140000
mdgo_v11_probe_000271,mdgo_v05_fin_user_0009,finance,provenance_weighted_triple,3,0,3,0,216,341182,140000
mdgo_v11_probe_000272,mdgo_v05_fin_user_0025,finance,dual_asof_reversal,2,0,2,0,232,338920,140000
mdgo_v11_probe_000273,mdgo_v05_fin_user_0017,finance,reference_case_reconstruction,3,1,2,192,412,341010,140000
mdgo_v11_probe_000274,mdgo_v05_fin_user_0006,finance,surface_decoy_pair,2,0,2,0,224,336433,140000
mdgo_v11_probe_000275,mdgo_v05_fin_user_0028,finance,surface_decoy_pair,2,0,2,0,219,335276,140000
mdgo_v11_probe_000276,mdgo_v05_fin_user_0006,finance,surface_decoy_pair,2,0,2,0,224,336433,140000
mdgo_v11_probe_000277,mdgo_v05_fin_user_0012,finance,suggestion_rejection_pair,2,0,2,0,224,334218,140000
mdgo_v11_probe_000278,mdgo_v07_sof_user_0013,software,suggestion_rejection_pair,2,0,2,0,245,316556,140000
mdgo_v11_probe_000279,mdgo_v07_sof_user_0010,software,dual_asof_reversal,2,0,2,0,227,329153,140000
mdgo_v11_probe_000280,mdgo_v05_sof_user_0002,software,suggestion_rejection_pair,2,0,2,0,237,323038,140000
mdgo_v11_probe_000281,mdgo_v05_fin_user_0015,finance,triple_asof_interleaved,3,0,3,0,222,337230,140000
mdgo_v11_probe_000282,mdgo_v05_fin_user_0011,finance,dual_asof_reversal,2,0,2,0,229,333048,140000
mdgo_v11_probe_000283,mdgo_v05_fin_user_0013,finance,dual_asof_reversal,2,0,2,0,217,345552,140000
mdgo_v11_probe_000284,mdgo_v05_sof_user_0004,software,surface_decoy_pair,2,0,2,0,236,322411,140000
mdgo_v11_probe_000285,mdgo_v05_fin_user_0015,finance,suggestion_rejection_pair,2,0,2,0,222,337230,140000
mdgo_v11_probe_000286,mdgo_v05_fin_user_0011,finance,suggestion_rejection_pair,2,0,2,0,229,333048,140000
mdgo_v11_probe_000287,mdgo_v07_sof_user_0014,software,triple_asof_interleaved,3,0,3,0,231,326919,140000
mdgo_v11_probe_000288,mdgo_v05_fin_user_0017,finance,triple_asof_interleaved,3,0,3,0,217,341010,140000
mdgo_v11_probe_000289,mdgo_v05_fin_user_0012,finance,triple_asof_interleaved,3,0,3,0,224,334218,140000
mdgo_v11_probe_000290,mdgo_v07_sof_user_0009,software,triple_asof_interleaved,3,0,3,0,235,322372,140000
mdgo_v11_probe_000291,mdgo_v05_fin_user_0025,finance,suggestion_rejection_pair,2,0,2,0,232,338920,140000
mdgo_v11_probe_000292,mdgo_v05_fin_user_0024,finance,triple_asof_interleaved,3,0,3,0,226,340270,140000
mdgo_v11_probe_000293,mdgo_v05_fin_user_0006,finance,dual_asof_reversal,2,0,2,0,224,336433,140000
mdgo_v11_probe_000294,mdgo_v05_fin_user_0029,finance,provenance_weighted_triple,3,0,3,0,227,332408,140000
mdgo_v11_probe_000295,mdgo_v05_sof_user_0000,software,dual_asof_reversal,2,0,2,0,239,311624,140000
mdgo_v11_probe_000296,mdgo_v05_fin_user_0005,finance,provenance_weighted_triple,3,0,3,0,231,328129,140000
mdgo_v11_probe_000297,mdgo_v05_sof_user_0006,software,dual_asof_reversal,2,0,2,0,233,322287,140000
mdgo_v11_probe_000298,mdgo_v05_sof_user_0002,software,reference_case_reconstruction,3,1,2,112,344,323038,140000
mdgo_v11_probe_000299,mdgo_v05_fin_user_0000,finance,surface_decoy_pair,2,0,2,0,227,333457,140000
mdgo_v11_probe_000300,mdgo_v05_fin_user_0017,finance,dual_asof_reversal,2,0,2,0,217,341010,140000
mdgo_v11_probe_000301,mdgo_v05_fin_user_0028,finance,dual_asof_reversal,2,0,2,0,219,335276,140000
mdgo_v11_probe_000302,mdgo_v05_fin_user_0004,finance,triple_asof_interleaved,3,0,3,0,226,332730,140000
mdgo_v11_probe_000303,mdgo_v05_fin_user_0033,finance,dual_asof_reversal,2,0,2,0,230,330817,140000
mdgo_v11_probe_000304,mdgo_v05_fin_user_0006,finance,surface_decoy_pair,2,0,2,0,224,336433,140000
mdgo_v11_probe_000305,mdgo_v05_sof_user_0000,software,dual_asof_reversal,2,0,2,0,239,311624,140000
mdgo_v11_probe_000306,mdgo_v05_fin_user_0027,finance,dual_asof_reversal,2,0,2,0,220,342331,140000
mdgo_v11_probe_000307,mdgo_v05_fin_user_0012,finance,surface_decoy_pair,2,0,2,0,224,334218,140000
mdgo_v11_probe_000308,mdgo_v05_fin_user_0021,finance,reference_case_reconstruction,3,1,2,121,344,333807,140000
mdgo_v11_probe_000309,mdgo_v05_fin_user_0010,finance,surface_decoy_pair,2,0,2,0,230,335012,140000
mdgo_v11_probe_000310,mdgo_v07_sof_user_0012,software,provenance_weighted_triple,3,0,3,0,236,321909,140000
mdgo_v11_probe_000311,mdgo_v07_sof_user_0009,software,triple_asof_interleaved,3,0,3,0,235,322372,140000
mdgo_v11_probe_000312,mdgo_v05_fin_user_0017,finance,dual_asof_reversal,2,0,2,0,217,341010,140000
mdgo_v11_probe_000313,mdgo_v05_fin_user_0006,finance,suggestion_rejection_pair,2,0,2,0,224,336433,140000
mdgo_v11_probe_000314,mdgo_v05_sof_user_0001,software,suggestion_rejection_pair,2,0,2,0,234,322282,140000
mdgo_v11_probe_000315,mdgo_v05_fin_user_0001,finance,suggestion_rejection_pair,2,0,2,0,226,338269,140000
mdgo_v11_probe_000316,mdgo_v05_fin_user_0021,finance,triple_asof_interleaved,3,0,3,0,232,333807,140000
mdgo_v11_probe_000317,mdgo_v07_sof_user_0016,software,dual_asof_reversal,2,0,2,0,233,324189,140000
mdgo_v11_probe_000318,mdgo_v05_fin_user_0022,finance,dual_asof_reversal,2,0,2,0,219,343225,140000
mdgo_v11_probe_000319,mdgo_v05_fin_user_0018,finance,surface_decoy_pair,2,0,2,0,227,331045,140000
mdgo_v11_probe_000320,mdgo_v05_fin_user_0004,finance,dual_asof_reversal,2,0,2,0,226,332730,140000
mdgo_v11_probe_000321,mdgo_v07_sof_user_0012,software,suggestion_rejection_pair,2,0,2,0,236,321909,140000
mdgo_v11_probe_000322,mdgo_v05_sof_user_0005,software,reference_case_reconstruction,3,1,2,114,344,318937,140000
mdgo_v11_probe_000323,mdgo_v05_fin_user_0029,finance,surface_decoy_pair,2,0,2,0,227,332408,140000
mdgo_v11_probe_000324,mdgo_v05_fin_user_0004,finance,reference_case_reconstruction,3,1,2,121,344,332730,140000
mdgo_v11_probe_000325,mdgo_v05_fin_user_0019,finance,suggestion_rejection_pair,2,0,2,0,225,338631,140000
mdgo_v11_probe_000326,mdgo_v05_fin_user_0020,finance,triple_asof_interleaved,3,0,3,0,232,328930,140000
mdgo_v11_probe_000327,mdgo_v07_sof_user_0012,software,surface_decoy_pair,2,0,2,0,236,321909,140000
mdgo_v11_probe_000328,mdgo_v07_sof_user_0015,software,reference_case_reconstruction,3,1,2,112,345,313659,140000
mdgo_v11_probe_000329,mdgo_v05_fin_user_0018,finance,triple_asof_interleaved,3,0,3,0,227,331045,140000
mdgo_v11_probe_000330,mdgo_v05_fin_user_0030,finance,suggestion_rejection_pair,2,0,2,0,220,337818,140000
mdgo_v11_probe_000331,mdgo_v05_fin_user_0012,finance,reference_case_reconstruction,3,1,2,194,413,334218,140000
mdgo_v11_probe_000332,mdgo_v05_fin_user_0018,finance,reference_case_reconstruction,3,1,2,120,345,331045,140000
mdgo_v11_probe_000333,mdgo_v05_sof_user_0002,software,reference_case_reconstruction,3,1,2,180,412,323038,140000
mdgo_v11_probe_000334,mdgo_v05_fin_user_0011,finance,reference_case_reconstruction,3,1,2,121,344,333048,140000
mdgo_v11_probe_000335,mdgo_v05_fin_user_0019,finance,suggestion_rejection_pair,2,0,2,0,225,338631,140000
mdgo_v11_probe_000336,mdgo_v05_fin_user_0016,finance,scope_temporal_pair,2,0,2,0,225,332320,140000
mdgo_v11_probe_000337,mdgo_v05_fin_user_0022,finance,surface_decoy_pair,2,0,2,0,219,343225,140000
mdgo_v11_probe_000338,mdgo_v07_sof_user_0015,software,triple_asof_interleaved,3,0,3,0,242,313659,140000
mdgo_v11_probe_000339,mdgo_v07_sof_user_0014,software,surface_decoy_pair,2,0,2,0,231,326919,140000
mdgo_v11_probe_000340,mdgo_v05_fin_user_0003,finance,surface_decoy_pair,2,0,2,0,230,331924,140000
mdgo_v11_probe_000341,mdgo_v05_fin_user_0021,finance,surface_decoy_pair,2,0,2,0,232,333807,140000
mdgo_v11_probe_000342,mdgo_v05_fin_user_0013,finance,provenance_weighted_triple,3,0,3,0,217,345552,140000
mdgo_v11_probe_000343,mdgo_v05_sof_user_0003,software,dual_asof_reversal,2,0,2,0,242,314399,140000
mdgo_v11_probe_000344,mdgo_v05_fin_user_0023,finance,surface_decoy_pair,2,0,2,0,228,336961,140000
mdgo_v11_probe_000345,mdgo_v05_fin_user_0025,finance,triple_asof_interleaved,3,0,3,0,232,338920,140000
mdgo_v11_probe_000346,mdgo_v05_fin_user_0034,finance,triple_asof_interleaved,3,0,3,0,221,337663,140000
mdgo_v11_probe_000347,mdgo_v05_fin_user_0010,finance,surface_decoy_pair,2,0,2,0,230,335012,140000
mdgo_v11_probe_000348,mdgo_v05_fin_user_0015,finance,dual_asof_reversal,2,0,2,0,222,337230,140000
mdgo_v11_probe_000349,mdgo_v07_sof_user_0017,software,provenance_weighted_triple,3,0,3,0,232,325699,140000
mdgo_v11_probe_000350,mdgo_v05_sof_user_0007,software,triple_asof_interleaved,3,0,3,0,236,321840,140000
mdgo_v11_probe_000351,mdgo_v05_fin_user_0016,finance,surface_decoy_pair,2,0,2,0,225,332320,140000
mdgo_v11_probe_000352,mdgo_v05_fin_user_0015,finance,triple_asof_interleaved,3,0,3,0,222,337230,140000
mdgo_v11_probe_000353,mdgo_v05_sof_user_0001,software,dual_asof_reversal,2,0,2,0,234,322282,140000
mdgo_v11_probe_000354,mdgo_v05_fin_user_0017,finance,surface_decoy_pair,2,0,2,0,217,341010,140000
mdgo_v11_probe_000355,mdgo_v05_fin_user_0007,finance,surface_decoy_pair,2,0,2,0,227,337224,140000
mdgo_v11_probe_000356,mdgo_v05_fin_user_0023,finance,scope_temporal_pair,2,0,2,0,228,336961,140000
mdgo_v11_probe_000357,mdgo_v05_fin_user_0024,finance,scope_temporal_pair,2,0,2,0,226,340270,140000
mdgo_v11_probe_000358,mdgo_v05_fin_user_0014,finance,suggestion_rejection_pair,2,0,2,0,223,339699,140000
mdgo_v11_probe_000359,mdgo_v05_fin_user_0029,finance,reference_case_reconstruction,3,1,2,189,412,332408,140000
mdgo_v11_probe_000360,mdgo_v07_sof_user_0014,software,triple_asof_interleaved,3,0,3,0,231,326919,140000
mdgo_v11_probe_000361,mdgo_v07_sof_user_0013,software,suggestion_rejection_pair,2,0,2,0,245,316556,140000
mdgo_v11_probe_000362,mdgo_v05_fin_user_0021,finance,reference_case_reconstruction,3,1,2,121,344,333807,140000
mdgo_v11_probe_000363,mdgo_v05_fin_user_0029,finance,reference_case_reconstruction,3,1,2,189,412,332408,140000
mdgo_v11_probe_000364,mdgo_v05_fin_user_0029,finance,triple_asof_interleaved,3,0,3,0,227,332408,140000
mdgo_v11_probe_000365,mdgo_v05_fin_user_0013,finance,surface_decoy_pair,2,0,2,0,217,345552,140000
mdgo_v11_probe_000366,mdgo_v05_sof_user_0002,software,triple_asof_interleaved,3,0,3,0,237,323038,140000
mdgo_v11_probe_000367,mdgo_v05_sof_user_0001,software,surface_decoy_pair,2,0,2,0,234,322282,140000
mdgo_v11_probe_000368,mdgo_v05_fin_user_0013,finance,reference_case_reconstruction,3,1,2,128,345,345552,140000
mdgo_v11_probe_000369,mdgo_v05_fin_user_0017,finance,dual_asof_reversal,2,0,2,0,217,341010,140000
mdgo_v11_probe_000370,mdgo_v07_sof_user_0016,software,reference_case_reconstruction,3,1,2,118,344,324189,140000
mdgo_v11_probe_000371,mdgo_v07_sof_user_0015,software,suggestion_rejection_pair,2,0,2,0,242,313659,140000
mdgo_v11_probe_000372,mdgo_v07_sof_user_0014,software,provenance_weighted_triple,3,0,3,0,231,326919,140000
mdgo_v11_probe_000373,mdgo_v05_fin_user_0019,finance,reference_case_reconstruction,3,1,2,197,412,338631,140000
mdgo_v11_probe_000374,mdgo_v05_fin_user_0024,finance,dual_asof_reversal,2,0,2,0,226,340270,140000
mdgo_v11_probe_000375,mdgo_v05_fin_user_0017,finance,reference_case_reconstruction,3,1,2,192,412,341010,140000
mdgo_v11_probe_000376,mdgo_v05_fin_user_0032,finance,surface_decoy_pair,2,0,2,0,223,342639,140000
mdgo_v11_probe_000377,mdgo_v05_sof_user_0001,software,triple_asof_interleaved,3,0,3,0,234,322282,140000
mdgo_v11_probe_000378,mdgo_v05_fin_user_0006,finance,triple_asof_interleaved,3,0,3,0,224,336433,140000
mdgo_v11_probe_000379,mdgo_v05_fin_user_0003,finance,provenance_weighted_triple,3,0,3,0,230,331924,140000
mdgo_v11_probe_000380,mdgo_v05_fin_user_0000,finance,dual_asof_reversal,2,0,2,0,227,333457,140000
mdgo_v11_probe_000381,mdgo_v05_fin_user_0026,finance,surface_decoy_pair,2,0,2,0,231,330059,140000
mdgo_v11_probe_000382,mdgo_v05_fin_user_0012,finance,reference_case_reconstruction,3,1,2,123,344,334218,140000
mdgo_v11_probe_000383,mdgo_v05_fin_user_0008,finance,surface_decoy_pair,2,0,2,0,229,338243,140000
mdgo_v11_probe_000384,mdgo_v05_fin_user_0019,finance,triple_asof_interleaved,3,0,3,0,225,338631,140000
mdgo_v11_probe_000385,mdgo_v07_sof_user_0014,software,suggestion_rejection_pair,2,0,2,0,231,326919,140000
mdgo_v11_probe_000386,mdgo_v05_sof_user_0008,software,reference_case_reconstruction,3,1,2,114,344,318483,140000
mdgo_v11_probe_000387,mdgo_v05_fin_user_0010,finance,reference_case_reconstruction,3,1,2,192,412,335012,140000
mdgo_v11_probe_000388,mdgo_v05_fin_user_0000,finance,reference_case_reconstruction,3,1,2,121,344,333457,140000
mdgo_v11_probe_000389,mdgo_v07_sof_user_0017,software,dual_asof_reversal,2,0,2,0,232,325699,140000
mdgo_v11_probe_000390,mdgo_v05_fin_user_0019,finance,reference_case_reconstruction,3,1,2,123,344,338631,140000
mdgo_v11_probe_000391,mdgo_v05_fin_user_0021,finance,dual_asof_reversal,2,0,2,0,232,333807,140000
mdgo_v11_probe_000392,mdgo_v05_sof_user_0000,software,triple_asof_interleaved,3,0,3,0,239,311624,140000
mdgo_v11_probe_000393,mdgo_v05_sof_user_0008,software,triple_asof_interleaved,3,0,3,0,239,318483,140000
mdgo_v11_probe_000394,mdgo_v05_fin_user_0008,finance,provenance_weighted_triple,3,0,3,0,229,338243,140000
mdgo_v11_probe_000395,mdgo_v05_fin_user_0017,finance,triple_asof_interleaved,3,0,3,0,217,341010,140000
mdgo_v11_probe_000396,mdgo_v07_sof_user_0017,software,dual_asof_reversal,2,0,2,0,232,325699,140000
mdgo_v11_probe_000397,mdgo_v05_fin_user_0009,finance,surface_decoy_pair,2,0,2,0,216,341182,140000
mdgo_v11_probe_000398,mdgo_v05_fin_user_0024,finance,suggestion_rejection_pair,2,0,2,0,226,340270,140000
mdgo_v11_probe_000399,mdgo_v07_sof_user_0015,software,dual_asof_reversal,2,0,2,0,242,313659,140000
mdgo_v11_probe_000400,mdgo_v05_sof_user_0005,software,dual_asof_reversal,2,0,2,0,239,318937,140000
mdgo_v11_probe_000401,mdgo_v05_fin_user_0018,finance,dual_asof_reversal,2,0,2,0,227,331045,140000
mdgo_v11_probe_000402,mdgo_v05_fin_user_0027,finance,dual_asof_reversal,2,0,2,0,220,342331,140000
mdgo_v11_probe_000403,mdgo_v07_sof_user_0014,software,suggestion_rejection_pair,2,0,2,0,231,326919,140000
mdgo_v11_probe_000404,mdgo_v05_sof_user_0005,software,surface_decoy_pair,2,0,2,0,239,318937,140000
mdgo_v11_probe_000405,mdgo_v07_sof_user_0014,software,dual_asof_reversal,2,0,2,0,231,326919,140000
mdgo_v11_probe_000406,mdgo_v05_fin_user_0032,finance,provenance_weighted_triple,3,0,3,0,223,342639,140000
mdgo_v11_probe_000407,mdgo_v05_fin_user_0016,finance,dual_asof_reversal,2,0,2,0,225,332320,140000
mdgo_v11_probe_000408,mdgo_v05_fin_user_0000,finance,surface_decoy_pair,2,0,2,0,227,333457,140000
mdgo_v11_probe_000409,mdgo_v05_fin_user_0026,finance,triple_asof_interleaved,3,0,3,0,231,330059,140000
mdgo_v11_probe_000410,mdgo_v07_sof_user_0010,software,suggestion_rejection_pair,2,0,2,0,227,329153,140000
mdgo_v11_probe_000411,mdgo_v05_fin_user_0014,finance,surface_decoy_pair,2,0,2,0,223,339699,140000
mdgo_v11_probe_000412,mdgo_v05_fin_user_0007,finance,provenance_weighted_triple,3,0,3,0,227,337224,140000
mdgo_v11_probe_000413,mdgo_v07_sof_user_0013,software,reference_case_reconstruction,3,1,2,180,412,316556,140000
mdgo_v11_probe_000414,mdgo_v07_sof_user_0016,software,triple_asof_interleaved,3,0,3,0,233,324189,140000
mdgo_v11_probe_000415,mdgo_v05_fin_user_0018,finance,suggestion_rejection_pair,2,0,2,0,227,331045,140000
mdgo_v11_probe_000416,mdgo_v05_fin_user_0013,finance,triple_asof_interleaved,3,0,3,0,217,345552,140000
mdgo_v11_probe_000417,mdgo_v05_fin_user_0000,finance,surface_decoy_pair,2,0,2,0,227,333457,140000
mdgo_v11_probe_000418,mdgo_v05_fin_user_0019,finance,reference_case_reconstruction,3,1,2,123,344,338631,140000
mdgo_v11_probe_000419,mdgo_v05_fin_user_0028,finance,reference_case_reconstruction,3,1,2,190,412,335276,140000
mdgo_v11_probe_000420,mdgo_v05_fin_user_0000,finance,dual_asof_reversal,2,0,2,0,227,333457,140000
mdgo_v11_probe_000421,mdgo_v05_fin_user_0033,finance,dual_asof_reversal,2,0,2,0,230,330817,140000
mdgo_v11_probe_000422,mdgo_v05_sof_user_0004,software,provenance_weighted_triple,3,0,3,0,236,322411,140000
mdgo_v11_probe_000423,mdgo_v05_fin_user_0021,finance,dual_asof_reversal,2,0,2,0,232,333807,140000
mdgo_v11_probe_000424,mdgo_v05_fin_user_0035,finance,surface_decoy_pair,2,0,2,0,230,332598,140000
mdgo_v11_probe_000425,mdgo_v07_sof_user_0010,software,dual_asof_reversal,2,0,2,0,227,329153,140000
mdgo_v11_probe_000426,mdgo_v05_sof_user_0002,software,triple_asof_interleaved,3,0,3,0,237,323038,140000
mdgo_v11_probe_000427,mdgo_v05_sof_user_0000,software,triple_asof_interleaved,3,0,3,0,239,311624,140000
mdgo_v11_probe_000428,mdgo_v05_fin_user_0007,finance,suggestion_rejection_pair,2,0,2,0,227,337224,140000
mdgo_v11_probe_000429,mdgo_v05_fin_user_0034,finance,surface_decoy_pair,2,0,2,0,221,337663,140000
mdgo_v11_probe_000430,mdgo_v05_fin_user_0000,finance,scope_temporal_pair,2,0,2,0,227,333457,140000
mdgo_v11_probe_000431,mdgo_v05_fin_user_0009,finance,surface_decoy_pair,2,0,2,0,216,341182,140000
mdgo_v11_probe_000432,mdgo_v05_fin_user_0018,finance,surface_decoy_pair,2,0,2,0,227,331045,140000
mdgo_v11_probe_000433,mdgo_v05_fin_user_0018,finance,suggestion_rejection_pair,2,0,2,0,227,331045,140000
mdgo_v11_probe_000434,mdgo_v05_fin_user_0024,finance,triple_asof_interleaved,3,0,3,0,226,340270,140000
mdgo_v11_probe_000435,mdgo_v05_fin_user_0022,finance,surface_decoy_pair,2,0,2,0,219,343225,140000
mdgo_v11_probe_000436,mdgo_v05_fin_user_0022,finance,reference_case_reconstruction,3,1,2,128,344,343225,140000
mdgo_v11_probe_000437,mdgo_v05_fin_user_0032,finance,reference_case_reconstruction,3,1,2,200,413,342639,140000
mdgo_v11_probe_000438,mdgo_v05_fin_user_0033,finance,dual_asof_reversal,2,0,2,0,230,330817,140000
mdgo_v11_probe_000439,mdgo_v05_fin_user_0000,finance,triple_asof_interleaved,3,0,3,0,227,333457,140000
mdgo_v11_probe_000440,mdgo_v05_fin_user_0030,finance,triple_asof_interleaved,3,0,3,0,220,337818,140000
mdgo_v11_probe_000441,mdgo_v05_fin_user_0009,finance,surface_decoy_pair,2,0,2,0,216,341182,140000
mdgo_v11_probe_000442,mdgo_v05_fin_user_0011,finance,triple_asof_interleaved,3,0,3,0,229,333048,140000
mdgo_v11_probe_000443,mdgo_v07_sof_user_0015,software,triple_asof_interleaved,3,0,3,0,242,313659,140000
mdgo_v11_probe_000444,mdgo_v07_sof_user_0010,software,surface_decoy_pair,2,0,2,0,227,329153,140000
mdgo_v11_probe_000445,mdgo_v05_fin_user_0027,finance,dual_asof_reversal,2,0,2,0,220,342331,140000
mdgo_v11_probe_000446,mdgo_v05_sof_user_0008,software,surface_decoy_pair,2,0,2,0,239,318483,140000
mdgo_v11_probe_000447,mdgo_v05_fin_user_0020,finance,provenance_weighted_triple,3,0,3,0,232,328930,140000
mdgo_v11_probe_000448,mdgo_v05_sof_user_0006,software,surface_decoy_pair,2,0,2,0,233,322287,140000
mdgo_v11_probe_000449,mdgo_v05_fin_user_0024,finance,dual_asof_reversal,2,0,2,0,226,340270,140000
mdgo_v11_probe_000450,mdgo_v05_fin_user_0010,finance,reference_case_reconstruction,3,1,2,120,344,335012,140000
mdgo_v11_probe_000451,mdgo_v07_sof_user_0009,software,dual_asof_reversal,2,0,2,0,235,322372,140000
mdgo_v11_probe_000452,mdgo_v05_fin_user_0033,finance,provenance_weighted_triple,3,0,3,0,230,330817,140000
mdgo_v11_probe_000453,mdgo_v07_sof_user_0012,software,surface_decoy_pair,2,0,2,0,236,321909,140000
mdgo_v11_probe_000454,mdgo_v05_fin_user_0001,finance,surface_decoy_pair,2,0,2,0,226,338269,140000
mdgo_v11_probe_000455,mdgo_v05_fin_user_0011,finance,triple_asof_interleaved,3,0,3,0,229,333048,140000
mdgo_v11_probe_000456,mdgo_v07_sof_user_0013,software,dual_asof_reversal,2,0,2,0,245,316556,140000
mdgo_v11_probe_000457,mdgo_v05_fin_user_0031,finance,reference_case_reconstruction,3,1,2,196,412,338178,140000
mdgo_v11_probe_000458,mdgo_v05_fin_user_0022,finance,surface_decoy_pair,2,0,2,0,219,343225,140000
mdgo_v11_probe_000459,mdgo_v05_fin_user_0014,finance,dual_asof_reversal,2,0,2,0,223,339699,140000
mdgo_v11_probe_000460,mdgo_v05_fin_user_0019,finance,dual_asof_reversal,2,0,2,0,225,338631,140000
mdgo_v11_probe_000461,mdgo_v05_fin_user_0025,finance,scope_temporal_pair,2,0,2,0,232,338920,140000
mdgo_v11_probe_000462,mdgo_v05_fin_user_0022,finance,triple_asof_interleaved,3,0,3,0,219,343225,140000
mdgo_v11_probe_000463,mdgo_v05_fin_user_0032,finance,reference_case_reconstruction,3,1,2,200,413,342639,140000
mdgo_v11_probe_000464,mdgo_v05_sof_user_0002,software,suggestion_rejection_pair,2,0,2,0,237,323038,140000
mdgo_v11_probe_000465,mdgo_v05_sof_user_0004,software,suggestion_rejection_pair,2,0,2,0,236,322411,140000
mdgo_v11_probe_000466,mdgo_v05_fin_user_0009,finance,surface_decoy_pair,2,0,2,0,216,341182,140000
mdgo_v11_probe_000467,mdgo_v05_fin_user_0018,finance,triple_asof_interleaved,3,0,3,0,227,331045,140000
mdgo_v11_probe_000468,mdgo_v05_fin_user_0010,finance,surface_decoy_pair,2,0,2,0,230,335012,140000
mdgo_v11_probe_000469,mdgo_v05_fin_user_0035,finance,triple_asof_interleaved,3,0,3,0,230,332598,140000
mdgo_v11_probe_000470,mdgo_v07_sof_user_0016,software,reference_case_reconstruction,3,1,2,118,344,324189,140000
mdgo_v11_probe_000471,mdgo_v05_fin_user_0029,finance,dual_asof_reversal,2,0,2,0,227,332408,140000
mdgo_v11_probe_000472,mdgo_v07_sof_user_0011,software,reference_case_reconstruction,3,1,2,112,344,325058,140000
mdgo_v11_probe_000473,mdgo_v05_fin_user_0033,finance,suggestion_rejection_pair,2,0,2,0,230,330817,140000
mdgo_v11_probe_000474,mdgo_v05_fin_user_0003,finance,suggestion_rejection_pair,2,0,2,0,230,331924,140000
mdgo_v11_probe_000475,mdgo_v07_sof_user_0011,software,dual_asof_reversal,2,0,2,0,238,325058,140000
mdgo_v11_probe_000476,mdgo_v05_fin_user_0032,finance,surface_decoy_pair,2,0,2,0,223,342639,140000
mdgo_v11_probe_000477,mdgo_v05_fin_user_0020,finance,reference_case_reconstruction,3,1,2,191,412,328930,140000
mdgo_v11_probe_000478,mdgo_v05_fin_user_0019,finance,reference_case_reconstruction,3,1,2,123,344,338631,140000
mdgo_v11_probe_000479,mdgo_v05_fin_user_0004,finance,dual_asof_reversal,2,0,2,0,226,332730,140000
mdgo_v11_probe_000480,mdgo_v05_fin_user_0021,finance,reference_case_reconstruction,3,1,2,121,344,333807,140000
mdgo_v11_probe_000481,mdgo_v05_fin_user_0016,finance,surface_decoy_pair,2,0,2,0,225,332320,140000
mdgo_v11_probe_000482,mdgo_v05_fin_user_0014,finance,triple_asof_interleaved,3,0,3,0,223,339699,140000
mdgo_v11_probe_000483,mdgo_v05_fin_user_0002,finance,scope_temporal_pair,2,0,2,0,225,339141,140000
mdgo_v11_probe_000484,mdgo_v07_sof_user_0009,software,reference_case_reconstruction,3,1,2,118,344,322372,140000
mdgo_v11_probe_000485,mdgo_v05_fin_user_0005,finance,surface_decoy_pair,2,0,2,0,231,328129,140000
mdgo_v11_probe_000486,mdgo_v05_fin_user_0001,finance,surface_decoy_pair,2,0,2,0,226,338269,140000
mdgo_v11_probe_000487,mdgo_v05_fin_user_0021,finance,triple_asof_interleaved,3,0,3,0,232,333807,140000
mdgo_v11_probe_000488,mdgo_v07_sof_user_0016,software,triple_asof_interleaved,3,0,3,0,233,324189,140000
mdgo_v11_probe_000489,mdgo_v05_fin_user_0029,finance,surface_decoy_pair,2,0,2,0,227,332408,140000
mdgo_v11_probe_000490,mdgo_v05_fin_user_0004,finance,dual_asof_reversal,2,0,2,0,226,332730,140000
mdgo_v11_probe_000491,mdgo_v05_fin_user_0008,finance,dual_asof_reversal,2,0,2,0,229,338243,140000
mdgo_v11_probe_000492,mdgo_v05_fin_user_0001,finance,suggestion_rejection_pair,2,0,2,0,226,338269,140000
mdgo_v11_probe_000493,mdgo_v05_fin_user_0018,finance,dual_asof_reversal,2,0,2,0,227,331045,140000
mdgo_v11_probe_000494,mdgo_v05_fin_user_0007,finance,reference_case_reconstruction,3,1,2,126,344,337224,140000
mdgo_v11_probe_000495,mdgo_v05_sof_user_0007,software,suggestion_rejection_pair,2,0,2,0,236,321840,140000
mdgo_v11_probe_000496,mdgo_v05_fin_user_0005,finance,reference_case_reconstruction,3,1,2,120,344,328129,140000
mdgo_v11_probe_000497,mdgo_v07_sof_user_0012,software,triple_asof_interleaved,3,0,3,0,236,321909,140000
mdgo_v11_probe_000498,mdgo_v05_fin_user_0014,finance,surface_decoy_pair,2,0,2,0,223,339699,140000
mdgo_v11_probe_000499,mdgo_v07_sof_user_0017,software,surface_decoy_pair,2,0,2,0,232,325699,140000
mdgo_v11_probe_000500,mdgo_v05_fin_user_0003,finance,dual_asof_reversal,2,0,2,0,230,331924,140000
mdgo_v11_probe_000501,mdgo_v07_sof_user_0011,software,suggestion_rejection_pair,2,0,2,0,238,325058,140000
mdgo_v11_probe_000502,mdgo_v05_fin_user_0029,finance,dual_asof_reversal,2,0,2,0,227,332408,140000
mdgo_v11_probe_000503,mdgo_v05_fin_user_0001,finance,surface_decoy_pair,2,0,2,0,226,338269,140000
mdgo_v11_probe_000504,mdgo_v05_sof_user_0000,software,reference_case_reconstruction,3,1,2,104,344,311624,140000
mdgo_v11_probe_000505,mdgo_v05_fin_user_0006,finance,triple_asof_interleaved,3,0,3,0,224,336433,140000
mdgo_v11_probe_000506,mdgo_v05_fin_user_0002,finance,dual_asof_reversal,2,0,2,0,225,339141,140000
mdgo_v11_probe_000507,mdgo_v05_fin_user_0005,finance,surface_decoy_pair,2,0,2,0,231,328129,140000
mdgo_v11_probe_000508,mdgo_v05_sof_user_0005,software,provenance_weighted_triple,3,0,3,0,239,318937,140000
mdgo_v11_probe_000509,mdgo_v05_sof_user_0005,software,reference_case_reconstruction,3,1,2,184,413,318937,140000
mdgo_v11_probe_000510,mdgo_v05_fin_user_0022,finance,reference_case_reconstruction,3,1,2,128,344,343225,140000
mdgo_v11_probe_000511,mdgo_v07_sof_user_0014,software,suggestion_rejection_pair,2,0,2,0,231,326919,140000
mdgo_v11_probe_000512,mdgo_v05_fin_user_0035,finance,suggestion_rejection_pair,2,0,2,0,230,332598,140000
mdgo_v11_probe_000513,mdgo_v05_fin_user_0019,finance,surface_decoy_pair,2,0,2,0,225,338631,140000
mdgo_v11_probe_000514,mdgo_v05_fin_user_0018,finance,dual_asof_reversal,2,0,2,0,227,331045,140000
mdgo_v11_probe_000515,mdgo_v05_fin_user_0032,finance,surface_decoy_pair,2,0,2,0,223,342639,140000
mdgo_v11_probe_000516,mdgo_v07_sof_user_0017,software,triple_asof_interleaved,3,0,3,0,232,325699,140000
mdgo_v11_probe_000517,mdgo_v05_sof_user_0008,software,triple_asof_interleaved,3,0,3,0,239,318483,140000
mdgo_v11_probe_000518,mdgo_v05_sof_user_0008,software,surface_decoy_pair,2,0,2,0,239,318483,140000
mdgo_v11_probe_000519,mdgo_v05_sof_user_0007,software,triple_asof_interleaved,3,0,3,0,236,321840,140000
mdgo_v11_probe_000520,mdgo_v05_fin_user_0011,finance,provenance_weighted_triple,3,0,3,0,229,333048,140000
mdgo_v11_probe_000521,mdgo_v05_sof_user_0004,software,reference_case_reconstruction,3,1,2,182,413,322411,140000
mdgo_v11_probe_000522,mdgo_v05_fin_user_0032,finance,dual_asof_reversal,2,0,2,0,223,342639,140000
mdgo_v11_probe_000523,mdgo_v07_sof_user_0009,software,reference_case_reconstruction,3,1,2,187,413,322372,140000
mdgo_v11_probe_000524,mdgo_v05_sof_user_0005,software,scope_temporal_pair,2,0,2,0,239,318937,140000
mdgo_v11_probe_000525,mdgo_v05_fin_user_0016,finance,triple_asof_interleaved,3,0,3,0,225,332320,140000
mdgo_v11_probe_000526,mdgo_v05_fin_user_0030,finance,surface_decoy_pair,2,0,2,0,220,337818,140000
mdgo_v11_probe_000527,mdgo_v05_fin_user_0004,finance,triple_asof_interleaved,3,0,3,0,226,332730,140000
mdgo_v11_probe_000528,mdgo_v05_fin_user_0016,finance,dual_asof_reversal,2,0,2,0,225,332320,140000
mdgo_v11_probe_000529,mdgo_v05_fin_user_0006,finance,triple_asof_interleaved,3,0,3,0,224,336433,140000
mdgo_v11_probe_000530,mdgo_v05_sof_user_0004,software,surface_decoy_pair,2,0,2,0,236,322411,140000
mdgo_v11_probe_000531,mdgo_v05_sof_user_0002,software,dual_asof_reversal,2,0,2,0,237,323038,140000
mdgo_v11_probe_000532,mdgo_v05_fin_user_0005,finance,triple_asof_interleaved,3,0,3,0,231,328129,140000
mdgo_v11_probe_000533,mdgo_v05_fin_user_0024,finance,triple_asof_interleaved,3,0,3,0,226,340270,140000
mdgo_v11_probe_000534,mdgo_v05_sof_user_0003,software,reference_case_reconstruction,3,1,2,112,344,314399,140000
mdgo_v11_probe_000535,mdgo_v05_fin_user_0033,finance,suggestion_rejection_pair,2,0,2,0,230,330817,140000
mdgo_v11_probe_000536,mdgo_v05_sof_user_0007,software,triple_asof_interleaved,3,0,3,0,236,321840,140000
mdgo_v11_probe_000537,mdgo_v07_sof_user_0012,software,reference_case_reconstruction,3,1,2,183,412,321909,140000
mdgo_v11_probe_000538,mdgo_v05_fin_user_0003,finance,scope_temporal_pair,2,0,2,0,230,331924,140000
mdgo_v11_probe_000539,mdgo_v05_fin_user_0003,finance,reference_case_reconstruction,3,1,2,187,412,331924,140000
mdgo_v11_probe_000540,mdgo_v05_fin_user_0033,finance,reference_case_reconstruction,3,1,2,120,344,330817,140000
mdgo_v11_probe_000541,mdgo_v05_fin_user_0006,finance,triple_asof_interleaved,3,0,3,0,224,336433,140000
mdgo_v11_probe_000542,mdgo_v05_fin_user_0013,finance,reference_case_reconstruction,3,1,2,128,345,345552,140000
mdgo_v11_probe_000543,mdgo_v05_fin_user_0020,finance,dual_asof_reversal,2,0,2,0,232,328930,140000
mdgo_v11_probe_000544,mdgo_v05_fin_user_0005,finance,reference_case_reconstruction,3,1,2,120,344,328129,140000
mdgo_v11_probe_000545,mdgo_v05_sof_user_0008,software,scope_temporal_pair,2,0,2,0,239,318483,140000
mdgo_v11_probe_000546,mdgo_v05_fin_user_0021,finance,dual_asof_reversal,2,0,2,0,232,333807,140000
mdgo_v11_probe_000547,mdgo_v05_fin_user_0008,finance,triple_asof_interleaved,3,0,3,0,229,338243,140000
mdgo_v11_probe_000548,mdgo_v05_fin_user_0032,finance,dual_asof_reversal,2,0,2,0,223,342639,140000
mdgo_v11_probe_000549,mdgo_v05_fin_user_0017,finance,triple_asof_interleaved,3,0,3,0,217,341010,140000
mdgo_v11_probe_000550,mdgo_v05_sof_user_0003,software,dual_asof_reversal,2,0,2,0,242,314399,140000
mdgo_v11_probe_000551,mdgo_v05_fin_user_0003,finance,surface_decoy_pair,2,0,2,0,230,331924,140000
mdgo_v11_probe_000552,mdgo_v05_sof_user_0003,software,dual_asof_reversal,2,0,2,0,242,314399,140000
mdgo_v11_probe_000553,mdgo_v05_fin_user_0024,finance,triple_asof_interleaved,3,0,3,0,226,340270,140000
mdgo_v11_probe_000554,mdgo_v05_sof_user_0006,software,surface_decoy_pair,2,0,2,0,233,322287,140000
mdgo_v11_probe_000555,mdgo_v05_fin_user_0015,finance,surface_decoy_pair,2,0,2,0,222,337230,140000
mdgo_v11_probe_000556,mdgo_v05_fin_user_0022,finance,triple_asof_interleaved,3,0,3,0,219,343225,140000
mdgo_v11_probe_000557,mdgo_v05_fin_user_0002,finance,surface_decoy_pair,2,0,2,0,225,339141,140000
mdgo_v11_probe_000558,mdgo_v05_fin_user_0020,finance,triple_asof_interleaved,3,0,3,0,232,328930,140000
mdgo_v11_probe_000559,mdgo_v05_fin_user_0012,finance,provenance_weighted_triple,3,0,3,0,224,334218,140000
mdgo_v11_probe_000560,mdgo_v05_fin_user_0033,finance,triple_asof_interleaved,3,0,3,0,230,330817,140000
mdgo_v11_probe_000561,mdgo_v05_fin_user_0023,finance,dual_asof_reversal,2,0,2,0,228,336961,140000
mdgo_v11_probe_000562,mdgo_v05_fin_user_0025,finance,reference_case_reconstruction,3,1,2,120,344,338920,140000
mdgo_v11_probe_000563,mdgo_v05_sof_user_0002,software,suggestion_rejection_pair,2,0,2,0,237,323038,140000
mdgo_v11_probe_000564,mdgo_v05_fin_user_0035,finance,scope_temporal_pair,2,0,2,0,230,332598,140000
mdgo_v11_probe_000565,mdgo_v05_fin_user_0028,finance,scope_temporal_pair,2,0,2,0,219,335276,140000
mdgo_v11_probe_000566,mdgo_v05_fin_user_0005,finance,triple_asof_interleaved,3,0,3,0,231,328129,140000
mdgo_v11_probe_000567,mdgo_v07_sof_user_0013,software,surface_decoy_pair,2,0,2,0,245,316556,140000
mdgo_v11_probe_000568,mdgo_v05_fin_user_0003,finance,triple_asof_interleaved,3,0,3,0,230,331924,140000
mdgo_v11_probe_000569,mdgo_v05_fin_user_0025,finance,triple_asof_interleaved,3,0,3,0,232,338920,140000
mdgo_v11_probe_000570,mdgo_v07_sof_user_0009,software,provenance_weighted_triple,3,0,3,0,235,322372,140000
mdgo_v11_probe_000571,mdgo_v05_fin_user_0006,finance,reference_case_reconstruction,3,1,2,197,412,336433,140000
mdgo_v11_probe_000572,mdgo_v05_fin_user_0001,finance,triple_asof_interleaved,3,0,3,0,226,338269,140000
mdgo_v11_probe_000573,mdgo_v07_sof_user_0017,software,dual_asof_reversal,2,0,2,0,232,325699,140000
mdgo_v11_probe_000574,mdgo_v05_fin_user_0020,finance,surface_decoy_pair,2,0,2,0,232,328930,140000
mdgo_v11_probe_000575,mdgo_v05_sof_user_0003,software,surface_decoy_pair,2,0,2,0,242,314399,140000
mdgo_v11_probe_000576,mdgo_v07_sof_user_0013,software,provenance_weighted_triple,3,0,3,0,245,316556,140000
mdgo_v11_probe_000577,mdgo_v05_fin_user_0008,finance,triple_asof_interleaved,3,0,3,0,229,338243,140000
mdgo_v11_probe_000578,mdgo_v05_fin_user_0030,finance,surface_decoy_pair,2,0,2,0,220,337818,140000
mdgo_v11_probe_000579,mdgo_v07_sof_user_0016,software,surface_decoy_pair,2,0,2,0,233,324189,140000
mdgo_v11_probe_000580,mdgo_v05_fin_user_0002,finance,reference_case_reconstruction,3,1,2,123,344,339141,140000
mdgo_v11_probe_000581,mdgo_v05_fin_user_0011,finance,surface_decoy_pair,2,0,2,0,229,333048,140000
mdgo_v11_probe_000582,mdgo_v05_fin_user_0017,finance,triple_asof_interleaved,3,0,3,0,217,341010,140000
mdgo_v11_probe_000583,mdgo_v07_sof_user_0016,software,triple_asof_interleaved,3,0,3,0,233,324189,140000
mdgo_v11_probe_000584,mdgo_v05_fin_user_0002,finance,suggestion_rejection_pair,2,0,2,0,225,339141,140000
mdgo_v11_probe_000585,mdgo_v05_fin_user_0016,finance,provenance_weighted_triple,3,0,3,0,225,332320,140000
mdgo_v11_probe_000586,mdgo_v05_fin_user_0007,finance,triple_asof_interleaved,3,0,3,0,227,337224,140000
mdgo_v11_probe_000587,mdgo_v07_sof_user_0011,software,dual_asof_reversal,2,0,2,0,238,325058,140000
mdgo_v11_probe_000588,mdgo_v05_fin_user_0030,finance,surface_decoy_pair,2,0,2,0,220,337818,140000
mdgo_v11_probe_000589,mdgo_v05_fin_user_0002,finance,surface_decoy_pair,2,0,2,0,225,339141,140000
mdgo_v11_probe_000590,mdgo_v07_sof_user_0016,software,surface_decoy_pair,2,0,2,0,233,324189,140000
mdgo_v11_probe_000591,mdgo_v05_fin_user_0030,finance,suggestion_rejection_pair,2,0,2,0,220,337818,140000
mdgo_v11_probe_000592,mdgo_v05_fin_user_0011,finance,triple_asof_interleaved,3,0,3,0,229,333048,140000
mdgo_v11_probe_000593,mdgo_v05_fin_user_0018,finance,surface_decoy_pair,2,0,2,0,227,331045,140000
mdgo_v11_probe_000594,mdgo_v05_sof_user_0000,software,triple_asof_interleaved,3,0,3,0,239,311624,140000
mdgo_v11_probe_000595,mdgo_v05_fin_user_0021,finance,suggestion_rejection_pair,2,0,2,0,232,333807,140000
mdgo_v11_probe_000596,mdgo_v05_fin_user_0023,finance,triple_asof_interleaved,3,0,3,0,228,336961,140000
mdgo_v11_probe_000597,mdgo_v05_fin_user_0035,finance,reference_case_reconstruction,3,1,2,189,412,332598,140000
mdgo_v11_probe_000598,mdgo_v05_sof_user_0004,software,triple_asof_interleaved,3,0,3,0,236,322411,140000
mdgo_v11_probe_000599,mdgo_v05_fin_user_0023,finance,suggestion_rejection_pair,2,0,2,0,228,336961,140000
mdgo_v11_probe_000600,mdgo_v05_fin_user_0014,finance,reference_case_reconstruction,3,1,2,121,344,339699,140000
mdgo_v11_probe_000601,mdgo_v05_sof_user_0000,software,triple_asof_interleaved,3,0,3,0,239,311624,140000
mdgo_v11_probe_000602,mdgo_v05_fin_user_0025,finance,reference_case_reconstruction,3,1,2,120,344,338920,140000
mdgo_v11_probe_000603,mdgo_v05_sof_user_0001,software,surface_decoy_pair,2,0,2,0,234,322282,140000
mdgo_v11_probe_000604,mdgo_v05_fin_user_0031,finance,dual_asof_reversal,2,0,2,0,224,338178,140000
mdgo_v11_probe_000605,mdgo_v05_fin_user_0025,finance,surface_decoy_pair,2,0,2,0,232,338920,140000
mdgo_v11_probe_000606,mdgo_v05_fin_user_0023,finance,reference_case_reconstruction,3,1,2,122,344,336961,140000
mdgo_v11_probe_000607,mdgo_v05_fin_user_0025,finance,surface_decoy_pair,2,0,2,0,232,338920,140000
mdgo_v11_probe_000608,mdgo_v05_fin_user_0019,finance,reference_case_reconstruction,3,1,2,123,344,338631,140000
mdgo_v11_probe_000609,mdgo_v07_sof_user_0010,software,surface_decoy_pair,2,0,2,0,227,329153,140000
mdgo_v11_probe_000610,mdgo_v05_fin_user_0029,finance,surface_decoy_pair,2,0,2,0,227,332408,140000
mdgo_v11_probe_000611,mdgo_v05_fin_user_0002,finance,surface_decoy_pair,2,0,2,0,225,339141,140000
mdgo_v11_probe_000612,mdgo_v07_sof_user_0009,software,triple_asof_interleaved,3,0,3,0,235,322372,140000
mdgo_v11_probe_000613,mdgo_v07_sof_user_0013,software,surface_decoy_pair,2,0,2,0,245,316556,140000
mdgo_v11_probe_000614,mdgo_v05_fin_user_0026,finance,dual_asof_reversal,2,0,2,0,231,330059,140000
mdgo_v11_probe_000615,mdgo_v05_sof_user_0000,software,triple_asof_interleaved,3,0,3,0,239,311624,140000
mdgo_v11_probe_000616,mdgo_v05_fin_user_0018,finance,scope_temporal_pair,2,0,2,0,227,331045,140000
mdgo_v11_probe_000617,mdgo_v07_sof_user_0016,software,dual_asof_reversal,2,0,2,0,233,324189,140000
mdgo_v11_probe_000618,mdgo_v05_fin_user_0005,finance,surface_decoy_pair,2,0,2,0,231,328129,140000
mdgo_v11_probe_000619,mdgo_v05_fin_user_0012,finance,triple_asof_interleaved,3,0,3,0,224,334218,140000
mdgo_v11_probe_000620,mdgo_v05_fin_user_0026,finance,suggestion_rejection_pair,2,0,2,0,231,330059,140000
mdgo_v11_probe_000621,mdgo_v05_fin_user_0032,finance,provenance_weighted_triple,3,0,3,0,223,342639,140000
mdgo_v11_probe_000622,mdgo_v05_fin_user_0022,finance,surface_decoy_pair,2,0,2,0,219,343225,140000
mdgo_v11_probe_000623,mdgo_v07_sof_user_0017,software,surface_decoy_pair,2,0,2,0,232,325699,140000
mdgo_v11_probe_000624,mdgo_v07_sof_user_0013,software,provenance_weighted_triple,3,0,3,0,245,316556,140000
mdgo_v11_probe_000625,mdgo_v05_fin_user_0026,finance,reference_case_reconstruction,3,1,2,188,413,330059,140000
mdgo_v11_probe_000626,mdgo_v05_fin_user_0030,finance,triple_asof_interleaved,3,0,3,0,220,337818,140000
mdgo_v11_probe_000627,mdgo_v07_sof_user_0010,software,suggestion_rejection_pair,2,0,2,0,227,329153,140000
mdgo_v11_probe_000628,mdgo_v05_fin_user_0023,finance,dual_asof_reversal,2,0,2,0,228,336961,140000
mdgo_v11_probe_000629,mdgo_v05_fin_user_0020,finance,surface_decoy_pair,2,0,2,0,232,328930,140000
mdgo_v11_probe_000630,mdgo_v05_fin_user_0016,finance,surface_decoy_pair,2,0,2,0,225,332320,140000
mdgo_v11_probe_000631,mdgo_v05_fin_user_0018,finance,triple_asof_interleaved,3,0,3,0,227,331045,140000
mdgo_v11_probe_000632,mdgo_v05_fin_user_0011,finance,dual_asof_reversal,2,0,2,0,229,333048,140000
mdgo_v11_probe_000633,mdgo_v05_fin_user_0013,finance,triple_asof_interleaved,3,0,3,0,217,345552,140000
mdgo_v11_probe_000634,mdgo_v05_fin_user_0030,finance,triple_asof_interleaved,3,0,3,0,220,337818,140000
mdgo_v11_probe_000635,mdgo_v05_fin_user_0000,finance,suggestion_rejection_pair,2,0,2,0,227,333457,140000
mdgo_v11_probe_000636,mdgo_v07_sof_user_0017,software,dual_asof_reversal,2,0,2,0,232,325699,140000
mdgo_v11_probe_000637,mdgo_v05_sof_user_0006,software,triple_asof_interleaved,3,0,3,0,233,322287,140000
mdgo_v11_probe_000638,mdgo_v05_sof_user_0007,software,triple_asof_interleaved,3,0,3,0,236,321840,140000
mdgo_v11_probe_000639,mdgo_v05_sof_user_0002,software,surface_decoy_pair,2,0,2,0,237,323038,140000
mdgo_v11_probe_000640,mdgo_v05_fin_user_0012,finance,triple_asof_interleaved,3,0,3,0,224,334218,140000
mdgo_v11_probe_000641,mdgo_v07_sof_user_0010,software,reference_case_reconstruction,3,1,2,187,412,329153,140000
mdgo_v11_probe_000642,mdgo_v05_fin_user_0015,finance,reference_case_reconstruction,3,1,2,122,345,337230,140000
mdgo_v11_probe_000643,mdgo_v05_sof_user_0008,software,triple_asof_interleaved,3,0,3,0,239,318483,140000
mdgo_v11_probe_000644,mdgo_v07_sof_user_0012,software,dual_asof_reversal,2,0,2,0,236,321909,140000
mdgo_v11_probe_000645,mdgo_v05_sof_user_0002,software,surface_decoy_pair,2,0,2,0,237,323038,140000
mdgo_v11_probe_000646,mdgo_v05_fin_user_0034,finance,triple_asof_interleaved,3,0,3,0,221,337663,140000
mdgo_v11_probe_000647,mdgo_v05_fin_user_0008,finance,triple_asof_interleaved,3,0,3,0,229,338243,140000
mdgo_v11_probe_000648,mdgo_v07_sof_user_0013,software,reference_case_reconstruction,3,1,2,109,344,316556,140000
mdgo_v11_probe_000649,mdgo_v05_fin_user_0026,finance,triple_asof_interleaved,3,0,3,0,231,330059,140000
mdgo_v11_probe_000650,mdgo_v05_fin_user_0035,finance,triple_asof_interleaved,3,0,3,0,230,332598,140000
mdgo_v11_probe_000651,mdgo_v05_fin_user_0007,finance,suggestion_rejection_pair,2,0,2,0,227,337224,140000
mdgo_v11_probe_000652,mdgo_v05_fin_user_0017,finance,triple_asof_interleaved,3,0,3,0,217,341010,140000
mdgo_v11_probe_000653,mdgo_v05_fin_user_0008,finance,reference_case_reconstruction,3,1,2,195,412,338243,140000
mdgo_v11_probe_000654,mdgo_v05_fin_user_0003,finance,dual_asof_reversal,2,0,2,0,230,331924,140000
mdgo_v11_probe_000655,mdgo_v05_sof_user_0002,software,suggestion_rejection_pair,2,0,2,0,237,323038,140000
mdgo_v11_probe_000656,mdgo_v05_sof_user_0008,software,dual_asof_reversal,2,0,2,0,239,318483,140000
mdgo_v11_probe_000657,mdgo_v05_fin_user_0003,finance,reference_case_reconstruction,3,1,2,187,412,331924,140000
mdgo_v11_probe_000658,mdgo_v05_fin_user_0023,finance,triple_asof_interleaved,3,0,3,0,228,336961,140000
mdgo_v11_probe_000659,mdgo_v07_sof_user_0012,software,scope_temporal_pair,2,0,2,0,236,321909,140000
mdgo_v11_probe_000660,mdgo_v05_fin_user_0026,finance,dual_asof_reversal,2,0,2,0,231,330059,140000
mdgo_v11_probe_000661,mdgo_v05_fin_user_0025,finance,surface_decoy_pair,2,0,2,0,232,338920,140000
mdgo_v11_probe_000662,mdgo_v05_fin_user_0035,finance,dual_asof_reversal,2,0,2,0,230,332598,140000
mdgo_v11_probe_000663,mdgo_v05_sof_user_0007,software,reference_case_reconstruction,3,1,2,183,412,321840,140000
mdgo_v11_probe_000664,mdgo_v05_fin_user_0016,finance,dual_asof_reversal,2,0,2,0,225,332320,140000
mdgo_v11_probe_000665,mdgo_v05_fin_user_0031,finance,triple_asof_interleaved,3,0,3,0,224,338178,140000
mdgo_v11_probe_000666,mdgo_v05_fin_user_0005,finance,surface_decoy_pair,2,0,2,0,231,328129,140000
mdgo_v11_probe_000667,mdgo_v05_fin_user_0022,finance,suggestion_rejection_pair,2,0,2,0,219,343225,140000
mdgo_v11_probe_000668,mdgo_v05_sof_user_0000,software,triple_asof_interleaved,3,0,3,0,239,311624,140000
mdgo_v11_probe_000669,mdgo_v05_fin_user_0014,finance,triple_asof_interleaved,3,0,3,0,223,339699,140000
mdgo_v11_probe_000670,mdgo_v07_sof_user_0009,software,dual_asof_reversal,2,0,2,0,235,322372,140000
mdgo_v11_probe_000671,mdgo_v05_sof_user_0001,software,provenance_weighted_triple,3,0,3,0,234,322282,140000
mdgo_v11_probe_000672,mdgo_v05_fin_user_0003,finance,surface_decoy_pair,2,0,2,0,230,331924,140000
mdgo_v11_probe_000673,mdgo_v07_sof_user_0016,software,suggestion_rejection_pair,2,0,2,0,233,324189,140000
mdgo_v11_probe_000674,mdgo_v05_fin_user_0013,finance,reference_case_reconstruction,3,1,2,128,345,345552,140000
mdgo_v11_probe_000675,mdgo_v05_fin_user_0016,finance,triple_asof_interleaved,3,0,3,0,225,332320,140000
mdgo_v11_probe_000676,mdgo_v05_fin_user_0004,finance,provenance_weighted_triple,3,0,3,0,226,332730,140000
mdgo_v11_probe_000677,mdgo_v05_sof_user_0001,software,reference_case_reconstruction,3,1,2,183,412,322282,140000
mdgo_v11_probe_000678,mdgo_v07_sof_user_0009,software,triple_asof_interleaved,3,0,3,0,235,322372,140000
mdgo_v11_probe_000679,mdgo_v07_sof_user_0013,software,suggestion_rejection_pair,2,0,2,0,245,316556,140000
mdgo_v11_probe_000680,mdgo_v05_fin_user_0030,finance,surface_decoy_pair,2,0,2,0,220,337818,140000
mdgo_v11_probe_000681,mdgo_v05_fin_user_0018,finance,dual_asof_reversal,2,0,2,0,227,331045,140000
mdgo_v11_probe_000682,mdgo_v05_sof_user_0002,software,reference_case_reconstruction,3,1,2,112,344,323038,140000
mdgo_v11_probe_000683,mdgo_v05_fin_user_0002,finance,suggestion_rejection_pair,2,0,2,0,225,339141,140000
mdgo_v11_probe_000684,mdgo_v05_fin_user_0005,finance,suggestion_rejection_pair,2,0,2,0,231,328129,140000
mdgo_v11_probe_000685,mdgo_v05_fin_user_0008,finance,surface_decoy_pair,2,0,2,0,229,338243,140000
mdgo_v11_probe_000686,mdgo_v05_fin_user_0026,finance,suggestion_rejection_pair,2,0,2,0,231,330059,140000
mdgo_v11_probe_000687,mdgo_v07_sof_user_0013,software,triple_asof_interleaved,3,0,3,0,245,316556,140000
mdgo_v11_probe_000688,mdgo_v05_fin_user_0031,finance,triple_asof_interleaved,3,0,3,0,224,338178,140000
mdgo_v11_probe_000689,mdgo_v07_sof_user_0009,software,dual_asof_reversal,2,0,2,0,235,322372,140000
mdgo_v11_probe_000690,mdgo_v05_sof_user_0005,software,triple_asof_interleaved,3,0,3,0,239,318937,140000
mdgo_v11_probe_000691,mdgo_v07_sof_user_0010,software,dual_asof_reversal,2,0,2,0,227,329153,140000
mdgo_v11_probe_000692,mdgo_v05_sof_user_0001,software,surface_decoy_pair,2,0,2,0,234,322282,140000
mdgo_v11_probe_000693,mdgo_v05_fin_user_0001,finance,scope_temporal_pair,2,0,2,0,226,338269,140000
mdgo_v11_probe_000694,mdgo_v05_fin_user_0015,finance,triple_asof_interleaved,3,0,3,0,222,337230,140000
mdgo_v11_probe_000695,mdgo_v05_sof_user_0004,software,scope_temporal_pair,2,0,2,0,236,322411,140000
mdgo_v11_probe_000696,mdgo_v05_fin_user_0016,finance,dual_asof_reversal,2,0,2,0,225,332320,140000
mdgo_v11_probe_000697,mdgo_v05_sof_user_0000,software,surface_decoy_pair,2,0,2,0,239,311624,140000
mdgo_v11_probe_000698,mdgo_v05_fin_user_0016,finance,surface_decoy_pair,2,0,2,0,225,332320,140000
mdgo_v11_probe_000699,mdgo_v05_fin_user_0024,finance,reference_case_reconstruction,3,1,2,199,412,340270,140000
mdgo_v11_probe_000700,mdgo_v05_fin_user_0023,finance,suggestion_rejection_pair,2,0,2,0,228,336961,140000
mdgo_v11_probe_000701,mdgo_v05_sof_user_0003,software,triple_asof_interleaved,3,0,3,0,242,314399,140000
mdgo_v11_probe_000702,mdgo_v05_fin_user_0025,finance,surface_decoy_pair,2,0,2,0,232,338920,140000
mdgo_v11_probe_000703,mdgo_v05_fin_user_0030,finance,dual_asof_reversal,2,0,2,0,220,337818,140000
mdgo_v11_probe_000704,mdgo_v07_sof_user_0010,software,dual_asof_reversal,2,0,2,0,227,329153,140000
mdgo_v11_probe_000705,mdgo_v05_fin_user_0027,finance,dual_asof_reversal,2,0,2,0,220,342331,140000
mdgo_v11_probe_000706,mdgo_v05_fin_user_0008,finance,reference_case_reconstruction,3,1,2,122,344,338243,140000
mdgo_v11_probe_000707,mdgo_v05_sof_user_0006,software,dual_asof_reversal,2,0,2,0,233,322287,140000
mdgo_v11_probe_000708,mdgo_v07_sof_user_0014,software,suggestion_rejection_pair,2,0,2,0,231,326919,140000
mdgo_v11_probe_000709,mdgo_v05_fin_user_0015,finance,reference_case_reconstruction,3,1,2,189,412,337230,140000
mdgo_v11_probe_000710,mdgo_v05_fin_user_0033,finance,reference_case_reconstruction,3,1,2,120,344,330817,140000
mdgo_v11_probe_000711,mdgo_v05_fin_user_0025,finance,reference_case_reconstruction,3,1,2,195,412,338920,140000
mdgo_v11_probe_000712,mdgo_v05_fin_user_0023,finance,surface_decoy_pair,2,0,2,0,228,336961,140000
mdgo_v11_probe_000713,mdgo_v05_fin_user_0032,finance,surface_decoy_pair,2,0,2,0,223,342639,140000
mdgo_v11_probe_000714,mdgo_v05_fin_user_0019,finance,dual_asof_reversal,2,0,2,0,225,338631,140000
mdgo_v11_probe_000715,mdgo_v05_fin_user_0002,finance,triple_asof_interleaved,3,0,3,0,225,339141,140000
mdgo_v11_probe_000716,mdgo_v05_fin_user_0005,finance,dual_asof_reversal,2,0,2,0,231,328129,140000
mdgo_v11_probe_000717,mdgo_v05_fin_user_0022,finance,surface_decoy_pair,2,0,2,0,219,343225,140000
mdgo_v11_probe_000718,mdgo_v05_sof_user_0003,software,suggestion_rejection_pair,2,0,2,0,242,314399,140000
mdgo_v11_probe_000719,mdgo_v05_fin_user_0023,finance,triple_asof_interleaved,3,0,3,0,228,336961,140000
mdgo_v11_probe_000720,mdgo_v07_sof_user_0015,software,suggestion_rejection_pair,2,0,2,0,242,313659,140000
mdgo_v11_probe_000721,mdgo_v05_sof_user_0005,software,triple_asof_interleaved,3,0,3,0,239,318937,140000
mdgo_v11_probe_000722,mdgo_v07_sof_user_0011,software,reference_case_reconstruction,3,1,2,112,344,325058,140000
mdgo_v11_probe_000723,mdgo_v05_fin_user_0026,finance,suggestion_rejection_pair,2,0,2,0,231,330059,140000
mdgo_v11_probe_000724,mdgo_v05_fin_user_0012,finance,surface_decoy_pair,2,0,2,0,224,334218,140000
mdgo_v11_probe_000725,mdgo_v05_fin_user_0035,finance,reference_case_reconstruction,3,1,2,189,412,332598,140000
mdgo_v11_probe_000726,mdgo_v05_sof_user_0000,software,surface_decoy_pair,2,0,2,0,239,311624,140000
mdgo_v11_probe_000727,mdgo_v05_fin_user_0015,finance,triple_asof_interleaved,3,0,3,0,222,337230,140000
mdgo_v11_probe_000728,mdgo_v05_fin_user_0035,finance,dual_asof_reversal,2,0,2,0,230,332598,140000
mdgo_v11_probe_000729,mdgo_v07_sof_user_0011,software,reference_case_reconstruction,3,1,2,187,412,325058,140000
mdgo_v11_probe_000730,mdgo_v05_fin_user_0021,finance,reference_case_reconstruction,3,1,2,121,344,333807,140000
mdgo_v11_probe_000731,mdgo_v05_fin_user_0002,finance,surface_decoy_pair,2,0,2,0,225,339141,140000
mdgo_v11_probe_000732,mdgo_v05_fin_user_0010,finance,triple_asof_interleaved,3,0,3,0,230,335012,140000
mdgo_v11_probe_000733,mdgo_v07_sof_user_0009,software,provenance_weighted_triple,3,0,3,0,235,322372,140000
mdgo_v11_probe_000734,mdgo_v05_fin_user_0011,finance,triple_asof_interleaved,3,0,3,0,229,333048,140000
mdgo_v11_probe_000735,mdgo_v05_fin_user_0021,finance,dual_asof_reversal,2,0,2,0,232,333807,140000
mdgo_v11_probe_000736,mdgo_v05_fin_user_0009,finance,scope_temporal_pair,2,0,2,0,216,341182,140000
mdgo_v11_probe_000737,mdgo_v05_fin_user_0008,finance,surface_decoy_pair,2,0,2,0,229,338243,140000
mdgo_v11_probe_000738,mdgo_v05_fin_user_0030,finance,dual_asof_reversal,2,0,2,0,220,337818,140000
mdgo_v11_probe_000739,mdgo_v05_fin_user_0030,finance,reference_case_reconstruction,3,1,2,193,412,337818,140000
mdgo_v11_probe_000740,mdgo_v05_fin_user_0018,finance,surface_decoy_pair,2,0,2,0,227,331045,140000
mdgo_v11_probe_000741,mdgo_v07_sof_user_0016,software,surface_decoy_pair,2,0,2,0,233,324189,140000
mdgo_v11_probe_000742,mdgo_v05_sof_user_0005,software,triple_asof_interleaved,3,0,3,0,239,318937,140000
mdgo_v11_probe_000743,mdgo_v05_sof_user_0003,software,suggestion_rejection_pair,2,0,2,0,242,314399,140000
mdgo_v11_probe_000744,mdgo_v05_fin_user_0022,finance,scope_temporal_pair,2,0,2,0,219,343225,140000
mdgo_v11_probe_000745,mdgo_v05_fin_user_0011,finance,dual_asof_reversal,2,0,2,0,229,333048,140000
mdgo_v11_probe_000746,mdgo_v05_fin_user_0025,finance,scope_temporal_pair,2,0,2,0,232,338920,140000
mdgo_v11_probe_000747,mdgo_v05_sof_user_0001,software,triple_asof_interleaved,3,0,3,0,234,322282,140000
mdgo_v11_probe_000748,mdgo_v07_sof_user_0009,software,surface_decoy_pair,2,0,2,0,235,322372,140000
mdgo_v11_probe_000749,mdgo_v05_fin_user_0020,finance,triple_asof_interleaved,3,0,3,0,232,328930,140000
mdgo_v11_probe_000750,mdgo_v05_sof_user_0000,software,surface_decoy_pair,2,0,2,0,239,311624,140000
mdgo_v11_probe_000751,mdgo_v05_fin_user_0016,finance,suggestion_rejection_pair,2,0,2,0,225,332320,140000
mdgo_v11_probe_000752,mdgo_v05_fin_user_0019,finance,suggestion_rejection_pair,2,0,2,0,225,338631,140000
mdgo_v11_probe_000753,mdgo_v05_sof_user_0005,software,suggestion_rejection_pair,2,0,2,0,239,318937,140000
mdgo_v11_probe_000754,mdgo_v05_fin_user_0021,finance,surface_decoy_pair,2,0,2,0,232,333807,140000
mdgo_v11_probe_000755,mdgo_v05_fin_user_0030,finance,triple_asof_interleaved,3,0,3,0,220,337818,140000
mdgo_v11_probe_000756,mdgo_v05_sof_user_0000,software,reference_case_reconstruction,3,1,2,104,344,311624,140000
mdgo_v11_probe_000757,mdgo_v05_fin_user_0026,finance,scope_temporal_pair,2,0,2,0,231,330059,140000
mdgo_v11_probe_000758,mdgo_v05_sof_user_0004,software,reference_case_reconstruction,3,1,2,117,344,322411,140000
mdgo_v11_probe_000759,mdgo_v05_fin_user_0027,finance,reference_case_reconstruction,3,1,2,196,412,342331,140000
mdgo_v11_probe_000760,mdgo_v07_sof_user_0015,software,reference_case_reconstruction,3,1,2,112,345,313659,140000
mdgo_v11_probe_000761,mdgo_v05_fin_user_0033,finance,provenance_weighted_triple,3,0,3,0,230,330817,140000
mdgo_v11_probe_000762,mdgo_v05_fin_user_0016,finance,dual_asof_reversal,2,0,2,0,225,332320,140000
mdgo_v11_probe_000763,mdgo_v07_sof_user_0015,software,dual_asof_reversal,2,0,2,0,242,313659,140000
mdgo_v11_probe_000764,mdgo_v05_fin_user_0035,finance,surface_decoy_pair,2,0,2,0,230,332598,140000
mdgo_v11_probe_000765,mdgo_v05_fin_user_0029,finance,suggestion_rejection_pair,2,0,2,0,227,332408,140000
mdgo_v11_probe_000766,mdgo_v05_fin_user_0033,finance,reference_case_reconstruction,3,1,2,120,344,330817,140000
mdgo_v11_probe_000767,mdgo_v05_sof_user_0002,software,reference_case_reconstruction,3,1,2,180,412,323038,140000
mdgo_v11_probe_000768,mdgo_v05_fin_user_0012,finance,dual_asof_reversal,2,0,2,0,224,334218,140000
mdgo_v11_probe_000769,mdgo_v05_fin_user_0031,finance,triple_asof_interleaved,3,0,3,0,224,338178,140000
mdgo_v11_probe_000770,mdgo_v05_fin_user_0017,finance,surface_decoy_pair,2,0,2,0,217,341010,140000
mdgo_v11_probe_000771,mdgo_v05_fin_user_0033,finance,surface_decoy_pair,2,0,2,0,230,330817,140000
mdgo_v11_probe_000772,mdgo_v05_sof_user_0007,software,reference_case_reconstruction,3,1,2,115,344,321840,140000
mdgo_v11_probe_000773,mdgo_v05_fin_user_0006,finance,triple_asof_interleaved,3,0,3,0,224,336433,140000
mdgo_v11_probe_000774,mdgo_v05_fin_user_0002,finance,dual_asof_reversal,2,0,2,0,225,339141,140000
mdgo_v11_probe_000775,mdgo_v05_fin_user_0016,finance,triple_asof_interleaved,3,0,3,0,225,332320,140000
mdgo_v11_probe_000776,mdgo_v05_fin_user_0014,finance,suggestion_rejection_pair,2,0,2,0,223,339699,140000
mdgo_v11_probe_000777,mdgo_v05_fin_user_0011,finance,provenance_weighted_triple,3,0,3,0,229,333048,140000
mdgo_v11_probe_000778,mdgo_v05_fin_user_0022,finance,provenance_weighted_triple,3,0,3,0,219,343225,140000
mdgo_v11_probe_000779,mdgo_v05_fin_user_0018,finance,reference_case_reconstruction,3,1,2,186,412,331045,140000
mdgo_v11_probe_000780,mdgo_v07_sof_user_0009,software,dual_asof_reversal,2,0,2,0,235,322372,140000
mdgo_v11_probe_000781,mdgo_v05_fin_user_0002,finance,provenance_weighted_triple,3,0,3,0,225,339141,140000
mdgo_v11_probe_000782,mdgo_v05_sof_user_0001,software,reference_case_reconstruction,3,1,2,116,344,322282,140000
mdgo_v11_probe_000783,mdgo_v07_sof_user_0017,software,suggestion_rejection_pair,2,0,2,0,232,325699,140000
mdgo_v11_probe_000784,mdgo_v05_sof_user_0006,software,reference_case_reconstruction,3,1,2,117,345,322287,140000
mdgo_v11_probe_000785,mdgo_v05_fin_user_0007,finance,surface_decoy_pair,2,0,2,0,227,337224,140000
mdgo_v11_probe_000786,mdgo_v05_fin_user_0021,finance,surface_decoy_pair,2,0,2,0,232,333807,140000
mdgo_v11_probe_000787,mdgo_v05_fin_user_0006,finance,dual_asof_reversal,2,0,2,0,224,336433,140000
mdgo_v11_probe_000788,mdgo_v05_fin_user_0034,finance,triple_asof_interleaved,3,0,3,0,221,337663,140000
mdgo_v11_probe_000789,mdgo_v05_sof_user_0008,software,scope_temporal_pair,2,0,2,0,239,318483,140000
mdgo_v11_probe_000790,mdgo_v05_fin_user_0032,finance,provenance_weighted_triple,3,0,3,0,223,342639,140000
mdgo_v11_probe_000791,mdgo_v05_fin_user_0012,finance,reference_case_reconstruction,3,1,2,194,413,334218,140000
mdgo_v11_probe_000792,mdgo_v07_sof_user_0015,software,triple_asof_interleaved,3,0,3,0,242,313659,140000
mdgo_v11_probe_000793,mdgo_v05_fin_user_0017,finance,triple_asof_interleaved,3,0,3,0,217,341010,140000
mdgo_v11_probe_000794,mdgo_v05_fin_user_0014,finance,suggestion_rejection_pair,2,0,2,0,223,339699,140000
mdgo_v11_probe_000795,mdgo_v05_fin_user_0028,finance,dual_asof_reversal,2,0,2,0,219,335276,140000
mdgo_v11_probe_000796,mdgo_v05_fin_user_0021,finance,reference_case_reconstruction,3,1,2,121,344,333807,140000
mdgo_v11_probe_000797,mdgo_v07_sof_user_0012,software,dual_asof_reversal,2,0,2,0,236,321909,140000
mdgo_v11_probe_000798,mdgo_v07_sof_user_0016,software,surface_decoy_pair,2,0,2,0,233,324189,140000
mdgo_v11_probe_000799,mdgo_v05_fin_user_0013,finance,reference_case_reconstruction,3,1,2,197,412,345552,140000
mdgo_v11_probe_000800,mdgo_v05_fin_user_0027,finance,surface_decoy_pair,2,0,2,0,220,342331,140000
mdgo_v11_probe_000801,mdgo_v07_sof_user_0016,software,reference_case_reconstruction,3,1,2,187,412,324189,140000
mdgo_v11_probe_000802,mdgo_v05_sof_user_0002,software,reference_case_reconstruction,3,1,2,112,344,323038,140000
mdgo_v11_probe_000803,mdgo_v05_fin_user_0000,finance,reference_case_reconstruction,3,1,2,191,412,333457,140000
mdgo_v11_probe_000804,mdgo_v05_fin_user_0024,finance,reference_case_reconstruction,3,1,2,122,344,340270,140000
mdgo_v11_probe_000805,mdgo_v05_fin_user_0013,finance,triple_asof_interleaved,3,0,3,0,217,345552,140000
mdgo_v11_probe_000806,mdgo_v05_sof_user_0004,software,surface_decoy_pair,2,0,2,0,236,322411,140000
mdgo_v11_probe_000807,mdgo_v05_sof_user_0002,software,triple_asof_interleaved,3,0,3,0,237,323038,140000
mdgo_v11_probe_000808,mdgo_v05_sof_user_0002,software,triple_asof_interleaved,3,0,3,0,237,323038,140000
mdgo_v11_probe_000809,mdgo_v05_fin_user_0030,finance,triple_asof_interleaved,3,0,3,0,220,337818,140000
mdgo_v11_probe_000810,mdgo_v05_sof_user_0003,software,triple_asof_interleaved,3,0,3,0,242,314399,140000
mdgo_v11_probe_000811,mdgo_v07_sof_user_0017,software,reference_case_reconstruction,3,1,2,183,412,325699,140000
mdgo_v11_probe_000812,mdgo_v05_sof_user_0002,software,suggestion_rejection_pair,2,0,2,0,237,323038,140000
mdgo_v11_probe_000813,mdgo_v05_fin_user_0015,finance,provenance_weighted_triple,3,0,3,0,222,337230,140000
mdgo_v11_probe_000814,mdgo_v05_sof_user_0001,software,surface_decoy_pair,2,0,2,0,234,322282,140000
mdgo_v11_probe_000815,mdgo_v05_fin_user_0006,finance,suggestion_rejection_pair,2,0,2,0,224,336433,140000
mdgo_v11_probe_000816,mdgo_v05_fin_user_0020,finance,provenance_weighted_triple,3,0,3,0,232,328930,140000
mdgo_v11_probe_000817,mdgo_v05_sof_user_0003,software,dual_asof_reversal,2,0,2,0,242,314399,140000
mdgo_v11_probe_000818,mdgo_v05_sof_user_0007,software,suggestion_rejection_pair,2,0,2,0,236,321840,140000
mdgo_v11_probe_000819,mdgo_v05_fin_user_0010,finance,suggestion_rejection_pair,2,0,2,0,230,335012,140000
mdgo_v11_probe_000820,mdgo_v05_fin_user_0015,finance,triple_asof_interleaved,3,0,3,0,222,337230,140000
mdgo_v11_probe_000821,mdgo_v05_sof_user_0006,software,reference_case_reconstruction,3,1,2,182,412,322287,140000
mdgo_v11_probe_000822,mdgo_v07_sof_user_0010,software,reference_case_reconstruction,3,1,2,121,344,329153,140000
mdgo_v11_probe_000823,mdgo_v05_sof_user_0004,software,reference_case_reconstruction,3,1,2,182,413,322411,140000
mdgo_v11_probe_000824,mdgo_v05_fin_user_0000,finance,triple_asof_interleaved,3,0,3,0,227,333457,140000
mdgo_v11_probe_000825,mdgo_v05_fin_user_0010,finance,dual_asof_reversal,2,0,2,0,230,335012,140000
mdgo_v11_probe_000826,mdgo_v05_fin_user_0011,finance,dual_asof_reversal,2,0,2,0,229,333048,140000
mdgo_v11_probe_000827,mdgo_v05_fin_user_0028,finance,surface_decoy_pair,2,0,2,0,219,335276,140000
mdgo_v11_probe_000828,mdgo_v05_fin_user_0027,finance,reference_case_reconstruction,3,1,2,129,344,342331,140000
mdgo_v11_probe_000829,mdgo_v05_fin_user_0008,finance,suggestion_rejection_pair,2,0,2,0,229,338243,140000
mdgo_v11_probe_000830,mdgo_v05_fin_user_0015,finance,surface_decoy_pair,2,0,2,0,222,337230,140000
mdgo_v11_probe_000831,mdgo_v05_fin_user_0003,finance,triple_asof_interleaved,3,0,3,0,230,331924,140000
mdgo_v11_probe_000832,mdgo_v05_fin_user_0013,finance,dual_asof_reversal,2,0,2,0,217,345552,140000
mdgo_v11_probe_000833,mdgo_v05_fin_user_0021,finance,surface_decoy_pair,2,0,2,0,232,333807,140000
mdgo_v11_probe_000834,mdgo_v05_fin_user_0032,finance,triple_asof_interleaved,3,0,3,0,223,342639,140000
mdgo_v11_probe_000835,mdgo_v05_sof_user_0004,software,surface_decoy_pair,2,0,2,0,236,322411,140000
mdgo_v11_probe_000836,mdgo_v05_fin_user_0011,finance,scope_temporal_pair,2,0,2,0,229,333048,140000
mdgo_v11_probe_000837,mdgo_v05_fin_user_0010,finance,dual_asof_reversal,2,0,2,0,230,335012,140000
mdgo_v11_probe_000838,mdgo_v07_sof_user_0011,software,surface_decoy_pair,2,0,2,0,238,325058,140000
mdgo_v11_probe_000839,mdgo_v05_fin_user_0026,finance,reference_case_reconstruction,3,1,2,188,413,330059,140000
mdgo_v11_probe_000840,mdgo_v05_fin_user_0018,finance,triple_asof_interleaved,3,0,3,0,227,331045,140000
mdgo_v11_probe_000841,mdgo_v05_fin_user_0035,finance,reference_case_reconstruction,3,1,2,189,412,332598,140000
mdgo_v11_probe_000842,mdgo_v05_sof_user_0008,software,dual_asof_reversal,2,0,2,0,239,318483,140000
mdgo_v11_probe_000843,mdgo_v05_sof_user_0007,software,triple_asof_interleaved,3,0,3,0,236,321840,140000
mdgo_v11_probe_000844,mdgo_v07_sof_user_0014,software,provenance_weighted_triple,3,0,3,0,231,326919,140000
mdgo_v11_probe_000845,mdgo_v05_fin_user_0023,finance,triple_asof_interleaved,3,0,3,0,228,336961,140000
mdgo_v11_probe_000846,mdgo_v05_fin_user_0003,finance,reference_case_reconstruction,3,1,2,121,344,331924,140000
mdgo_v11_probe_000847,mdgo_v05_fin_user_0008,finance,dual_asof_reversal,2,0,2,0,229,338243,140000
mdgo_v11_probe_000848,mdgo_v05_sof_user_0001,software,reference_case_reconstruction,3,1,2,116,344,322282,140000
mdgo_v11_probe_000849,mdgo_v05_fin_user_0007,finance,surface_decoy_pair,2,0,2,0,227,337224,140000
mdgo_v11_probe_000850,mdgo_v05_fin_user_0015,finance,triple_asof_interleaved,3,0,3,0,222,337230,140000
mdgo_v11_probe_000851,mdgo_v05_sof_user_0006,software,triple_asof_interleaved,3,0,3,0,233,322287,140000
mdgo_v11_probe_000852,mdgo_v05_fin_user_0034,finance,suggestion_rejection_pair,2,0,2,0,221,337663,140000
mdgo_v11_probe_000853,mdgo_v05_fin_user_0017,finance,surface_decoy_pair,2,0,2,0,217,341010,140000
mdgo_v11_probe_000854,mdgo_v05_fin_user_0024,finance,surface_decoy_pair,2,0,2,0,226,340270,140000
mdgo_v11_probe_000855,mdgo_v05_fin_user_0010,finance,triple_asof_interleaved,3,0,3,0,230,335012,140000
mdgo_v11_probe_000856,mdgo_v05_fin_user_0025,finance,dual_asof_reversal,2,0,2,0,232,338920,140000
mdgo_v11_probe_000857,mdgo_v05_fin_user_0022,finance,surface_decoy_pair,2,0,2,0,219,343225,140000
mdgo_v11_probe_000858,mdgo_v05_fin_user_0021,finance,reference_case_reconstruction,3,1,2,121,344,333807,140000
mdgo_v11_probe_000859,mdgo_v05_fin_user_0030,finance,triple_asof_interleaved,3,0,3,0,220,337818,140000
mdgo_v11_probe_000860,mdgo_v05_sof_user_0007,software,triple_asof_interleaved,3,0,3,0,236,321840,140000
mdgo_v11_probe_000861,mdgo_v05_sof_user_0008,software,reference_case_reconstruction,3,1,2,185,412,318483,140000
mdgo_v11_probe_000862,mdgo_v05_fin_user_0025,finance,triple_asof_interleaved,3,0,3,0,232,338920,140000
mdgo_v11_probe_000863,mdgo_v05_fin_user_0001,finance,provenance_weighted_triple,3,0,3,0,226,338269,140000
mdgo_v11_probe_000864,mdgo_v05_sof_user_0007,software,triple_asof_interleaved,3,0,3,0,236,321840,140000
mdgo_v11_probe_000865,mdgo_v05_fin_user_0019,finance,triple_asof_interleaved,3,0,3,0,225,338631,140000
mdgo_v11_probe_000866,mdgo_v05_fin_user_0014,finance,triple_asof_interleaved,3,0,3,0,223,339699,140000
mdgo_v11_probe_000867,mdgo_v05_fin_user_0028,finance,surface_decoy_pair,2,0,2,0,219,335276,140000
mdgo_v11_probe_000868,mdgo_v05_sof_user_0005,software,triple_asof_interleaved,3,0,3,0,239,318937,140000
mdgo_v11_probe_000869,mdgo_v05_fin_user_0032,finance,reference_case_reconstruction,3,1,2,200,413,342639,140000
mdgo_v11_probe_000870,mdgo_v05_fin_user_0014,finance,triple_asof_interleaved,3,0,3,0,223,339699,140000
mdgo_v11_probe_000871,mdgo_v05_fin_user_0022,finance,triple_asof_interleaved,3,0,3,0,219,343225,140000
mdgo_v11_probe_000872,mdgo_v05_sof_user_0002,software,surface_decoy_pair,2,0,2,0,237,323038,140000
mdgo_v11_probe_000873,mdgo_v05_sof_user_0008,software,triple_asof_interleaved,3,0,3,0,239,318483,140000
mdgo_v11_probe_000874,mdgo_v05_fin_user_0001,finance,dual_asof_reversal,2,0,2,0,226,338269,140000
mdgo_v11_probe_000875,mdgo_v05_fin_user_0025,finance,scope_temporal_pair,2,0,2,0,232,338920,140000
mdgo_v11_probe_000876,mdgo_v05_fin_user_0003,finance,dual_asof_reversal,2,0,2,0,230,331924,140000
mdgo_v11_probe_000877,mdgo_v05_fin_user_0008,finance,provenance_weighted_triple,3,0,3,0,229,338243,140000
mdgo_v11_probe_000878,mdgo_v05_fin_user_0013,finance,surface_decoy_pair,2,0,2,0,217,345552,140000
mdgo_v11_probe_000879,mdgo_v05_fin_user_0022,finance,surface_decoy_pair,2,0,2,0,219,343225,140000
mdgo_v11_probe_000880,mdgo_v05_fin_user_0005,finance,triple_asof_interleaved,3,0,3,0,231,328129,140000
mdgo_v11_probe_000881,mdgo_v05_fin_user_0003,finance,reference_case_reconstruction,3,1,2,187,412,331924,140000
mdgo_v11_probe_000882,mdgo_v05_fin_user_0007,finance,triple_asof_interleaved,3,0,3,0,227,337224,140000
mdgo_v11_probe_000883,mdgo_v05_sof_user_0000,software,triple_asof_interleaved,3,0,3,0,239,311624,140000
mdgo_v11_probe_000884,mdgo_v05_sof_user_0004,software,reference_case_reconstruction,3,1,2,117,344,322411,140000
mdgo_v11_probe_000885,mdgo_v07_sof_user_0010,software,triple_asof_interleaved,3,0,3,0,227,329153,140000
mdgo_v11_probe_000886,mdgo_v05_fin_user_0032,finance,triple_asof_interleaved,3,0,3,0,223,342639,140000
mdgo_v11_probe_000887,mdgo_v05_sof_user_0005,software,suggestion_rejection_pair,2,0,2,0,239,318937,140000
mdgo_v11_probe_000888,mdgo_v07_sof_user_0010,software,triple_asof_interleaved,3,0,3,0,227,329153,140000
mdgo_v11_probe_000889,mdgo_v05_sof_user_0000,software,triple_asof_interleaved,3,0,3,0,239,311624,140000
mdgo_v11_probe_000890,mdgo_v05_fin_user_0005,finance,provenance_weighted_triple,3,0,3,0,231,328129,140000
mdgo_v11_probe_000891,mdgo_v07_sof_user_0016,software,reference_case_reconstruction,3,1,2,187,412,324189,140000
mdgo_v11_probe_000892,mdgo_v07_sof_user_0012,software,reference_case_reconstruction,3,1,2,115,344,321909,140000
mdgo_v11_probe_000893,mdgo_v05_fin_user_0010,finance,provenance_weighted_triple,3,0,3,0,230,335012,140000
mdgo_v11_probe_000894,mdgo_v05_fin_user_0012,finance,dual_asof_reversal,2,0,2,0,224,334218,140000
mdgo_v11_probe_000895,mdgo_v05_fin_user_0020,finance,surface_decoy_pair,2,0,2,0,232,328930,140000
mdgo_v11_probe_000896,mdgo_v05_fin_user_0019,finance,dual_asof_reversal,2,0,2,0,225,338631,140000
mdgo_v11_probe_000897,mdgo_v05_sof_user_0002,software,dual_asof_reversal,2,0,2,0,237,323038,140000
mdgo_v11_probe_000898,mdgo_v05_fin_user_0031,finance,reference_case_reconstruction,3,1,2,127,344,338178,140000
mdgo_v11_probe_000899,mdgo_v07_sof_user_0017,software,triple_asof_interleaved,3,0,3,0,232,325699,140000
mdgo_v11_probe_000900,mdgo_v05_fin_user_0008,finance,surface_decoy_pair,2,0,2,0,229,338243,140000
mdgo_v11_probe_000901,mdgo_v05_fin_user_0035,finance,triple_asof_interleaved,3,0,3,0,230,332598,140000
mdgo_v11_probe_000902,mdgo_v05_sof_user_0007,software,surface_decoy_pair,2,0,2,0,236,321840,140000
mdgo_v11_probe_000903,mdgo_v05_fin_user_0016,finance,triple_asof_interleaved,3,0,3,0,225,332320,140000
mdgo_v11_probe_000904,mdgo_v05_fin_user_0034,finance,suggestion_rejection_pair,2,0,2,0,221,337663,140000
mdgo_v11_probe_000905,mdgo_v05_fin_user_0013,finance,surface_decoy_pair,2,0,2,0,217,345552,140000
mdgo_v11_probe_000906,mdgo_v07_sof_user_0016,software,dual_asof_reversal,2,0,2,0,233,324189,140000
mdgo_v11_probe_000907,mdgo_v05_sof_user_0000,software,triple_asof_interleaved,3,0,3,0,239,311624,140000
mdgo_v11_probe_000908,mdgo_v07_sof_user_0015,software,triple_asof_interleaved,3,0,3,0,242,313659,140000
mdgo_v11_probe_000909,mdgo_v05_fin_user_0022,finance,reference_case_reconstruction,3,1,2,195,412,343225,140000
mdgo_v11_probe_000910,mdgo_v07_sof_user_0017,software,suggestion_rejection_pair,2,0,2,0,232,325699,140000
mdgo_v11_probe_000911,mdgo_v05_fin_user_0008,finance,suggestion_rejection_pair,2,0,2,0,229,338243,140000
mdgo_v11_probe_000912,mdgo_v07_sof_user_0017,software,dual_asof_reversal,2,0,2,0,232,325699,140000
mdgo_v11_probe_000913,mdgo_v07_sof_user_0010,software,triple_asof_interleaved,3,0,3,0,227,329153,140000
mdgo_v11_probe_000914,mdgo_v05_sof_user_0004,software,triple_asof_interleaved,3,0,3,0,236,322411,140000
mdgo_v11_probe_000915,mdgo_v07_sof_user_0015,software,scope_temporal_pair,2,0,2,0,242,313659,140000
mdgo_v11_probe_000916,mdgo_v05_sof_user_0002,software,dual_asof_reversal,2,0,2,0,237,323038,140000
mdgo_v11_probe_000917,mdgo_v05_fin_user_0021,finance,suggestion_rejection_pair,2,0,2,0,232,333807,140000
mdgo_v11_probe_000918,mdgo_v05_fin_user_0019,finance,suggestion_rejection_pair,2,0,2,0,225,338631,140000
mdgo_v11_probe_000919,mdgo_v05_sof_user_0004,software,provenance_weighted_triple,3,0,3,0,236,322411,140000
mdgo_v11_probe_000920,mdgo_v05_fin_user_0012,finance,triple_asof_interleaved,3,0,3,0,224,334218,140000
mdgo_v11_probe_000921,mdgo_v05_fin_user_0014,finance,dual_asof_reversal,2,0,2,0,223,339699,140000
mdgo_v11_probe_000922,mdgo_v05_fin_user_0001,finance,triple_asof_interleaved,3,0,3,0,226,338269,140000
mdgo_v11_probe_000923,mdgo_v05_sof_user_0000,software,triple_asof_interleaved,3,0,3,0,239,311624,140000
mdgo_v11_probe_000924,mdgo_v05_sof_user_0001,software,surface_decoy_pair,2,0,2,0,234,322282,140000
mdgo_v11_probe_000925,mdgo_v05_fin_user_0005,finance,dual_asof_reversal,2,0,2,0,231,328129,140000
mdgo_v11_probe_000926,mdgo_v05_fin_user_0006,finance,triple_asof_interleaved,3,0,3,0,224,336433,140000
mdgo_v11_probe_000927,mdgo_v05_fin_user_0021,finance,dual_asof_reversal,2,0,2,0,232,333807,140000
mdgo_v11_probe_000928,mdgo_v05_sof_user_0003,software,suggestion_rejection_pair,2,0,2,0,242,314399,140000
mdgo_v11_probe_000929,mdgo_v05_fin_user_0014,finance,dual_asof_reversal,2,0,2,0,223,339699,140000
mdgo_v11_probe_000930,mdgo_v05_fin_user_0017,finance,reference_case_reconstruction,3,1,2,123,344,341010,140000
mdgo_v11_probe_000931,mdgo_v05_sof_user_0005,software,surface_decoy_pair,2,0,2,0,239,318937,140000
mdgo_v11_probe_000932,mdgo_v05_fin_user_0024,finance,triple_asof_interleaved,3,0,3,0,226,340270,140000
mdgo_v11_probe_000933,mdgo_v07_sof_user_0016,software,reference_case_reconstruction,3,1,2,187,412,324189,140000
mdgo_v11_probe_000934,mdgo_v05_fin_user_0031,finance,suggestion_rejection_pair,2,0,2,0,224,338178,140000
mdgo_v11_probe_000935,mdgo_v05_fin_user_0012,finance,provenance_weighted_triple,3,0,3,0,224,334218,140000
mdgo_v11_probe_000936,mdgo_v07_sof_user_0017,software,triple_asof_interleaved,3,0,3,0,232,325699,140000
mdgo_v11_probe_000937,mdgo_v05_fin_user_0033,finance,dual_asof_reversal,2,0,2,0,230,330817,140000
mdgo_v11_probe_000938,mdgo_v07_sof_user_0016,software,surface_decoy_pair,2,0,2,0,233,324189,140000
mdgo_v11_probe_000939,mdgo_v05_fin_user_0009,finance,dual_asof_reversal,2,0,2,0,216,341182,140000
mdgo_v11_probe_000940,mdgo_v05_fin_user_0035,finance,provenance_weighted_triple,3,0,3,0,230,332598,140000
mdgo_v11_probe_000941,mdgo_v05_fin_user_0004,finance,reference_case_reconstruction,3,1,2,191,412,332730,140000
mdgo_v11_probe_000942,mdgo_v05_fin_user_0035,finance,dual_asof_reversal,2,0,2,0,230,332598,140000
mdgo_v11_probe_000943,mdgo_v05_fin_user_0034,finance,surface_decoy_pair,2,0,2,0,221,337663,140000
mdgo_v11_probe_000944,mdgo_v07_sof_user_0014,software,reference_case_reconstruction,3,1,2,115,344,326919,140000
mdgo_v11_probe_000945,mdgo_v07_sof_user_0013,software,surface_decoy_pair,2,0,2,0,245,316556,140000
mdgo_v11_probe_000946,mdgo_v07_sof_user_0015,software,surface_decoy_pair,2,0,2,0,242,313659,140000
mdgo_v11_probe_000947,mdgo_v05_fin_user_0034,finance,surface_decoy_pair,2,0,2,0,221,337663,140000
mdgo_v11_probe_000948,mdgo_v05_fin_user_0010,finance,suggestion_rejection_pair,2,0,2,0,230,335012,140000
mdgo_v11_probe_000949,mdgo_v05_sof_user_0004,software,triple_asof_interleaved,3,0,3,0,236,322411,140000
mdgo_v11_probe_000950,mdgo_v05_fin_user_0022,finance,reference_case_reconstruction,3,1,2,128,344,343225,140000
mdgo_v11_probe_000951,mdgo_v05_fin_user_0008,finance,reference_case_reconstruction,3,1,2,195,412,338243,140000
mdgo_v11_probe_000952,mdgo_v07_sof_user_0017,software,dual_asof_reversal,2,0,2,0,232,325699,140000
mdgo_v11_probe_000953,mdgo_v05_fin_user_0012,finance,triple_asof_interleaved,3,0,3,0,224,334218,140000
mdgo_v11_probe_000954,mdgo_v05_fin_user_0015,finance,triple_asof_interleaved,3,0,3,0,222,337230,140000
mdgo_v11_probe_000955,mdgo_v05_fin_user_0025,finance,surface_decoy_pair,2,0,2,0,232,338920,140000
mdgo_v11_probe_000956,mdgo_v05_fin_user_0019,finance,dual_asof_reversal,2,0,2,0,225,338631,140000
mdgo_v11_probe_000957,mdgo_v05_fin_user_0001,finance,reference_case_reconstruction,3,1,2,195,412,338269,140000
mdgo_v11_probe_000958,mdgo_v05_sof_user_0004,software,reference_case_reconstruction,3,1,2,117,344,322411,140000
mdgo_v11_probe_000959,mdgo_v05_fin_user_0012,finance,reference_case_reconstruction,3,1,2,194,413,334218,140000
mdgo_v11_probe_000960,mdgo_v05_fin_user_0029,finance,dual_asof_reversal,2,0,2,0,227,332408,140000
mdgo_v11_probe_000961,mdgo_v07_sof_user_0014,software,suggestion_rejection_pair,2,0,2,0,231,326919,140000
mdgo_v11_probe_000962,mdgo_v05_fin_user_0022,finance,dual_asof_reversal,2,0,2,0,219,343225,140000
mdgo_v11_probe_000963,mdgo_v07_sof_user_0017,software,dual_asof_reversal,2,0,2,0,232,325699,140000
mdgo_v11_probe_000964,mdgo_v05_fin_user_0022,finance,surface_decoy_pair,2,0,2,0,219,343225,140000
mdgo_v11_probe_000965,mdgo_v05_fin_user_0010,finance,reference_case_reconstruction,3,1,2,192,412,335012,140000
mdgo_v11_probe_000966,mdgo_v05_fin_user_0025,finance,dual_asof_reversal,2,0,2,0,232,338920,140000
mdgo_v11_probe_000967,mdgo_v05_fin_user_0007,finance,surface_decoy_pair,2,0,2,0,227,337224,140000
mdgo_v11_probe_000968,mdgo_v05_sof_user_0005,software,surface_decoy_pair,2,0,2,0,239,318937,140000
mdgo_v11_probe_000969,mdgo_v05_fin_user_0017,finance,provenance_weighted_triple,3,0,3,0,217,341010,140000
mdgo_v11_probe_000970,mdgo_v07_sof_user_0012,software,triple_asof_interleaved,3,0,3,0,236,321909,140000
mdgo_v11_probe_000971,mdgo_v07_sof_user_0009,software,surface_decoy_pair,2,0,2,0,235,322372,140000
mdgo_v11_probe_000972,mdgo_v05_fin_user_0003,finance,provenance_weighted_triple,3,0,3,0,230,331924,140000
mdgo_v11_probe_000973,mdgo_v05_sof_user_0007,software,triple_asof_interleaved,3,0,3,0,236,321840,140000
mdgo_v11_probe_000974,mdgo_v05_fin_user_0000,finance,triple_asof_interleaved,3,0,3,0,227,333457,140000
mdgo_v11_probe_000975,mdgo_v05_fin_user_0004,finance,suggestion_rejection_pair,2,0,2,0,226,332730,140000
mdgo_v11_probe_000976,mdgo_v05_fin_user_0003,finance,surface_decoy_pair,2,0,2,0,230,331924,140000
mdgo_v11_probe_000977,mdgo_v05_fin_user_0011,finance,provenance_weighted_triple,3,0,3,0,229,333048,140000
mdgo_v11_probe_000978,mdgo_v07_sof_user_0015,software,suggestion_rejection_pair,2,0,2,0,242,313659,140000
mdgo_v11_probe_000979,mdgo_v05_fin_user_0010,finance,reference_case_reconstruction,3,1,2,192,412,335012,140000
mdgo_v11_probe_000980,mdgo_v07_sof_user_0012,software,suggestion_rejection_pair,2,0,2,0,236,321909,140000
mdgo_v11_probe_000981,mdgo_v05_fin_user_0032,finance,surface_decoy_pair,2,0,2,0,223,342639,140000
mdgo_v11_probe_000982,mdgo_v05_fin_user_0012,finance,suggestion_rejection_pair,2,0,2,0,224,334218,140000
mdgo_v11_probe_000983,mdgo_v05_fin_user_0016,finance,dual_asof_reversal,2,0,2,0,225,332320,140000
mdgo_v11_probe_000984,mdgo_v05_fin_user_0000,finance,surface_decoy_pair,2,0,2,0,227,333457,140000
mdgo_v11_probe_000985,mdgo_v05_fin_user_0006,finance,surface_decoy_pair,2,0,2,0,224,336433,140000
mdgo_v11_probe_000986,mdgo_v07_sof_user_0011,software,dual_asof_reversal,2,0,2,0,238,325058,140000
mdgo_v11_probe_000987,mdgo_v05_fin_user_0012,finance,dual_asof_reversal,2,0,2,0,224,334218,140000
mdgo_v11_probe_000988,mdgo_v05_fin_user_0023,finance,suggestion_rejection_pair,2,0,2,0,228,336961,140000
mdgo_v11_probe_000989,mdgo_v05_fin_user_0022,finance,dual_asof_reversal,2,0,2,0,219,343225,140000
mdgo_v11_probe_000990,mdgo_v05_sof_user_0004,software,reference_case_reconstruction,3,1,2,117,344,322411,140000
mdgo_v11_probe_000991,mdgo_v07_sof_user_0012,software,triple_asof_interleaved,3,0,3,0,236,321909,140000
mdgo_v11_probe_000992,mdgo_v07_sof_user_0010,software,suggestion_rejection_pair,2,0,2,0,227,329153,140000
mdgo_v11_probe_000993,mdgo_v05_fin_user_0034,finance,suggestion_rejection_pair,2,0,2,0,221,337663,140000
mdgo_v11_probe_000994,mdgo_v05_sof_user_0006,software,surface_decoy_pair,2,0,2,0,233,322287,140000
mdgo_v11_probe_000995,mdgo_v07_sof_user_0017,software,dual_asof_reversal,2,0,2,0,232,325699,140000
mdgo_v11_probe_000996,mdgo_v05_fin_user_0001,finance,surface_decoy_pair,2,0,2,0,226,338269,140000
mdgo_v11_probe_000997,mdgo_v05_fin_user_0033,finance,dual_asof_reversal,2,0,2,0,230,330817,140000
mdgo_v11_probe_000998,mdgo_v05_fin_user_0011,finance,dual_asof_reversal,2,0,2,0,229,333048,140000
mdgo_v11_probe_000999,mdgo_v05_fin_user_0013,finance,triple_asof_interleaved,3,0,3,0,217,345552,140000
mdgo_v11_probe_001000,mdgo_v05_sof_user_0008,software,triple_asof_interleaved,3,0,3,0,239,318483,140000
mdgo_v11_probe_001001,mdgo_v05_fin_user_0003,finance,suggestion_rejection_pair,2,0,2,0,230,331924,140000
mdgo_v11_probe_001002,mdgo_v05_fin_user_0034,finance,triple_asof_interleaved,3,0,3,0,221,337663,140000
mdgo_v11_probe_001003,mdgo_v07_sof_user_0017,software,dual_asof_reversal,2,0,2,0,232,325699,140000
mdgo_v11_probe_001004,mdgo_v05_fin_user_0011,finance,triple_asof_interleaved,3,0,3,0,229,333048,140000
mdgo_v11_probe_001005,mdgo_v05_fin_user_0023,finance,reference_case_reconstruction,3,1,2,191,412,336961,140000
mdgo_v11_probe_001006,mdgo_v05_sof_user_0007,software,triple_asof_interleaved,3,0,3,0,236,321840,140000
mdgo_v11_probe_001007,mdgo_v07_sof_user_0016,software,suggestion_rejection_pair,2,0,2,0,233,324189,140000
mdgo_v11_probe_001008,mdgo_v05_fin_user_0034,finance,reference_case_reconstruction,3,1,2,128,344,337663,140000
mdgo_v11_probe_001009,mdgo_v05_fin_user_0020,finance,dual_asof_reversal,2,0,2,0,232,328930,140000
mdgo_v11_probe_001010,mdgo_v07_sof_user_0011,software,triple_asof_interleaved,3,0,3,0,238,325058,140000
mdgo_v11_probe_001011,mdgo_v05_sof_user_0002,software,reference_case_reconstruction,3,1,2,180,412,323038,140000
mdgo_v11_probe_001012,mdgo_v05_fin_user_0010,finance,suggestion_rejection_pair,2,0,2,0,230,335012,140000
mdgo_v11_probe_001013,mdgo_v05_fin_user_0015,finance,triple_asof_interleaved,3,0,3,0,222,337230,140000
mdgo_v11_probe_001014,mdgo_v05_sof_user_0002,software,triple_asof_interleaved,3,0,3,0,237,323038,140000
mdgo_v11_probe_001015,mdgo_v05_fin_user_0009,finance,dual_asof_reversal,2,0,2,0,216,341182,140000
mdgo_v11_probe_001016,mdgo_v05_fin_user_0015,finance,suggestion_rejection_pair,2,0,2,0,222,337230,140000
mdgo_v11_probe_001017,mdgo_v05_sof_user_0008,software,dual_asof_reversal,2,0,2,0,239,318483,140000
mdgo_v11_probe_001018,mdgo_v05_sof_user_0006,software,reference_case_reconstruction,3,1,2,117,345,322287,140000
mdgo_v11_probe_001019,mdgo_v05_fin_user_0029,finance,reference_case_reconstruction,3,1,2,189,412,332408,140000
mdgo_v11_probe_001020,mdgo_v05_fin_user_0014,finance,triple_asof_interleaved,3,0,3,0,223,339699,140000
mdgo_v11_probe_001021,mdgo_v05_fin_user_0032,finance,provenance_weighted_triple,3,0,3,0,223,342639,140000
mdgo_v11_probe_001022,mdgo_v07_sof_user_0011,software,suggestion_rejection_pair,2,0,2,0,238,325058,140000
mdgo_v11_probe_001023,mdgo_v07_sof_user_0009,software,triple_asof_interleaved,3,0,3,0,235,322372,140000
mdgo_v11_probe_001024,mdgo_v05_sof_user_0006,software,triple_asof_interleaved,3,0,3,0,233,322287,140000
mdgo_v11_probe_001025,mdgo_v07_sof_user_0015,software,provenance_weighted_triple,3,0,3,0,242,313659,140000
mdgo_v11_probe_001026,mdgo_v05_sof_user_0008,software,provenance_weighted_triple,3,0,3,0,239,318483,140000
mdgo_v11_probe_001027,mdgo_v05_sof_user_0001,software,reference_case_reconstruction,3,1,2,183,412,322282,140000
mdgo_v11_probe_001028,mdgo_v05_fin_user_0033,finance,reference_case_reconstruction,3,1,2,120,344,330817,140000
mdgo_v11_probe_001029,mdgo_v05_fin_user_0000,finance,dual_asof_reversal,2,0,2,0,227,333457,140000
mdgo_v11_probe_001030,mdgo_v05_sof_user_0004,software,suggestion_rejection_pair,2,0,2,0,236,322411,140000
mdgo_v11_probe_001031,mdgo_v05_fin_user_0019,finance,suggestion_rejection_pair,2,0,2,0,225,338631,140000
mdgo_v11_probe_001032,mdgo_v05_sof_user_0002,software,suggestion_rejection_pair,2,0,2,0,237,323038,140000
mdgo_v11_probe_001033,mdgo_v05_fin_user_0025,finance,scope_temporal_pair,2,0,2,0,232,338920,140000
mdgo_v11_probe_001034,mdgo_v05_fin_user_0001,finance,dual_asof_reversal,2,0,2,0,226,338269,140000
mdgo_v11_probe_001035,mdgo_v05_fin_user_0023,finance,reference_case_reconstruction,3,1,2,191,412,336961,140000
mdgo_v11_probe_001036,mdgo_v05_fin_user_0029,finance,reference_case_reconstruction,3,1,2,118,344,332408,140000
mdgo_v11_probe_001037,mdgo_v05_fin_user_0025,finance,provenance_weighted_triple,3,0,3,0,232,338920,140000
mdgo_v11_probe_001038,mdgo_v05_fin_user_0002,finance,reference_case_reconstruction,3,1,2,123,344,339141,140000
mdgo_v11_probe_001039,mdgo_v07_sof_user_0009,software,triple_asof_interleaved,3,0,3,0,235,322372,140000
mdgo_v11_probe_001040,mdgo_v05_fin_user_0001,finance,triple_asof_interleaved,3,0,3,0,226,338269,140000
mdgo_v11_probe_001041,mdgo_v05_fin_user_0029,finance,dual_asof_reversal,2,0,2,0,227,332408,140000
mdgo_v11_probe_001042,mdgo_v05_fin_user_0001,finance,dual_asof_reversal,2,0,2,0,226,338269,140000
mdgo_v11_probe_001043,mdgo_v07_sof_user_0015,software,surface_decoy_pair,2,0,2,0,242,313659,140000
mdgo_v11_probe_001044,mdgo_v05_fin_user_0009,finance,dual_asof_reversal,2,0,2,0,216,341182,140000
mdgo_v11_probe_001045,mdgo_v05_fin_user_0026,finance,surface_decoy_pair,2,0,2,0,231,330059,140000
mdgo_v11_probe_001046,mdgo_v05_fin_user_0016,finance,suggestion_rejection_pair,2,0,2,0,225,332320,140000
mdgo_v11_probe_001047,mdgo_v05_fin_user_0023,finance,reference_case_reconstruction,3,1,2,191,412,336961,140000
mdgo_v11_probe_001048,mdgo_v05_fin_user_0032,finance,reference_case_reconstruction,3,1,2,131,344,342639,140000
mdgo_v11_probe_001049,mdgo_v05_fin_user_0001,finance,reference_case_reconstruction,3,1,2,195,412,338269,140000
mdgo_v11_probe_001050,mdgo_v05_fin_user_0033,finance,reference_case_reconstruction,3,1,2,120,344,330817,140000
mdgo_v11_probe_001051,mdgo_v05_fin_user_0027,finance,provenance_weighted_triple,3,0,3,0,220,342331,140000
mdgo_v11_probe_001052,mdgo_v05_fin_user_0008,finance,suggestion_rejection_pair,2,0,2,0,229,338243,140000
mdgo_v11_probe_001053,mdgo_v05_fin_user_0004,finance,triple_asof_interleaved,3,0,3,0,226,332730,140000
mdgo_v11_probe_001054,mdgo_v05_fin_user_0024,finance,triple_asof_interleaved,3,0,3,0,226,340270,140000
mdgo_v11_probe_001055,mdgo_v05_sof_user_0006,software,dual_asof_reversal,2,0,2,0,233,322287,140000
mdgo_v11_probe_001056,mdgo_v05_fin_user_0020,finance,triple_asof_interleaved,3,0,3,0,232,328930,140000
mdgo_v11_probe_001057,mdgo_v05_fin_user_0027,finance,triple_asof_interleaved,3,0,3,0,220,342331,140000
mdgo_v11_probe_001058,mdgo_v05_fin_user_0034,finance,triple_asof_interleaved,3,0,3,0,221,337663,140000
mdgo_v11_probe_001059,mdgo_v07_sof_user_0016,software,suggestion_rejection_pair,2,0,2,0,233,324189,140000
mdgo_v11_probe_001060,mdgo_v05_fin_user_0003,finance,surface_decoy_pair,2,0,2,0,230,331924,140000
mdgo_v11_probe_001061,mdgo_v05_fin_user_0033,finance,scope_temporal_pair,2,0,2,0,230,330817,140000
mdgo_v11_probe_001062,mdgo_v07_sof_user_0015,software,reference_case_reconstruction,3,1,2,112,345,313659,140000
mdgo_v11_probe_001063,mdgo_v05_fin_user_0034,finance,triple_asof_interleaved,3,0,3,0,221,337663,140000
mdgo_v11_probe_001064,mdgo_v05_sof_user_0004,software,dual_asof_reversal,2,0,2,0,236,322411,140000
mdgo_v11_probe_001065,mdgo_v05_fin_user_0009,finance,triple_asof_interleaved,3,0,3,0,216,341182,140000
mdgo_v11_probe_001066,mdgo_v07_sof_user_0017,software,triple_asof_interleaved,3,0,3,0,232,325699,140000
mdgo_v11_probe_001067,mdgo_v05_sof_user_0000,software,suggestion_rejection_pair,2,0,2,0,239,311624,140000
mdgo_v11_probe_001068,mdgo_v05_fin_user_0024,finance,suggestion_rejection_pair,2,0,2,0,226,340270,140000
mdgo_v11_probe_001069,mdgo_v05_fin_user_0013,finance,dual_asof_reversal,2,0,2,0,217,345552,140000
mdgo_v11_probe_001070,mdgo_v05_fin_user_0011,finance,triple_asof_interleaved,3,0,3,0,229,333048,140000
mdgo_v11_probe_001071,mdgo_v05_sof_user_0002,software,suggestion_rejection_pair,2,0,2,0,237,323038,140000
mdgo_v11_probe_001072,mdgo_v05_fin_user_0015,finance,reference_case_reconstruction,3,1,2,122,345,337230,140000
mdgo_v11_probe_001073,mdgo_v07_sof_user_0012,software,triple_asof_interleaved,3,0,3,0,236,321909,140000
mdgo_v11_probe_001074,mdgo_v05_fin_user_0004,finance,triple_asof_interleaved,3,0,3,0,226,332730,140000
mdgo_v11_probe_001075,mdgo_v05_fin_user_0009,finance,suggestion_rejection_pair,2,0,2,0,216,341182,140000
mdgo_v11_probe_001076,mdgo_v05_fin_user_0023,finance,dual_asof_reversal,2,0,2,0,228,336961,140000
mdgo_v11_probe_001077,mdgo_v05_fin_user_0029,finance,triple_asof_interleaved,3,0,3,0,227,332408,140000
mdgo_v11_probe_001078,mdgo_v05_fin_user_0006,finance,dual_asof_reversal,2,0,2,0,224,336433,140000
mdgo_v11_probe_001079,mdgo_v05_fin_user_0007,finance,provenance_weighted_triple,3,0,3,0,227,337224,140000
mdgo_v11_probe_001080,mdgo_v05_fin_user_0028,finance,triple_asof_interleaved,3,0,3,0,219,335276,140000
mdgo_v11_probe_001081,mdgo_v05_sof_user_0005,software,triple_asof_interleaved,3,0,3,0,239,318937,140000
mdgo_v11_probe_001082,mdgo_v05_fin_user_0017,finance,suggestion_rejection_pair,2,0,2,0,217,341010,140000
mdgo_v11_probe_001083,mdgo_v05_fin_user_0017,finance,suggestion_rejection_pair,2,0,2,0,217,341010,140000
mdgo_v11_probe_001084,mdgo_v05_fin_user_0019,finance,reference_case_reconstruction,3,1,2,123,344,338631,140000
mdgo_v11_probe_001085,mdgo_v05_fin_user_0006,finance,provenance_weighted_triple,3,0,3,0,224,336433,140000
mdgo_v11_probe_001086,mdgo_v05_fin_user_0023,finance,dual_asof_reversal,2,0,2,0,228,336961,140000
mdgo_v11_probe_001087,mdgo_v05_fin_user_0018,finance,scope_temporal_pair,2,0,2,0,227,331045,140000
mdgo_v11_probe_001088,mdgo_v05_sof_user_0008,software,surface_decoy_pair,2,0,2,0,239,318483,140000
mdgo_v11_probe_001089,mdgo_v05_fin_user_0032,finance,surface_decoy_pair,2,0,2,0,223,342639,140000
mdgo_v11_probe_001090,mdgo_v05_fin_user_0031,finance,suggestion_rejection_pair,2,0,2,0,224,338178,140000
mdgo_v11_probe_001091,mdgo_v05_fin_user_0027,finance,reference_case_reconstruction,3,1,2,196,412,342331,140000
mdgo_v11_probe_001092,mdgo_v05_fin_user_0023,finance,suggestion_rejection_pair,2,0,2,0,228,336961,140000
mdgo_v11_probe_001093,mdgo_v05_fin_user_0029,finance,suggestion_rejection_pair,2,0,2,0,227,332408,140000
mdgo_v11_probe_001094,mdgo_v07_sof_user_0015,software,triple_asof_interleaved,3,0,3,0,242,313659,140000
mdgo_v11_probe_001095,mdgo_v05_fin_user_0026,finance,suggestion_rejection_pair,2,0,2,0,231,330059,140000
mdgo_v11_probe_001096,mdgo_v05_fin_user_0014,finance,triple_asof_interleaved,3,0,3,0,223,339699,140000
mdgo_v11_probe_001097,mdgo_v05_fin_user_0020,finance,provenance_weighted_triple,3,0,3,0,232,328930,140000
mdgo_v11_probe_001098,mdgo_v07_sof_user_0010,software,reference_case_reconstruction,3,1,2,121,344,329153,140000
mdgo_v11_probe_001099,mdgo_v05_fin_user_0027,finance,dual_asof_reversal,2,0,2,0,220,342331,140000
mdgo_v11_probe_001100,mdgo_v05_fin_user_0027,finance,suggestion_rejection_pair,2,0,2,0,220,342331,140000
mdgo_v11_probe_001101,mdgo_v05_fin_user_0026,finance,dual_asof_reversal,2,0,2,0,231,330059,140000
mdgo_v11_probe_001102,mdgo_v05_fin_user_0029,finance,surface_decoy_pair,2,0,2,0,227,332408,140000
mdgo_v11_probe_001103,mdgo_v05_fin_user_0014,finance,suggestion_rejection_pair,2,0,2,0,223,339699,140000
mdgo_v11_probe_001104,mdgo_v05_fin_user_0007,finance,suggestion_rejection_pair,2,0,2,0,227,337224,140000
mdgo_v11_probe_001105,mdgo_v05_fin_user_0026,finance,provenance_weighted_triple,3,0,3,0,231,330059,140000
mdgo_v11_probe_001106,mdgo_v05_fin_user_0004,finance,reference_case_reconstruction,3,1,2,121,344,332730,140000
mdgo_v11_probe_001107,mdgo_v05_fin_user_0017,finance,dual_asof_reversal,2,0,2,0,217,341010,140000
mdgo_v11_probe_001108,mdgo_v05_fin_user_0009,finance,reference_case_reconstruction,3,1,2,126,344,341182,140000
mdgo_v11_probe_001109,mdgo_v05_fin_user_0018,finance,dual_asof_reversal,2,0,2,0,227,331045,140000
mdgo_v11_probe_001110,mdgo_v05_fin_user_0025,finance,dual_asof_reversal,2,0,2,0,232,338920,140000
mdgo_v11_probe_001111,mdgo_v07_sof_user_0009,software,surface_decoy_pair,2,0,2,0,235,322372,140000
mdgo_v11_probe_001112,mdgo_v05_fin_user_0011,finance,provenance_weighted_triple,3,0,3,0,229,333048,140000
mdgo_v11_probe_001113,mdgo_v05_sof_user_0005,software,provenance_weighted_triple,3,0,3,0,239,318937,140000
mdgo_v11_probe_001114,mdgo_v05_fin_user_0027,finance,reference_case_reconstruction,3,1,2,129,344,342331,140000
mdgo_v11_probe_001115,mdgo_v07_sof_user_0013,software,triple_asof_interleaved,3,0,3,0,245,316556,140000
mdgo_v11_probe_001116,mdgo_v05_fin_user_0013,finance,reference_case_reconstruction,3,1,2,128,345,345552,140000
mdgo_v11_probe_001117,mdgo_v05_fin_user_0022,finance,triple_asof_interleaved,3,0,3,0,219,343225,140000
mdgo_v11_probe_001118,mdgo_v05_sof_user_0004,software,triple_asof_interleaved,3,0,3,0,236,322411,140000
mdgo_v11_probe_001119,mdgo_v07_sof_user_0012,software,surface_decoy_pair,2,0,2,0,236,321909,140000
mdgo_v11_probe_001120,mdgo_v05_fin_user_0028,finance,suggestion_rejection_pair,2,0,2,0,219,335276,140000
mdgo_v11_probe_001121,mdgo_v07_sof_user_0009,software,suggestion_rejection_pair,2,0,2,0,235,322372,140000
mdgo_v11_probe_001122,mdgo_v05_fin_user_0000,finance,reference_case_reconstruction,3,1,2,121,344,333457,140000
mdgo_v11_probe_001123,mdgo_v05_sof_user_0006,software,suggestion_rejection_pair,2,0,2,0,233,322287,140000
mdgo_v11_probe_001124,mdgo_v05_fin_user_0031,finance,reference_case_reconstruction,3,1,2,127,344,338178,140000
mdgo_v11_probe_001125,mdgo_v05_fin_user_0015,finance,reference_case_reconstruction,3,1,2,189,412,337230,140000
mdgo_v11_probe_001126,mdgo_v07_sof_user_0014,software,surface_decoy_pair,2,0,2,0,231,326919,140000
mdgo_v11_probe_001127,mdgo_v05_fin_user_0013,finance,triple_asof_interleaved,3,0,3,0,217,345552,140000
mdgo_v11_probe_001128,mdgo_v05_fin_user_0001,finance,triple_asof_interleaved,3,0,3,0,226,338269,140000
mdgo_v11_probe_001129,mdgo_v05_fin_user_0008,finance,dual_asof_reversal,2,0,2,0,229,338243,140000
mdgo_v11_probe_001130,mdgo_v05_sof_user_0003,software,triple_asof_interleaved,3,0,3,0,242,314399,140000
mdgo_v11_probe_001131,mdgo_v05_fin_user_0009,finance,triple_asof_interleaved,3,0,3,0,216,341182,140000
mdgo_v11_probe_001132,mdgo_v05_sof_user_0001,software,provenance_weighted_triple,3,0,3,0,234,322282,140000
mdgo_v11_probe_001133,mdgo_v05_fin_user_0030,finance,dual_asof_reversal,2,0,2,0,220,337818,140000
mdgo_v11_probe_001134,mdgo_v05_fin_user_0025,finance,triple_asof_interleaved,3,0,3,0,232,338920,140000
mdgo_v11_probe_001135,mdgo_v05_fin_user_0014,finance,suggestion_rejection_pair,2,0,2,0,223,339699,140000
mdgo_v11_probe_001136,mdgo_v05_fin_user_0005,finance,reference_case_reconstruction,3,1,2,120,344,328129,140000
mdgo_v11_probe_001137,mdgo_v05_fin_user_0003,finance,triple_asof_interleaved,3,0,3,0,230,331924,140000
mdgo_v11_probe_001138,mdgo_v05_fin_user_0012,finance,dual_asof_reversal,2,0,2,0,224,334218,140000
mdgo_v11_probe_001139,mdgo_v05_fin_user_0018,finance,dual_asof_reversal,2,0,2,0,227,331045,140000
mdgo_v11_probe_001140,mdgo_v05_fin_user_0016,finance,suggestion_rejection_pair,2,0,2,0,225,332320,140000
mdgo_v11_probe_001141,mdgo_v05_sof_user_0005,software,suggestion_rejection_pair,2,0,2,0,239,318937,140000
mdgo_v11_probe_001142,mdgo_v05_fin_user_0021,finance,dual_asof_reversal,2,0,2,0,232,333807,140000
mdgo_v11_probe_001143,mdgo_v07_sof_user_0013,software,surface_decoy_pair,2,0,2,0,245,316556,140000
mdgo_v11_probe_001144,mdgo_v05_fin_user_0000,finance,reference_case_reconstruction,3,1,2,121,344,333457,140000
mdgo_v11_probe_001145,mdgo_v05_fin_user_0003,finance,surface_decoy_pair,2,0,2,0,230,331924,140000
mdgo_v11_probe_001146,mdgo_v05_fin_user_0008,finance,dual_asof_reversal,2,0,2,0,229,338243,140000
mdgo_v11_probe_001147,mdgo_v05_fin_user_0010,finance,triple_asof_interleaved,3,0,3,0,230,335012,140000
mdgo_v11_probe_001148,mdgo_v05_fin_user_0002,finance,triple_asof_interleaved,3,0,3,0,225,339141,140000
mdgo_v11_probe_001149,mdgo_v05_fin_user_0027,finance,dual_asof_reversal,2,0,2,0,220,342331,140000
mdgo_v11_probe_001150,mdgo_v05_fin_user_0027,finance,surface_decoy_pair,2,0,2,0,220,342331,140000
mdgo_v11_probe_001151,mdgo_v05_fin_user_0021,finance,surface_decoy_pair,2,0,2,0,232,333807,140000
mdgo_v11_probe_001152,mdgo_v07_sof_user_0010,software,surface_decoy_pair,2,0,2,0,227,329153,140000
mdgo_v11_probe_001153,mdgo_v05_sof_user_0004,software,surface_decoy_pair,2,0,2,0,236,322411,140000
mdgo_v11_probe_001154,mdgo_v07_sof_user_0011,software,dual_asof_reversal,2,0,2,0,238,325058,140000
mdgo_v11_probe_001155,mdgo_v07_sof_user_0009,software,dual_asof_reversal,2,0,2,0,235,322372,140000
mdgo_v11_probe_001156,mdgo_v05_fin_user_0018,finance,surface_decoy_pair,2,0,2,0,227,331045,140000
mdgo_v11_probe_001157,mdgo_v05_sof_user_0000,software,dual_asof_reversal,2,0,2,0,239,311624,140000
mdgo_v11_probe_001158,mdgo_v05_fin_user_0010,finance,triple_asof_interleaved,3,0,3,0,230,335012,140000
mdgo_v11_probe_001159,mdgo_v05_fin_user_0034,finance,triple_asof_interleaved,3,0,3,0,221,337663,140000
mdgo_v11_probe_001160,mdgo_v05_sof_user_0001,software,reference_case_reconstruction,3,1,2,116,344,322282,140000
mdgo_v11_probe_001161,mdgo_v07_sof_user_0013,software,triple_asof_interleaved,3,0,3,0,245,316556,140000
mdgo_v11_probe_001162,mdgo_v05_fin_user_0008,finance,provenance_weighted_triple,3,0,3,0,229,338243,140000
mdgo_v11_probe_001163,mdgo_v05_sof_user_0007,software,triple_asof_interleaved,3,0,3,0,236,321840,140000
mdgo_v11_probe_001164,mdgo_v07_sof_user_0012,software,provenance_weighted_triple,3,0,3,0,236,321909,140000
mdgo_v11_probe_001165,mdgo_v07_sof_user_0011,software,scope_temporal_pair,2,0,2,0,238,325058,140000
mdgo_v11_probe_001166,mdgo_v07_sof_user_0016,software,scope_temporal_pair,2,0,2,0,233,324189,140000
mdgo_v11_probe_001167,mdgo_v07_sof_user_0013,software,reference_case_reconstruction,3,1,2,180,412,316556,140000
mdgo_v11_probe_001168,mdgo_v05_sof_user_0008,software,dual_asof_reversal,2,0,2,0,239,318483,140000
mdgo_v11_probe_001169,mdgo_v05_fin_user_0019,finance,triple_asof_interleaved,3,0,3,0,225,338631,140000
mdgo_v11_probe_001170,mdgo_v07_sof_user_0014,software,reference_case_reconstruction,3,1,2,115,344,326919,140000
mdgo_v11_probe_001171,mdgo_v05_fin_user_0027,finance,dual_asof_reversal,2,0,2,0,220,342331,140000
mdgo_v11_probe_001172,mdgo_v05_fin_user_0015,finance,dual_asof_reversal,2,0,2,0,222,337230,140000
mdgo_v11_probe_001173,mdgo_v05_fin_user_0012,finance,surface_decoy_pair,2,0,2,0,224,334218,140000
mdgo_v11_probe_001174,mdgo_v05_fin_user_0035,finance,reference_case_reconstruction,3,1,2,121,344,332598,140000
mdgo_v11_probe_001175,mdgo_v05_fin_user_0015,finance,suggestion_rejection_pair,2,0,2,0,222,337230,140000
mdgo_v11_probe_001176,mdgo_v05_fin_user_0027,finance,surface_decoy_pair,2,0,2,0,220,342331,140000
mdgo_v11_probe_001177,mdgo_v05_fin_user_0014,finance,suggestion_rejection_pair,2,0,2,0,223,339699,140000
mdgo_v11_probe_001178,mdgo_v05_fin_user_0026,finance,surface_decoy_pair,2,0,2,0,231,330059,140000
mdgo_v11_probe_001179,mdgo_v05_fin_user_0016,finance,triple_asof_interleaved,3,0,3,0,225,332320,140000
mdgo_v11_probe_001180,mdgo_v05_fin_user_0023,finance,surface_decoy_pair,2,0,2,0,228,336961,140000
mdgo_v11_probe_001181,mdgo_v07_sof_user_0015,software,dual_asof_reversal,2,0,2,0,242,313659,140000
mdgo_v11_probe_001182,mdgo_v07_sof_user_0016,software,suggestion_rejection_pair,2,0,2,0,233,324189,140000
mdgo_v11_probe_001183,mdgo_v05_fin_user_0013,finance,surface_decoy_pair,2,0,2,0,217,345552,140000
mdgo_v11_probe_001184,mdgo_v05_fin_user_0024,finance,triple_asof_interleaved,3,0,3,0,226,340270,140000
mdgo_v11_probe_001185,mdgo_v07_sof_user_0009,software,suggestion_rejection_pair,2,0,2,0,235,322372,140000
mdgo_v11_probe_001186,mdgo_v05_fin_user_0001,finance,scope_temporal_pair,2,0,2,0,226,338269,140000
mdgo_v11_probe_001187,mdgo_v05_fin_user_0000,finance,triple_asof_interleaved,3,0,3,0,227,333457,140000
mdgo_v11_probe_001188,mdgo_v05_fin_user_0030,finance,surface_decoy_pair,2,0,2,0,220,337818,140000
mdgo_v11_probe_001189,mdgo_v05_fin_user_0014,finance,reference_case_reconstruction,3,1,2,194,412,339699,140000
mdgo_v11_probe_001190,mdgo_v07_sof_user_0013,software,triple_asof_interleaved,3,0,3,0,245,316556,140000
mdgo_v11_probe_001191,mdgo_v05_fin_user_0019,finance,dual_asof_reversal,2,0,2,0,225,338631,140000
mdgo_v11_probe_001192,mdgo_v05_fin_user_0035,finance,triple_asof_interleaved,3,0,3,0,230,332598,140000
mdgo_v11_probe_001193,mdgo_v05_fin_user_0009,finance,suggestion_rejection_pair,2,0,2,0,216,341182,140000
mdgo_v11_probe_001194,mdgo_v07_sof_user_0009,software,scope_temporal_pair,2,0,2,0,235,322372,140000
mdgo_v11_probe_001195,mdgo_v05_sof_user_0004,software,suggestion_rejection_pair,2,0,2,0,236,322411,140000
mdgo_v11_probe_001196,mdgo_v05_fin_user_0027,finance,surface_decoy_pair,2,0,2,0,220,342331,140000
mdgo_v11_probe_001197,mdgo_v05_fin_user_0000,finance,surface_decoy_pair,2,0,2,0,227,333457,140000
mdgo_v11_probe_001198,mdgo_v05_fin_user_0001,finance,triple_asof_interleaved,3,0,3,0,226,338269,140000
mdgo_v11_probe_001199,mdgo_v05_sof_user_0001,software,surface_decoy_pair,2,0,2,0,234,322282,140000
mdgo_v11_probe_001200,mdgo_v07_sof_user_0011,software,triple_asof_interleaved,3,0,3,0,238,325058,140000
mdgo_v11_probe_001201,mdgo_v07_sof_user_0011,software,triple_asof_interleaved,3,0,3,0,238,325058,140000
mdgo_v11_probe_001202,mdgo_v05_sof_user_0007,software,reference_case_reconstruction,3,1,2,115,344,321840,140000
mdgo_v11_probe_001203,mdgo_v05_fin_user_0009,finance,reference_case_reconstruction,3,1,2,191,412,341182,140000
mdgo_v11_probe_001204,mdgo_v05_fin_user_0020,finance,triple_asof_interleaved,3,0,3,0,232,328930,140000
mdgo_v11_probe_001205,mdgo_v05_fin_user_0005,finance,dual_asof_reversal,2,0,2,0,231,328129,140000
mdgo_v11_probe_001206,mdgo_v07_sof_user_0016,software,triple_asof_interleaved,3,0,3,0,233,324189,140000
mdgo_v11_probe_001207,mdgo_v05_fin_user_0012,finance,surface_decoy_pair,2,0,2,0,224,334218,140000
mdgo_v11_probe_001208,mdgo_v05_fin_user_0000,finance,triple_asof_interleaved,3,0,3,0,227,333457,140000
mdgo_v11_probe_001209,mdgo_v05_sof_user_0000,software,reference_case_reconstruction,3,1,2,175,412,311624,140000
mdgo_v11_probe_001210,mdgo_v05_fin_user_0027,finance,scope_temporal_pair,2,0,2,0,220,342331,140000
mdgo_v11_probe_001211,mdgo_v05_sof_user_0003,software,triple_asof_interleaved,3,0,3,0,242,314399,140000
mdgo_v11_probe_001212,mdgo_v05_sof_user_0004,software,surface_decoy_pair,2,0,2,0,236,322411,140000
mdgo_v11_probe_001213,mdgo_v05_fin_user_0035,finance,suggestion_rejection_pair,2,0,2,0,230,332598,140000
mdgo_v11_probe_001214,mdgo_v05_fin_user_0000,finance,triple_asof_interleaved,3,0,3,0,227,333457,140000
mdgo_v11_probe_001215,mdgo_v05_fin_user_0017,finance,provenance_weighted_triple,3,0,3,0,217,341010,140000
mdgo_v11_probe_001216,mdgo_v05_fin_user_0011,finance,dual_asof_reversal,2,0,2,0,229,333048,140000
mdgo_v11_probe_001217,mdgo_v05_fin_user_0021,finance,triple_asof_interleaved,3,0,3,0,232,333807,140000
mdgo_v11_probe_001218,mdgo_v05_sof_user_0001,software,surface_decoy_pair,2,0,2,0,234,322282,140000
mdgo_v11_probe_001219,mdgo_v05_fin_user_0026,finance,provenance_weighted_triple,3,0,3,0,231,330059,140000
mdgo_v11_probe_001220,mdgo_v05_fin_user_0031,finance,surface_decoy_pair,2,0,2,0,224,338178,140000
mdgo_v11_probe_001221,mdgo_v07_sof_user_0017,software,provenance_weighted_triple,3,0,3,0,232,325699,140000
mdgo_v11_probe_001222,mdgo_v07_sof_user_0010,software,suggestion_rejection_pair,2,0,2,0,227,329153,140000
mdgo_v11_probe_001223,mdgo_v05_fin_user_0006,finance,dual_asof_reversal,2,0,2,0,224,336433,140000
mdgo_v11_probe_001224,mdgo_v05_fin_user_0011,finance,suggestion_rejection_pair,2,0,2,0,229,333048,140000
mdgo_v11_probe_001225,mdgo_v05_fin_user_0006,finance,triple_asof_interleaved,3,0,3,0,224,336433,140000
mdgo_v11_probe_001226,mdgo_v05_fin_user_0016,finance,surface_decoy_pair,2,0,2,0,225,332320,140000
mdgo_v11_probe_001227,mdgo_v05_fin_user_0017,finance,triple_asof_interleaved,3,0,3,0,217,341010,140000
mdgo_v11_probe_001228,mdgo_v05_fin_user_0005,finance,triple_asof_interleaved,3,0,3,0,231,328129,140000
mdgo_v11_probe_001229,mdgo_v05_fin_user_0002,finance,triple_asof_interleaved,3,0,3,0,225,339141,140000
mdgo_v11_probe_001230,mdgo_v05_fin_user_0006,finance,triple_asof_interleaved,3,0,3,0,224,336433,140000
mdgo_v11_probe_001231,mdgo_v05_fin_user_0026,finance,dual_asof_reversal,2,0,2,0,231,330059,140000
mdgo_v11_probe_001232,mdgo_v05_fin_user_0023,finance,dual_asof_reversal,2,0,2,0,228,336961,140000
mdgo_v11_probe_001233,mdgo_v05_fin_user_0016,finance,triple_asof_interleaved,3,0,3,0,225,332320,140000
mdgo_v11_probe_001234,mdgo_v05_sof_user_0000,software,triple_asof_interleaved,3,0,3,0,239,311624,140000
mdgo_v11_probe_001235,mdgo_v05_fin_user_0012,finance,reference_case_reconstruction,3,1,2,194,413,334218,140000
mdgo_v11_probe_001236,mdgo_v05_fin_user_0004,finance,reference_case_reconstruction,3,1,2,121,344,332730,140000
mdgo_v11_probe_001237,mdgo_v05_fin_user_0003,finance,surface_decoy_pair,2,0,2,0,230,331924,140000
mdgo_v11_probe_001238,mdgo_v05_fin_user_0011,finance,suggestion_rejection_pair,2,0,2,0,229,333048,140000
mdgo_v11_probe_001239,mdgo_v05_sof_user_0004,software,triple_asof_interleaved,3,0,3,0,236,322411,140000
mdgo_v11_probe_001240,mdgo_v05_fin_user_0021,finance,dual_asof_reversal,2,0,2,0,232,333807,140000
mdgo_v11_probe_001241,mdgo_v05_fin_user_0017,finance,scope_temporal_pair,2,0,2,0,217,341010,140000
mdgo_v11_probe_001242,mdgo_v05_fin_user_0029,finance,suggestion_rejection_pair,2,0,2,0,227,332408,140000
mdgo_v11_probe_001243,mdgo_v05_fin_user_0028,finance,surface_decoy_pair,2,0,2,0,219,335276,140000
mdgo_v11_probe_001244,mdgo_v07_sof_user_0012,software,surface_decoy_pair,2,0,2,0,236,321909,140000
mdgo_v11_probe_001245,mdgo_v05_fin_user_0035,finance,triple_asof_interleaved,3,0,3,0,230,332598,140000
mdgo_v11_probe_001246,mdgo_v05_sof_user_0000,software,reference_case_reconstruction,3,1,2,104,344,311624,140000
mdgo_v11_probe_001247,mdgo_v05_fin_user_0007,finance,scope_temporal_pair,2,0,2,0,227,337224,140000
mdgo_v11_probe_001248,mdgo_v05_fin_user_0009,finance,reference_case_reconstruction,3,1,2,126,344,341182,140000
mdgo_v11_probe_001249,mdgo_v05_fin_user_0020,finance,triple_asof_interleaved,3,0,3,0,232,328930,140000
mdgo_v11_probe_001250,mdgo_v05_fin_user_0010,finance,dual_asof_reversal,2,0,2,0,230,335012,140000
mdgo_v11_probe_001251,mdgo_v05_fin_user_0026,finance,dual_asof_reversal,2,0,2,0,231,330059,140000
mdgo_v11_probe_001252,mdgo_v05_fin_user_0004,finance,surface_decoy_pair,2,0,2,0,226,332730,140000
mdgo_v11_probe_001253,mdgo_v05_fin_user_0017,finance,triple_asof_interleaved,3,0,3,0,217,341010,140000
mdgo_v11_probe_001254,mdgo_v05_sof_user_0008,software,dual_asof_reversal,2,0,2,0,239,318483,140000
mdgo_v11_probe_001255,mdgo_v07_sof_user_0012,software,dual_asof_reversal,2,0,2,0,236,321909,140000
mdgo_v11_probe_001256,mdgo_v07_sof_user_0010,software,reference_case_reconstruction,3,1,2,121,344,329153,140000
mdgo_v11_probe_001257,mdgo_v05_fin_user_0013,finance,surface_decoy_pair,2,0,2,0,217,345552,140000
mdgo_v11_probe_001258,mdgo_v07_sof_user_0017,software,triple_asof_interleaved,3,0,3,0,232,325699,140000
mdgo_v11_probe_001259,mdgo_v05_fin_user_0005,finance,triple_asof_interleaved,3,0,3,0,231,328129,140000
mdgo_v11_probe_001260,mdgo_v07_sof_user_0014,software,dual_asof_reversal,2,0,2,0,231,326919,140000
mdgo_v11_probe_001261,mdgo_v05_fin_user_0023,finance,triple_asof_interleaved,3,0,3,0,228,336961,140000
mdgo_v11_probe_001262,mdgo_v05_sof_user_0004,software,triple_asof_interleaved,3,0,3,0,236,322411,140000
mdgo_v11_probe_001263,mdgo_v05_fin_user_0002,finance,suggestion_rejection_pair,2,0,2,0,225,339141,140000
mdgo_v11_probe_001264,mdgo_v05_fin_user_0021,finance,triple_asof_interleaved,3,0,3,0,232,333807,140000
mdgo_v11_probe_001265,mdgo_v07_sof_user_0012,software,suggestion_rejection_pair,2,0,2,0,236,321909,140000
mdgo_v11_probe_001266,mdgo_v05_fin_user_0019,finance,provenance_weighted_triple,3,0,3,0,225,338631,140000
mdgo_v11_probe_001267,mdgo_v05_fin_user_0000,finance,triple_asof_interleaved,3,0,3,0,227,333457,140000
mdgo_v11_probe_001268,mdgo_v05_fin_user_0002,finance,triple_asof_interleaved,3,0,3,0,225,339141,140000
mdgo_v11_probe_001269,mdgo_v05_fin_user_0000,finance,suggestion_rejection_pair,2,0,2,0,227,333457,140000
mdgo_v11_probe_001270,mdgo_v07_sof_user_0015,software,reference_case_reconstruction,3,1,2,112,345,313659,140000
mdgo_v11_probe_001271,mdgo_v05_sof_user_0002,software,reference_case_reconstruction,3,1,2,180,412,323038,140000
mdgo_v11_probe_001272,mdgo_v05_fin_user_0017,finance,surface_decoy_pair,2,0,2,0,217,341010,140000
mdgo_v11_probe_001273,mdgo_v07_sof_user_0016,software,triple_asof_interleaved,3,0,3,0,233,324189,140000
mdgo_v11_probe_001274,mdgo_v05_fin_user_0032,finance,dual_asof_reversal,2,0,2,0,223,342639,140000
mdgo_v11_probe_001275,mdgo_v07_sof_user_0010,software,scope_temporal_pair,2,0,2,0,227,329153,140000
mdgo_v11_probe_001276,mdgo_v07_sof_user_0011,software,suggestion_rejection_pair,2,0,2,0,238,325058,140000
mdgo_v11_probe_001277,mdgo_v05_fin_user_0008,finance,provenance_weighted_triple,3,0,3,0,229,338243,140000
mdgo_v11_probe_001278,mdgo_v05_fin_user_0031,finance,provenance_weighted_triple,3,0,3,0,224,338178,140000
mdgo_v11_probe_001279,mdgo_v05_fin_user_0028,finance,reference_case_reconstruction,3,1,2,190,412,335276,140000
mdgo_v11_probe_001280,mdgo_v05_fin_user_0034,finance,surface_decoy_pair,2,0,2,0,221,337663,140000
mdgo_v11_probe_001281,mdgo_v05_fin_user_0008,finance,dual_asof_reversal,2,0,2,0,229,338243,140000
mdgo_v11_probe_001282,mdgo_v05_fin_user_0029,finance,surface_decoy_pair,2,0,2,0,227,332408,140000
mdgo_v11_probe_001283,mdgo_v05_sof_user_0003,software,reference_case_reconstruction,3,1,2,182,412,314399,140000
mdgo_v11_probe_001284,mdgo_v07_sof_user_0015,software,dual_asof_reversal,2,0,2,0,242,313659,140000
mdgo_v11_probe_001285,mdgo_v05_fin_user_0005,finance,dual_asof_reversal,2,0,2,0,231,328129,140000
mdgo_v11_probe_001286,mdgo_v05_fin_user_0033,finance,suggestion_rejection_pair,2,0,2,0,230,330817,140000
mdgo_v11_probe_001287,mdgo_v05_fin_user_0035,finance,surface_decoy_pair,2,0,2,0,230,332598,140000
mdgo_v11_probe_001288,mdgo_v05_fin_user_0013,finance,surface_decoy_pair,2,0,2,0,217,345552,140000
mdgo_v11_probe_001289,mdgo_v05_fin_user_0015,finance,scope_temporal_pair,2,0,2,0,222,337230,140000
mdgo_v11_probe_001290,mdgo_v05_fin_user_0031,finance,reference_case_reconstruction,3,1,2,127,344,338178,140000
mdgo_v11_probe_001291,mdgo_v05_sof_user_0001,software,triple_asof_interleaved,3,0,3,0,234,322282,140000
mdgo_v11_probe_001292,mdgo_v05_fin_user_0014,finance,suggestion_rejection_pair,2,0,2,0,223,339699,140000
mdgo_v11_probe_001293,mdgo_v05_fin_user_0032,finance,triple_asof_interleaved,3,0,3,0,223,342639,140000
mdgo_v11_probe_001294,mdgo_v07_sof_user_0016,software,surface_decoy_pair,2,0,2,0,233,324189,140000
mdgo_v11_probe_001295,mdgo_v05_sof_user_0007,software,dual_asof_reversal,2,0,2,0,236,321840,140000
mdgo_v11_probe_001296,mdgo_v05_fin_user_0031,finance,surface_decoy_pair,2,0,2,0,224,338178,140000
mdgo_v11_probe_001297,mdgo_v05_fin_user_0016,finance,provenance_weighted_triple,3,0,3,0,225,332320,140000
mdgo_v11_probe_001298,mdgo_v05_fin_user_0002,finance,dual_asof_reversal,2,0,2,0,225,339141,140000
mdgo_v11_probe_001299,mdgo_v05_fin_user_0024,finance,reference_case_reconstruction,3,1,2,199,412,340270,140000
mdgo_v11_probe_001300,mdgo_v05_fin_user_0014,finance,triple_asof_interleaved,3,0,3,0,223,339699,140000
mdgo_v11_probe_001301,mdgo_v05_sof_user_0005,software,surface_decoy_pair,2,0,2,0,239,318937,140000
mdgo_v11_probe_001302,mdgo_v05_sof_user_0007,software,scope_temporal_pair,2,0,2,0,236,321840,140000
mdgo_v11_probe_001303,mdgo_v05_sof_user_0004,software,provenance_weighted_triple,3,0,3,0,236,322411,140000
mdgo_v11_probe_001304,mdgo_v05_fin_user_0034,finance,triple_asof_interleaved,3,0,3,0,221,337663,140000
mdgo_v11_probe_001305,mdgo_v05_fin_user_0012,finance,suggestion_rejection_pair,2,0,2,0,224,334218,140000
mdgo_v11_probe_001306,mdgo_v07_sof_user_0010,software,surface_decoy_pair,2,0,2,0,227,329153,140000
mdgo_v11_probe_001307,mdgo_v05_fin_user_0006,finance,triple_asof_interleaved,3,0,3,0,224,336433,140000
mdgo_v11_probe_001308,mdgo_v05_fin_user_0033,finance,reference_case_reconstruction,3,1,2,120,344,330817,140000
mdgo_v11_probe_001309,mdgo_v05_fin_user_0018,finance,suggestion_rejection_pair,2,0,2,0,227,331045,140000
mdgo_v11_probe_001310,mdgo_v05_fin_user_0025,finance,surface_decoy_pair,2,0,2,0,232,338920,140000
mdgo_v11_probe_001311,mdgo_v05_fin_user_0007,finance,reference_case_reconstruction,3,1,2,194,412,337224,140000
mdgo_v11_probe_001312,mdgo_v05_fin_user_0009,finance,reference_case_reconstruction,3,1,2,126,344,341182,140000
mdgo_v11_probe_001313,mdgo_v05_fin_user_0034,finance,surface_decoy_pair,2,0,2,0,221,337663,140000
mdgo_v11_probe_001314,mdgo_v07_sof_user_0013,software,dual_asof_reversal,2,0,2,0,245,316556,140000
mdgo_v11_probe_001315,mdgo_v05_fin_user_0013,finance,reference_case_reconstruction,3,1,2,197,412,345552,140000
mdgo_v11_probe_001316,mdgo_v05_fin_user_0013,finance,suggestion_rejection_pair,2,0,2,0,217,345552,140000
mdgo_v11_probe_001317,mdgo_v05_fin_user_0004,finance,triple_asof_interleaved,3,0,3,0,226,332730,140000
mdgo_v11_probe_001318,mdgo_v05_fin_user_0002,finance,triple_asof_interleaved,3,0,3,0,225,339141,140000
mdgo_v11_probe_001319,mdgo_v05_fin_user_0000,finance,surface_decoy_pair,2,0,2,0,227,333457,140000
mdgo_v11_probe_001320,mdgo_v07_sof_user_0014,software,dual_asof_reversal,2,0,2,0,231,326919,140000
mdgo_v11_probe_001321,mdgo_v05_fin_user_0031,finance,reference_case_reconstruction,3,1,2,196,412,338178,140000
mdgo_v11_probe_001322,mdgo_v05_fin_user_0018,finance,surface_decoy_pair,2,0,2,0,227,331045,140000
mdgo_v11_probe_001323,mdgo_v05_fin_user_0032,finance,surface_decoy_pair,2,0,2,0,223,342639,140000
mdgo_v11_probe_001324,mdgo_v05_fin_user_0034,finance,reference_case_reconstruction,3,1,2,128,344,337663,140000
mdgo_v11_probe_001325,mdgo_v05_fin_user_0032,finance,reference_case_reconstruction,3,1,2,200,413,342639,140000
mdgo_v11_probe_001326,mdgo_v05_fin_user_0009,finance,suggestion_rejection_pair,2,0,2,0,216,341182,140000
mdgo_v11_probe_001327,mdgo_v05_sof_user_0006,software,triple_asof_interleaved,3,0,3,0,233,322287,140000
mdgo_v11_probe_001328,mdgo_v05_sof_user_0000,software,surface_decoy_pair,2,0,2,0,239,311624,140000
mdgo_v11_probe_001329,mdgo_v07_sof_user_0010,software,triple_asof_interleaved,3,0,3,0,227,329153,140000
mdgo_v11_probe_001330,mdgo_v05_fin_user_0035,finance,triple_asof_interleaved,3,0,3,0,230,332598,140000
mdgo_v11_probe_001331,mdgo_v05_fin_user_0025,finance,reference_case_reconstruction,3,1,2,195,412,338920,140000
mdgo_v11_probe_001332,mdgo_v05_fin_user_0001,finance,triple_asof_interleaved,3,0,3,0,226,338269,140000
mdgo_v11_probe_001333,mdgo_v05_sof_user_0003,software,dual_asof_reversal,2,0,2,0,242,314399,140000
mdgo_v11_probe_001334,mdgo_v05_fin_user_0016,finance,suggestion_rejection_pair,2,0,2,0,225,332320,140000
mdgo_v11_probe_001335,mdgo_v05_fin_user_0018,finance,reference_case_reconstruction,3,1,2,186,412,331045,140000
mdgo_v11_probe_001336,mdgo_v05_fin_user_0009,finance,triple_asof_interleaved,3,0,3,0,216,341182,140000
mdgo_v11_probe_001337,mdgo_v07_sof_user_0014,software,triple_asof_interleaved,3,0,3,0,231,326919,140000
mdgo_v11_probe_001338,mdgo_v07_sof_user_0014,software,provenance_weighted_triple,3,0,3,0,231,326919,140000
mdgo_v11_probe_001339,mdgo_v05_sof_user_0000,software,scope_temporal_pair,2,0,2,0,239,311624,140000
mdgo_v11_probe_001340,mdgo_v05_sof_user_0007,software,suggestion_rejection_pair,2,0,2,0,236,321840,140000
mdgo_v11_probe_001341,mdgo_v05_fin_user_0026,finance,provenance_weighted_triple,3,0,3,0,231,330059,140000
mdgo_v11_probe_001342,mdgo_v05_fin_user_0009,finance,triple_asof_interleaved,3,0,3,0,216,341182,140000
mdgo_v11_probe_001343,mdgo_v05_fin_user_0033,finance,surface_decoy_pair,2,0,2,0,230,330817,140000
mdgo_v11_probe_001344,mdgo_v05_fin_user_0033,finance,reference_case_reconstruction,3,1,2,120,344,330817,140000
mdgo_v11_probe_001345,mdgo_v05_fin_user_0018,finance,dual_asof_reversal,2,0,2,0,227,331045,140000
mdgo_v11_probe_001346,mdgo_v07_sof_user_0011,software,triple_asof_interleaved,3,0,3,0,238,325058,140000
mdgo_v11_probe_001347,mdgo_v05_fin_user_0035,finance,surface_decoy_pair,2,0,2,0,230,332598,140000
mdgo_v11_probe_001348,mdgo_v05_fin_user_0011,finance,provenance_weighted_triple,3,0,3,0,229,333048,140000
mdgo_v11_probe_001349,mdgo_v05_fin_user_0015,finance,suggestion_rejection_pair,2,0,2,0,222,337230,140000
mdgo_v11_probe_001350,mdgo_v05_sof_user_0007,software,triple_asof_interleaved,3,0,3,0,236,321840,140000
mdgo_v11_probe_001351,mdgo_v05_fin_user_0002,finance,triple_asof_interleaved,3,0,3,0,225,339141,140000
mdgo_v11_probe_001352,mdgo_v05_sof_user_0003,software,surface_decoy_pair,2,0,2,0,242,314399,140000
mdgo_v11_probe_001353,mdgo_v05_sof_user_0005,software,triple_asof_interleaved,3,0,3,0,239,318937,140000
mdgo_v11_probe_001354,mdgo_v05_fin_user_0029,finance,provenance_weighted_triple,3,0,3,0,227,332408,140000
mdgo_v11_probe_001355,mdgo_v05_fin_user_0025,finance,triple_asof_interleaved,3,0,3,0,232,338920,140000
mdgo_v11_probe_001356,mdgo_v07_sof_user_0009,software,triple_asof_interleaved,3,0,3,0,235,322372,140000
mdgo_v11_probe_001357,mdgo_v05_fin_user_0023,finance,triple_asof_interleaved,3,0,3,0,228,336961,140000
mdgo_v11_probe_001358,mdgo_v07_sof_user_0014,software,surface_decoy_pair,2,0,2,0,231,326919,140000
mdgo_v11_probe_001359,mdgo_v05_fin_user_0002,finance,surface_decoy_pair,2,0,2,0,225,339141,140000
mdgo_v11_probe_001360,mdgo_v05_sof_user_0002,software,triple_asof_interleaved,3,0,3,0,237,323038,140000
mdgo_v11_probe_001361,mdgo_v05_sof_user_0003,software,dual_asof_reversal,2,0,2,0,242,314399,140000
mdgo_v11_probe_001362,mdgo_v05_fin_user_0019,finance,provenance_weighted_triple,3,0,3,0,225,338631,140000
mdgo_v11_probe_001363,mdgo_v05_fin_user_0026,finance,surface_decoy_pair,2,0,2,0,231,330059,140000
mdgo_v11_probe_001364,mdgo_v05_sof_user_0006,software,suggestion_rejection_pair,2,0,2,0,233,322287,140000
mdgo_v11_probe_001365,mdgo_v07_sof_user_0015,software,suggestion_rejection_pair,2,0,2,0,242,313659,140000
mdgo_v11_probe_001366,mdgo_v05_sof_user_0007,software,provenance_weighted_triple,3,0,3,0,236,321840,140000
mdgo_v11_probe_001367,mdgo_v07_sof_user_0015,software,reference_case_reconstruction,3,1,2,182,412,313659,140000
mdgo_v11_probe_001368,mdgo_v05_sof_user_0000,software,reference_case_reconstruction,3,1,2,104,344,311624,140000
mdgo_v11_probe_001369,mdgo_v05_sof_user_0004,software,surface_decoy_pair,2,0,2,0,236,322411,140000
mdgo_v11_probe_001370,mdgo_v05_fin_user_0020,finance,surface_decoy_pair,2,0,2,0,232,328930,140000
mdgo_v11_probe_001371,mdgo_v07_sof_user_0014,software,dual_asof_reversal,2,0,2,0,231,326919,140000
mdgo_v11_probe_001372,mdgo_v05_sof_user_0006,software,triple_asof_interleaved,3,0,3,0,233,322287,140000
mdgo_v11_probe_001373,mdgo_v05_fin_user_0001,finance,triple_asof_interleaved,3,0,3,0,226,338269,140000
mdgo_v11_probe_001374,mdgo_v05_fin_user_0006,finance,dual_asof_reversal,2,0,2,0,224,336433,140000
mdgo_v11_probe_001375,mdgo_v05_fin_user_0029,finance,suggestion_rejection_pair,2,0,2,0,227,332408,140000
mdgo_v11_probe_001376,mdgo_v05_fin_user_0031,finance,dual_asof_reversal,2,0,2,0,224,338178,140000
mdgo_v11_probe_001377,mdgo_v05_fin_user_0014,finance,suggestion_rejection_pair,2,0,2,0,223,339699,140000
mdgo_v11_probe_001378,mdgo_v07_sof_user_0009,software,suggestion_rejection_pair,2,0,2,0,235,322372,140000
mdgo_v11_probe_001379,mdgo_v05_fin_user_0034,finance,triple_asof_interleaved,3,0,3,0,221,337663,140000
mdgo_v11_probe_001380,mdgo_v05_fin_user_0018,finance,triple_asof_interleaved,3,0,3,0,227,331045,140000
mdgo_v11_probe_001381,mdgo_v07_sof_user_0016,software,triple_asof_interleaved,3,0,3,0,233,324189,140000
mdgo_v11_probe_001382,mdgo_v05_fin_user_0033,finance,dual_asof_reversal,2,0,2,0,230,330817,140000
mdgo_v11_probe_001383,mdgo_v05_sof_user_0008,software,surface_decoy_pair,2,0,2,0,239,318483,140000
mdgo_v11_probe_001384,mdgo_v05_fin_user_0020,finance,triple_asof_interleaved,3,0,3,0,232,328930,140000
mdgo_v11_probe_001385,mdgo_v05_fin_user_0006,finance,reference_case_reconstruction,3,1,2,197,412,336433,140000
mdgo_v11_probe_001386,mdgo_v05_fin_user_0022,finance,triple_asof_interleaved,3,0,3,0,219,343225,140000
mdgo_v11_probe_001387,mdgo_v05_fin_user_0027,finance,provenance_weighted_triple,3,0,3,0,220,342331,140000
mdgo_v11_probe_001388,mdgo_v05_fin_user_0026,finance,suggestion_rejection_pair,2,0,2,0,231,330059,140000
mdgo_v11_probe_001389,mdgo_v05_fin_user_0030,finance,triple_asof_interleaved,3,0,3,0,220,337818,140000
mdgo_v11_probe_001390,mdgo_v05_fin_user_0027,finance,triple_asof_interleaved,3,0,3,0,220,342331,140000
mdgo_v11_probe_001391,mdgo_v05_fin_user_0028,finance,reference_case_reconstruction,3,1,2,190,412,335276,140000
mdgo_v11_probe_001392,mdgo_v05_fin_user_0014,finance,surface_decoy_pair,2,0,2,0,223,339699,140000
mdgo_v11_probe_001393,mdgo_v07_sof_user_0017,software,triple_asof_interleaved,3,0,3,0,232,325699,140000
mdgo_v11_probe_001394,mdgo_v05_fin_user_0022,finance,reference_case_reconstruction,3,1,2,128,344,343225,140000
mdgo_v11_probe_001395,mdgo_v07_sof_user_0013,software,triple_asof_interleaved,3,0,3,0,245,316556,140000
mdgo_v11_probe_001396,mdgo_v05_fin_user_0026,finance,dual_asof_reversal,2,0,2,0,231,330059,140000
mdgo_v11_probe_001397,mdgo_v05_sof_user_0005,software,triple_asof_interleaved,3,0,3,0,239,318937,140000
mdgo_v11_probe_001398,mdgo_v05_fin_user_0004,finance,triple_asof_interleaved,3,0,3,0,226,332730,140000
mdgo_v11_probe_001399,mdgo_v05_fin_user_0030,finance,triple_asof_interleaved,3,0,3,0,220,337818,140000
mdgo_v11_probe_001400,mdgo_v05_fin_user_0007,finance,provenance_weighted_triple,3,0,3,0,227,337224,140000
mdgo_v11_probe_001401,mdgo_v05_fin_user_0027,finance,dual_asof_reversal,2,0,2,0,220,342331,140000
mdgo_v11_probe_001402,mdgo_v05_fin_user_0000,finance,surface_decoy_pair,2,0,2,0,227,333457,140000
mdgo_v11_probe_001403,mdgo_v07_sof_user_0009,software,suggestion_rejection_pair,2,0,2,0,235,322372,140000
mdgo_v11_probe_001404,mdgo_v05_fin_user_0012,finance,surface_decoy_pair,2,0,2,0,224,334218,140000
mdgo_v11_probe_001405,mdgo_v05_fin_user_0016,finance,suggestion_rejection_pair,2,0,2,0,225,332320,140000
mdgo_v11_probe_001406,mdgo_v07_sof_user_0009,software,surface_decoy_pair,2,0,2,0,235,322372,140000
mdgo_v11_probe_001407,mdgo_v05_fin_user_0031,finance,dual_asof_reversal,2,0,2,0,224,338178,140000
mdgo_v11_probe_001408,mdgo_v05_sof_user_0003,software,dual_asof_reversal,2,0,2,0,242,314399,140000
mdgo_v11_probe_001409,mdgo_v05_fin_user_0035,finance,triple_asof_interleaved,3,0,3,0,230,332598,140000
mdgo_v11_probe_001410,mdgo_v05_sof_user_0004,software,suggestion_rejection_pair,2,0,2,0,236,322411,140000
mdgo_v11_probe_001411,mdgo_v07_sof_user_0015,software,triple_asof_interleaved,3,0,3,0,242,313659,140000
mdgo_v11_probe_001412,mdgo_v05_fin_user_0028,finance,dual_asof_reversal,2,0,2,0,219,335276,140000
mdgo_v11_probe_001413,mdgo_v05_fin_user_0010,finance,surface_decoy_pair,2,0,2,0,230,335012,140000
mdgo_v11_probe_001414,mdgo_v05_sof_user_0007,software,triple_asof_interleaved,3,0,3,0,236,321840,140000
mdgo_v11_probe_001415,mdgo_v05_fin_user_0019,finance,triple_asof_interleaved,3,0,3,0,225,338631,140000
mdgo_v11_probe_001416,mdgo_v05_fin_user_0022,finance,provenance_weighted_triple,3,0,3,0,219,343225,140000
mdgo_v11_probe_001417,mdgo_v07_sof_user_0010,software,triple_asof_interleaved,3,0,3,0,227,329153,140000
mdgo_v11_probe_001418,mdgo_v05_fin_user_0030,finance,provenance_weighted_triple,3,0,3,0,220,337818,140000
mdgo_v11_probe_001419,mdgo_v05_fin_user_0025,finance,dual_asof_reversal,2,0,2,0,232,338920,140000
mdgo_v11_probe_001420,mdgo_v05_fin_user_0013,finance,surface_decoy_pair,2,0,2,0,217,345552,140000
mdgo_v11_probe_001421,mdgo_v05_fin_user_0000,finance,suggestion_rejection_pair,2,0,2,0,227,333457,140000
mdgo_v11_probe_001422,mdgo_v05_fin_user_0003,finance,dual_asof_reversal,2,0,2,0,230,331924,140000
mdgo_v11_probe_001423,mdgo_v07_sof_user_0013,software,suggestion_rejection_pair,2,0,2,0,245,316556,140000
mdgo_v11_probe_001424,mdgo_v05_fin_user_0028,finance,reference_case_reconstruction,3,1,2,123,344,335276,140000
mdgo_v11_probe_001425,mdgo_v07_sof_user_0010,software,provenance_weighted_triple,3,0,3,0,227,329153,140000
mdgo_v11_probe_001426,mdgo_v05_sof_user_0001,software,dual_asof_reversal,2,0,2,0,234,322282,140000
mdgo_v11_probe_001427,mdgo_v05_fin_user_0021,finance,triple_asof_interleaved,3,0,3,0,232,333807,140000
mdgo_v11_probe_001428,mdgo_v05_fin_user_0023,finance,suggestion_rejection_pair,2,0,2,0,228,336961,140000
mdgo_v11_probe_001429,mdgo_v05_fin_user_0007,finance,surface_decoy_pair,2,0,2,0,227,337224,140000
mdgo_v11_probe_001430,mdgo_v07_sof_user_0013,software,provenance_weighted_triple,3,0,3,0,245,316556,140000
mdgo_v11_probe_001431,mdgo_v07_sof_user_0015,software,surface_decoy_pair,2,0,2,0,242,313659,140000
mdgo_v11_probe_001432,mdgo_v05_fin_user_0031,finance,provenance_weighted_triple,3,0,3,0,224,338178,140000
mdgo_v11_probe_001433,mdgo_v05_fin_user_0029,finance,dual_asof_reversal,2,0,2,0,227,332408,140000
mdgo_v11_probe_001434,mdgo_v07_sof_user_0011,software,dual_asof_reversal,2,0,2,0,238,325058,140000
mdgo_v11_probe_001435,mdgo_v07_sof_user_0016,software,dual_asof_reversal,2,0,2,0,233,324189,140000
mdgo_v11_probe_001436,mdgo_v05_fin_user_0018,finance,provenance_weighted_triple,3,0,3,0,227,331045,140000
mdgo_v11_probe_001437,mdgo_v07_sof_user_0017,software,dual_asof_reversal,2,0,2,0,232,325699,140000
mdgo_v11_probe_001438,mdgo_v05_sof_user_0005,software,suggestion_rejection_pair,2,0,2,0,239,318937,140000
mdgo_v11_probe_001439,mdgo_v05_fin_user_0011,finance,triple_asof_interleaved,3,0,3,0,229,333048,140000
mdgo_v11_probe_001440,mdgo_v05_fin_user_0008,finance,suggestion_rejection_pair,2,0,2,0,229,338243,140000
mdgo_v11_probe_001441,mdgo_v05_fin_user_0034,finance,triple_asof_interleaved,3,0,3,0,221,337663,140000
mdgo_v11_probe_001442,mdgo_v07_sof_user_0010,software,triple_asof_interleaved,3,0,3,0,227,329153,140000
mdgo_v11_probe_001443,mdgo_v05_fin_user_0006,finance,dual_asof_reversal,2,0,2,0,224,336433,140000
mdgo_v11_probe_001444,mdgo_v07_sof_user_0012,software,triple_asof_interleaved,3,0,3,0,236,321909,140000
mdgo_v11_probe_001445,mdgo_v05_fin_user_0033,finance,dual_asof_reversal,2,0,2,0,230,330817,140000
mdgo_v11_probe_001446,mdgo_v05_fin_user_0026,finance,triple_asof_interleaved,3,0,3,0,231,330059,140000
mdgo_v11_probe_001447,mdgo_v05_sof_user_0007,software,dual_asof_reversal,2,0,2,0,236,321840,140000
mdgo_v11_probe_001448,mdgo_v05_fin_user_0027,finance,triple_asof_interleaved,3,0,3,0,220,342331,140000
mdgo_v11_probe_001449,mdgo_v05_sof_user_0005,software,dual_asof_reversal,2,0,2,0,239,318937,140000
mdgo_v11_probe_001450,mdgo_v05_fin_user_0025,finance,dual_asof_reversal,2,0,2,0,232,338920,140000
mdgo_v11_probe_001451,mdgo_v05_fin_user_0010,finance,triple_asof_interleaved,3,0,3,0,230,335012,140000
mdgo_v11_probe_001452,mdgo_v07_sof_user_0011,software,triple_asof_interleaved,3,0,3,0,238,325058,140000
mdgo_v11_probe_001453,mdgo_v05_sof_user_0007,software,dual_asof_reversal,2,0,2,0,236,321840,140000
mdgo_v11_probe_001454,mdgo_v05_fin_user_0007,finance,dual_asof_reversal,2,0,2,0,227,337224,140000
mdgo_v11_probe_001455,mdgo_v07_sof_user_0011,software,dual_asof_reversal,2,0,2,0,238,325058,140000
mdgo_v11_probe_001456,mdgo_v05_fin_user_0024,finance,dual_asof_reversal,2,0,2,0,226,340270,140000
mdgo_v11_probe_001457,mdgo_v07_sof_user_0013,software,surface_decoy_pair,2,0,2,0,245,316556,140000
mdgo_v11_probe_001458,mdgo_v05_fin_user_0035,finance,triple_asof_interleaved,3,0,3,0,230,332598,140000
mdgo_v11_probe_001459,mdgo_v05_fin_user_0028,finance,triple_asof_interleaved,3,0,3,0,219,335276,140000
mdgo_v11_probe_001460,mdgo_v05_fin_user_0033,finance,surface_decoy_pair,2,0,2,0,230,330817,140000
mdgo_v11_probe_001461,mdgo_v05_sof_user_0005,software,surface_decoy_pair,2,0,2,0,239,318937,140000
mdgo_v11_probe_001462,mdgo_v05_fin_user_0030,finance,surface_decoy_pair,2,0,2,0,220,337818,140000
mdgo_v11_probe_001463,mdgo_v05_fin_user_0032,finance,triple_asof_interleaved,3,0,3,0,223,342639,140000
mdgo_v11_probe_001464,mdgo_v05_fin_user_0020,finance,triple_asof_interleaved,3,0,3,0,232,328930,140000
mdgo_v11_probe_001465,mdgo_v05_fin_user_0000,finance,reference_case_reconstruction,3,1,2,191,412,333457,140000
mdgo_v11_probe_001466,mdgo_v07_sof_user_0014,software,surface_decoy_pair,2,0,2,0,231,326919,140000
mdgo_v11_probe_001467,mdgo_v05_fin_user_0001,finance,dual_asof_reversal,2,0,2,0,226,338269,140000
mdgo_v11_probe_001468,mdgo_v05_fin_user_0031,finance,dual_asof_reversal,2,0,2,0,224,338178,140000
mdgo_v11_probe_001469,mdgo_v05_fin_user_0025,finance,reference_case_reconstruction,3,1,2,195,412,338920,140000
mdgo_v11_probe_001470,mdgo_v05_sof_user_0000,software,triple_asof_interleaved,3,0,3,0,239,311624,140000
mdgo_v11_probe_001471,mdgo_v05_fin_user_0017,finance,triple_asof_interleaved,3,0,3,0,217,341010,140000
mdgo_v11_probe_001472,mdgo_v05_fin_user_0025,finance,dual_asof_reversal,2,0,2,0,232,338920,140000
mdgo_v11_probe_001473,mdgo_v05_fin_user_0009,finance,reference_case_reconstruction,3,1,2,191,412,341182,140000
mdgo_v11_probe_001474,mdgo_v05_fin_user_0007,finance,reference_case_reconstruction,3,1,2,126,344,337224,140000
mdgo_v11_probe_001475,mdgo_v05_fin_user_0017,finance,dual_asof_reversal,2,0,2,0,217,341010,140000
mdgo_v11_probe_001476,mdgo_v05_fin_user_0011,finance,surface_decoy_pair,2,0,2,0,229,333048,140000
mdgo_v11_probe_001477,mdgo_v05_sof_user_0001,software,triple_asof_interleaved,3,0,3,0,234,322282,140000
mdgo_v11_probe_001478,mdgo_v05_fin_user_0004,finance,dual_asof_reversal,2,0,2,0,226,332730,140000
mdgo_v11_probe_001479,mdgo_v05_sof_user_0000,software,dual_asof_reversal,2,0,2,0,239,311624,140000
mdgo_v11_probe_001480,mdgo_v05_sof_user_0005,software,provenance_weighted_triple,3,0,3,0,239,318937,140000
mdgo_v11_probe_001481,mdgo_v05_fin_user_0018,finance,dual_asof_reversal,2,0,2,0,227,331045,140000
mdgo_v11_probe_001482,mdgo_v05_sof_user_0007,software,surface_decoy_pair,2,0,2,0,236,321840,140000
mdgo_v11_probe_001483,mdgo_v05_fin_user_0009,finance,surface_decoy_pair,2,0,2,0,216,341182,140000
mdgo_v11_probe_001484,mdgo_v05_sof_user_0007,software,dual_asof_reversal,2,0,2,0,236,321840,140000
mdgo_v11_probe_001485,mdgo_v05_fin_user_0019,finance,reference_case_reconstruction,3,1,2,197,412,338631,140000
mdgo_v11_probe_001486,mdgo_v05_fin_user_0014,finance,reference_case_reconstruction,3,1,2,121,344,339699,140000
mdgo_v11_probe_001487,mdgo_v05_fin_user_0000,finance,reference_case_reconstruction,3,1,2,191,412,333457,140000
mdgo_v11_probe_001488,mdgo_v05_sof_user_0003,software,triple_asof_interleaved,3,0,3,0,242,314399,140000
mdgo_v11_probe_001489,mdgo_v07_sof_user_0012,software,surface_decoy_pair,2,0,2,0,236,321909,140000
mdgo_v11_probe_001490,mdgo_v05_fin_user_0022,finance,triple_asof_interleaved,3,0,3,0,219,343225,140000
mdgo_v11_probe_001491,mdgo_v05_fin_user_0032,finance,triple_asof_interleaved,3,0,3,0,223,342639,140000
mdgo_v11_probe_001492,mdgo_v07_sof_user_0014,software,surface_decoy_pair,2,0,2,0,231,326919,140000
mdgo_v11_probe_001493,mdgo_v05_sof_user_0007,software,surface_decoy_pair,2,0,2,0,236,321840,140000
mdgo_v11_probe_001494,mdgo_v07_sof_user_0017,software,surface_decoy_pair,2,0,2,0,232,325699,140000
mdgo_v11_probe_001495,mdgo_v05_fin_user_0005,finance,dual_asof_reversal,2,0,2,0,231,328129,140000
mdgo_v11_probe_001496,mdgo_v05_fin_user_0024,finance,provenance_weighted_triple,3,0,3,0,226,340270,140000
mdgo_v11_probe_001497,mdgo_v05_fin_user_0000,finance,triple_asof_interleaved,3,0,3,0,227,333457,140000
mdgo_v11_probe_001498,mdgo_v05_fin_user_0032,finance,reference_case_reconstruction,3,1,2,131,344,342639,140000
mdgo_v11_probe_001499,mdgo_v05_fin_user_0017,finance,reference_case_reconstruction,3,1,2,192,412,341010,140000
mdgo_v11_probe_001500,mdgo_v05_fin_user_0027,finance,dual_asof_reversal,2,0,2,0,220,342331,140000
mdgo_v11_probe_001501,mdgo_v05_fin_user_0012,finance,reference_case_reconstruction,3,1,2,194,413,334218,140000
mdgo_v11_probe_001502,mdgo_v05_sof_user_0005,software,triple_asof_interleaved,3,0,3,0,239,318937,140000
mdgo_v11_probe_001503,mdgo_v05_fin_user_0030,finance,triple_asof_interleaved,3,0,3,0,220,337818,140000
mdgo_v11_probe_001504,mdgo_v05_fin_user_0013,finance,suggestion_rejection_pair,2,0,2,0,217,345552,140000
mdgo_v11_probe_001505,mdgo_v05_sof_user_0003,software,dual_asof_reversal,2,0,2,0,242,314399,140000
mdgo_v11_probe_001506,mdgo_v07_sof_user_0014,software,triple_asof_interleaved,3,0,3,0,231,326919,140000
mdgo_v11_probe_001507,mdgo_v05_fin_user_0005,finance,dual_asof_reversal,2,0,2,0,231,328129,140000
mdgo_v11_probe_001508,mdgo_v07_sof_user_0015,software,surface_decoy_pair,2,0,2,0,242,313659,140000
mdgo_v11_probe_001509,mdgo_v05_fin_user_0004,finance,surface_decoy_pair,2,0,2,0,226,332730,140000
mdgo_v11_probe_001510,mdgo_v05_fin_user_0015,finance,surface_decoy_pair,2,0,2,0,222,337230,140000
mdgo_v11_probe_001511,mdgo_v07_sof_user_0011,software,scope_temporal_pair,2,0,2,0,238,325058,140000
mdgo_v11_probe_001512,mdgo_v05_fin_user_0019,finance,dual_asof_reversal,2,0,2,0,225,338631,140000
mdgo_v11_probe_001513,mdgo_v05_fin_user_0003,finance,triple_asof_interleaved,3,0,3,0,230,331924,140000
mdgo_v11_probe_001514,mdgo_v05_fin_user_0004,finance,suggestion_rejection_pair,2,0,2,0,226,332730,140000
mdgo_v11_probe_001515,mdgo_v05_fin_user_0021,finance,reference_case_reconstruction,3,1,2,193,412,333807,140000
mdgo_v11_probe_001516,mdgo_v05_fin_user_0016,finance,surface_decoy_pair,2,0,2,0,225,332320,140000
mdgo_v11_probe_001517,mdgo_v05_fin_user_0002,finance,triple_asof_interleaved,3,0,3,0,225,339141,140000
mdgo_v11_probe_001518,mdgo_v05_fin_user_0021,finance,surface_decoy_pair,2,0,2,0,232,333807,140000
mdgo_v11_probe_001519,mdgo_v05_sof_user_0002,software,dual_asof_reversal,2,0,2,0,237,323038,140000
mdgo_v11_probe_001520,mdgo_v05_fin_user_0013,finance,dual_asof_reversal,2,0,2,0,217,345552,140000
mdgo_v11_probe_001521,mdgo_v05_fin_user_0034,finance,reference_case_reconstruction,3,1,2,193,412,337663,140000
mdgo_v11_probe_001522,mdgo_v05_fin_user_0028,finance,suggestion_rejection_pair,2,0,2,0,219,335276,140000
mdgo_v11_probe_001523,mdgo_v07_sof_user_0013,software,dual_asof_reversal,2,0,2,0,245,316556,140000
mdgo_v11_probe_001524,mdgo_v05_fin_user_0009,finance,dual_asof_reversal,2,0,2,0,216,341182,140000
mdgo_v11_probe_001525,mdgo_v05_fin_user_0034,finance,dual_asof_reversal,2,0,2,0,221,337663,140000
mdgo_v11_probe_001526,mdgo_v05_sof_user_0007,software,suggestion_rejection_pair,2,0,2,0,236,321840,140000
mdgo_v11_probe_001527,mdgo_v05_fin_user_0021,finance,reference_case_reconstruction,3,1,2,193,412,333807,140000
mdgo_v11_probe_001528,mdgo_v07_sof_user_0013,software,triple_asof_interleaved,3,0,3,0,245,316556,140000
mdgo_v11_probe_001529,mdgo_v05_fin_user_0021,finance,triple_asof_interleaved,3,0,3,0,232,333807,140000
mdgo_v11_probe_001530,mdgo_v05_fin_user_0017,finance,triple_asof_interleaved,3,0,3,0,217,341010,140000
mdgo_v11_probe_001531,mdgo_v05_fin_user_0028,finance,surface_decoy_pair,2,0,2,0,219,335276,140000
mdgo_v11_probe_001532,mdgo_v05_fin_user_0031,finance,dual_asof_reversal,2,0,2,0,224,338178,140000
mdgo_v11_probe_001533,mdgo_v05_fin_user_0001,finance,provenance_weighted_triple,3,0,3,0,226,338269,140000
mdgo_v11_probe_001534,mdgo_v05_fin_user_0008,finance,triple_asof_interleaved,3,0,3,0,229,338243,140000
mdgo_v11_probe_001535,mdgo_v05_fin_user_0028,finance,provenance_weighted_triple,3,0,3,0,219,335276,140000
mdgo_v11_probe_001536,mdgo_v05_fin_user_0014,finance,suggestion_rejection_pair,2,0,2,0,223,339699,140000
mdgo_v11_probe_001537,mdgo_v05_fin_user_0022,finance,dual_asof_reversal,2,0,2,0,219,343225,140000
mdgo_v11_probe_001538,mdgo_v05_fin_user_0004,finance,dual_asof_reversal,2,0,2,0,226,332730,140000
mdgo_v11_probe_001539,mdgo_v05_sof_user_0003,software,surface_decoy_pair,2,0,2,0,242,314399,140000
mdgo_v11_probe_001540,mdgo_v05_fin_user_0022,finance,surface_decoy_pair,2,0,2,0,219,343225,140000
mdgo_v11_probe_001541,mdgo_v05_fin_user_0028,finance,triple_asof_interleaved,3,0,3,0,219,335276,140000
mdgo_v11_probe_001542,mdgo_v05_fin_user_0016,finance,suggestion_rejection_pair,2,0,2,0,225,332320,140000
mdgo_v11_probe_001543,mdgo_v05_fin_user_0001,finance,suggestion_rejection_pair,2,0,2,0,226,338269,140000
mdgo_v11_probe_001544,mdgo_v07_sof_user_0010,software,triple_asof_interleaved,3,0,3,0,227,329153,140000
mdgo_v11_probe_001545,mdgo_v05_fin_user_0002,finance,surface_decoy_pair,2,0,2,0,225,339141,140000
mdgo_v11_probe_001546,mdgo_v05_fin_user_0025,finance,triple_asof_interleaved,3,0,3,0,232,338920,140000
mdgo_v11_probe_001547,mdgo_v05_fin_user_0030,finance,triple_asof_interleaved,3,0,3,0,220,337818,140000
mdgo_v11_probe_001548,mdgo_v05_fin_user_0007,finance,triple_asof_interleaved,3,0,3,0,227,337224,140000
mdgo_v11_probe_001549,mdgo_v05_fin_user_0035,finance,surface_decoy_pair,2,0,2,0,230,332598,140000
mdgo_v11_probe_001550,mdgo_v05_fin_user_0008,finance,surface_decoy_pair,2,0,2,0,229,338243,140000
mdgo_v11_probe_001551,mdgo_v05_fin_user_0035,finance,reference_case_reconstruction,3,1,2,189,412,332598,140000
mdgo_v11_probe_001552,mdgo_v05_fin_user_0029,finance,dual_asof_reversal,2,0,2,0,227,332408,140000
mdgo_v11_probe_001553,mdgo_v05_fin_user_0002,finance,triple_asof_interleaved,3,0,3,0,225,339141,140000
mdgo_v11_probe_001554,mdgo_v05_sof_user_0005,software,surface_decoy_pair,2,0,2,0,239,318937,140000
mdgo_v11_probe_001555,mdgo_v05_sof_user_0002,software,triple_asof_interleaved,3,0,3,0,237,323038,140000
mdgo_v11_probe_001556,mdgo_v05_fin_user_0011,finance,dual_asof_reversal,2,0,2,0,229,333048,140000
mdgo_v11_probe_001557,mdgo_v05_sof_user_0002,software,reference_case_reconstruction,3,1,2,180,412,323038,140000
mdgo_v11_probe_001558,mdgo_v05_fin_user_0020,finance,reference_case_reconstruction,3,1,2,121,344,328930,140000
mdgo_v11_probe_001559,mdgo_v05_sof_user_0002,software,provenance_weighted_triple,3,0,3,0,237,323038,140000
mdgo_v11_probe_001560,mdgo_v05_fin_user_0027,finance,dual_asof_reversal,2,0,2,0,220,342331,140000
mdgo_v11_probe_001561,mdgo_v05_fin_user_0020,finance,triple_asof_interleaved,3,0,3,0,232,328930,140000
mdgo_v11_probe_001562,mdgo_v05_fin_user_0015,finance,dual_asof_reversal,2,0,2,0,222,337230,140000
mdgo_v11_probe_001563,mdgo_v05_fin_user_0015,finance,dual_asof_reversal,2,0,2,0,222,337230,140000
mdgo_v11_probe_001564,mdgo_v05_sof_user_0006,software,dual_asof_reversal,2,0,2,0,233,322287,140000
mdgo_v11_probe_001565,mdgo_v05_fin_user_0035,finance,dual_asof_reversal,2,0,2,0,230,332598,140000
mdgo_v11_probe_001566,mdgo_v05_fin_user_0031,finance,suggestion_rejection_pair,2,0,2,0,224,338178,140000
mdgo_v11_probe_001567,mdgo_v07_sof_user_0014,software,dual_asof_reversal,2,0,2,0,231,326919,140000
mdgo_v11_probe_001568,mdgo_v05_fin_user_0004,finance,dual_asof_reversal,2,0,2,0,226,332730,140000
mdgo_v11_probe_001569,mdgo_v07_sof_user_0017,software,scope_temporal_pair,2,0,2,0,232,325699,140000
mdgo_v11_probe_001570,mdgo_v05_fin_user_0004,finance,triple_asof_interleaved,3,0,3,0,226,332730,140000
mdgo_v11_probe_001571,mdgo_v05_sof_user_0008,software,provenance_weighted_triple,3,0,3,0,239,318483,140000
mdgo_v11_probe_001572,mdgo_v05_fin_user_0029,finance,reference_case_reconstruction,3,1,2,118,344,332408,140000
mdgo_v11_probe_001573,mdgo_v05_fin_user_0027,finance,triple_asof_interleaved,3,0,3,0,220,342331,140000
mdgo_v11_probe_001574,mdgo_v07_sof_user_0017,software,dual_asof_reversal,2,0,2,0,232,325699,140000
mdgo_v11_probe_001575,mdgo_v05_fin_user_0004,finance,dual_asof_reversal,2,0,2,0,226,332730,140000
mdgo_v11_probe_001576,mdgo_v05_fin_user_0015,finance,triple_asof_interleaved,3,0,3,0,222,337230,140000
mdgo_v11_probe_001577,mdgo_v05_fin_user_0023,finance,dual_asof_reversal,2,0,2,0,228,336961,140000
mdgo_v11_probe_001578,mdgo_v07_sof_user_0010,software,reference_case_reconstruction,3,1,2,121,344,329153,140000
mdgo_v11_probe_001579,mdgo_v05_sof_user_0001,software,surface_decoy_pair,2,0,2,0,234,322282,140000
mdgo_v11_probe_001580,mdgo_v05_sof_user_0001,software,triple_asof_interleaved,3,0,3,0,234,322282,140000
mdgo_v11_probe_001581,mdgo_v05_fin_user_0021,finance,suggestion_rejection_pair,2,0,2,0,232,333807,140000
mdgo_v11_probe_001582,mdgo_v07_sof_user_0012,software,provenance_weighted_triple,3,0,3,0,236,321909,140000
mdgo_v11_probe_001583,mdgo_v07_sof_user_0015,software,dual_asof_reversal,2,0,2,0,242,313659,140000
mdgo_v11_probe_001584,mdgo_v05_fin_user_0004,finance,triple_asof_interleaved,3,0,3,0,226,332730,140000
mdgo_v11_probe_001585,mdgo_v05_fin_user_0009,finance,dual_asof_reversal,2,0,2,0,216,341182,140000
mdgo_v11_probe_001586,mdgo_v05_fin_user_0030,finance,surface_decoy_pair,2,0,2,0,220,337818,140000
mdgo_v11_probe_001587,mdgo_v05_sof_user_0006,software,dual_asof_reversal,2,0,2,0,233,322287,140000
mdgo_v11_probe_001588,mdgo_v05_fin_user_0001,finance,reference_case_reconstruction,3,1,2,123,344,338269,140000
mdgo_v11_probe_001589,mdgo_v05_fin_user_0010,finance,suggestion_rejection_pair,2,0,2,0,230,335012,140000
mdgo_v11_probe_001590,mdgo_v05_sof_user_0004,software,dual_asof_reversal,2,0,2,0,236,322411,140000
mdgo_v11_probe_001591,mdgo_v05_fin_user_0004,finance,provenance_weighted_triple,3,0,3,0,226,332730,140000
mdgo_v11_probe_001592,mdgo_v07_sof_user_0010,software,dual_asof_reversal,2,0,2,0,227,329153,140000
mdgo_v11_probe_001593,mdgo_v05_fin_user_0023,finance,dual_asof_reversal,2,0,2,0,228,336961,140000
mdgo_v11_probe_001594,mdgo_v07_sof_user_0012,software,provenance_weighted_triple,3,0,3,0,236,321909,140000
mdgo_v11_probe_001595,mdgo_v05_fin_user_0035,finance,reference_case_reconstruction,3,1,2,189,412,332598,140000
mdgo_v11_probe_001596,mdgo_v07_sof_user_0013,software,reference_case_reconstruction,3,1,2,109,344,316556,140000
mdgo_v11_probe_001597,mdgo_v05_fin_user_0027,finance,surface_decoy_pair,2,0,2,0,220,342331,140000
mdgo_v11_probe_001598,mdgo_v05_fin_user_0028,finance,surface_decoy_pair,2,0,2,0,219,335276,140000
mdgo_v11_probe_001599,mdgo_v05_fin_user_0033,finance,surface_decoy_pair,2,0,2,0,230,330817,140000
mdgo_v11_probe_001600,mdgo_v05_fin_user_0029,finance,dual_asof_reversal,2,0,2,0,227,332408,140000
mdgo_v11_probe_001601,mdgo_v05_fin_user_0034,finance,triple_asof_interleaved,3,0,3,0,221,337663,140000
mdgo_v11_probe_001602,mdgo_v05_fin_user_0018,finance,triple_asof_interleaved,3,0,3,0,227,331045,140000
mdgo_v11_probe_001603,mdgo_v05_fin_user_0013,finance,triple_asof_interleaved,3,0,3,0,217,345552,140000
mdgo_v11_probe_001604,mdgo_v05_fin_user_0034,finance,triple_asof_interleaved,3,0,3,0,221,337663,140000
mdgo_v11_probe_001605,mdgo_v05_fin_user_0010,finance,dual_asof_reversal,2,0,2,0,230,335012,140000
mdgo_v11_probe_001606,mdgo_v07_sof_user_0017,software,dual_asof_reversal,2,0,2,0,232,325699,140000
mdgo_v11_probe_001607,mdgo_v05_sof_user_0001,software,triple_asof_interleaved,3,0,3,0,234,322282,140000
mdgo_v11_probe_001608,mdgo_v05_fin_user_0001,finance,provenance_weighted_triple,3,0,3,0,226,338269,140000
mdgo_v11_probe_001609,mdgo_v07_sof_user_0013,software,provenance_weighted_triple,3,0,3,0,245,316556,140000
mdgo_v11_probe_001610,mdgo_v05_fin_user_0021,finance,reference_case_reconstruction,3,1,2,121,344,333807,140000
mdgo_v11_probe_001611,mdgo_v05_fin_user_0001,finance,suggestion_rejection_pair,2,0,2,0,226,338269,140000
mdgo_v11_probe_001612,mdgo_v05_fin_user_0007,finance,surface_decoy_pair,2,0,2,0,227,337224,140000
mdgo_v11_probe_001613,mdgo_v05_fin_user_0015,finance,dual_asof_reversal,2,0,2,0,222,337230,140000
mdgo_v11_probe_001614,mdgo_v07_sof_user_0011,software,scope_temporal_pair,2,0,2,0,238,325058,140000
mdgo_v11_probe_001615,mdgo_v05_fin_user_0008,finance,reference_case_reconstruction,3,1,2,195,412,338243,140000
mdgo_v11_probe_001616,mdgo_v05_fin_user_0033,finance,scope_temporal_pair,2,0,2,0,230,330817,140000
mdgo_v11_probe_001617,mdgo_v05_fin_user_0027,finance,triple_asof_interleaved,3,0,3,0,220,342331,140000
mdgo_v11_probe_001618,mdgo_v05_fin_user_0026,finance,triple_asof_interleaved,3,0,3,0,231,330059,140000
mdgo_v11_probe_001619,mdgo_v05_fin_user_0003,finance,surface_decoy_pair,2,0,2,0,230,331924,140000
mdgo_v11_probe_001620,mdgo_v05_sof_user_0004,software,triple_asof_interleaved,3,0,3,0,236,322411,140000
mdgo_v11_probe_001621,mdgo_v05_fin_user_0022,finance,reference_case_reconstruction,3,1,2,195,412,343225,140000
mdgo_v11_probe_001622,mdgo_v05_fin_user_0001,finance,surface_decoy_pair,2,0,2,0,226,338269,140000
mdgo_v11_probe_001623,mdgo_v05_fin_user_0003,finance,suggestion_rejection_pair,2,0,2,0,230,331924,140000
mdgo_v11_probe_001624,mdgo_v07_sof_user_0015,software,triple_asof_interleaved,3,0,3,0,242,313659,140000
mdgo_v11_probe_001625,mdgo_v05_sof_user_0006,software,reference_case_reconstruction,3,1,2,182,412,322287,140000
mdgo_v11_probe_001626,mdgo_v07_sof_user_0013,software,triple_asof_interleaved,3,0,3,0,245,316556,140000
mdgo_v11_probe_001627,mdgo_v07_sof_user_0016,software,reference_case_reconstruction,3,1,2,187,412,324189,140000
mdgo_v11_probe_001628,mdgo_v05_fin_user_0032,finance,reference_case_reconstruction,3,1,2,131,344,342639,140000
mdgo_v11_probe_001629,mdgo_v05_fin_user_0003,finance,dual_asof_reversal,2,0,2,0,230,331924,140000
mdgo_v11_probe_001630,mdgo_v07_sof_user_0014,software,triple_asof_interleaved,3,0,3,0,231,326919,140000
mdgo_v11_probe_001631,mdgo_v05_fin_user_0015,finance,triple_asof_interleaved,3,0,3,0,222,337230,140000
mdgo_v11_probe_001632,mdgo_v05_sof_user_0002,software,reference_case_reconstruction,3,1,2,112,344,323038,140000
mdgo_v11_probe_001633,mdgo_v05_fin_user_0010,finance,provenance_weighted_triple,3,0,3,0,230,335012,140000
mdgo_v11_probe_001634,mdgo_v05_fin_user_0033,finance,triple_asof_interleaved,3,0,3,0,230,330817,140000
mdgo_v11_probe_001635,mdgo_v05_fin_user_0002,finance,triple_asof_interleaved,3,0,3,0,225,339141,140000
mdgo_v11_probe_001636,mdgo_v05_fin_user_0021,finance,triple_asof_interleaved,3,0,3,0,232,333807,140000
mdgo_v11_probe_001637,mdgo_v05_fin_user_0012,finance,suggestion_rejection_pair,2,0,2,0,224,334218,140000
mdgo_v11_probe_001638,mdgo_v05_fin_user_0032,finance,suggestion_rejection_pair,2,0,2,0,223,342639,140000
mdgo_v11_probe_001639,mdgo_v05_fin_user_0008,finance,dual_asof_reversal,2,0,2,0,229,338243,140000
mdgo_v11_probe_001640,mdgo_v05_sof_user_0003,software,reference_case_reconstruction,3,1,2,112,344,314399,140000
mdgo_v11_probe_001641,mdgo_v05_fin_user_0032,finance,reference_case_reconstruction,3,1,2,200,413,342639,140000
mdgo_v11_probe_001642,mdgo_v05_fin_user_0008,finance,suggestion_rejection_pair,2,0,2,0,229,338243,140000
mdgo_v11_probe_001643,mdgo_v07_sof_user_0012,software,surface_decoy_pair,2,0,2,0,236,321909,140000
mdgo_v11_probe_001644,mdgo_v05_sof_user_0000,software,dual_asof_reversal,2,0,2,0,239,311624,140000
mdgo_v11_probe_001645,mdgo_v07_sof_user_0011,software,reference_case_reconstruction,3,1,2,187,412,325058,140000
mdgo_v11_probe_001646,mdgo_v05_fin_user_0008,finance,triple_asof_interleaved,3,0,3,0,229,338243,140000
mdgo_v11_probe_001647,mdgo_v07_sof_user_0017,software,triple_asof_interleaved,3,0,3,0,232,325699,140000
mdgo_v11_probe_001648,mdgo_v05_fin_user_0023,finance,provenance_weighted_triple,3,0,3,0,228,336961,140000
mdgo_v11_probe_001649,mdgo_v05_fin_user_0008,finance,surface_decoy_pair,2,0,2,0,229,338243,140000
mdgo_v11_probe_001650,mdgo_v05_fin_user_0006,finance,reference_case_reconstruction,3,1,2,127,344,336433,140000
mdgo_v11_probe_001651,mdgo_v05_fin_user_0007,finance,triple_asof_interleaved,3,0,3,0,227,337224,140000
mdgo_v11_probe_001652,mdgo_v05_fin_user_0024,finance,surface_decoy_pair,2,0,2,0,226,340270,140000
mdgo_v11_probe_001653,mdgo_v05_sof_user_0006,software,provenance_weighted_triple,3,0,3,0,233,322287,140000
mdgo_v11_probe_001654,mdgo_v05_sof_user_0008,software,triple_asof_interleaved,3,0,3,0,239,318483,140000
mdgo_v11_probe_001655,mdgo_v05_fin_user_0016,finance,surface_decoy_pair,2,0,2,0,225,332320,140000
mdgo_v11_probe_001656,mdgo_v07_sof_user_0011,software,surface_decoy_pair,2,0,2,0,238,325058,140000
mdgo_v11_probe_001657,mdgo_v05_sof_user_0008,software,reference_case_reconstruction,3,1,2,185,412,318483,140000
mdgo_v11_probe_001658,mdgo_v07_sof_user_0015,software,suggestion_rejection_pair,2,0,2,0,242,313659,140000
mdgo_v11_probe_001659,mdgo_v05_fin_user_0025,finance,suggestion_rejection_pair,2,0,2,0,232,338920,140000
mdgo_v11_probe_001660,mdgo_v05_fin_user_0024,finance,reference_case_reconstruction,3,1,2,122,344,340270,140000
mdgo_v11_probe_001661,mdgo_v05_fin_user_0027,finance,triple_asof_interleaved,3,0,3,0,220,342331,140000
mdgo_v11_probe_001662,mdgo_v05_fin_user_0024,finance,provenance_weighted_triple,3,0,3,0,226,340270,140000
mdgo_v11_probe_001663,mdgo_v05_fin_user_0023,finance,dual_asof_reversal,2,0,2,0,228,336961,140000
mdgo_v11_probe_001664,mdgo_v05_fin_user_0010,finance,triple_asof_interleaved,3,0,3,0,230,335012,140000
mdgo_v11_probe_001665,mdgo_v05_fin_user_0017,finance,triple_asof_interleaved,3,0,3,0,217,341010,140000
mdgo_v11_probe_001666,mdgo_v05_sof_user_0000,software,dual_asof_reversal,2,0,2,0,239,311624,140000
mdgo_v11_probe_001667,mdgo_v05_fin_user_0009,finance,provenance_weighted_triple,3,0,3,0,216,341182,140000
mdgo_v11_probe_001668,mdgo_v05_fin_user_0026,finance,reference_case_reconstruction,3,1,2,122,345,330059,140000
mdgo_v11_probe_001669,mdgo_v05_sof_user_0004,software,suggestion_rejection_pair,2,0,2,0,236,322411,140000
mdgo_v11_probe_001670,mdgo_v05_fin_user_0002,finance,triple_asof_interleaved,3,0,3,0,225,339141,140000
mdgo_v11_probe_001671,mdgo_v07_sof_user_0016,software,reference_case_reconstruction,3,1,2,187,412,324189,140000
mdgo_v11_probe_001672,mdgo_v07_sof_user_0009,software,triple_asof_interleaved,3,0,3,0,235,322372,140000
mdgo_v11_probe_001673,mdgo_v05_fin_user_0031,finance,provenance_weighted_triple,3,0,3,0,224,338178,140000
mdgo_v11_probe_001674,mdgo_v05_fin_user_0010,finance,triple_asof_interleaved,3,0,3,0,230,335012,140000
mdgo_v11_probe_001675,mdgo_v05_fin_user_0006,finance,dual_asof_reversal,2,0,2,0,224,336433,140000
mdgo_v11_probe_001676,mdgo_v05_fin_user_0022,finance,surface_decoy_pair,2,0,2,0,219,343225,140000
mdgo_v11_probe_001677,mdgo_v05_fin_user_0028,finance,reference_case_reconstruction,3,1,2,190,412,335276,140000
mdgo_v11_probe_001678,mdgo_v05_fin_user_0033,finance,reference_case_reconstruction,3,1,2,120,344,330817,140000
mdgo_v11_probe_001679,mdgo_v05_fin_user_0019,finance,reference_case_reconstruction,3,1,2,197,412,338631,140000
mdgo_v11_probe_001680,mdgo_v05_fin_user_0005,finance,triple_asof_interleaved,3,0,3,0,231,328129,140000
mdgo_v11_probe_001681,mdgo_v05_fin_user_0002,finance,reference_case_reconstruction,3,1,2,195,412,339141,140000
mdgo_v11_probe_001682,mdgo_v05_fin_user_0010,finance,dual_asof_reversal,2,0,2,0,230,335012,140000
mdgo_v11_probe_001683,mdgo_v05_fin_user_0019,finance,suggestion_rejection_pair,2,0,2,0,225,338631,140000
mdgo_v11_probe_001684,mdgo_v05_fin_user_0004,finance,triple_asof_interleaved,3,0,3,0,226,332730,140000
mdgo_v11_probe_001685,mdgo_v05_fin_user_0020,finance,reference_case_reconstruction,3,1,2,191,412,328930,140000
mdgo_v11_probe_001686,mdgo_v07_sof_user_0010,software,triple_asof_interleaved,3,0,3,0,227,329153,140000
mdgo_v11_probe_001687,mdgo_v05_fin_user_0017,finance,surface_decoy_pair,2,0,2,0,217,341010,140000
mdgo_v11_probe_001688,mdgo_v05_fin_user_0010,finance,triple_asof_interleaved,3,0,3,0,230,335012,140000
mdgo_v11_probe_001689,mdgo_v07_sof_user_0014,software,triple_asof_interleaved,3,0,3,0,231,326919,140000
mdgo_v11_probe_001690,mdgo_v05_fin_user_0031,finance,suggestion_rejection_pair,2,0,2,0,224,338178,140000
mdgo_v11_probe_001691,mdgo_v05_fin_user_0011,finance,surface_decoy_pair,2,0,2,0,229,333048,140000
mdgo_v11_probe_001692,mdgo_v07_sof_user_0014,software,dual_asof_reversal,2,0,2,0,231,326919,140000
mdgo_v11_probe_001693,mdgo_v05_fin_user_0005,finance,triple_asof_interleaved,3,0,3,0,231,328129,140000
mdgo_v11_probe_001694,mdgo_v05_sof_user_0004,software,surface_decoy_pair,2,0,2,0,236,322411,140000
mdgo_v11_probe_001695,mdgo_v05_sof_user_0007,software,provenance_weighted_triple,3,0,3,0,236,321840,140000
mdgo_v11_probe_001696,mdgo_v05_fin_user_0005,finance,provenance_weighted_triple,3,0,3,0,231,328129,140000
mdgo_v11_probe_001697,mdgo_v05_fin_user_0029,finance,reference_case_reconstruction,3,1,2,189,412,332408,140000
mdgo_v11_probe_001698,mdgo_v05_fin_user_0020,finance,surface_decoy_pair,2,0,2,0,232,328930,140000
mdgo_v11_probe_001699,mdgo_v07_sof_user_0016,software,dual_asof_reversal,2,0,2,0,233,324189,140000
mdgo_v11_probe_001700,mdgo_v05_fin_user_0033,finance,triple_asof_interleaved,3,0,3,0,230,330817,140000
mdgo_v11_probe_001701,mdgo_v05_sof_user_0004,software,reference_case_reconstruction,3,1,2,182,413,322411,140000
mdgo_v11_probe_001702,mdgo_v05_fin_user_0032,finance,surface_decoy_pair,2,0,2,0,223,342639,140000
mdgo_v11_probe_001703,mdgo_v05_fin_user_0021,finance,suggestion_rejection_pair,2,0,2,0,232,333807,140000
mdgo_v11_probe_001704,mdgo_v05_fin_user_0006,finance,surface_decoy_pair,2,0,2,0,224,336433,140000
mdgo_v11_probe_001705,mdgo_v05_fin_user_0003,finance,surface_decoy_pair,2,0,2,0,230,331924,140000
mdgo_v11_probe_001706,mdgo_v05_fin_user_0025,finance,triple_asof_interleaved,3,0,3,0,232,338920,140000
mdgo_v11_probe_001707,mdgo_v07_sof_user_0011,software,reference_case_reconstruction,3,1,2,187,412,325058,140000
mdgo_v11_probe_001708,mdgo_v05_fin_user_0033,finance,provenance_weighted_triple,3,0,3,0,230,330817,140000
mdgo_v11_probe_001709,mdgo_v07_sof_user_0011,software,dual_asof_reversal,2,0,2,0,238,325058,140000
mdgo_v11_probe_001710,mdgo_v05_fin_user_0021,finance,triple_asof_interleaved,3,0,3,0,232,333807,140000
mdgo_v11_probe_001711,mdgo_v05_fin_user_0001,finance,dual_asof_reversal,2,0,2,0,226,338269,140000
mdgo_v11_probe_001712,mdgo_v05_fin_user_0030,finance,suggestion_rejection_pair,2,0,2,0,220,337818,140000
mdgo_v11_probe_001713,mdgo_v05_fin_user_0000,finance,triple_asof_interleaved,3,0,3,0,227,333457,140000
mdgo_v11_probe_001714,mdgo_v05_fin_user_0028,finance,suggestion_rejection_pair,2,0,2,0,219,335276,140000
mdgo_v11_probe_001715,mdgo_v05_fin_user_0003,finance,triple_asof_interleaved,3,0,3,0,230,331924,140000
mdgo_v11_probe_001716,mdgo_v05_fin_user_0019,finance,dual_asof_reversal,2,0,2,0,225,338631,140000
mdgo_v11_probe_001717,mdgo_v05_fin_user_0010,finance,reference_case_reconstruction,3,1,2,192,412,335012,140000
mdgo_v11_probe_001718,mdgo_v05_fin_user_0031,finance,reference_case_reconstruction,3,1,2,127,344,338178,140000
mdgo_v11_probe_001719,mdgo_v05_fin_user_0007,finance,scope_temporal_pair,2,0,2,0,227,337224,140000
mdgo_v11_probe_001720,mdgo_v05_fin_user_0005,finance,surface_decoy_pair,2,0,2,0,231,328129,140000
mdgo_v11_probe_001721,mdgo_v07_sof_user_0017,software,triple_asof_interleaved,3,0,3,0,232,325699,140000
mdgo_v11_probe_001722,mdgo_v05_fin_user_0007,finance,surface_decoy_pair,2,0,2,0,227,337224,140000
mdgo_v11_probe_001723,mdgo_v05_fin_user_0014,finance,reference_case_reconstruction,3,1,2,194,412,339699,140000
mdgo_v11_probe_001724,mdgo_v05_fin_user_0034,finance,dual_asof_reversal,2,0,2,0,221,337663,140000
mdgo_v11_probe_001725,mdgo_v05_fin_user_0022,finance,provenance_weighted_triple,3,0,3,0,219,343225,140000
mdgo_v11_probe_001726,mdgo_v05_fin_user_0005,finance,scope_temporal_pair,2,0,2,0,231,328129,140000
mdgo_v11_probe_001727,mdgo_v05_fin_user_0009,finance,dual_asof_reversal,2,0,2,0,216,341182,140000
mdgo_v11_probe_001728,mdgo_v07_sof_user_0014,software,dual_asof_reversal,2,0,2,0,231,326919,140000
mdgo_v11_probe_001729,mdgo_v05_sof_user_0006,software,dual_asof_reversal,2,0,2,0,233,322287,140000
mdgo_v11_probe_001730,mdgo_v05_fin_user_0030,finance,provenance_weighted_triple,3,0,3,0,220,337818,140000
mdgo_v11_probe_001731,mdgo_v05_fin_user_0012,finance,surface_decoy_pair,2,0,2,0,224,334218,140000
mdgo_v11_probe_001732,mdgo_v05_fin_user_0020,finance,dual_asof_reversal,2,0,2,0,232,328930,140000
mdgo_v11_probe_001733,mdgo_v05_fin_user_0001,finance,reference_case_reconstruction,3,1,2,195,412,338269,140000
mdgo_v11_probe_001734,mdgo_v05_fin_user_0007,finance,reference_case_reconstruction,3,1,2,126,344,337224,140000
mdgo_v11_probe_001735,mdgo_v05_fin_user_0024,finance,surface_decoy_pair,2,0,2,0,226,340270,140000
mdgo_v11_probe_001736,mdgo_v05_fin_user_0028,finance,dual_asof_reversal,2,0,2,0,219,335276,140000
mdgo_v11_probe_001737,mdgo_v05_fin_user_0026,finance,suggestion_rejection_pair,2,0,2,0,231,330059,140000
mdgo_v11_probe_001738,mdgo_v05_fin_user_0000,finance,reference_case_reconstruction,3,1,2,121,344,333457,140000
mdgo_v11_probe_001739,mdgo_v07_sof_user_0015,software,reference_case_reconstruction,3,1,2,182,412,313659,140000
mdgo_v11_probe_001740,mdgo_v05_sof_user_0008,software,surface_decoy_pair,2,0,2,0,239,318483,140000
mdgo_v11_probe_001741,mdgo_v05_fin_user_0002,finance,triple_asof_interleaved,3,0,3,0,225,339141,140000
mdgo_v11_probe_001742,mdgo_v05_fin_user_0003,finance,surface_decoy_pair,2,0,2,0,230,331924,140000
mdgo_v11_probe_001743,mdgo_v05_fin_user_0014,finance,scope_temporal_pair,2,0,2,0,223,339699,140000
mdgo_v11_probe_001744,mdgo_v05_fin_user_0000,finance,dual_asof_reversal,2,0,2,0,227,333457,140000
mdgo_v11_probe_001745,mdgo_v05_fin_user_0008,finance,dual_asof_reversal,2,0,2,0,229,338243,140000
mdgo_v11_probe_001746,mdgo_v07_sof_user_0013,software,surface_decoy_pair,2,0,2,0,245,316556,140000
mdgo_v11_probe_001747,mdgo_v05_fin_user_0023,finance,surface_decoy_pair,2,0,2,0,228,336961,140000
mdgo_v11_probe_001748,mdgo_v07_sof_user_0010,software,suggestion_rejection_pair,2,0,2,0,227,329153,140000
mdgo_v11_probe_001749,mdgo_v05_fin_user_0028,finance,surface_decoy_pair,2,0,2,0,219,335276,140000
mdgo_v11_probe_001750,mdgo_v05_fin_user_0016,finance,scope_temporal_pair,2,0,2,0,225,332320,140000
mdgo_v11_probe_001751,mdgo_v05_sof_user_0004,software,reference_case_reconstruction,3,1,2,182,413,322411,140000
mdgo_v11_probe_001752,mdgo_v05_fin_user_0032,finance,dual_asof_reversal,2,0,2,0,223,342639,140000
mdgo_v11_probe_001753,mdgo_v07_sof_user_0014,software,triple_asof_interleaved,3,0,3,0,231,326919,140000
mdgo_v11_probe_001754,mdgo_v07_sof_user_0011,software,suggestion_rejection_pair,2,0,2,0,238,325058,140000
mdgo_v11_probe_001755,mdgo_v07_sof_user_0014,software,suggestion_rejection_pair,2,0,2,0,231,326919,140000
mdgo_v11_probe_001756,mdgo_v05_fin_user_0015,finance,suggestion_rejection_pair,2,0,2,0,222,337230,140000
mdgo_v11_probe_001757,mdgo_v05_fin_user_0014,finance,triple_asof_interleaved,3,0,3,0,223,339699,140000
mdgo_v11_probe_001758,mdgo_v05_fin_user_0000,finance,dual_asof_reversal,2,0,2,0,227,333457,140000
mdgo_v11_probe_001759,mdgo_v05_fin_user_0018,finance,provenance_weighted_triple,3,0,3,0,227,331045,140000
mdgo_v11_probe_001760,mdgo_v05_fin_user_0022,finance,triple_asof_interleaved,3,0,3,0,219,343225,140000
mdgo_v11_probe_001761,mdgo_v05_fin_user_0010,finance,triple_asof_interleaved,3,0,3,0,230,335012,140000
mdgo_v11_probe_001762,mdgo_v07_sof_user_0011,software,surface_decoy_pair,2,0,2,0,238,325058,140000
mdgo_v11_probe_001763,mdgo_v07_sof_user_0012,software,triple_asof_interleaved,3,0,3,0,236,321909,140000
mdgo_v11_probe_001764,mdgo_v07_sof_user_0011,software,reference_case_reconstruction,3,1,2,112,344,325058,140000
mdgo_v11_probe_001765,mdgo_v05_fin_user_0009,finance,triple_asof_interleaved,3,0,3,0,216,341182,140000
mdgo_v11_probe_001766,mdgo_v05_fin_user_0017,finance,reference_case_reconstruction,3,1,2,123,344,341010,140000
mdgo_v11_probe_001767,mdgo_v05_sof_user_0007,software,triple_asof_interleaved,3,0,3,0,236,321840,140000
mdgo_v11_probe_001768,mdgo_v05_fin_user_0032,finance,scope_temporal_pair,2,0,2,0,223,342639,140000
mdgo_v11_probe_001769,mdgo_v05_sof_user_0006,software,reference_case_reconstruction,3,1,2,182,412,322287,140000
mdgo_v11_probe_001770,mdgo_v05_fin_user_0025,finance,suggestion_rejection_pair,2,0,2,0,232,338920,140000
mdgo_v11_probe_001771,mdgo_v05_fin_user_0008,finance,provenance_weighted_triple,3,0,3,0,229,338243,140000
mdgo_v11_probe_001772,mdgo_v05_fin_user_0003,finance,surface_decoy_pair,2,0,2,0,230,331924,140000
mdgo_v11_probe_001773,mdgo_v07_sof_user_0010,software,reference_case_reconstruction,3,1,2,187,412,329153,140000
mdgo_v11_probe_001774,mdgo_v05_fin_user_0017,finance,dual_asof_reversal,2,0,2,0,217,341010,140000
mdgo_v11_probe_001775,mdgo_v05_fin_user_0019,finance,dual_asof_reversal,2,0,2,0,225,338631,140000
mdgo_v11_probe_001776,mdgo_v05_sof_user_0000,software,surface_decoy_pair,2,0,2,0,239,311624,140000
mdgo_v11_probe_001777,mdgo_v05_fin_user_0034,finance,provenance_weighted_triple,3,0,3,0,221,337663,140000
mdgo_v11_probe_001778,mdgo_v05_sof_user_0005,software,triple_asof_interleaved,3,0,3,0,239,318937,140000
mdgo_v11_probe_001779,mdgo_v05_fin_user_0031,finance,dual_asof_reversal,2,0,2,0,224,338178,140000
mdgo_v11_probe_001780,mdgo_v05_fin_user_0004,finance,dual_asof_reversal,2,0,2,0,226,332730,140000
mdgo_v11_probe_001781,mdgo_v05_fin_user_0028,finance,triple_asof_interleaved,3,0,3,0,219,335276,140000
mdgo_v11_probe_001782,mdgo_v05_fin_user_0013,finance,dual_asof_reversal,2,0,2,0,217,345552,140000
mdgo_v11_probe_001783,mdgo_v05_fin_user_0012,finance,provenance_weighted_triple,3,0,3,0,224,334218,140000
mdgo_v11_probe_001784,mdgo_v05_fin_user_0018,finance,surface_decoy_pair,2,0,2,0,227,331045,140000
mdgo_v11_probe_001785,mdgo_v05_fin_user_0000,finance,triple_asof_interleaved,3,0,3,0,227,333457,140000
mdgo_v11_probe_001786,mdgo_v05_fin_user_0002,finance,dual_asof_reversal,2,0,2,0,225,339141,140000
mdgo_v11_probe_001787,mdgo_v05_fin_user_0005,finance,suggestion_rejection_pair,2,0,2,0,231,328129,140000
mdgo_v11_probe_001788,mdgo_v05_fin_user_0018,finance,surface_decoy_pair,2,0,2,0,227,331045,140000
mdgo_v11_probe_001789,mdgo_v07_sof_user_0016,software,triple_asof_interleaved,3,0,3,0,233,324189,140000
mdgo_v11_probe_001790,mdgo_v05_fin_user_0020,finance,suggestion_rejection_pair,2,0,2,0,232,328930,140000
mdgo_v11_probe_001791,mdgo_v05_fin_user_0031,finance,reference_case_reconstruction,3,1,2,196,412,338178,140000
mdgo_v11_probe_001792,mdgo_v05_fin_user_0009,finance,triple_asof_interleaved,3,0,3,0,216,341182,140000
mdgo_v11_probe_001793,mdgo_v05_sof_user_0007,software,suggestion_rejection_pair,2,0,2,0,236,321840,140000
mdgo_v11_probe_001794,mdgo_v05_fin_user_0031,finance,surface_decoy_pair,2,0,2,0,224,338178,140000
mdgo_v11_probe_001795,mdgo_v05_fin_user_0026,finance,triple_asof_interleaved,3,0,3,0,231,330059,140000
mdgo_v11_probe_001796,mdgo_v05_fin_user_0003,finance,provenance_weighted_triple,3,0,3,0,230,331924,140000
mdgo_v11_probe_001797,mdgo_v05_fin_user_0033,finance,suggestion_rejection_pair,2,0,2,0,230,330817,140000
mdgo_v11_probe_001798,mdgo_v05_fin_user_0004,finance,dual_asof_reversal,2,0,2,0,226,332730,140000
mdgo_v11_probe_001799,mdgo_v05_fin_user_0005,finance,triple_asof_interleaved,3,0,3,0,231,328129,140000
mdgo_v11_probe_001800,mdgo_v07_sof_user_0011,software,dual_asof_reversal,2,0,2,0,238,325058,140000
mdgo_v11_probe_001801,mdgo_v05_sof_user_0003,software,triple_asof_interleaved,3,0,3,0,242,314399,140000
mdgo_v11_probe_001802,mdgo_v05_fin_user_0002,finance,dual_asof_reversal,2,0,2,0,225,339141,140000
mdgo_v11_probe_001803,mdgo_v05_sof_user_0007,software,surface_decoy_pair,2,0,2,0,236,321840,140000
mdgo_v11_probe_001804,mdgo_v05_fin_user_0020,finance,triple_asof_interleaved,3,0,3,0,232,328930,140000
mdgo_v11_probe_001805,mdgo_v05_fin_user_0017,finance,suggestion_rejection_pair,2,0,2,0,217,341010,140000
mdgo_v11_probe_001806,mdgo_v07_sof_user_0012,software,triple_asof_interleaved,3,0,3,0,236,321909,140000
mdgo_v11_probe_001807,mdgo_v05_fin_user_0021,finance,suggestion_rejection_pair,2,0,2,0,232,333807,140000
mdgo_v11_probe_001808,mdgo_v07_sof_user_0017,software,triple_asof_interleaved,3,0,3,0,232,325699,140000
mdgo_v11_probe_001809,mdgo_v05_sof_user_0008,software,dual_asof_reversal,2,0,2,0,239,318483,140000
mdgo_v11_probe_001810,mdgo_v05_fin_user_0025,finance,triple_asof_interleaved,3,0,3,0,232,338920,140000
mdgo_v11_probe_001811,mdgo_v05_fin_user_0028,finance,triple_asof_interleaved,3,0,3,0,219,335276,140000
mdgo_v11_probe_001812,mdgo_v05_fin_user_0015,finance,reference_case_reconstruction,3,1,2,122,345,337230,140000
mdgo_v11_probe_001813,mdgo_v05_fin_user_0010,finance,reference_case_reconstruction,3,1,2,192,412,335012,140000
mdgo_v11_probe_001814,mdgo_v05_fin_user_0014,finance,triple_asof_interleaved,3,0,3,0,223,339699,140000
mdgo_v11_probe_001815,mdgo_v05_fin_user_0014,finance,surface_decoy_pair,2,0,2,0,223,339699,140000
mdgo_v11_probe_001816,mdgo_v05_fin_user_0030,finance,triple_asof_interleaved,3,0,3,0,220,337818,140000
mdgo_v11_probe_001817,mdgo_v05_fin_user_0020,finance,dual_asof_reversal,2,0,2,0,232,328930,140000
mdgo_v11_probe_001818,mdgo_v05_fin_user_0008,finance,dual_asof_reversal,2,0,2,0,229,338243,140000
mdgo_v11_probe_001819,mdgo_v05_fin_user_0007,finance,suggestion_rejection_pair,2,0,2,0,227,337224,140000
mdgo_v11_probe_001820,mdgo_v05_fin_user_0000,finance,dual_asof_reversal,2,0,2,0,227,333457,140000
mdgo_v11_probe_001821,mdgo_v05_fin_user_0013,finance,suggestion_rejection_pair,2,0,2,0,217,345552,140000
mdgo_v11_probe_001822,mdgo_v05_sof_user_0003,software,triple_asof_interleaved,3,0,3,0,242,314399,140000
mdgo_v11_probe_001823,mdgo_v05_fin_user_0013,finance,triple_asof_interleaved,3,0,3,0,217,345552,140000
mdgo_v11_probe_001824,mdgo_v05_fin_user_0013,finance,surface_decoy_pair,2,0,2,0,217,345552,140000
mdgo_v11_probe_001825,mdgo_v05_fin_user_0001,finance,dual_asof_reversal,2,0,2,0,226,338269,140000
mdgo_v11_probe_001826,mdgo_v05_fin_user_0021,finance,reference_case_reconstruction,3,1,2,121,344,333807,140000
mdgo_v11_probe_001827,mdgo_v05_fin_user_0021,finance,surface_decoy_pair,2,0,2,0,232,333807,140000
mdgo_v11_probe_001828,mdgo_v05_sof_user_0001,software,triple_asof_interleaved,3,0,3,0,234,322282,140000
mdgo_v11_probe_001829,mdgo_v05_fin_user_0034,finance,scope_temporal_pair,2,0,2,0,221,337663,140000
mdgo_v11_probe_001830,mdgo_v05_fin_user_0028,finance,suggestion_rejection_pair,2,0,2,0,219,335276,140000
mdgo_v11_probe_001831,mdgo_v07_sof_user_0010,software,triple_asof_interleaved,3,0,3,0,227,329153,140000
mdgo_v11_probe_001832,mdgo_v05_sof_user_0003,software,triple_asof_interleaved,3,0,3,0,242,314399,140000
mdgo_v11_probe_001833,mdgo_v05_fin_user_0006,finance,reference_case_reconstruction,3,1,2,197,412,336433,140000
mdgo_v11_probe_001834,mdgo_v05_fin_user_0020,finance,surface_decoy_pair,2,0,2,0,232,328930,140000
mdgo_v11_probe_001835,mdgo_v05_fin_user_0012,finance,reference_case_reconstruction,3,1,2,194,413,334218,140000
mdgo_v11_probe_001836,mdgo_v05_fin_user_0011,finance,dual_asof_reversal,2,0,2,0,229,333048,140000
mdgo_v11_probe_001837,mdgo_v07_sof_user_0013,software,dual_asof_reversal,2,0,2,0,245,316556,140000
mdgo_v11_probe_001838,mdgo_v05_sof_user_0008,software,dual_asof_reversal,2,0,2,0,239,318483,140000
mdgo_v11_probe_001839,mdgo_v05_fin_user_0029,finance,surface_decoy_pair,2,0,2,0,227,332408,140000
mdgo_v11_probe_001840,mdgo_v05_fin_user_0005,finance,provenance_weighted_triple,3,0,3,0,231,328129,140000
mdgo_v11_probe_001841,mdgo_v05_fin_user_0024,finance,triple_asof_interleaved,3,0,3,0,226,340270,140000
mdgo_v11_probe_001842,mdgo_v05_fin_user_0006,finance,triple_asof_interleaved,3,0,3,0,224,336433,140000
mdgo_v11_probe_001843,mdgo_v07_sof_user_0009,software,reference_case_reconstruction,3,1,2,187,413,322372,140000
mdgo_v11_probe_001844,mdgo_v07_sof_user_0013,software,surface_decoy_pair,2,0,2,0,245,316556,140000
mdgo_v11_probe_001845,mdgo_v05_fin_user_0024,finance,triple_asof_interleaved,3,0,3,0,226,340270,140000
mdgo_v11_probe_001846,mdgo_v07_sof_user_0010,software,surface_decoy_pair,2,0,2,0,227,329153,140000
mdgo_v11_probe_001847,mdgo_v05_fin_user_0005,finance,surface_decoy_pair,2,0,2,0,231,328129,140000
mdgo_v11_probe_001848,mdgo_v05_fin_user_0013,finance,dual_asof_reversal,2,0,2,0,217,345552,140000
mdgo_v11_probe_001849,mdgo_v05_sof_user_0008,software,suggestion_rejection_pair,2,0,2,0,239,318483,140000
mdgo_v11_probe_001850,mdgo_v07_sof_user_0012,software,dual_asof_reversal,2,0,2,0,236,321909,140000
mdgo_v11_probe_001851,mdgo_v05_fin_user_0025,finance,dual_asof_reversal,2,0,2,0,232,338920,140000
mdgo_v11_probe_001852,mdgo_v05_sof_user_0003,software,surface_decoy_pair,2,0,2,0,242,314399,140000
mdgo_v11_probe_001853,mdgo_v05_fin_user_0015,finance,triple_asof_interleaved,3,0,3,0,222,337230,140000
mdgo_v11_probe_001854,mdgo_v05_fin_user_0030,finance,suggestion_rejection_pair,2,0,2,0,220,337818,140000
mdgo_v11_probe_001855,mdgo_v05_sof_user_0008,software,dual_asof_reversal,2,0,2,0,239,318483,140000
mdgo_v11_probe_001856,mdgo_v05_fin_user_0004,finance,surface_decoy_pair,2,0,2,0,226,332730,140000
mdgo_v11_probe_001857,mdgo_v05_sof_user_0007,software,surface_decoy_pair,2,0,2,0,236,321840,140000
mdgo_v11_probe_001858,mdgo_v05_sof_user_0001,software,provenance_weighted_triple,3,0,3,0,234,322282,140000
mdgo_v11_probe_001859,mdgo_v05_fin_user_0035,finance,surface_decoy_pair,2,0,2,0,230,332598,140000
mdgo_v11_probe_001860,mdgo_v05_fin_user_0000,finance,provenance_weighted_triple,3,0,3,0,227,333457,140000
mdgo_v11_probe_001861,mdgo_v05_fin_user_0013,finance,dual_asof_reversal,2,0,2,0,217,345552,140000
mdgo_v11_probe_001862,mdgo_v07_sof_user_0017,software,triple_asof_interleaved,3,0,3,0,232,325699,140000
mdgo_v11_probe_001863,mdgo_v05_fin_user_0014,finance,dual_asof_reversal,2,0,2,0,223,339699,140000
mdgo_v11_probe_001864,mdgo_v05_fin_user_0008,finance,dual_asof_reversal,2,0,2,0,229,338243,140000
mdgo_v11_probe_001865,mdgo_v05_sof_user_0000,software,reference_case_reconstruction,3,1,2,175,412,311624,140000
mdgo_v11_probe_001866,mdgo_v05_fin_user_0024,finance,dual_asof_reversal,2,0,2,0,226,340270,140000
mdgo_v11_probe_001867,mdgo_v07_sof_user_0016,software,triple_asof_interleaved,3,0,3,0,233,324189,140000
mdgo_v11_probe_001868,mdgo_v05_fin_user_0022,finance,dual_asof_reversal,2,0,2,0,219,343225,140000
mdgo_v11_probe_001869,mdgo_v05_fin_user_0017,finance,surface_decoy_pair,2,0,2,0,217,341010,140000
mdgo_v11_probe_001870,mdgo_v05_sof_user_0002,software,reference_case_reconstruction,3,1,2,112,344,323038,140000
mdgo_v11_probe_001871,mdgo_v05_fin_user_0026,finance,triple_asof_interleaved,3,0,3,0,231,330059,140000
mdgo_v11_probe_001872,mdgo_v05_fin_user_0033,finance,reference_case_reconstruction,3,1,2,120,344,330817,140000
mdgo_v11_probe_001873,mdgo_v05_fin_user_0005,finance,surface_decoy_pair,2,0,2,0,231,328129,140000
mdgo_v11_probe_001874,mdgo_v05_fin_user_0017,finance,reference_case_reconstruction,3,1,2,123,344,341010,140000
mdgo_v11_probe_001875,mdgo_v05_fin_user_0024,finance,dual_asof_reversal,2,0,2,0,226,340270,140000
mdgo_v11_probe_001876,mdgo_v05_fin_user_0027,finance,triple_asof_interleaved,3,0,3,0,220,342331,140000
mdgo_v11_probe_001877,mdgo_v05_sof_user_0001,software,triple_asof_interleaved,3,0,3,0,234,322282,140000
mdgo_v11_probe_001878,mdgo_v05_fin_user_0010,finance,suggestion_rejection_pair,2,0,2,0,230,335012,140000
mdgo_v11_probe_001879,mdgo_v05_fin_user_0019,finance,triple_asof_interleaved,3,0,3,0,225,338631,140000
mdgo_v11_probe_001880,mdgo_v07_sof_user_0011,software,dual_asof_reversal,2,0,2,0,238,325058,140000
mdgo_v11_probe_001881,mdgo_v05_fin_user_0023,finance,triple_asof_interleaved,3,0,3,0,228,336961,140000
mdgo_v11_probe_001882,mdgo_v05_fin_user_0020,finance,surface_decoy_pair,2,0,2,0,232,328930,140000
mdgo_v11_probe_001883,mdgo_v05_fin_user_0015,finance,dual_asof_reversal,2,0,2,0,222,337230,140000
mdgo_v11_probe_001884,mdgo_v05_sof_user_0003,software,triple_asof_interleaved,3,0,3,0,242,314399,140000
mdgo_v11_probe_001885,mdgo_v07_sof_user_0013,software,suggestion_rejection_pair,2,0,2,0,245,316556,140000
mdgo_v11_probe_001886,mdgo_v05_fin_user_0029,finance,triple_asof_interleaved,3,0,3,0,227,332408,140000
mdgo_v11_probe_001887,mdgo_v05_fin_user_0030,finance,triple_asof_interleaved,3,0,3,0,220,337818,140000
mdgo_v11_probe_001888,mdgo_v05_fin_user_0009,finance,provenance_weighted_triple,3,0,3,0,216,341182,140000
mdgo_v11_probe_001889,mdgo_v05_fin_user_0010,finance,triple_asof_interleaved,3,0,3,0,230,335012,140000
mdgo_v11_probe_001890,mdgo_v05_fin_user_0003,finance,triple_asof_interleaved,3,0,3,0,230,331924,140000
mdgo_v11_probe_001891,mdgo_v05_fin_user_0013,finance,triple_asof_interleaved,3,0,3,0,217,345552,140000
mdgo_v11_probe_001892,mdgo_v05_fin_user_0011,finance,suggestion_rejection_pair,2,0,2,0,229,333048,140000
mdgo_v11_probe_001893,mdgo_v05_fin_user_0033,finance,surface_decoy_pair,2,0,2,0,230,330817,140000
mdgo_v11_probe_001894,mdgo_v07_sof_user_0017,software,triple_asof_interleaved,3,0,3,0,232,325699,140000
mdgo_v11_probe_001895,mdgo_v05_fin_user_0016,finance,dual_asof_reversal,2,0,2,0,225,332320,140000
mdgo_v11_probe_001896,mdgo_v05_sof_user_0000,software,surface_decoy_pair,2,0,2,0,239,311624,140000
mdgo_v11_probe_001897,mdgo_v05_fin_user_0030,finance,triple_asof_interleaved,3,0,3,0,220,337818,140000
mdgo_v11_probe_001898,mdgo_v05_fin_user_0008,finance,reference_case_reconstruction,3,1,2,122,344,338243,140000
mdgo_v11_probe_001899,mdgo_v07_sof_user_0009,software,triple_asof_interleaved,3,0,3,0,235,322372,140000
mdgo_v11_probe_001900,mdgo_v07_sof_user_0010,software,dual_asof_reversal,2,0,2,0,227,329153,140000
mdgo_v11_probe_001901,mdgo_v05_fin_user_0012,finance,reference_case_reconstruction,3,1,2,194,413,334218,140000
mdgo_v11_probe_001902,mdgo_v05_sof_user_0008,software,dual_asof_reversal,2,0,2,0,239,318483,140000
mdgo_v11_probe_001903,mdgo_v05_fin_user_0010,finance,reference_case_reconstruction,3,1,2,192,412,335012,140000
mdgo_v11_probe_001904,mdgo_v07_sof_user_0012,software,surface_decoy_pair,2,0,2,0,236,321909,140000
mdgo_v11_probe_001905,mdgo_v05_fin_user_0023,finance,dual_asof_reversal,2,0,2,0,228,336961,140000
mdgo_v11_probe_001906,mdgo_v05_fin_user_0019,finance,dual_asof_reversal,2,0,2,0,225,338631,140000
mdgo_v11_probe_001907,mdgo_v07_sof_user_0012,software,triple_asof_interleaved,3,0,3,0,236,321909,140000
mdgo_v11_probe_001908,mdgo_v05_fin_user_0034,finance,triple_asof_interleaved,3,0,3,0,221,337663,140000
mdgo_v11_probe_001909,mdgo_v05_fin_user_0009,finance,suggestion_rejection_pair,2,0,2,0,216,341182,140000
mdgo_v11_probe_001910,mdgo_v05_fin_user_0028,finance,surface_decoy_pair,2,0,2,0,219,335276,140000
mdgo_v11_probe_001911,mdgo_v05_fin_user_0020,finance,dual_asof_reversal,2,0,2,0,232,328930,140000
mdgo_v11_probe_001912,mdgo_v05_fin_user_0030,finance,triple_asof_interleaved,3,0,3,0,220,337818,140000
mdgo_v11_probe_001913,mdgo_v05_fin_user_0031,finance,triple_asof_interleaved,3,0,3,0,224,338178,140000
mdgo_v11_probe_001914,mdgo_v05_sof_user_0006,software,suggestion_rejection_pair,2,0,2,0,233,322287,140000
mdgo_v11_probe_001915,mdgo_v05_sof_user_0006,software,dual_asof_reversal,2,0,2,0,233,322287,140000
mdgo_v11_probe_001916,mdgo_v05_sof_user_0005,software,suggestion_rejection_pair,2,0,2,0,239,318937,140000
mdgo_v11_probe_001917,mdgo_v05_fin_user_0031,finance,surface_decoy_pair,2,0,2,0,224,338178,140000
mdgo_v11_probe_001918,mdgo_v05_sof_user_0002,software,suggestion_rejection_pair,2,0,2,0,237,323038,140000
mdgo_v11_probe_001919,mdgo_v05_sof_user_0003,software,triple_asof_interleaved,3,0,3,0,242,314399,140000
mdgo_v11_probe_001920,mdgo_v05_sof_user_0007,software,suggestion_rejection_pair,2,0,2,0,236,321840,140000
mdgo_v11_probe_001921,mdgo_v05_sof_user_0000,software,triple_asof_interleaved,3,0,3,0,239,311624,140000
mdgo_v11_probe_001922,mdgo_v05_fin_user_0027,finance,surface_decoy_pair,2,0,2,0,220,342331,140000
mdgo_v11_probe_001923,mdgo_v07_sof_user_0009,software,triple_asof_interleaved,3,0,3,0,235,322372,140000
mdgo_v11_probe_001924,mdgo_v05_fin_user_0020,finance,surface_decoy_pair,2,0,2,0,232,328930,140000
mdgo_v11_probe_001925,mdgo_v07_sof_user_0009,software,surface_decoy_pair,2,0,2,0,235,322372,140000
mdgo_v11_probe_001926,mdgo_v07_sof_user_0012,software,surface_decoy_pair,2,0,2,0,236,321909,140000
mdgo_v11_probe_001927,mdgo_v07_sof_user_0009,software,dual_asof_reversal,2,0,2,0,235,322372,140000
mdgo_v11_probe_001928,mdgo_v05_fin_user_0006,finance,surface_decoy_pair,2,0,2,0,224,336433,140000
mdgo_v11_probe_001929,mdgo_v07_sof_user_0011,software,triple_asof_interleaved,3,0,3,0,238,325058,140000
mdgo_v11_probe_001930,mdgo_v05_fin_user_0032,finance,triple_asof_interleaved,3,0,3,0,223,342639,140000
mdgo_v11_probe_001931,mdgo_v05_fin_user_0033,finance,reference_case_reconstruction,3,1,2,193,412,330817,140000
mdgo_v11_probe_001932,mdgo_v05_fin_user_0005,finance,dual_asof_reversal,2,0,2,0,231,328129,140000
mdgo_v11_probe_001933,mdgo_v05_sof_user_0003,software,triple_asof_interleaved,3,0,3,0,242,314399,140000
mdgo_v11_probe_001934,mdgo_v07_sof_user_0009,software,triple_asof_interleaved,3,0,3,0,235,322372,140000
mdgo_v11_probe_001935,mdgo_v05_fin_user_0027,finance,reference_case_reconstruction,3,1,2,196,412,342331,140000
mdgo_v11_probe_001936,mdgo_v07_sof_user_0016,software,suggestion_rejection_pair,2,0,2,0,233,324189,140000
mdgo_v11_probe_001937,mdgo_v05_fin_user_0004,finance,reference_case_reconstruction,3,1,2,191,412,332730,140000
mdgo_v11_probe_001938,mdgo_v05_sof_user_0002,software,scope_temporal_pair,2,0,2,0,237,323038,140000
mdgo_v11_probe_001939,mdgo_v05_fin_user_0034,finance,triple_asof_interleaved,3,0,3,0,221,337663,140000
mdgo_v11_probe_001940,mdgo_v05_fin_user_0028,finance,reference_case_reconstruction,3,1,2,123,344,335276,140000
mdgo_v11_probe_001941,mdgo_v05_fin_user_0003,finance,dual_asof_reversal,2,0,2,0,230,331924,140000
mdgo_v11_probe_001942,mdgo_v05_fin_user_0020,finance,dual_asof_reversal,2,0,2,0,232,328930,140000
mdgo_v11_probe_001943,mdgo_v05_fin_user_0022,finance,suggestion_rejection_pair,2,0,2,0,219,343225,140000
mdgo_v11_probe_001944,mdgo_v05_fin_user_0002,finance,triple_asof_interleaved,3,0,3,0,225,339141,140000
mdgo_v11_probe_001945,mdgo_v07_sof_user_0015,software,reference_case_reconstruction,3,1,2,182,412,313659,140000
mdgo_v11_probe_001946,mdgo_v05_fin_user_0003,finance,triple_asof_interleaved,3,0,3,0,230,331924,140000
mdgo_v11_probe_001947,mdgo_v05_sof_user_0004,software,triple_asof_interleaved,3,0,3,0,236,322411,140000
mdgo_v11_probe_001948,mdgo_v05_fin_user_0029,finance,reference_case_reconstruction,3,1,2,118,344,332408,140000
mdgo_v11_probe_001949,mdgo_v05_sof_user_0006,software,suggestion_rejection_pair,2,0,2,0,233,322287,140000
mdgo_v11_probe_001950,mdgo_v05_fin_user_0032,finance,surface_decoy_pair,2,0,2,0,223,342639,140000
mdgo_v11_probe_001951,mdgo_v07_sof_user_0009,software,suggestion_rejection_pair,2,0,2,0,235,322372,140000
mdgo_v11_probe_001952,mdgo_v05_fin_user_0006,finance,triple_asof_interleaved,3,0,3,0,224,336433,140000
mdgo_v11_probe_001953,mdgo_v05_fin_user_0012,finance,reference_case_reconstruction,3,1,2,194,413,334218,140000
mdgo_v11_probe_001954,mdgo_v05_fin_user_0011,finance,triple_asof_interleaved,3,0,3,0,229,333048,140000
mdgo_v11_probe_001955,mdgo_v07_sof_user_0013,software,triple_asof_interleaved,3,0,3,0,245,316556,140000
mdgo_v11_probe_001956,mdgo_v05_fin_user_0018,finance,surface_decoy_pair,2,0,2,0,227,331045,140000
mdgo_v11_probe_001957,mdgo_v05_fin_user_0026,finance,dual_asof_reversal,2,0,2,0,231,330059,140000
mdgo_v11_probe_001958,mdgo_v05_fin_user_0006,finance,triple_asof_interleaved,3,0,3,0,224,336433,140000
mdgo_v11_probe_001959,mdgo_v05_sof_user_0002,software,triple_asof_interleaved,3,0,3,0,237,323038,140000
mdgo_v11_probe_001960,mdgo_v05_fin_user_0012,finance,dual_asof_reversal,2,0,2,0,224,334218,140000
mdgo_v11_probe_001961,mdgo_v05_fin_user_0020,finance,triple_asof_interleaved,3,0,3,0,232,328930,140000
mdgo_v11_probe_001962,mdgo_v05_fin_user_0013,finance,dual_asof_reversal,2,0,2,0,217,345552,140000
mdgo_v11_probe_001963,mdgo_v05_fin_user_0011,finance,triple_asof_interleaved,3,0,3,0,229,333048,140000
mdgo_v11_probe_001964,mdgo_v05_fin_user_0024,finance,surface_decoy_pair,2,0,2,0,226,340270,140000
mdgo_v11_probe_001965,mdgo_v07_sof_user_0011,software,provenance_weighted_triple,3,0,3,0,238,325058,140000
mdgo_v11_probe_001966,mdgo_v05_sof_user_0000,software,scope_temporal_pair,2,0,2,0,239,311624,140000
mdgo_v11_probe_001967,mdgo_v05_fin_user_0032,finance,provenance_weighted_triple,3,0,3,0,223,342639,140000
mdgo_v11_probe_001968,mdgo_v05_fin_user_0029,finance,dual_asof_reversal,2,0,2,0,227,332408,140000
mdgo_v11_probe_001969,mdgo_v05_sof_user_0002,software,suggestion_rejection_pair,2,0,2,0,237,323038,140000
mdgo_v11_probe_001970,mdgo_v07_sof_user_0014,software,suggestion_rejection_pair,2,0,2,0,231,326919,140000
mdgo_v11_probe_001971,mdgo_v05_fin_user_0009,finance,surface_decoy_pair,2,0,2,0,216,341182,140000
mdgo_v11_probe_001972,mdgo_v07_sof_user_0014,software,reference_case_reconstruction,3,1,2,115,344,326919,140000
mdgo_v11_probe_001973,mdgo_v05_fin_user_0017,finance,triple_asof_interleaved,3,0,3,0,217,341010,140000
mdgo_v11_probe_001974,mdgo_v05_sof_user_0003,software,surface_decoy_pair,2,0,2,0,242,314399,140000
mdgo_v11_probe_001975,mdgo_v05_fin_user_0031,finance,triple_asof_interleaved,3,0,3,0,224,338178,140000
mdgo_v11_probe_001976,mdgo_v05_fin_user_0012,finance,triple_asof_interleaved,3,0,3,0,224,334218,140000
mdgo_v11_probe_001977,mdgo_v05_sof_user_0003,software,dual_asof_reversal,2,0,2,0,242,314399,140000
mdgo_v11_probe_001978,mdgo_v05_fin_user_0014,finance,scope_temporal_pair,2,0,2,0,223,339699,140000
mdgo_v11_probe_001979,mdgo_v05_fin_user_0019,finance,dual_asof_reversal,2,0,2,0,225,338631,140000
mdgo_v11_probe_001980,mdgo_v07_sof_user_0011,software,scope_temporal_pair,2,0,2,0,238,325058,140000
mdgo_v11_probe_001981,mdgo_v05_fin_user_0033,finance,suggestion_rejection_pair,2,0,2,0,230,330817,140000
mdgo_v11_probe_001982,mdgo_v05_sof_user_0008,software,triple_asof_interleaved,3,0,3,0,239,318483,140000
mdgo_v11_probe_001983,mdgo_v05_fin_user_0029,finance,suggestion_rejection_pair,2,0,2,0,227,332408,140000
mdgo_v11_probe_001984,mdgo_v05_fin_user_0007,finance,triple_asof_interleaved,3,0,3,0,227,337224,140000
mdgo_v11_probe_001985,mdgo_v05_fin_user_0001,finance,triple_asof_interleaved,3,0,3,0,226,338269,140000
mdgo_v11_probe_001986,mdgo_v05_fin_user_0007,finance,surface_decoy_pair,2,0,2,0,227,337224,140000
mdgo_v11_probe_001987,mdgo_v05_fin_user_0020,finance,dual_asof_reversal,2,0,2,0,232,328930,140000
mdgo_v11_probe_001988,mdgo_v05_sof_user_0001,software,triple_asof_interleaved,3,0,3,0,234,322282,140000
mdgo_v11_probe_001989,mdgo_v05_sof_user_0006,software,reference_case_reconstruction,3,1,2,182,412,322287,140000
mdgo_v11_probe_001990,mdgo_v07_sof_user_0014,software,triple_asof_interleaved,3,0,3,0,231,326919,140000
mdgo_v11_probe_001991,mdgo_v05_sof_user_0002,software,suggestion_rejection_pair,2,0,2,0,237,323038,140000
mdgo_v11_probe_001992,mdgo_v05_fin_user_0007,finance,reference_case_reconstruction,3,1,2,126,344,337224,140000
mdgo_v11_probe_001993,mdgo_v07_sof_user_0009,software,triple_asof_interleaved,3,0,3,0,235,322372,140000
mdgo_v11_probe_001994,mdgo_v05_sof_user_0003,software,triple_asof_interleaved,3,0,3,0,242,314399,140000
mdgo_v11_probe_001995,mdgo_v05_fin_user_0029,finance,reference_case_reconstruction,3,1,2,189,412,332408,140000
mdgo_v11_probe_001996,mdgo_v05_fin_user_0016,finance,reference_case_reconstruction,3,1,2,124,345,332320,140000
mdgo_v11_probe_001997,mdgo_v05_fin_user_0034,finance,reference_case_reconstruction,3,1,2,193,412,337663,140000
mdgo_v11_probe_001998,mdgo_v05_sof_user_0005,software,dual_asof_reversal,2,0,2,0,239,318937,140000
mdgo_v11_probe_001999,mdgo_v05_sof_user_0001,software,suggestion_rejection_pair,2,0,2,0,234,322282,140000
mdgo_v11_probe_002000,mdgo_v05_sof_user_0001,software,dual_asof_reversal,2,0,2,0,234,322282,140000
mdgo_v11_probe_002001,mdgo_v07_sof_user_0012,software,reference_case_reconstruction,3,1,2,183,412,321909,140000
mdgo_v11_probe_002002,mdgo_v05_sof_user_0006,software,dual_asof_reversal,2,0,2,0,233,322287,140000
mdgo_v11_probe_002003,mdgo_v07_sof_user_0013,software,triple_asof_interleaved,3,0,3,0,245,316556,140000
mdgo_v11_probe_002004,mdgo_v07_sof_user_0012,software,dual_asof_reversal,2,0,2,0,236,321909,140000
mdgo_v11_probe_002005,mdgo_v05_sof_user_0001,software,dual_asof_reversal,2,0,2,0,234,322282,140000
mdgo_v11_probe_002006,mdgo_v05_fin_user_0013,finance,surface_decoy_pair,2,0,2,0,217,345552,140000
mdgo_v11_probe_002007,mdgo_v07_sof_user_0017,software,dual_asof_reversal,2,0,2,0,232,325699,140000
mdgo_v11_probe_002008,mdgo_v07_sof_user_0013,software,triple_asof_interleaved,3,0,3,0,245,316556,140000
mdgo_v11_probe_002009,mdgo_v05_fin_user_0004,finance,triple_asof_interleaved,3,0,3,0,226,332730,140000
mdgo_v11_probe_002010,mdgo_v05_fin_user_0034,finance,reference_case_reconstruction,3,1,2,128,344,337663,140000
mdgo_v11_probe_002011,mdgo_v05_sof_user_0006,software,reference_case_reconstruction,3,1,2,182,412,322287,140000
mdgo_v11_probe_002012,mdgo_v05_sof_user_0005,software,reference_case_reconstruction,3,1,2,114,344,318937,140000
mdgo_v11_probe_002013,mdgo_v05_fin_user_0030,finance,reference_case_reconstruction,3,1,2,193,412,337818,140000
mdgo_v11_probe_002014,mdgo_v07_sof_user_0016,software,dual_asof_reversal,2,0,2,0,233,324189,140000
mdgo_v11_probe_002015,mdgo_v05_fin_user_0002,finance,reference_case_reconstruction,3,1,2,195,412,339141,140000
mdgo_v11_probe_002016,mdgo_v05_fin_user_0034,finance,triple_asof_interleaved,3,0,3,0,221,337663,140000
mdgo_v11_probe_002017,mdgo_v05_fin_user_0026,finance,dual_asof_reversal,2,0,2,0,231,330059,140000
mdgo_v11_probe_002018,mdgo_v07_sof_user_0010,software,suggestion_rejection_pair,2,0,2,0,227,329153,140000
mdgo_v11_probe_002019,mdgo_v07_sof_user_0012,software,triple_asof_interleaved,3,0,3,0,236,321909,140000
mdgo_v11_probe_002020,mdgo_v07_sof_user_0014,software,triple_asof_interleaved,3,0,3,0,231,326919,140000
mdgo_v11_probe_002021,mdgo_v05_fin_user_0011,finance,scope_temporal_pair,2,0,2,0,229,333048,140000
mdgo_v11_probe_002022,mdgo_v07_sof_user_0010,software,suggestion_rejection_pair,2,0,2,0,227,329153,140000
mdgo_v11_probe_002023,mdgo_v05_fin_user_0028,finance,provenance_weighted_triple,3,0,3,0,219,335276,140000
mdgo_v11_probe_002024,mdgo_v05_fin_user_0023,finance,reference_case_reconstruction,3,1,2,122,344,336961,140000
mdgo_v11_probe_002025,mdgo_v05_fin_user_0003,finance,triple_asof_interleaved,3,0,3,0,230,331924,140000
mdgo_v11_probe_002026,mdgo_v05_fin_user_0019,finance,provenance_weighted_triple,3,0,3,0,225,338631,140000
mdgo_v11_probe_002027,mdgo_v07_sof_user_0014,software,dual_asof_reversal,2,0,2,0,231,326919,140000
mdgo_v11_probe_002028,mdgo_v05_fin_user_0005,finance,triple_asof_interleaved,3,0,3,0,231,328129,140000
mdgo_v11_probe_002029,mdgo_v05_fin_user_0000,finance,reference_case_reconstruction,3,1,2,191,412,333457,140000
mdgo_v11_probe_002030,mdgo_v05_sof_user_0000,software,dual_asof_reversal,2,0,2,0,239,311624,140000
mdgo_v11_probe_002031,mdgo_v05_fin_user_0019,finance,dual_asof_reversal,2,0,2,0,225,338631,140000
mdgo_v11_probe_002032,mdgo_v05_fin_user_0030,finance,scope_temporal_pair,2,0,2,0,220,337818,140000
mdgo_v11_probe_002033,mdgo_v05_sof_user_0005,software,suggestion_rejection_pair,2,0,2,0,239,318937,140000
mdgo_v11_probe_002034,mdgo_v05_fin_user_0019,finance,suggestion_rejection_pair,2,0,2,0,225,338631,140000
mdgo_v11_probe_002035,mdgo_v05_fin_user_0024,finance,triple_asof_interleaved,3,0,3,0,226,340270,140000
mdgo_v11_probe_002036,mdgo_v05_fin_user_0025,finance,suggestion_rejection_pair,2,0,2,0,232,338920,140000
mdgo_v11_probe_002037,mdgo_v05_fin_user_0015,finance,triple_asof_interleaved,3,0,3,0,222,337230,140000
mdgo_v11_probe_002038,mdgo_v05_sof_user_0004,software,provenance_weighted_triple,3,0,3,0,236,322411,140000
mdgo_v11_probe_002039,mdgo_v05_sof_user_0006,software,suggestion_rejection_pair,2,0,2,0,233,322287,140000
mdgo_v11_probe_002040,mdgo_v05_fin_user_0031,finance,triple_asof_interleaved,3,0,3,0,224,338178,140000
mdgo_v11_probe_002041,mdgo_v05_fin_user_0001,finance,dual_asof_reversal,2,0,2,0,226,338269,140000
mdgo_v11_probe_002042,mdgo_v05_fin_user_0010,finance,triple_asof_interleaved,3,0,3,0,230,335012,140000
mdgo_v11_probe_002043,mdgo_v05_fin_user_0009,finance,surface_decoy_pair,2,0,2,0,216,341182,140000
mdgo_v11_probe_002044,mdgo_v05_fin_user_0034,finance,surface_decoy_pair,2,0,2,0,221,337663,140000
mdgo_v11_probe_002045,mdgo_v05_fin_user_0031,finance,surface_decoy_pair,2,0,2,0,224,338178,140000
mdgo_v11_probe_002046,mdgo_v05_fin_user_0001,finance,suggestion_rejection_pair,2,0,2,0,226,338269,140000
mdgo_v11_probe_002047,mdgo_v05_fin_user_0020,finance,provenance_weighted_triple,3,0,3,0,232,328930,140000
